observation_id,observed_on,latitude,longitude,positional_accuracy,quality_grade,taxon_id,taxon_name,common_name,coordinates_obscured,uri
449814,2013-11-06,42.570049,-72.53805,4.0,research,42051,Canis latrans,Coyote,False,http://www.inaturalist.org/observations/449814
678166,2014-05-15,42.3700166667,-71.144155,,research,42051,Canis latrans,Coyote,False,http://www.inaturalist.org/observations/678166
816666,2014-06-26,41.524572,-70.660023,12.0,research,42051,Canis latrans,Coyote,False,http://www.inaturalist.org/observations/816666
816798,2014-04-18,41.51684,-70.677366,12.0,research,42051,Canis latrans,Coyote,False,http://www.inaturalist.org/observations/816798
818747,2006-04-18,41.527857,-70.658264,12.0,research,42051,Canis latrans,Coyote,False,http://www.inaturalist.org/observations/818747
1181995,2015-01-16,42.062018,-71.110822,200.0,research,42051,Canis latrans,Coyote,False,http://www.inaturalist.org/observations/1181995
1393106,2015-03-26,42.079063,-72.548612,,research,42051,Canis latrans,Coyote,False,http://www.inaturalist.org/observations/1393106
1436368,2015-04-26,42.30906108,-72.37345741,3.0,research,42051,Canis latrans,Coyote,False,http://www.inaturalist.org/observations/1436368
1615333,2015-05-24,42.271594,-71.218652,,research,42051,Canis latrans,Coyote,False,http://www.inaturalist.org/observations/1615333
1615342,2015-05-23,42.271634,-71.218674,,research,42051,Canis latrans,Coyote,False,http://www.inaturalist.org/observations/1615342
1615391,2015-05-28,42.271655,-71.218582,,research,42051,Canis latrans,Coyote,False,http://www.inaturalist.org/observations/1615391
1615407,2015-06-03,42.272183,-71.219677,12.0,research,42051,Canis latrans,Coyote,False,http://www.inaturalist.org/observations/1615407
1639611,2015-06-11,42.268777,-71.217236,12.0,research,42051,Canis latrans,Coyote,False,http://www.inaturalist.org/observations/1639611
1873692,2015-08-18,42.430799,-73.236432,49.0,research,42051,Canis latrans,Coyote,False,http://www.inaturalist.org/observations/1873692
2706763,2015-11-18,41.739161,-71.172076,15.0,research,42051,Canis latrans,Coyote,False,http://www.inaturalist.org/observations/2706763
2743634,2015-05-02,42.3873516667,-73.2348266667,196.0,research,42051,Canis latrans,Coyote,False,http://www.inaturalist.org/observations/2743634
3094010,2016-04-30,42.175,-72.54276,38.0,research,42051,Canis latrans,Coyote,False,http://www.inaturalist.org/observations/3094010
3380716,2015-10-03,42.23409,-71.557738,7.0,research,42051,Canis latrans,Coyote,False,http://www.inaturalist.org/observations/3380716
3626853,2016-05-14,41.6668690312,-69.95611757,20.0,research,42051,Canis latrans,Coyote,False,http://www.inaturalist.org/observations/3626853
3948425,2016-03-05,42.4022690478,-71.1082234383,15.0,research,42051,Canis latrans,Coyote,False,http://www.inaturalist.org/observations/3948425
4231287,2016-09-29,41.6753293104,-70.0912785532,15.0,research,42051,Canis latrans,Coyote,False,http://www.inaturalist.org/observations/4231287
4397155,2016-10-19,42.1908338508,-71.1065626144,50.0,research,42051,Canis latrans,Coyote,False,http://www.inaturalist.org/observations/4397155
4428096,2016-10-24,42.0431120928,-71.1858492543,65.0,research,42051,Canis latrans,Coyote,False,http://www.inaturalist.org/observations/4428096
4433945,2016-10-25,42.3786664147,-71.084223501,100.0,research,42051,Canis latrans,Coyote,False,http://www.inaturalist.org/observations/4433945
4460877,2014-08-14,42.6030098465,-70.8971786499,244.0,research,42051,Canis latrans,Coyote,False,http://www.inaturalist.org/observations/4460877
4871036,2016-07-29,42.6412278979,-70.7619792223,15.0,research,42051,Canis latrans,Coyote,False,https://www.inaturalist.org/observations/4871036
4907296,2017-01-07,42.4461497739,-71.4752164018,5.0,research,42051,Canis latrans,Coyote,False,https://www.inaturalist.org/observations/4907296
4919475,2017-01-09,41.6590116667,-70.372545,,research,42051,Canis latrans,Coyote,False,https://www.inaturalist.org/observations/4919475
5509807,2017-01-26,42.3246961263,-72.537911385,4.0,research,42051,Canis latrans,Coyote,False,https://www.inaturalist.org/observations/5509807
5509979,2017-02-21,42.3307897958,-72.539935112,31.0,research,42051,Canis latrans,Coyote,False,https://www.inaturalist.org/observations/5509979
5510225,2017-01-29,42.3246842279,-72.51874499,2.0,research,42051,Canis latrans,Coyote,False,https://www.inaturalist.org/observations/5510225
5510480,2016-10-28,42.3275318481,-72.527213394,4.0,research,42051,Canis latrans,Coyote,False,https://www.inaturalist.org/observations/5510480
5510733,2016-11-23,42.3260416667,-72.5427944444,,research,42051,Canis latrans,Coyote,False,https://www.inaturalist.org/observations/5510733
5514983,2017-01-08,42.33097222,-72.540045082,4.0,research,42051,Canis latrans,Coyote,False,https://www.inaturalist.org/observations/5514983
5514986,2017-01-08,42.3309504085,-72.5400531292,2.0,research,42051,Canis latrans,Coyote,False,https://www.inaturalist.org/observations/5514986
5514987,2017-01-08,42.33097222,-72.540039718,,research,42051,Canis latrans,Coyote,False,https://www.inaturalist.org/observations/5514987
5514988,2017-01-08,42.3309960145,-72.5400316715,31.0,research,42051,Canis latrans,Coyote,False,https://www.inaturalist.org/observations/5514988
5514991,2016-11-27,42.3309166997,-72.5400692225,15.0,research,42051,Canis latrans,Coyote,False,https://www.inaturalist.org/observations/5514991
5514992,2016-11-27,42.3308532478,-72.5400531292,31.0,research,42051,Canis latrans,Coyote,False,https://www.inaturalist.org/observations/5514992
5514994,2016-09-24,42.3299252564,-72.5333744287,15.0,research,42051,Canis latrans,Coyote,False,https://www.inaturalist.org/observations/5514994
5514997,2016-10-24,42.3305994395,-72.5334763527,61.0,research,42051,Canis latrans,Coyote,False,https://www.inaturalist.org/observations/5514997
5514998,2016-10-24,42.3304408089,-72.5333046913,61.0,research,42051,Canis latrans,Coyote,False,https://www.inaturalist.org/observations/5514998
5525154,2016-12-24,42.329632,-72.534506,30.0,research,42051,Canis latrans,Coyote,False,https://www.inaturalist.org/observations/5525154
5700920,2017-04-14,42.7580533333,-70.8031,,research,42051,Canis latrans,Coyote,False,https://www.inaturalist.org/observations/5700920
5752850,2017-01-28,42.6549636842,-70.927957153,165.0,research,42051,Canis latrans,Coyote,False,https://www.inaturalist.org/observations/5752850
6653922,2017-06-08,42.3286364544,-72.5444461279,80.0,research,42051,Canis latrans,Coyote,False,https://www.inaturalist.org/observations/6653922
6747730,2017-06-17,42.3283687169,-72.544269542,84.0,research,42051,Canis latrans,Coyote,False,https://www.inaturalist.org/observations/6747730
6747785,2017-06-08,42.3270569887,-72.5276373594,66.0,research,42051,Canis latrans,Coyote,False,https://www.inaturalist.org/observations/6747785
6817876,2017-06-24,42.3201064723,-72.5412443692,149.0,research,42051,Canis latrans,Coyote,False,https://www.inaturalist.org/observations/6817876
7204064,2017-07-25,42.6316879771,-71.2239664437,15.0,research,42051,Canis latrans,Coyote,False,https://www.inaturalist.org/observations/7204064
7512482,2017-08-15,42.6030216292,-71.2527374495,22.0,research,42051,Canis latrans,Coyote,False,https://www.inaturalist.org/observations/7512482
7742833,2017-09-01,42.6028252554,-71.2528118969,165.0,research,42051,Canis latrans,Coyote,False,https://www.inaturalist.org/observations/7742833
7945321,2017-09-04,42.6031477636,-71.2527763149,22.0,research,42051,Canis latrans,Coyote,False,https://www.inaturalist.org/observations/7945321
8377914,2017-10-12,42.0706693277,-73.1300540329,226.0,research,42051,Canis latrans,Coyote,False,https://www.inaturalist.org/observations/8377914
8482838,2017-10-20,41.6326329331,-70.8875489327,171.0,research,42051,Canis latrans,Coyote,False,https://www.inaturalist.org/observations/8482838
8512703,2017-09-23,42.6030314,-71.252667,186.0,research,42051,Canis latrans,Coyote,False,https://www.inaturalist.org/observations/8512703
8525586,2016-10-13,41.9218699891,-70.5456054211,50.0,research,42051,Canis latrans,Coyote,False,https://www.inaturalist.org/observations/8525586
9164049,2017-12-15,42.1435506893,-70.7602518797,15.0,research,42051,Canis latrans,Coyote,False,https://www.inaturalist.org/observations/9164049
9243668,2017-12-18,42.4306846666,-71.3327875176,178.0,research,42051,Canis latrans,Coyote,False,https://www.inaturalist.org/observations/9243668
9249379,2017-12-14,42.0153999329,-71.3424758911,,research,42051,Canis latrans,Coyote,False,https://www.inaturalist.org/observations/9249379
9337580,2017-11-16,42.32766,-72.5431581,15.0,research,42051,Canis latrans,Coyote,False,https://www.inaturalist.org/observations/9337580
9501034,2018-01-16,42.7818999432,-70.8072023392,8.0,research,42051,Canis latrans,Coyote,False,https://www.inaturalist.org/observations/9501034
9511075,2017-11-13,42.0616560638,-71.0902118683,122.0,research,42051,Canis latrans,Coyote,False,https://www.inaturalist.org/observations/9511075
9511122,2017-10-31,42.0621658441,-71.0894393921,122.0,research,42051,Canis latrans,Coyote,False,https://www.inaturalist.org/observations/9511122
9649484,2017-09-22,42.4136384003,-71.5107578778,8.0,research,42051,Canis latrans,Coyote,False,https://www.inaturalist.org/observations/9649484
9722184,2013-02-25,42.2510867549,-70.8599817753,31.0,research,42051,Canis latrans,Coyote,False,https://www.inaturalist.org/observations/9722184
9722185,2013-02-25,42.2511525375,-70.8603841066,15.0,research,42051,Canis latrans,Coyote,False,https://www.inaturalist.org/observations/9722185
9722345,2013-02-23,42.2511209041,-70.8597135544,122.0,research,42051,Canis latrans,Coyote,False,https://www.inaturalist.org/observations/9722345
9809239,2018-02-10,42.454545,-71.3361283333,5.0,research,42051,Canis latrans,Coyote,False,https://www.inaturalist.org/observations/9809239
9828413,2018-02-11,41.5276593767,-70.9852783662,,research,42051,Canis latrans,Coyote,False,https://www.inaturalist.org/observations/9828413
9872303,2017-12-21,42.327972,-72.54305,4.0,research,42051,Canis latrans,Coyote,False,https://www.inaturalist.org/observations/9872303
9874460,2017-12-26,42.330556,-72.522453,4.0,research,42051,Canis latrans,Coyote,False,https://www.inaturalist.org/observations/9874460
9947279,2018-02-12,42.6031988368,-71.2527340531,22.0,research,42051,Canis latrans,Coyote,False,https://www.inaturalist.org/observations/9947279
10263318,2018-03-16,42.33102944,-72.53075649,8.0,research,42051,Canis latrans,Coyote,False,https://www.inaturalist.org/observations/10263318
10308480,2018-03-16,42.3591651917,-71.0897216797,,research,42051,Canis latrans,Coyote,False,https://www.inaturalist.org/observations/10308480
10519302,2018-03-30,42.47960926,-71.07357654,9.0,research,42051,Canis latrans,Coyote,False,https://www.inaturalist.org/observations/10519302
10585636,2018-03-17,42.3275185,-72.5431581,,research,42051,Canis latrans,Coyote,False,https://www.inaturalist.org/observations/10585636
11522384,2018-04-27,42.3129382167,-71.0085954665,61.0,research,42051,Canis latrans,Coyote,False,https://www.inaturalist.org/observations/11522384
11801493,2018-04-29,42.4508838309,-71.5076248628,10.0,research,42051,Canis latrans,Coyote,False,https://www.inaturalist.org/observations/11801493
12623003,2018-04-22,42.33109,-72.53094,,research,42051,Canis latrans,Coyote,False,https://www.inaturalist.org/observations/12623003
12976397,2018-05-31,42.4451617739,-70.9889812553,69.0,research,42051,Canis latrans,Coyote,False,https://www.inaturalist.org/observations/12976397
13278006,2018-06-09,42.495971,-70.87926,,research,42051,Canis latrans,Coyote,False,https://www.inaturalist.org/observations/13278006
13375237,2018-06-11,41.8031928021,-69.9357915442,61.0,research,42051,Canis latrans,Coyote,False,https://www.inaturalist.org/observations/13375237
13549923,2018-06-17,41.9325916667,-70.0424416667,5.0,research,42051,Canis latrans,Coyote,False,https://www.inaturalist.org/observations/13549923
13885035,2013-01-21,42.4132195996,-71.5091776785,110.0,research,42051,Canis latrans,Coyote,False,https://www.inaturalist.org/observations/13885035
14260966,2018-07-11,41.7974871322,-69.9459639987,2.0,research,42051,Canis latrans,Coyote,False,https://www.inaturalist.org/observations/14260966
15690194,2018-08-18,42.436514243,-71.5250534897,31.0,research,42051,Canis latrans,Coyote,False,https://www.inaturalist.org/observations/15690194
15948189,2018-08-24,41.8938333333,-69.98375,5.0,research,42051,Canis latrans,Coyote,False,https://www.inaturalist.org/observations/15948189
16146087,2018-08-21,41.9363833333,-70.0468611111,5.0,research,42051,Canis latrans,Coyote,False,https://www.inaturalist.org/observations/16146087
16192808,2018-08-18,42.4486682666,-71.4773307933,184.0,research,42051,Canis latrans,Coyote,False,https://www.inaturalist.org/observations/16192808
16290728,2018-09-07,41.9210666667,-70.5456166667,5.0,research,42051,Canis latrans,Coyote,False,https://www.inaturalist.org/observations/16290728
16696992,2018-09-15,42.4410251095,-71.5193781302,15.0,research,42051,Canis latrans,Coyote,False,https://www.inaturalist.org/observations/16696992
16990429,2018-09-27,42.5937830453,-71.5535625172,130.0,research,42051,Canis latrans,Coyote,False,https://www.inaturalist.org/observations/16990429
17136185,2018-10-02,41.6975904697,-70.2883149755,15.0,research,42051,Canis latrans,Coyote,False,https://www.inaturalist.org/observations/17136185
17289708,2018-10-07,42.4401671275,-71.5352419896,8.0,research,42051,Canis latrans,Coyote,False,https://www.inaturalist.org/observations/17289708
17318913,2018-10-08,42.5121466667,-71.2623283333,10.0,research,42051,Canis latrans,Coyote,False,https://www.inaturalist.org/observations/17318913
17319532,2018-10-08,42.5122108459,-71.2624282837,,research,42051,Canis latrans,Coyote,False,https://www.inaturalist.org/observations/17319532
17393598,2018-10-10,42.5939962951,-71.5534874187,130.0,research,42051,Canis latrans,Coyote,False,https://www.inaturalist.org/observations/17393598
17445563,2018-10-12,42.5938225331,-71.5536054349,130.0,research,42051,Canis latrans,Coyote,False,https://www.inaturalist.org/observations/17445563
17573870,2018-10-16,41.8006466982,-69.9376495209,15.0,research,42051,Canis latrans,Coyote,False,https://www.inaturalist.org/observations/17573870
17694541,2018-01-27,42.4134545573,-71.5107345819,2.0,research,42051,Canis latrans,Coyote,False,https://www.inaturalist.org/observations/17694541
17877285,2018-10-27,42.4419333008,-71.5598337223,8.0,research,42051,Canis latrans,Coyote,False,https://www.inaturalist.org/observations/17877285
18078928,2018-09-02,42.3733329773,-72.4791641235,,research,42051,Canis latrans,Coyote,False,https://www.inaturalist.org/observations/18078928
18311057,2018-11-10,42.26258,-70.8771366667,10.0,research,42051,Canis latrans,Coyote,False,https://www.inaturalist.org/observations/18311057
18327521,2018-11-11,42.471572876,-71.3369216919,,research,42051,Canis latrans,Coyote,False,https://www.inaturalist.org/observations/18327521
18336957,2018-11-02,42.4406503296,-71.517024709,31.0,research,42051,Canis latrans,Coyote,False,https://www.inaturalist.org/observations/18336957
18372123,2018-11-12,42.4424204823,-71.4983263443,53.0,research,42051,Canis latrans,Coyote,False,https://www.inaturalist.org/observations/18372123
18457161,2018-11-17,42.4883655476,-70.9281466549,165.0,research,42051,Canis latrans,Coyote,False,https://www.inaturalist.org/observations/18457161
18560799,2018-11-05,42.4734134249,-71.6482094292,61.0,research,42051,Canis latrans,Coyote,False,https://www.inaturalist.org/observations/18560799
18813406,2018-08-17,42.4733352661,-70.9151687622,,research,42051,Canis latrans,Coyote,False,https://www.inaturalist.org/observations/18813406
19035913,2018-12-04,42.4748383333,-70.910125,10.0,research,42051,Canis latrans,Coyote,False,https://www.inaturalist.org/observations/19035913
19157963,2018-12-18,42.4527184372,-71.0819750396,68.0,research,42051,Canis latrans,Coyote,False,https://www.inaturalist.org/observations/19157963
19237950,2018-12-11,42.4027105388,-71.4607210486,15.0,research,42051,Canis latrans,Coyote,False,https://www.inaturalist.org/observations/19237950
19474800,2019-01-02,42.4746513387,-70.9098684169,65.0,research,42051,Canis latrans,Coyote,False,https://www.inaturalist.org/observations/19474800
19475187,2018-12-18,42.4748636596,-70.9100462124,5.0,research,42051,Canis latrans,Coyote,False,https://www.inaturalist.org/observations/19475187
19826314,2010-02-09,42.4132428002,-71.5091322038,31.0,research,42051,Canis latrans,Coyote,False,https://www.inaturalist.org/observations/19826314
19864206,2019-01-25,42.4024607007,-71.0847936897,31.0,research,42051,Canis latrans,Coyote,False,https://www.inaturalist.org/observations/19864206
19866692,2019-01-25,42.4096337421,-71.3272342443,4.0,research,42051,Canis latrans,Coyote,False,https://www.inaturalist.org/observations/19866692
19872341,2019-01-25,42.4770634268,-71.6498062187,61.0,research,42051,Canis latrans,Coyote,False,https://www.inaturalist.org/observations/19872341
19930795,2019-01-08,42.1652592294,-71.1377696631,31.0,research,42051,Canis latrans,Coyote,False,https://www.inaturalist.org/observations/19930795
19932940,2019-01-23,42.302788,-71.102651,,research,42051,Canis latrans,Coyote,False,https://www.inaturalist.org/observations/19932940
19994900,2019-01-31,42.4098417214,-71.3275645868,22.0,research,42051,Canis latrans,Coyote,False,https://www.inaturalist.org/observations/19994900
20009266,2019-02-01,42.42343,-71.474821,3.0,research,42051,Canis latrans,Coyote,False,https://www.inaturalist.org/observations/20009266
20290740,2019-02-11,42.0876393369,-70.6761393664,122.0,research,42051,Canis latrans,Coyote,False,https://www.inaturalist.org/observations/20290740
20320028,2019-02-13,42.476775,-70.9122166667,5.0,research,42051,Canis latrans,Coyote,False,https://www.inaturalist.org/observations/20320028
20395884,2019-02-16,42.0873933622,-70.676813099,244.0,research,42051,Canis latrans,Coyote,False,https://www.inaturalist.org/observations/20395884
20546870,2019-02-20,41.5429522441,-70.6042396012,81.0,research,42051,Canis latrans,Coyote,False,https://www.inaturalist.org/observations/20546870
20547069,2019-02-20,41.5428674018,-70.6041950052,80.0,research,42051,Canis latrans,Coyote,False,https://www.inaturalist.org/observations/20547069
20553982,2019-02-20,42.411692772,-71.3287470389,15.0,research,42051,Canis latrans,Coyote,False,https://www.inaturalist.org/observations/20553982
20733478,2019-02-14,42.4225082117,-71.5521996649,85.0,research,42051,Canis latrans,Coyote,False,https://www.inaturalist.org/observations/20733478
20859085,2019-02-11,42.4500846,-73.2509381,,research,42051,Canis latrans,Coyote,False,https://www.inaturalist.org/observations/20859085
20861272,2019-03-01,42.4289749514,-71.5165862907,22.0,research,42051,Canis latrans,Coyote,False,https://www.inaturalist.org/observations/20861272
20927074,2019-03-03,42.0836698502,-70.7981643359,31.0,research,42051,Canis latrans,Coyote,False,https://www.inaturalist.org/observations/20927074
21002776,2019-03-05,42.0724842159,-70.2058142024,204.0,research,42051,Canis latrans,Coyote,False,https://www.inaturalist.org/observations/21002776
21233518,2019-03-14,42.4794499028,-71.3331086384,22.0,research,42051,Canis latrans,Coyote,False,https://www.inaturalist.org/observations/21233518
21342785,2019-03-16,42.0838370545,-70.7981664981,200.0,research,42051,Canis latrans,Coyote,False,https://www.inaturalist.org/observations/21342785
21453143,2019-03-21,42.3081846801,-71.1991484463,80.0,research,42051,Canis latrans,Coyote,False,https://www.inaturalist.org/observations/21453143
21594626,2019-02-25,42.4228335838,-71.5525400397,12.0,research,42051,Canis latrans,Coyote,False,https://www.inaturalist.org/observations/21594626
21633848,2019-03-07,41.9854512446,-70.6974381032,31.0,research,42051,Canis latrans,Coyote,False,https://www.inaturalist.org/observations/21633848
21839519,2019-03-17,42.6033495988,-71.2529418086,22.0,research,42051,Canis latrans,Coyote,False,https://www.inaturalist.org/observations/21839519
22015747,2019-04-05,42.5381359226,-72.0510715899,5.0,research,42051,Canis latrans,Coyote,False,https://www.inaturalist.org/observations/22015747
22163787,2019-04-07,42.4661084684,-72.3991377466,10.0,research,42051,Canis latrans,Coyote,False,https://www.inaturalist.org/observations/22163787
22316088,2019-04-11,42.201175,-71.6582866667,9.0,research,42051,Canis latrans,Coyote,False,https://www.inaturalist.org/observations/22316088
22709343,2019-04-06,42.1207083259,-71.2136836697,61.0,research,42051,Canis latrans,Coyote,False,https://www.inaturalist.org/observations/22709343
22739918,2019-04-14,42.22888812,-71.14806875,8.0,research,42051,Canis latrans,Coyote,False,https://www.inaturalist.org/observations/22739918
22975145,2019-04-23,42.4023611346,-71.292421038,31.0,research,42051,Canis latrans,Coyote,False,https://www.inaturalist.org/observations/22975145
23134957,2019-04-26,42.3725102082,-71.1451263322,42.0,research,42051,Canis latrans,Coyote,False,https://www.inaturalist.org/observations/23134957
23728429,2019-04-28,42.41702,-71.47397,8.0,research,42051,Canis latrans,Coyote,False,https://www.inaturalist.org/observations/23728429
23729836,2019-04-28,42.4034586968,-71.0933003784,15.0,research,42051,Canis latrans,Coyote,False,https://www.inaturalist.org/observations/23729836
23729842,2019-04-28,42.4031655699,-71.0930858017,15.0,research,42051,Canis latrans,Coyote,False,https://www.inaturalist.org/observations/23729842
23738465,2019-04-28,42.4022866667,-71.0895695,8.0,research,42051,Canis latrans,Coyote,False,https://www.inaturalist.org/observations/23738465
23992368,2019-04-29,42.3005666667,-71.305825,5.0,research,42051,Canis latrans,Coyote,False,https://www.inaturalist.org/observations/23992368
24000971,2019-04-29,42.1998851609,-71.2214907535,142.0,research,42051,Canis latrans,Coyote,False,https://www.inaturalist.org/observations/24000971
24129267,2019-04-29,42.2976033333,-71.3110416667,5.0,research,42051,Canis latrans,Coyote,False,https://www.inaturalist.org/observations/24129267
24191483,2019-04-25,42.3062158995,-71.0978229933,182.0,research,42051,Canis latrans,Coyote,False,https://www.inaturalist.org/observations/24191483
24658308,2019-05-06,42.1450934162,-70.6956898766,69.0,research,42051,Canis latrans,Coyote,False,https://www.inaturalist.org/observations/24658308
24670018,2019-05-03,42.3065174015,-71.0981662497,182.0,research,42051,Canis latrans,Coyote,False,https://www.inaturalist.org/observations/24670018
24890187,2019-05-10,42.3718073841,-71.1443034377,15.0,research,42051,Canis latrans,Coyote,False,https://www.inaturalist.org/observations/24890187
25161413,2019-05-12,42.6587261899,-70.6300274049,24.0,research,42051,Canis latrans,Coyote,False,https://www.inaturalist.org/observations/25161413
25621200,2019-05-23,41.6722890024,-70.0216126141,31.0,research,42051,Canis latrans,Coyote,False,https://www.inaturalist.org/observations/25621200
26016871,2019-05-29,42.3725170072,-71.1434161372,31.0,research,42051,Canis latrans,Coyote,False,https://www.inaturalist.org/observations/26016871
26032806,2014-08-26,42.6542213907,-72.2926617954,25.0,research,42051,Canis latrans,Coyote,False,https://www.inaturalist.org/observations/26032806
26085213,2019-05-28,41.70488,-69.997025,5.0,research,42051,Canis latrans,Coyote,False,https://www.inaturalist.org/observations/26085213
26121338,2019-04-08,42.4224249039,-71.5516918343,207.0,research,42051,Canis latrans,Coyote,False,https://www.inaturalist.org/observations/26121338
26145302,2019-05-31,42.4139116667,-71.510575,48.0,research,42051,Canis latrans,Coyote,False,https://www.inaturalist.org/observations/26145302
26342388,2019-06-03,41.9195633333,-70.542795,5.0,research,42051,Canis latrans,Coyote,False,https://www.inaturalist.org/observations/26342388
26343359,2019-06-03,41.7778380174,-70.6413207808,31.0,research,42051,Canis latrans,Coyote,False,https://www.inaturalist.org/observations/26343359
26347181,2019-05-27,42.4924316662,-71.3208414367,31.0,research,42051,Canis latrans,Coyote,False,https://www.inaturalist.org/observations/26347181
26585496,2019-05-15,42.25483,-71.0520861667,44.0,research,42051,Canis latrans,Coyote,False,https://www.inaturalist.org/observations/26585496
26831533,2019-05-06,42.1218313038,-71.2032384372,10.0,research,42051,Canis latrans,Coyote,False,https://www.inaturalist.org/observations/26831533
26919474,2019-06-12,41.9728383333,-70.64537,6.0,research,42051,Canis latrans,Coyote,False,https://www.inaturalist.org/observations/26919474
27116083,2019-05-24,42.1288652731,-71.1999287012,15.0,research,42051,Canis latrans,Coyote,False,https://www.inaturalist.org/observations/27116083
27337884,2011-01-16,42.1373906228,-71.1593781809,74.0,research,42051,Canis latrans,Coyote,False,https://www.inaturalist.org/observations/27337884
27761754,2019-06-21,42.5069235354,-71.5295579724,15.0,research,42051,Canis latrans,Coyote,False,https://www.inaturalist.org/observations/27761754
28585847,2019-07-06,42.1798954069,-70.8013315871,33.0,research,42051,Canis latrans,Coyote,False,https://www.inaturalist.org/observations/28585847
29085001,2019-02-23,42.4967112932,-70.9728390406,165.0,research,42051,Canis latrans,Coyote,False,https://www.inaturalist.org/observations/29085001
29338104,2019-06-29,42.4912323559,-71.3254306508,15.0,research,42051,Canis latrans,Coyote,False,https://www.inaturalist.org/observations/29338104
29489720,2018-04-19,42.4588125906,-71.3098846476,8.0,research,42051,Canis latrans,Coyote,False,https://www.inaturalist.org/observations/29489720
29528459,2019-03-13,42.2916673636,-71.6283349646,43.0,research,42051,Canis latrans,Coyote,False,https://www.inaturalist.org/observations/29528459
29549295,2019-07-18,42.3969631053,-71.5170105327,216.0,research,42051,Canis latrans,Coyote,False,https://www.inaturalist.org/observations/29549295
29640530,2019-07-19,42.2400075034,-72.0839408103,61.0,research,42051,Canis latrans,Coyote,False,https://www.inaturalist.org/observations/29640530
30080268,2019-08-02,42.04160283,-70.21488833,5.0,research,42051,Canis latrans,Coyote,False,https://www.inaturalist.org/observations/30080268
30360076,2019-05-25,41.7833069605,-69.9661770539,19.0,research,42051,Canis latrans,Coyote,False,https://www.inaturalist.org/observations/30360076
30865482,2019-01-12,42.2537833141,-71.6392408372,38.0,research,42051,Canis latrans,Coyote,False,https://www.inaturalist.org/observations/30865482
31025313,2019-08-17,41.6785452243,-69.9414473265,31.0,research,42051,Canis latrans,Coyote,False,https://www.inaturalist.org/observations/31025313
31294948,2019-04-06,42.375208,-71.144974,192.0,research,42051,Canis latrans,Coyote,False,https://www.inaturalist.org/observations/31294948
31471779,2019-08-15,41.73909366,-71.17209747,7.0,research,42051,Canis latrans,Coyote,False,https://www.inaturalist.org/observations/31471779
31591461,2019-08-19,41.6100056034,-70.5478186974,15.0,research,42051,Canis latrans,Coyote,False,https://www.inaturalist.org/observations/31591461
31885378,2019-08-31,42.7411049279,-70.7971717007,122.0,research,42051,Canis latrans,Coyote,False,https://www.inaturalist.org/observations/31885378
32102380,2019-09-04,42.3134284263,-71.0350591262,19.0,research,42051,Canis latrans,Coyote,False,https://www.inaturalist.org/observations/32102380
32211521,2019-08-30,42.1219575236,-71.203603723,15.0,research,42051,Canis latrans,Coyote,False,https://www.inaturalist.org/observations/32211521
32742171,2019-09-14,42.61429574,-72.48633371,6.0,research,42051,Canis latrans,Coyote,False,https://www.inaturalist.org/observations/32742171
33041899,2019-09-19,42.5945391545,-71.5526763328,24.0,research,42051,Canis latrans,Coyote,False,https://www.inaturalist.org/observations/33041899
33053693,2016-11-26,42.0807694444,-70.2213527778,,research,42051,Canis latrans,Coyote,False,https://www.inaturalist.org/observations/33053693
33309702,2019-07-22,42.4562612598,-71.0049404349,40.0,research,42051,Canis latrans,Coyote,False,https://www.inaturalist.org/observations/33309702
33372070,2019-09-25,41.7979896371,-69.9456067718,22.0,research,42051,Canis latrans,Coyote,False,https://www.inaturalist.org/observations/33372070
33697150,2019-09-26,42.305533494,-71.0915143713,182.0,research,42051,Canis latrans,Coyote,False,https://www.inaturalist.org/observations/33697150
33697806,2019-09-27,42.3042843937,-71.0894570752,8.0,research,42051,Canis latrans,Coyote,False,https://www.inaturalist.org/observations/33697806
34202511,2019-10-11,42.6462839797,-70.9177025312,5.0,research,42051,Canis latrans,Coyote,False,https://www.inaturalist.org/observations/34202511
34202520,2019-10-11,42.6464384981,-70.9179432037,10.0,research,42051,Canis latrans,Coyote,False,https://www.inaturalist.org/observations/34202520
34470277,2019-08-13,42.2364514459,-72.0892424632,53.0,research,42051,Canis latrans,Coyote,False,https://www.inaturalist.org/observations/34470277
34472516,2019-10-16,42.2922327832,-71.6304864332,15.0,research,42051,Canis latrans,Coyote,False,https://www.inaturalist.org/observations/34472516
34551719,2019-10-18,42.267840655,-71.6363552596,31.0,research,42051,Canis latrans,Coyote,False,https://www.inaturalist.org/observations/34551719
34551832,2019-10-18,42.2517817636,-71.6709795384,15.0,research,42051,Canis latrans,Coyote,False,https://www.inaturalist.org/observations/34551832
34556746,2019-10-18,42.0855891695,-71.2557424699,5.0,research,42051,Canis latrans,Coyote,False,https://www.inaturalist.org/observations/34556746
35179588,2019-10-03,42.3244194,-72.5396917,,research,153411,Canis latrans thamnos,Great Lakes Coyote,False,https://www.inaturalist.org/observations/35179588
35552400,2019-11-10,41.6387672442,-70.5545439236,15.0,research,42051,Canis latrans,Coyote,False,https://www.inaturalist.org/observations/35552400
35554013,2019-11-10,41.6383028567,-70.5546695893,31.0,research,42051,Canis latrans,Coyote,False,https://www.inaturalist.org/observations/35554013
35649356,2019-10-08,42.327,-72.54,,research,42051,Canis latrans,Coyote,False,https://www.inaturalist.org/observations/35649356
35657201,2019-11-11,42.4204370376,-71.4796227949,15.0,research,42051,Canis latrans,Coyote,False,https://www.inaturalist.org/observations/35657201
35670181,2019-11-10,42.4132432348,-71.5100814874,15.0,research,42051,Canis latrans,Coyote,False,https://www.inaturalist.org/observations/35670181
35708430,2019-10-07,42.4125527927,-71.5097721799,2.0,research,42051,Canis latrans,Coyote,False,https://www.inaturalist.org/observations/35708430
35740874,2018-12-24,42.3268645384,-72.538363214,135.0,research,153411,Canis latrans thamnos,Great Lakes Coyote,False,https://www.inaturalist.org/observations/35740874
35858172,2019-11-19,42.4689091791,-71.0081532242,5.0,research,42051,Canis latrans,Coyote,False,https://www.inaturalist.org/observations/35858172
35978939,2019-11-21,41.8764723813,-70.6956911426,61.0,research,42051,Canis latrans,Coyote,False,https://www.inaturalist.org/observations/35978939
36004509,2019-06-02,41.9527599006,-70.8213776597,65.0,research,42051,Canis latrans,Coyote,False,https://www.inaturalist.org/observations/36004509
36205683,2019-11-26,42.4638794825,-71.1536552439,124.0,research,42051,Canis latrans,Coyote,False,https://www.inaturalist.org/observations/36205683
36209174,2019-11-29,42.29751667,-71.28631667,5.0,research,42051,Canis latrans,Coyote,False,https://www.inaturalist.org/observations/36209174
36216131,2019-11-30,41.7424073424,-70.1906310815,8.0,research,42051,Canis latrans,Coyote,False,https://www.inaturalist.org/observations/36216131
36240324,2019-07-29,42.180232239,-70.801885113,15.0,research,42051,Canis latrans,Coyote,False,https://www.inaturalist.org/observations/36240324
36240783,2019-08-14,42.1802018686,-70.8020210266,31.0,research,42051,Canis latrans,Coyote,False,https://www.inaturalist.org/observations/36240783
36257973,2019-11-29,42.3969707221,-71.516981115,26.0,research,42051,Canis latrans,Coyote,False,https://www.inaturalist.org/observations/36257973
36274518,2019-12-01,42.1801518378,-70.8018353857,61.0,research,42051,Canis latrans,Coyote,False,https://www.inaturalist.org/observations/36274518
36274519,2019-12-01,42.1801611158,-70.8018997587,15.0,research,42051,Canis latrans,Coyote,False,https://www.inaturalist.org/observations/36274519
36280315,2018-09-19,42.33163,-72.53135,,research,42051,Canis latrans,Coyote,False,https://www.inaturalist.org/observations/36280315
36347669,2013-10-27,42.2998603268,-72.2353559504,8.0,research,42051,Canis latrans,Coyote,False,https://www.inaturalist.org/observations/36347669
36347834,2015-01-24,42.2980445223,-72.2378437827,8.0,research,42051,Canis latrans,Coyote,False,https://www.inaturalist.org/observations/36347834
36348498,2013-10-26,42.2999745838,-72.2389863222,4.0,research,42051,Canis latrans,Coyote,False,https://www.inaturalist.org/observations/36348498
36393057,2019-11-29,42.38262167,-71.11781383,65.0,research,42051,Canis latrans,Coyote,False,https://www.inaturalist.org/observations/36393057
36486669,2019-05-28,42.3747785037,-71.1447307779,56.0,research,42051,Canis latrans,Coyote,False,https://www.inaturalist.org/observations/36486669
36617969,2018-02-26,42.3630038507,-71.2464605376,247.0,research,42051,Canis latrans,Coyote,False,https://www.inaturalist.org/observations/36617969
36778829,2019-12-18,41.76573667,-69.94186333,6.0,research,42051,Canis latrans,Coyote,False,https://www.inaturalist.org/observations/36778829
36783680,2019-10-24,42.3785487672,-71.480592376,15.0,research,42051,Canis latrans,Coyote,False,https://www.inaturalist.org/observations/36783680
36829063,2019-12-20,41.8349616667,-70.53855,,research,42051,Canis latrans,Coyote,False,https://www.inaturalist.org/observations/36829063
37037003,2019-12-24,42.4526857317,-71.0816009755,61.0,research,42051,Canis latrans,Coyote,False,https://www.inaturalist.org/observations/37037003
37037218,2019-12-24,42.452713438,-71.0818584678,61.0,research,42051,Canis latrans,Coyote,False,https://www.inaturalist.org/observations/37037218
37041190,2019-12-28,42.0536733403,-70.22901575,61.0,research,42051,Canis latrans,Coyote,False,https://www.inaturalist.org/observations/37041190
37133840,2019-12-31,42.0542555,-70.11116117,5.0,research,42051,Canis latrans,Coyote,False,https://www.inaturalist.org/observations/37133840
37134939,2018-11-22,42.2822454718,-71.5194421601,4.0,research,42051,Canis latrans,Coyote,False,https://www.inaturalist.org/observations/37134939
37136919,2019-12-31,42.2947451856,-71.1410474405,10.0,research,42051,Canis latrans,Coyote,False,https://www.inaturalist.org/observations/37136919
37157232,2019-12-31,42.6087349,-71.2832659,150.0,research,42051,Canis latrans,Coyote,False,https://www.inaturalist.org/observations/37157232
37307738,2020-01-05,42.53196,-72.3207283333,,research,42051,Canis latrans,Coyote,False,https://www.inaturalist.org/observations/37307738
37307766,2020-01-05,42.5321083333,-72.321225,,research,42051,Canis latrans,Coyote,False,https://www.inaturalist.org/observations/37307766
37326476,2020-01-05,42.4026888278,-71.213519153,149.0,research,42051,Canis latrans,Coyote,False,https://www.inaturalist.org/observations/37326476
37347133,2019-12-28,42.2899367786,-71.0970607016,31.0,research,42051,Canis latrans,Coyote,False,https://www.inaturalist.org/observations/37347133
37349473,2019-12-20,42.2898927287,-71.0965452323,8.0,research,42051,Canis latrans,Coyote,False,https://www.inaturalist.org/observations/37349473
37349679,2017-03-15,42.3717372513,-71.1437849211,8.0,research,42051,Canis latrans,Coyote,False,https://www.inaturalist.org/observations/37349679
37350477,2019-12-28,42.28991,-71.096104,30.0,research,42051,Canis latrans,Coyote,False,https://www.inaturalist.org/observations/37350477
37445273,2020-01-09,41.7790025888,-70.5050079153,31.0,research,42051,Canis latrans,Coyote,False,https://www.inaturalist.org/observations/37445273
37461639,2020-01-09,41.7800258616,-70.5029376424,8.0,research,42051,Canis latrans,Coyote,False,https://www.inaturalist.org/observations/37461639
37558486,2019-12-31,42.2943617037,-71.6263478887,6.0,research,42051,Canis latrans,Coyote,False,https://www.inaturalist.org/observations/37558486
37745493,2020-01-19,42.4140577342,-71.5616535801,17.0,research,42051,Canis latrans,Coyote,False,https://www.inaturalist.org/observations/37745493
37747182,2020-01-19,42.4144494543,-71.5617624437,65.0,research,42051,Canis latrans,Coyote,False,https://www.inaturalist.org/observations/37747182
37747263,2020-01-19,42.414663225,-71.561819734,65.0,research,42051,Canis latrans,Coyote,False,https://www.inaturalist.org/observations/37747263
37755289,2020-01-19,42.45391333,-71.09163617,11.0,research,42051,Canis latrans,Coyote,False,https://www.inaturalist.org/observations/37755289
37759926,2019-12-28,41.9479639374,-70.6732980051,119.0,research,42051,Canis latrans,Coyote,False,https://www.inaturalist.org/observations/37759926
37763344,2020-01-19,42.2949981689,-71.1411132813,,research,42051,Canis latrans,Coyote,False,https://www.inaturalist.org/observations/37763344
37794505,2020-01-18,42.3371547613,-72.4689327331,15.0,research,42051,Canis latrans,Coyote,False,https://www.inaturalist.org/observations/37794505
37814744,2020-01-20,42.0864482545,-71.178690793,8.0,research,42051,Canis latrans,Coyote,False,https://www.inaturalist.org/observations/37814744
37861102,2019-12-20,42.302555,-71.47643333,65.0,research,42051,Canis latrans,Coyote,False,https://www.inaturalist.org/observations/37861102
37890796,2020-01-23,42.441995,-71.07647783,30.0,research,42051,Canis latrans,Coyote,False,https://www.inaturalist.org/observations/37890796
37897204,2020-01-22,42.0835735919,-71.179857412,2.0,research,42051,Canis latrans,Coyote,False,https://www.inaturalist.org/observations/37897204
37946837,2020-01-16,42.3444027038,-72.2334202578,8.0,research,42051,Canis latrans,Coyote,False,https://www.inaturalist.org/observations/37946837
38011365,2003-12-20,42.3389453667,-72.1421519349,122.0,research,42051,Canis latrans,Coyote,False,https://www.inaturalist.org/observations/38011365
38062848,2020-01-28,42.3951166215,-71.3591388807,21.0,research,42051,Canis latrans,Coyote,False,https://www.inaturalist.org/observations/38062848
38108638,2019-09-15,42.3705394138,-71.1446521197,192.0,research,42051,Canis latrans,Coyote,False,https://www.inaturalist.org/observations/38108638
38133837,2019-12-21,42.4132638994,-71.5103279703,2.0,research,42051,Canis latrans,Coyote,False,https://www.inaturalist.org/observations/38133837
38143771,2020-01-30,41.5330058505,-70.6459399565,8.0,research,42051,Canis latrans,Coyote,False,https://www.inaturalist.org/observations/38143771
38159249,2020-01-22,42.3371563103,-72.4689676019,15.0,research,42051,Canis latrans,Coyote,False,https://www.inaturalist.org/observations/38159249
38184448,2018-01-16,41.8567482778,-69.9704804722,,research,42051,Canis latrans,Coyote,False,https://www.inaturalist.org/observations/38184448
38224907,2020-01-31,42.0790237235,-71.1804235177,31.0,research,42051,Canis latrans,Coyote,False,https://www.inaturalist.org/observations/38224907
38479153,2020-02-09,42.41511667,-71.56030333,15.0,research,42051,Canis latrans,Coyote,False,https://www.inaturalist.org/observations/38479153
38593125,2020-02-12,41.60121667,-70.60672,5.0,research,42051,Canis latrans,Coyote,False,https://www.inaturalist.org/observations/38593125
38619550,2020-02-13,41.5657971547,-70.5863852375,23.0,research,42051,Canis latrans,Coyote,False,https://www.inaturalist.org/observations/38619550
38694173,2018-11-30,42.629526122,-70.84302814,15.0,research,42051,Canis latrans,Coyote,False,https://www.inaturalist.org/observations/38694173
38735205,2018-09-28,42.0010636214,-70.024839365,15.0,research,42051,Canis latrans,Coyote,False,https://www.inaturalist.org/observations/38735205
38940853,2020-02-20,41.50348333,-71.10811667,165.0,research,42051,Canis latrans,Coyote,False,https://www.inaturalist.org/observations/38940853
39044748,2020-02-19,42.0801057702,-71.2101598879,8.0,research,42051,Canis latrans,Coyote,False,https://www.inaturalist.org/observations/39044748
39067019,2020-02-22,42.0622918664,-70.1917546366,8.0,research,42051,Canis latrans,Coyote,False,https://www.inaturalist.org/observations/39067019
39407071,2020-02-28,42.45232159,-71.0810001599,41.0,research,42051,Canis latrans,Coyote,False,https://www.inaturalist.org/observations/39407071
39474497,2020-03-02,42.2519879408,-71.6696688941,196.0,research,42051,Canis latrans,Coyote,False,https://www.inaturalist.org/observations/39474497
39539843,2020-03-04,42.4453435606,-71.0455830116,10.0,research,42051,Canis latrans,Coyote,False,https://www.inaturalist.org/observations/39539843
39904548,2020-03-10,42.30903667,-71.32586667,56.0,research,42051,Canis latrans,Coyote,False,https://www.inaturalist.org/observations/39904548
39981384,2020-03-07,42.4532319425,-71.0822339776,49.0,research,42051,Canis latrans,Coyote,False,https://www.inaturalist.org/observations/39981384
39981647,2020-03-07,42.4530577875,-71.0821910643,53.0,research,42051,Canis latrans,Coyote,False,https://www.inaturalist.org/observations/39981647
39981936,2020-03-07,42.4529865432,-71.0820301289,61.0,research,42051,Canis latrans,Coyote,False,https://www.inaturalist.org/observations/39981936
40178393,2020-03-18,42.0649445,-70.24492,5.0,research,42051,Canis latrans,Coyote,False,https://www.inaturalist.org/observations/40178393
40215298,2020-03-18,42.48863667,-70.926575,5.0,research,42051,Canis latrans,Coyote,False,https://www.inaturalist.org/observations/40215298
40357409,2020-03-17,42.3444600442,-72.2350032613,8.0,research,42051,Canis latrans,Coyote,False,https://www.inaturalist.org/observations/40357409
40367004,2020-03-21,42.2933615709,-71.1332251132,14.0,research,42051,Canis latrans,Coyote,False,https://www.inaturalist.org/observations/40367004
40710373,2020-03-12,42.2874009507,-71.1034981709,165.0,research,42051,Canis latrans,Coyote,False,https://www.inaturalist.org/observations/40710373
40718006,2020-02-20,42.3789990222,-71.6483287417,15.0,research,42051,Canis latrans,Coyote,False,https://www.inaturalist.org/observations/40718006
40777695,2013-08-25,42.2581553703,-71.1604078782,122.0,research,42051,Canis latrans,Coyote,False,https://www.inaturalist.org/observations/40777695
41133070,2020-03-31,41.5537460095,-70.6411299482,7.0,research,42051,Canis latrans,Coyote,False,https://www.inaturalist.org/observations/41133070
41238641,2020-04-01,42.29833667,-71.310845,65.0,research,42051,Canis latrans,Coyote,False,https://www.inaturalist.org/observations/41238641
41258931,2020-03-21,42.4639461695,-71.545666414,8.0,research,42051,Canis latrans,Coyote,False,https://www.inaturalist.org/observations/41258931
41306294,2020-04-01,41.8589454558,-69.9865018083,62.0,research,42051,Canis latrans,Coyote,False,https://www.inaturalist.org/observations/41306294
41434697,2020-04-04,41.6127654833,-70.5471828952,22.0,research,42051,Canis latrans,Coyote,False,https://www.inaturalist.org/observations/41434697
41498468,2020-04-05,42.3645701463,-71.6199018806,128.0,research,42051,Canis latrans,Coyote,False,https://www.inaturalist.org/observations/41498468
41628040,2020-04-04,42.4877325996,-70.9339997907,20.0,research,42051,Canis latrans,Coyote,False,https://www.inaturalist.org/observations/41628040
41834412,2020-04-09,41.7831934379,-69.9661670195,19.0,research,42051,Canis latrans,Coyote,False,https://www.inaturalist.org/observations/41834412
42034964,2020-04-12,42.7288179245,-71.0464227239,45.0,research,42051,Canis latrans,Coyote,False,https://www.inaturalist.org/observations/42034964
42114714,2019-05-05,42.306637,-71.264135,186.0,research,42051,Canis latrans,Coyote,False,https://www.inaturalist.org/observations/42114714
42163397,2020-04-14,41.6114665022,-70.5208228156,16.0,research,42051,Canis latrans,Coyote,False,https://www.inaturalist.org/observations/42163397
42270500,2020-04-12,42.53004526,-71.5587305074,44.0,research,42051,Canis latrans,Coyote,False,https://www.inaturalist.org/observations/42270500
42557490,2020-04-19,42.4813638569,-71.0874498636,44.0,research,42051,Canis latrans,Coyote,False,https://www.inaturalist.org/observations/42557490
42703664,2020-04-20,41.79977,-69.95165333,10.0,research,42051,Canis latrans,Coyote,False,https://www.inaturalist.org/observations/42703664
42905728,2020-04-19,42.67241073,-71.33474086,8.0,research,42051,Canis latrans,Coyote,False,https://www.inaturalist.org/observations/42905728
42946444,2020-04-23,41.5706287691,-70.6069458649,32.0,research,42051,Canis latrans,Coyote,False,https://www.inaturalist.org/observations/42946444
43378734,2020-04-25,42.38337833,-71.39602833,100.0,research,42051,Canis latrans,Coyote,False,https://www.inaturalist.org/observations/43378734
43521755,2020-04-25,42.71985,-71.0220722222,6.0,research,42051,Canis latrans,Coyote,False,https://www.inaturalist.org/observations/43521755
43531054,2020-04-25,42.7284083333,-71.0273666667,4.0,research,42051,Canis latrans,Coyote,False,https://www.inaturalist.org/observations/43531054
43533781,2020-04-25,42.7320833333,-71.0208277778,6.0,research,42051,Canis latrans,Coyote,False,https://www.inaturalist.org/observations/43533781
43629321,2020-04-26,42.444811718,-71.0852930926,33.0,research,42051,Canis latrans,Coyote,False,https://www.inaturalist.org/observations/43629321
43750032,2020-04-25,42.37817833,-71.39128,5.0,research,42051,Canis latrans,Coyote,False,https://www.inaturalist.org/observations/43750032
43942013,2020-04-26,42.6300937909,-70.8453342288,15.0,research,42051,Canis latrans,Coyote,False,https://www.inaturalist.org/observations/43942013
43978239,2020-04-27,42.0117094042,-71.0146717262,10.0,research,153411,Canis latrans thamnos,Great Lakes Coyote,False,https://www.inaturalist.org/observations/43978239
44185899,2020-04-28,42.4756854357,-70.9056110628,13.0,research,42051,Canis latrans,Coyote,False,https://www.inaturalist.org/observations/44185899
44260543,2020-04-29,41.79978667,-69.951605,30.0,research,42051,Canis latrans,Coyote,False,https://www.inaturalist.org/observations/44260543
44331449,2020-04-28,42.47345333,-70.90016167,,research,42051,Canis latrans,Coyote,False,https://www.inaturalist.org/observations/44331449
44366656,2020-04-28,42.47768,-70.903075,50.0,research,42051,Canis latrans,Coyote,False,https://www.inaturalist.org/observations/44366656
44371157,2020-04-26,42.7197583333,-71.0226444444,,research,42051,Canis latrans,Coyote,False,https://www.inaturalist.org/observations/44371157
44407398,2020-04-22,41.676554955,-69.949117776,122.0,research,42051,Canis latrans,Coyote,False,https://www.inaturalist.org/observations/44407398
44603562,2020-05-02,42.4040851509,-71.2025079131,6.0,research,42051,Canis latrans,Coyote,False,https://www.inaturalist.org/observations/44603562
44722049,2020-04-29,42.3370556276,-72.4689380975,13.0,research,42051,Canis latrans,Coyote,False,https://www.inaturalist.org/observations/44722049
44942598,2020-05-04,42.6459291112,-71.3637404978,60.0,research,42051,Canis latrans,Coyote,False,https://www.inaturalist.org/observations/44942598
45031218,2020-05-05,41.9275582,-71.1401417,23.0,research,42051,Canis latrans,Coyote,False,https://www.inaturalist.org/observations/45031218
45034272,2020-05-05,42.4746457222,-70.9135548889,,research,42051,Canis latrans,Coyote,False,https://www.inaturalist.org/observations/45034272
45062904,2020-05-05,42.47455333,-70.91338333,32.0,research,42051,Canis latrans,Coyote,False,https://www.inaturalist.org/observations/45062904
45218609,2020-05-07,42.7895822433,-70.8077564836,9.0,research,42051,Canis latrans,Coyote,False,https://www.inaturalist.org/observations/45218609
45314456,2020-05-08,42.5029905545,-71.4626659231,56.0,research,42051,Canis latrans,Coyote,False,https://www.inaturalist.org/observations/45314456
45542215,2020-05-03,42.4140498103,-71.510922861,15.0,research,42051,Canis latrans,Coyote,False,https://www.inaturalist.org/observations/45542215
45547216,2020-05-10,42.3498635261,-71.2467052197,63.0,research,42051,Canis latrans,Coyote,False,https://www.inaturalist.org/observations/45547216
45552637,2020-05-09,42.3797438133,-71.7834465151,121.0,research,42051,Canis latrans,Coyote,False,https://www.inaturalist.org/observations/45552637
45632865,2020-05-10,42.462750708,-71.5188050337,186.0,research,42051,Canis latrans,Coyote,False,https://www.inaturalist.org/observations/45632865
45708769,2020-05-11,42.47087833,-71.23269667,10.0,research,42051,Canis latrans,Coyote,False,https://www.inaturalist.org/observations/45708769
45781910,2020-05-13,42.0786238549,-71.3934830466,54.0,research,42051,Canis latrans,Coyote,False,https://www.inaturalist.org/observations/45781910
45929176,2020-05-14,42.6879437366,-71.111247763,46.0,research,42051,Canis latrans,Coyote,False,https://www.inaturalist.org/observations/45929176
46181988,2020-05-16,42.1279879719,-71.216187286,31.0,research,42051,Canis latrans,Coyote,False,https://www.inaturalist.org/observations/46181988
46440345,2020-05-18,42.3007162523,-70.9070587345,19.0,research,42051,Canis latrans,Coyote,False,https://www.inaturalist.org/observations/46440345
46672942,2020-05-20,42.5870014754,-71.5951583725,31.0,research,42051,Canis latrans,Coyote,False,https://www.inaturalist.org/observations/46672942
46835451,2020-05-22,42.4524005782,-71.4771537949,10.0,research,42051,Canis latrans,Coyote,False,https://www.inaturalist.org/observations/46835451
47685669,2019-11-24,41.8751016294,-70.0028622018,4.0,research,42051,Canis latrans,Coyote,False,https://www.inaturalist.org/observations/47685669
47852777,2020-05-30,42.1798840891,-70.8016379865,15.0,research,42051,Canis latrans,Coyote,False,https://www.inaturalist.org/observations/47852777
48008979,2020-05-31,42.3444663082,-73.3470106312,5.0,research,42051,Canis latrans,Coyote,False,https://www.inaturalist.org/observations/48008979
48238440,2020-06-02,42.3769931298,-73.3292384818,81.0,research,42051,Canis latrans,Coyote,False,https://www.inaturalist.org/observations/48238440
48612005,2020-04-02,42.4132674218,-71.510300114,4.0,research,42051,Canis latrans,Coyote,False,https://www.inaturalist.org/observations/48612005
48720046,2020-02-24,42.6981089861,-71.9061904687,2.0,research,42051,Canis latrans,Coyote,False,https://www.inaturalist.org/observations/48720046
48824604,2020-05-07,42.32555,-71.56172167,109.0,research,42051,Canis latrans,Coyote,False,https://www.inaturalist.org/observations/48824604
48850885,2020-06-07,42.2347990938,-71.5574773766,65.0,research,42051,Canis latrans,Coyote,False,https://www.inaturalist.org/observations/48850885
48912233,2020-06-05,42.49240833,-71.09760283,12.0,research,42051,Canis latrans,Coyote,False,https://www.inaturalist.org/observations/48912233
49119738,2020-06-10,42.47227833,-70.91017167,8.0,research,42051,Canis latrans,Coyote,False,https://www.inaturalist.org/observations/49119738
49298529,2020-06-07,42.6547793238,-70.5998134662,122.0,research,42051,Canis latrans,Coyote,False,https://www.inaturalist.org/observations/49298529
49298532,2020-06-06,42.6576198455,-70.6009121915,122.0,research,42051,Canis latrans,Coyote,False,https://www.inaturalist.org/observations/49298532
49433846,2020-06-13,42.4120673212,-71.4686932695,10.0,research,42051,Canis latrans,Coyote,False,https://www.inaturalist.org/observations/49433846
49790442,2020-06-15,41.65391667,-70.21080833,10.0,research,42051,Canis latrans,Coyote,False,https://www.inaturalist.org/observations/49790442
49952089,2020-06-17,42.1877416667,-70.7516777778,65.0,research,42051,Canis latrans,Coyote,False,https://www.inaturalist.org/observations/49952089
50076664,2020-06-18,42.61662,-70.64112833,5.0,research,42051,Canis latrans,Coyote,False,https://www.inaturalist.org/observations/50076664
50590283,2007-02-25,42.4672944707,-71.307151158,25.0,research,153411,Canis latrans thamnos,Great Lakes Coyote,False,https://www.inaturalist.org/observations/50590283
50738114,2020-06-17,42.79238,-70.87104167,24.0,research,42051,Canis latrans,Coyote,False,https://www.inaturalist.org/observations/50738114
51394922,2020-03-03,41.9370453123,-70.6731520281,87.0,research,42051,Canis latrans,Coyote,False,https://www.inaturalist.org/observations/51394922
51755654,2020-07-02,41.8510704085,-70.6078832441,95.0,research,42051,Canis latrans,Coyote,False,https://www.inaturalist.org/observations/51755654
51911602,2020-02-06,42.6556577944,-70.6027202125,8.0,research,42051,Canis latrans,Coyote,False,https://www.inaturalist.org/observations/51911602
52023214,2013-09-01,42.1676981254,-70.7688159757,37.0,research,42051,Canis latrans,Coyote,False,https://www.inaturalist.org/observations/52023214
52184416,2020-05-10,42.6564143651,-70.5970572516,15.0,research,42051,Canis latrans,Coyote,False,https://www.inaturalist.org/observations/52184416
52213110,2020-07-06,42.5129661966,-71.2919521164,54.0,research,42051,Canis latrans,Coyote,False,https://www.inaturalist.org/observations/52213110
52804422,2020-07-11,42.5282523009,-73.0651712302,193.0,research,42051,Canis latrans,Coyote,False,https://www.inaturalist.org/observations/52804422
52902403,2020-01-25,42.5816548457,-70.6629419773,160.0,research,42051,Canis latrans,Coyote,False,https://www.inaturalist.org/observations/52902403
53176193,2019-05-28,42.3698308511,-71.144016795,138.0,research,42051,Canis latrans,Coyote,False,https://www.inaturalist.org/observations/53176193
53206518,2020-07-12,42.2926334601,-71.0241956252,15.0,research,42051,Canis latrans,Coyote,False,https://www.inaturalist.org/observations/53206518
53500415,2016-06-15,42.2673124,-71.5350693,169.0,research,42051,Canis latrans,Coyote,False,https://www.inaturalist.org/observations/53500415
53541076,2020-07-18,41.67742167,-70.45459667,5.0,research,42051,Canis latrans,Coyote,False,https://www.inaturalist.org/observations/53541076
53728701,2020-07-20,42.0146334311,-71.120746052,10.0,research,42051,Canis latrans,Coyote,False,https://www.inaturalist.org/observations/53728701
54104489,2020-07-14,42.3371963975,-72.4689354153,25.0,research,42051,Canis latrans,Coyote,False,https://www.inaturalist.org/observations/54104489
54267060,2020-07-24,42.6308611915,-70.842533837,10.0,research,42051,Canis latrans,Coyote,False,https://www.inaturalist.org/observations/54267060
54316624,2020-07-25,42.4522773234,-71.0869126675,7.0,research,42051,Canis latrans,Coyote,False,https://www.inaturalist.org/observations/54316624
54335464,2020-07-25,42.4527014636,-71.0870015583,39.0,research,42051,Canis latrans,Coyote,False,https://www.inaturalist.org/observations/54335464
54352264,2020-07-07,42.650891308,-70.7988651334,61.0,research,42051,Canis latrans,Coyote,False,https://www.inaturalist.org/observations/54352264
54597261,2020-07-23,42.4861414907,-71.3150013596,65.0,research,42051,Canis latrans,Coyote,False,https://www.inaturalist.org/observations/54597261
54897827,2018-05-03,41.9977777778,-70.7125,,research,42051,Canis latrans,Coyote,False,https://www.inaturalist.org/observations/54897827
54989842,2020-07-23,41.3721379915,-70.7533683255,60.0,research,42051,Canis latrans,Coyote,False,https://www.inaturalist.org/observations/54989842
55110857,2020-06-26,42.4583505908,-71.9429832575,31.0,research,42051,Canis latrans,Coyote,False,https://www.inaturalist.org/observations/55110857
55203986,2020-08-02,42.7386585183,-70.916677309,199.0,research,42051,Canis latrans,Coyote,False,https://www.inaturalist.org/observations/55203986
55375170,2020-08-04,41.991175,-71.1562944444,,research,42051,Canis latrans,Coyote,False,https://www.inaturalist.org/observations/55375170
55732349,2020-07-10,42.0539055,-70.6461033333,,research,42051,Canis latrans,Coyote,False,https://www.inaturalist.org/observations/55732349
55792411,2017-02-07,42.5420123893,-71.316922317,2.0,research,42051,Canis latrans,Coyote,False,https://www.inaturalist.org/observations/55792411
55922606,2020-08-06,42.4405419071,-71.5153137536,61.0,research,42051,Canis latrans,Coyote,False,https://www.inaturalist.org/observations/55922606
56271053,2020-07-18,42.22773,-71.15443333,10.0,research,42051,Canis latrans,Coyote,False,https://www.inaturalist.org/observations/56271053
56376719,2020-08-13,42.03147217,-70.08246667,5.0,research,42051,Canis latrans,Coyote,False,https://www.inaturalist.org/observations/56376719
56412855,2020-08-13,41.6363972222,-70.5563055556,,research,42051,Canis latrans,Coyote,False,https://www.inaturalist.org/observations/56412855
56884263,2020-08-18,42.47405333,-70.89907833,65.0,research,42051,Canis latrans,Coyote,False,https://www.inaturalist.org/observations/56884263
57162058,2020-08-21,42.471145,-70.91497833,24.0,research,42051,Canis latrans,Coyote,False,https://www.inaturalist.org/observations/57162058
57279929,2020-08-22,41.9009098972,-69.9949463559,50.0,research,42051,Canis latrans,Coyote,False,https://www.inaturalist.org/observations/57279929
57870747,2020-08-28,42.03751383,-70.207895,6.0,research,42051,Canis latrans,Coyote,False,https://www.inaturalist.org/observations/57870747
58294111,2020-08-31,42.087513156,-70.8014578571,61.0,research,42051,Canis latrans,Coyote,False,https://www.inaturalist.org/observations/58294111
58653490,2020-09-03,42.75327167,-70.80018,,research,42051,Canis latrans,Coyote,False,https://www.inaturalist.org/observations/58653490
59654785,2020-02-03,42.6566819675,-70.6010178437,13.0,research,42051,Canis latrans,Coyote,False,https://www.inaturalist.org/observations/59654785
59765296,2020-09-16,41.936875,-70.031975,5.0,research,42051,Canis latrans,Coyote,False,https://www.inaturalist.org/observations/59765296
60171347,2020-09-20,42.299559343,-71.258017075,12.0,research,42051,Canis latrans,Coyote,False,https://www.inaturalist.org/observations/60171347
60171565,2020-09-20,41.5524913345,-70.6398278088,22.0,research,42051,Canis latrans,Coyote,False,https://www.inaturalist.org/observations/60171565
60190537,2020-09-19,42.7411216667,-70.7940199537,,research,42051,Canis latrans,Coyote,False,https://www.inaturalist.org/observations/60190537
60867569,2020-09-26,42.2586379722,-70.9235379722,,research,42051,Canis latrans,Coyote,False,https://www.inaturalist.org/observations/60867569
60912583,2020-09-26,42.257045,-70.92450833,21.0,research,42051,Canis latrans,Coyote,False,https://www.inaturalist.org/observations/60912583
61171270,2020-01-24,42.3151888279,-72.6507026612,22.0,research,42051,Canis latrans,Coyote,False,https://www.inaturalist.org/observations/61171270
61420158,2018-03-18,42.2810885,-71.7768824,124.0,research,42051,Canis latrans,Coyote,False,https://www.inaturalist.org/observations/61420158
61777954,2020-06-06,42.3643883333,-71.246825,10.0,research,42051,Canis latrans,Coyote,False,https://www.inaturalist.org/observations/61777954
61819462,2020-10-04,42.7547078567,-70.8034405814,15.0,research,42051,Canis latrans,Coyote,False,https://www.inaturalist.org/observations/61819462
62115246,2020-09-17,42.625878,-72.457581,,research,42051,Canis latrans,Coyote,False,https://www.inaturalist.org/observations/62115246
62360058,2020-10-11,42.0372841857,-70.1963302388,65.0,research,42051,Canis latrans,Coyote,False,https://www.inaturalist.org/observations/62360058
62407423,2020-10-03,41.4196365114,-70.9372390164,2.0,research,42051,Canis latrans,Coyote,False,https://www.inaturalist.org/observations/62407423
62416324,2020-10-12,42.48806667,-71.39427167,65.0,research,42051,Canis latrans,Coyote,False,https://www.inaturalist.org/observations/62416324
62899811,2020-10-18,41.7034058727,-70.2604572,15.0,research,42051,Canis latrans,Coyote,False,https://www.inaturalist.org/observations/62899811
63906646,2018-08-19,42.7409927787,-70.7960497465,250.0,research,42051,Canis latrans,Coyote,False,https://www.inaturalist.org/observations/63906646
63961429,2020-11-01,42.3294089817,-71.5618160187,22.0,research,42051,Canis latrans,Coyote,False,https://www.inaturalist.org/observations/63961429
64009117,2020-10-31,42.40375,-71.6667333333,65.0,research,42051,Canis latrans,Coyote,False,https://www.inaturalist.org/observations/64009117
64171193,2020-10-22,42.6300245102,-70.8447769407,11.0,research,42051,Canis latrans,Coyote,False,https://www.inaturalist.org/observations/64171193
64683217,2020-11-06,42.6661616667,-70.8203366667,,research,42051,Canis latrans,Coyote,False,https://www.inaturalist.org/observations/64683217
64944758,2020-11-12,42.279866572,-71.775406301,179.0,research,42051,Canis latrans,Coyote,False,https://www.inaturalist.org/observations/64944758
65048715,2020-11-16,42.2455758985,-71.0493158145,141.0,research,42051,Canis latrans,Coyote,False,https://www.inaturalist.org/observations/65048715
65132352,2020-05-04,41.6731516,-70.0062786,189.0,research,42051,Canis latrans,Coyote,False,https://www.inaturalist.org/observations/65132352
65202782,2020-11-08,42.2740610211,-71.6324340467,202.0,research,42051,Canis latrans,Coyote,False,https://www.inaturalist.org/observations/65202782
65422093,2020-11-18,42.4529305556,-71.1197944444,18.0,research,42051,Canis latrans,Coyote,False,https://www.inaturalist.org/observations/65422093
65533860,2020-11-24,42.459916,-71.312626,,research,42051,Canis latrans,Coyote,False,https://www.inaturalist.org/observations/65533860
65535129,2020-10-04,42.3518866667,-71.1854866667,5.0,research,42051,Canis latrans,Coyote,False,https://www.inaturalist.org/observations/65535129
65543654,2020-11-24,42.3519850017,-71.3992500643,10.0,research,42051,Canis latrans,Coyote,False,https://www.inaturalist.org/observations/65543654
65610999,2020-11-25,42.2807337301,-71.8363875858,65.0,research,42051,Canis latrans,Coyote,False,https://www.inaturalist.org/observations/65610999
65647117,2020-11-26,42.4041533333,-71.666175,15.0,research,42051,Canis latrans,Coyote,False,https://www.inaturalist.org/observations/65647117
65837071,2020-11-20,42.4343373627,-71.1945834791,15.0,research,42051,Canis latrans,Coyote,False,https://www.inaturalist.org/observations/65837071
66249959,2020-12-07,42.4042133333,-71.666175,5.0,research,42051,Canis latrans,Coyote,False,https://www.inaturalist.org/observations/66249959
66271451,2020-12-02,42.3371271898,-72.468970284,18.0,research,42051,Canis latrans,Coyote,False,https://www.inaturalist.org/observations/66271451
66316616,2020-11-03,42.5941613492,-71.5533183325,151.0,research,42051,Canis latrans,Coyote,False,https://www.inaturalist.org/observations/66316616
66476144,2020-11-27,42.6300503088,-70.8448071316,23.0,research,42051,Canis latrans,Coyote,False,https://www.inaturalist.org/observations/66476144
66506745,2020-12-09,42.2743239272,-71.6326618203,244.0,research,42051,Canis latrans,Coyote,False,https://www.inaturalist.org/observations/66506745
66525924,2020-12-13,42.404295,-71.6662966667,5.0,research,42051,Canis latrans,Coyote,False,https://www.inaturalist.org/observations/66525924
66638250,2020-12-05,42.2743383488,-71.6322357553,225.0,research,42051,Canis latrans,Coyote,False,https://www.inaturalist.org/observations/66638250
66809061,2020-12-19,42.2173241646,-71.7891162802,31.0,research,42051,Canis latrans,Coyote,False,https://www.inaturalist.org/observations/66809061
66859263,2020-12-20,41.52861333,-70.670105,8.0,research,42051,Canis latrans,Coyote,False,https://www.inaturalist.org/observations/66859263
66906391,2020-12-20,42.4757163133,-71.3254935667,87.0,research,42051,Canis latrans,Coyote,False,https://www.inaturalist.org/observations/66906391
66928858,2020-12-16,42.4676213737,-71.9703083015,27.0,research,42051,Canis latrans,Coyote,False,https://www.inaturalist.org/observations/66928858
66978545,2020-12-23,42.3092333333,-72.33348,14.0,research,42051,Canis latrans,Coyote,False,https://www.inaturalist.org/observations/66978545
67473430,2020-12-29,42.4530973662,-71.0823680868,61.0,research,42051,Canis latrans,Coyote,False,https://www.inaturalist.org/observations/67473430
67481067,2020-12-29,42.1522444301,-73.423031092,39.0,research,42051,Canis latrans,Coyote,False,https://www.inaturalist.org/observations/67481067
67555886,2020-12-19,42.7907716667,-70.8097,5.0,research,42051,Canis latrans,Coyote,False,https://www.inaturalist.org/observations/67555886
67571700,2021-01-02,42.4204816285,-71.6610397423,196.0,research,42051,Canis latrans,Coyote,False,https://www.inaturalist.org/observations/67571700
67597845,2021-01-04,42.5802416667,-70.8202283333,18.0,research,42051,Canis latrans,Coyote,False,https://www.inaturalist.org/observations/67597845
67981668,2021-01-05,41.5637551612,-70.6147309485,78.0,research,42051,Canis latrans,Coyote,False,https://www.inaturalist.org/observations/67981668
67984177,2021-01-12,42.580405,-70.8202283333,53.0,research,42051,Canis latrans,Coyote,False,https://www.inaturalist.org/observations/67984177
68070980,2021-01-13,42.0894661237,-70.6704693241,122.0,research,42051,Canis latrans,Coyote,False,https://www.inaturalist.org/observations/68070980
68128051,2021-01-11,42.7210966667,-71.0260778333,6.0,research,42051,Canis latrans,Coyote,False,https://www.inaturalist.org/observations/68128051
68308184,2021-01-18,42.361345,-71.1250305,10.0,research,42051,Canis latrans,Coyote,False,https://www.inaturalist.org/observations/68308184
68463161,2021-01-22,42.40387,-71.666625,65.0,research,42051,Canis latrans,Coyote,False,https://www.inaturalist.org/observations/68463161
68559037,2021-01-22,42.4569383333,-72.6804116667,10.0,research,42051,Canis latrans,Coyote,False,https://www.inaturalist.org/observations/68559037
68723315,2021-01-28,41.6556133333,-70.3207083333,5.0,research,42051,Canis latrans,Coyote,False,https://www.inaturalist.org/observations/68723315
68779729,2020-12-30,42.3827472356,-71.4839817886,31.0,research,42051,Canis latrans,Coyote,False,https://www.inaturalist.org/observations/68779729
68804270,2021-01-30,42.3301700954,-71.550379064,24.0,research,42051,Canis latrans,Coyote,False,https://www.inaturalist.org/observations/68804270
68924249,2020-02-23,42.2440219674,-71.1078160638,56.0,research,42051,Canis latrans,Coyote,False,https://www.inaturalist.org/observations/68924249
68979043,2021-02-02,42.1205933265,-71.210913293,15.0,research,42051,Canis latrans,Coyote,False,https://www.inaturalist.org/observations/68979043
68991397,2020-12-22,42.4923653572,-71.3668222585,65.0,research,42051,Canis latrans,Coyote,False,https://www.inaturalist.org/observations/68991397
69015290,2021-02-03,42.6520111111,-71.2312111111,,research,42051,Canis latrans,Coyote,False,https://www.inaturalist.org/observations/69015290
69187914,2019-11-06,42.6595752783,-70.6004683214,7.0,research,42051,Canis latrans,Coyote,False,https://www.inaturalist.org/observations/69187914
69337158,2021-02-08,41.916817,-70.0712319722,,research,42051,Canis latrans,Coyote,False,https://www.inaturalist.org/observations/69337158
69412348,2021-02-07,42.4235797053,-71.3428919941,128.0,research,42051,Canis latrans,Coyote,False,https://www.inaturalist.org/observations/69412348
69520948,2021-02-09,42.4529232155,-71.082244705,80.0,research,42051,Canis latrans,Coyote,False,https://www.inaturalist.org/observations/69520948
69521115,2021-02-09,42.4530854941,-71.0822339778,61.0,research,42051,Canis latrans,Coyote,False,https://www.inaturalist.org/observations/69521115
69801053,2021-02-18,42.8074583333,-70.9735716667,5.0,research,42051,Canis latrans,Coyote,False,https://www.inaturalist.org/observations/69801053
69849770,2021-02-19,42.6317583333,-70.9221633333,16.0,research,42051,Canis latrans,Coyote,False,https://www.inaturalist.org/observations/69849770
69875544,2021-02-18,42.6291443608,-70.8432427173,217.0,research,42051,Canis latrans,Coyote,False,https://www.inaturalist.org/observations/69875544
69986482,2021-02-22,42.427832,-71.148232,97.0,research,42051,Canis latrans,Coyote,False,https://www.inaturalist.org/observations/69986482
70019946,2021-02-22,42.808555,-70.9747383333,5.0,research,42051,Canis latrans,Coyote,False,https://www.inaturalist.org/observations/70019946
70083569,2021-02-23,42.6051533333,-72.4210583333,10.0,research,42051,Canis latrans,Coyote,False,https://www.inaturalist.org/observations/70083569
70117900,2021-02-21,42.2672276886,-71.0645453275,196.0,research,42051,Canis latrans,Coyote,False,https://www.inaturalist.org/observations/70117900
70193221,2021-02-26,42.4703186565,-72.0924714022,5.0,research,42051,Canis latrans,Coyote,False,https://www.inaturalist.org/observations/70193221
70273794,2021-02-26,42.8069794277,-70.9731484722,81.0,research,42051,Canis latrans,Coyote,False,https://www.inaturalist.org/observations/70273794
70350541,2021-02-27,41.5956938188,-70.610641041,16.0,research,42051,Canis latrans,Coyote,False,https://www.inaturalist.org/observations/70350541
70370023,2021-02-28,42.0728010981,-70.2062184736,178.0,research,153411,Canis latrans thamnos,Great Lakes Coyote,False,https://www.inaturalist.org/observations/70370023
70465737,2020-10-06,42.0660471091,-70.2374257216,39.0,research,42051,Canis latrans,Coyote,False,https://www.inaturalist.org/observations/70465737
70507413,2021-03-03,42.8071378918,-70.9730223586,64.0,research,42051,Canis latrans,Coyote,False,https://www.inaturalist.org/observations/70507413
70508035,2021-03-01,42.8073098942,-70.9732166042,34.0,research,42051,Canis latrans,Coyote,False,https://www.inaturalist.org/observations/70508035
70524754,2021-03-03,42.4008684183,-71.3298514815,140.0,research,42051,Canis latrans,Coyote,False,https://www.inaturalist.org/observations/70524754
70576575,2021-02-04,42.4266572851,-71.4413851226,15.0,research,42051,Canis latrans,Coyote,False,https://www.inaturalist.org/observations/70576575
70700346,2021-02-26,42.2671284446,-71.0643629373,196.0,research,42051,Canis latrans,Coyote,False,https://www.inaturalist.org/observations/70700346
70934041,2021-03-10,42.3172861111,-71.0064361111,,research,42051,Canis latrans,Coyote,False,https://www.inaturalist.org/observations/70934041
70934743,2021-03-10,42.5860414148,-71.5006006658,215.0,research,42051,Canis latrans,Coyote,False,https://www.inaturalist.org/observations/70934743
70955601,2021-02-27,42.3239,-72.5356,,research,42051,Canis latrans,Coyote,False,https://www.inaturalist.org/observations/70955601
70976836,2021-03-10,42.8082583333,-70.9745166667,10.0,research,42051,Canis latrans,Coyote,False,https://www.inaturalist.org/observations/70976836
71039351,2021-03-11,42.81063,-70.974395,5.0,research,42051,Canis latrans,Coyote,False,https://www.inaturalist.org/observations/71039351
71098386,2021-01-06,42.326667,-72.539167,,research,42051,Canis latrans,Coyote,False,https://www.inaturalist.org/observations/71098386
71149507,2021-03-10,42.2672118095,-71.0644702257,196.0,research,42051,Canis latrans,Coyote,False,https://www.inaturalist.org/observations/71149507
71182884,2021-03-13,42.8108033333,-70.973,5.0,research,42051,Canis latrans,Coyote,False,https://www.inaturalist.org/observations/71182884
71186327,2021-03-13,42.8069633333,-70.9736166667,5.0,research,42051,Canis latrans,Coyote,False,https://www.inaturalist.org/observations/71186327
71224301,2021-03-14,41.9096038513,-70.0146217809,78.0,research,42051,Canis latrans,Coyote,False,https://www.inaturalist.org/observations/71224301
71339138,2021-03-15,42.8074900693,-70.974482829,95.0,research,42051,Canis latrans,Coyote,False,https://www.inaturalist.org/observations/71339138
71348137,2021-03-16,42.6228680288,-71.2898265283,15.0,research,42051,Canis latrans,Coyote,False,https://www.inaturalist.org/observations/71348137
71453737,2021-03-17,42.3020095246,-71.4630611313,61.0,research,42051,Canis latrans,Coyote,False,https://www.inaturalist.org/observations/71453737
71454338,2021-03-15,42.807126213,-70.9732985888,59.0,research,42051,Canis latrans,Coyote,False,https://www.inaturalist.org/observations/71454338
71672645,2021-03-20,42.8105133333,-70.974395,10.0,research,42051,Canis latrans,Coyote,False,https://www.inaturalist.org/observations/71672645
71835655,2021-03-22,42.807105,-70.97283,5.0,research,42051,Canis latrans,Coyote,False,https://www.inaturalist.org/observations/71835655
71908593,2021-03-22,42.8071607819,-70.9738277789,22.0,research,42051,Canis latrans,Coyote,False,https://www.inaturalist.org/observations/71908593
71991900,2021-03-21,42.330746,-72.54127,,research,42051,Canis latrans,Coyote,False,https://www.inaturalist.org/observations/71991900
72012573,2020-10-31,42.2194044827,-71.5693062644,36.0,research,42051,Canis latrans,Coyote,False,https://www.inaturalist.org/observations/72012573
72019679,2021-03-06,42.332095,-72.537305,217.0,research,42051,Canis latrans,Coyote,False,https://www.inaturalist.org/observations/72019679
72019729,2021-03-09,42.329473,-72.533935,49.0,research,42051,Canis latrans,Coyote,False,https://www.inaturalist.org/observations/72019729
72173463,2021-03-27,42.8068293255,-70.9734888365,42.0,research,42051,Canis latrans,Coyote,False,https://www.inaturalist.org/observations/72173463
72173823,2021-03-26,42.8068349363,-70.9734907281,39.0,research,42051,Canis latrans,Coyote,False,https://www.inaturalist.org/observations/72173823
72292003,2021-03-20,42.0877796069,-70.6783874518,9.0,research,42051,Canis latrans,Coyote,False,https://www.inaturalist.org/observations/72292003
72312197,2021-03-27,42.66643563,-72.32609145,3.0,research,42051,Canis latrans,Coyote,False,https://www.inaturalist.org/observations/72312197
72486097,2021-03-30,42.6251138889,-70.7073222222,,research,42051,Canis latrans,Coyote,False,https://www.inaturalist.org/observations/72486097
72535594,2021-03-30,42.4236666667,-71.47518,6.0,research,42051,Canis latrans,Coyote,False,https://www.inaturalist.org/observations/72535594
72777967,2021-03-26,42.0873805556,-70.6809277778,,research,42051,Canis latrans,Coyote,False,https://www.inaturalist.org/observations/72777967
72785361,2020-12-08,42.2743087021,-71.632751321,246.0,research,42051,Canis latrans,Coyote,False,https://www.inaturalist.org/observations/72785361
72795761,2021-03-22,42.329473,-72.533925,,research,42051,Canis latrans,Coyote,False,https://www.inaturalist.org/observations/72795761
73005723,2021-04-03,42.3780168071,-71.5433572905,8.0,research,42051,Canis latrans,Coyote,False,https://www.inaturalist.org/observations/73005723
73113655,2021-03-31,42.4212833333,-71.1501611667,24.0,research,42051,Canis latrans,Coyote,False,https://www.inaturalist.org/observations/73113655
73231266,2020-12-18,42.183328,-71.2110969722,,research,42051,Canis latrans,Coyote,False,https://www.inaturalist.org/observations/73231266
73439314,2021-04-09,42.315255,-71.5948166667,,research,42051,Canis latrans,Coyote,False,https://www.inaturalist.org/observations/73439314
73523909,2021-04-10,42.1677,-71.2432,,research,42051,Canis latrans,Coyote,False,https://www.inaturalist.org/observations/73523909
73691236,2021-04-11,42.8104388172,-70.9740098355,22.0,research,42051,Canis latrans,Coyote,False,https://www.inaturalist.org/observations/73691236
73810549,2021-04-12,42.809769049,-70.9750811115,21.0,research,42051,Canis latrans,Coyote,False,https://www.inaturalist.org/observations/73810549
73810602,2021-04-12,42.8090147506,-70.97435879,79.0,research,42051,Canis latrans,Coyote,False,https://www.inaturalist.org/observations/73810602
73904260,2021-04-13,42.8096252029,-70.9752163357,94.0,research,42051,Canis latrans,Coyote,False,https://www.inaturalist.org/observations/73904260
74034555,2021-04-13,42.087687669,-70.6763918911,31.0,research,42051,Canis latrans,Coyote,False,https://www.inaturalist.org/observations/74034555
74075635,2021-04-15,42.4299160382,-71.2347114834,22.0,research,42051,Canis latrans,Coyote,False,https://www.inaturalist.org/observations/74075635
74300313,2021-04-17,42.1676,-71.2449,,research,42051,Canis latrans,Coyote,False,https://www.inaturalist.org/observations/74300313
74446692,2021-04-18,42.3682666667,-71.25528,5.0,research,42051,Canis latrans,Coyote,False,https://www.inaturalist.org/observations/74446692
74460552,2021-04-18,42.2295333333,-73.4149466667,7.0,research,42051,Canis latrans,Coyote,False,https://www.inaturalist.org/observations/74460552
74654024,2021-04-20,42.0877940158,-70.6771201786,154.0,research,42051,Canis latrans,Coyote,False,https://www.inaturalist.org/observations/74654024
74783312,2020-01-17,42.353623,-71.40484,,research,42051,Canis latrans,Coyote,False,https://www.inaturalist.org/observations/74783312
74934816,2021-04-23,42.6699366667,-71.2205666667,60.0,research,42051,Canis latrans,Coyote,False,https://www.inaturalist.org/observations/74934816
75178767,2020-12-10,42.3268651982,-71.105613223,1.0,research,42051,Canis latrans,Coyote,False,https://www.inaturalist.org/observations/75178767
75179381,2021-02-09,42.3267011322,-71.1056786016,22.0,research,42051,Canis latrans,Coyote,False,https://www.inaturalist.org/observations/75179381
75359065,2021-04-18,42.3961029089,-71.9658150998,4.0,research,42051,Canis latrans,Coyote,False,https://www.inaturalist.org/observations/75359065
75424192,2017-01-20,42.6865121454,-73.1573667983,173.0,research,42051,Canis latrans,Coyote,False,https://www.inaturalist.org/observations/75424192
75700096,2021-04-29,42.0532898005,-70.1052333611,4.0,research,42051,Canis latrans,Coyote,False,https://www.inaturalist.org/observations/75700096
75799843,2021-04-30,42.7387396951,-70.9169448911,202.0,research,42051,Canis latrans,Coyote,False,https://www.inaturalist.org/observations/75799843
76014417,2021-04-30,42.810523091,-70.9737373951,23.0,research,42051,Canis latrans,Coyote,False,https://www.inaturalist.org/observations/76014417
76015062,2021-04-30,42.8105564473,-70.9740543397,24.0,research,42051,Canis latrans,Coyote,False,https://www.inaturalist.org/observations/76015062
76112875,2021-04-30,42.2980916667,-71.3122033333,5.0,research,42051,Canis latrans,Coyote,False,https://www.inaturalist.org/observations/76112875
76250280,2021-05-01,42.4068239359,-71.1476358548,2.0,research,42051,Canis latrans,Coyote,False,https://www.inaturalist.org/observations/76250280
76250364,2021-05-01,42.4069387253,-71.1476090902,1.0,research,42051,Canis latrans,Coyote,False,https://www.inaturalist.org/observations/76250364
76973975,2021-05-02,42.2798008851,-71.4579419002,24.0,research,42051,Canis latrans,Coyote,False,https://www.inaturalist.org/observations/76973975
77216473,2021-04-30,42.6566994017,-70.5980013889,26.0,research,42051,Canis latrans,Coyote,False,https://www.inaturalist.org/observations/77216473
77279919,2021-05-04,42.8096336716,-70.9753234208,59.0,research,42051,Canis latrans,Coyote,False,https://www.inaturalist.org/observations/77279919
77280117,2021-05-04,42.8105658915,-70.9736952087,22.0,research,42051,Canis latrans,Coyote,False,https://www.inaturalist.org/observations/77280117
77320280,2004-11-27,42.2687918189,-71.8544251371,61.0,research,42051,Canis latrans,Coyote,False,https://www.inaturalist.org/observations/77320280
77372959,2021-05-03,42.4659672065,-71.4118370144,15.0,research,42051,Canis latrans,Coyote,False,https://www.inaturalist.org/observations/77372959
77441657,2021-05-05,42.29397925,-71.02649024,8.0,research,42051,Canis latrans,Coyote,False,https://www.inaturalist.org/observations/77441657
77550168,2021-05-05,42.8106228896,-70.9736672515,22.0,research,42051,Canis latrans,Coyote,False,https://www.inaturalist.org/observations/77550168
77622052,2021-05-06,42.2809995024,-71.355201004,38.0,research,42051,Canis latrans,Coyote,False,https://www.inaturalist.org/observations/77622052
77701699,2021-05-06,42.3027879722,-71.400693,,research,42051,Canis latrans,Coyote,False,https://www.inaturalist.org/observations/77701699
77739879,2021-05-07,42.3195731706,-71.2821044536,96.0,research,42051,Canis latrans,Coyote,False,https://www.inaturalist.org/observations/77739879
78159863,2021-05-08,42.0688355627,-70.2415340631,61.0,research,42051,Canis latrans,Coyote,False,https://www.inaturalist.org/observations/78159863
78176184,2021-05-09,42.0874489701,-70.6783452641,4.0,research,42051,Canis latrans,Coyote,False,https://www.inaturalist.org/observations/78176184
79423324,2021-05-19,42.306105,-71.0934971667,8.0,research,42051,Canis latrans,Coyote,False,https://www.inaturalist.org/observations/79423324
79524444,2021-05-20,42.3285666667,-71.1046361667,4.0,research,42051,Canis latrans,Coyote,False,https://www.inaturalist.org/observations/79524444
79645843,2021-05-20,42.37502,-71.1399471667,10.0,research,42051,Canis latrans,Coyote,False,https://www.inaturalist.org/observations/79645843
79688150,2021-05-20,42.0875259466,-70.6782734251,4.0,research,42051,Canis latrans,Coyote,False,https://www.inaturalist.org/observations/79688150
79688153,2021-05-20,42.0875848821,-70.6782748181,2.0,research,42051,Canis latrans,Coyote,False,https://www.inaturalist.org/observations/79688153
80032613,2021-05-23,42.4991433333,-71.4874533333,,research,42051,Canis latrans,Coyote,False,https://www.inaturalist.org/observations/80032613
80223980,2021-05-25,42.0624458731,-70.1913711056,170.0,research,42051,Canis latrans,Coyote,False,https://www.inaturalist.org/observations/80223980
80431635,2021-05-26,42.218645,-71.2222216667,5.0,research,42051,Canis latrans,Coyote,False,https://www.inaturalist.org/observations/80431635
80515582,2021-05-27,42.4368385728,-72.5000653323,20.0,research,42051,Canis latrans,Coyote,False,https://www.inaturalist.org/observations/80515582
80536045,2021-05-27,42.4077892317,-71.1479289237,39.0,research,42051,Canis latrans,Coyote,False,https://www.inaturalist.org/observations/80536045
81592874,2021-06-04,42.3261833333,-71.3859783333,101.0,research,42051,Canis latrans,Coyote,False,https://www.inaturalist.org/observations/81592874
81878962,2021-05-28,42.7653199384,-70.9582016254,122.0,research,42051,Canis latrans,Coyote,False,https://www.inaturalist.org/observations/81878962
81942384,2021-04-26,42.4133223194,-71.5105061304,28.0,research,42051,Canis latrans,Coyote,False,https://www.inaturalist.org/observations/81942384
82498328,2021-06-04,42.3999031,-71.1457633,232.0,research,42051,Canis latrans,Coyote,False,https://www.inaturalist.org/observations/82498328
82703484,2021-06-12,42.41847,-71.1297833333,23.0,research,42051,Canis latrans,Coyote,False,https://www.inaturalist.org/observations/82703484
83143082,2021-01-26,41.5542472698,-70.6504521534,187.0,research,42051,Canis latrans,Coyote,False,https://www.inaturalist.org/observations/83143082
83447887,2021-06-17,42.8105366667,-70.9725633333,10.0,research,42051,Canis latrans,Coyote,False,https://www.inaturalist.org/observations/83447887
84151124,2021-06-23,42.337302,-72.46882843,7.0,research,42051,Canis latrans,Coyote,False,https://www.inaturalist.org/observations/84151124
84498146,2021-06-25,42.4299936128,-71.2332997095,23.0,research,42051,Canis latrans,Coyote,False,https://www.inaturalist.org/observations/84498146
85160634,2021-06-28,42.29802,-71.2865666667,4.0,research,42051,Canis latrans,Coyote,False,https://www.inaturalist.org/observations/85160634
85493200,2021-07-03,42.0775950655,-70.2310646648,31.0,research,42051,Canis latrans,Coyote,False,https://www.inaturalist.org/observations/85493200
85521903,2021-07-01,42.1217187532,-71.2115932169,22.0,research,42051,Canis latrans,Coyote,False,https://www.inaturalist.org/observations/85521903
86052769,2021-07-07,42.36558,-71.126275,16.0,research,42051,Canis latrans,Coyote,False,https://www.inaturalist.org/observations/86052769
86189491,2021-07-07,42.5641753877,-71.179513066,23.0,research,42051,Canis latrans,Coyote,False,https://www.inaturalist.org/observations/86189491
86269416,2021-07-09,42.4243555354,-71.1288885075,40.0,research,42051,Canis latrans,Coyote,False,https://www.inaturalist.org/observations/86269416
86474781,2020-05-20,42.4456554026,-71.1763208572,126.0,research,42051,Canis latrans,Coyote,False,https://www.inaturalist.org/observations/86474781
86629844,2021-03-10,42.6237628856,-72.461236082,142.0,research,42051,Canis latrans,Coyote,False,https://www.inaturalist.org/observations/86629844
86810146,2019-12-04,42.3964799929,-71.2761885714,121.0,research,42051,Canis latrans,Coyote,False,https://www.inaturalist.org/observations/86810146
87350570,2021-07-15,42.5641729031,-71.1795075517,23.0,research,42051,Canis latrans,Coyote,False,https://www.inaturalist.org/observations/87350570
87490457,2021-07-17,42.8126666667,-70.9585333333,5.0,research,42051,Canis latrans,Coyote,False,https://www.inaturalist.org/observations/87490457
87638198,2021-07-18,42.3032148539,-71.3909035921,176.0,research,42051,Canis latrans,Coyote,False,https://www.inaturalist.org/observations/87638198
88488771,2021-07-24,42.8157166667,-70.9576033333,5.0,research,42051,Canis latrans,Coyote,False,https://www.inaturalist.org/observations/88488771
88628055,2021-07-25,42.0878116257,-70.6790078371,57.0,research,42051,Canis latrans,Coyote,False,https://www.inaturalist.org/observations/88628055
88977026,2021-07-28,42.5740133333,-71.43577,14.0,research,42051,Canis latrans,Coyote,False,https://www.inaturalist.org/observations/88977026
90655023,2021-08-06,42.3442522858,-71.0926345383,15.0,research,42051,Canis latrans,Coyote,False,https://www.inaturalist.org/observations/90655023
90759250,2021-08-11,42.3447116667,-71.0908805,4.0,research,42051,Canis latrans,Coyote,False,https://www.inaturalist.org/observations/90759250
91442453,2021-08-15,42.41398527,-71.3258782706,79.0,research,42051,Canis latrans,Coyote,False,https://www.inaturalist.org/observations/91442453
91629949,2021-08-14,42.655994725,-70.615536381,13.0,research,42051,Canis latrans,Coyote,False,https://www.inaturalist.org/observations/91629949
91727519,2021-08-18,42.3402633333,-71.1000221667,13.0,research,42051,Canis latrans,Coyote,False,https://www.inaturalist.org/observations/91727519
91809708,2021-08-19,42.488879459,-71.4799214993,5.0,research,42051,Canis latrans,Coyote,False,https://www.inaturalist.org/observations/91809708
92228035,2021-03-22,42.5427777778,-71.3166666667,,research,42051,Canis latrans,Coyote,False,https://www.inaturalist.org/observations/92228035
92625403,2021-07-12,42.6236247325,-72.4612065777,143.0,research,42051,Canis latrans,Coyote,False,https://www.inaturalist.org/observations/92625403
93245396,2021-09-01,42.4014638889,-71.1454833333,,research,42051,Canis latrans,Coyote,False,https://www.inaturalist.org/observations/93245396
93324899,2021-08-19,42.4122973922,-71.3249350695,61.0,research,42051,Canis latrans,Coyote,False,https://www.inaturalist.org/observations/93324899
93532268,2021-09-03,42.0880758241,-70.6794421585,15.0,research,42051,Canis latrans,Coyote,False,https://www.inaturalist.org/observations/93532268
93541389,2021-09-03,42.564160907,-71.1795028196,23.0,research,42051,Canis latrans,Coyote,False,https://www.inaturalist.org/observations/93541389
93541652,2021-08-29,42.5641965657,-71.1794518975,36.0,research,42051,Canis latrans,Coyote,False,https://www.inaturalist.org/observations/93541652
93700873,2021-09-04,42.504075,-71.22238,6.0,research,42051,Canis latrans,Coyote,False,https://www.inaturalist.org/observations/93700873
93903968,2021-09-06,42.715355,-70.7757116667,5.0,research,42051,Canis latrans,Coyote,False,https://www.inaturalist.org/observations/93903968
93917235,2021-08-18,42.8155190499,-70.9588647225,181.0,research,42051,Canis latrans,Coyote,False,https://www.inaturalist.org/observations/93917235
94074257,2021-09-04,41.8849882478,-69.9976767227,115.0,research,42051,Canis latrans,Coyote,False,https://www.inaturalist.org/observations/94074257
94335579,2021-09-03,42.5155442905,-71.0632751418,129.0,research,42051,Canis latrans,Coyote,False,https://www.inaturalist.org/observations/94335579
94382134,2021-09-10,42.5543027778,-71.7551027778,,research,42051,Canis latrans,Coyote,False,https://www.inaturalist.org/observations/94382134
94697599,2021-09-11,41.6544343002,-70.2499696612,73.0,research,42051,Canis latrans,Coyote,False,https://www.inaturalist.org/observations/94697599
94863228,2021-09-12,42.5152816588,-71.0633476342,128.0,research,42051,Canis latrans,Coyote,False,https://www.inaturalist.org/observations/94863228
95198144,2021-09-17,42.2920583333,-71.1295611667,23.0,research,42051,Canis latrans,Coyote,False,https://www.inaturalist.org/observations/95198144
95536036,2021-09-17,42.7176262788,-73.1851731434,97.0,research,42051,Canis latrans,Coyote,False,https://www.inaturalist.org/observations/95536036
95716148,2021-09-21,42.8075738201,-70.9737192789,110.0,research,42051,Canis latrans,Coyote,False,https://www.inaturalist.org/observations/95716148
95788090,2021-09-20,42.307861,-71.395679,,research,42051,Canis latrans,Coyote,False,https://www.inaturalist.org/observations/95788090
95971392,2021-09-04,42.3307083333,-71.1084971667,22.0,research,42051,Canis latrans,Coyote,False,https://www.inaturalist.org/observations/95971392
97064990,2021-10-02,42.06653,-70.1194833333,,research,42051,Canis latrans,Coyote,False,https://www.inaturalist.org/observations/97064990
97077951,2021-10-02,42.0664777778,-70.119525,50.0,research,42051,Canis latrans,Coyote,False,https://www.inaturalist.org/observations/97077951
98449212,2021-10-16,42.580036909,-71.5342488643,189.0,research,42051,Canis latrans,Coyote,False,https://www.inaturalist.org/observations/98449212
98821419,2021-10-20,42.3657383333,-71.2646033333,16.0,research,42051,Canis latrans,Coyote,False,https://www.inaturalist.org/observations/98821419
98821958,2021-10-20,42.3658783333,-71.2644883333,10.0,research,42051,Canis latrans,Coyote,False,https://www.inaturalist.org/observations/98821958
98823197,2021-10-20,42.3649847614,-71.2641287798,165.0,research,42051,Canis latrans,Coyote,False,https://www.inaturalist.org/observations/98823197
98826566,2021-10-20,42.3657,-71.2645583333,,research,42051,Canis latrans,Coyote,False,https://www.inaturalist.org/observations/98826566
98874115,2021-10-21,42.370155,-71.2576216667,10.0,research,42051,Canis latrans,Coyote,False,https://www.inaturalist.org/observations/98874115
98994902,2021-10-22,42.5535383428,-72.5291583333,22.0,research,42051,Canis latrans,Coyote,False,https://www.inaturalist.org/observations/98994902
99174811,2021-10-20,41.7773166667,-70.0139,5.0,research,42051,Canis latrans,Coyote,False,https://www.inaturalist.org/observations/99174811
99561738,2021-10-20,42.36557,-71.26455,16.0,research,42051,Canis latrans,Coyote,False,https://www.inaturalist.org/observations/99561738
99664227,2021-10-28,42.4107503565,-71.3283450063,39.0,research,42051,Canis latrans,Coyote,False,https://www.inaturalist.org/observations/99664227
99814760,2021-10-29,42.4253202033,-71.3723699362,2.0,research,42051,Canis latrans,Coyote,False,https://www.inaturalist.org/observations/99814760
100040795,2021-11-01,42.4238010285,-71.3839985803,6.0,research,42051,Canis latrans,Coyote,False,https://www.inaturalist.org/observations/100040795
100311262,2021-11-05,42.3253283333,-71.0504083333,4.0,research,42051,Canis latrans,Coyote,False,https://www.inaturalist.org/observations/100311262
100461570,2021-11-06,42.37348448,-72.24280189,5.0,research,42051,Canis latrans,Coyote,False,https://www.inaturalist.org/observations/100461570
100502134,2021-11-07,42.4446530025,-71.084583505,39.0,research,42051,Canis latrans,Coyote,False,https://www.inaturalist.org/observations/100502134
100894927,2021-11-11,42.45433,-71.2950533333,30.0,research,42051,Canis latrans,Coyote,False,https://www.inaturalist.org/observations/100894927
100902723,2021-06-12,41.5632574011,-70.6147358488,5.0,research,42051,Canis latrans,Coyote,False,https://www.inaturalist.org/observations/100902723
101431026,2021-11-18,42.1464945,-71.5367883333,15.0,research,42051,Canis latrans,Coyote,False,https://www.inaturalist.org/observations/101431026
101564883,2021-11-20,42.4299028248,-71.2343588578,18.0,research,42051,Canis latrans,Coyote,False,https://www.inaturalist.org/observations/101564883
101895727,2021-11-24,42.4302814017,-71.2340134574,15.0,research,42051,Canis latrans,Coyote,False,https://www.inaturalist.org/observations/101895727
101908220,2021-10-20,42.3656616667,-71.2641,6.0,research,42051,Canis latrans,Coyote,False,https://www.inaturalist.org/observations/101908220
101951251,2021-11-26,42.2235751969,-71.3229914026,185.0,research,42051,Canis latrans,Coyote,False,https://www.inaturalist.org/observations/101951251
102061079,2021-11-25,42.8040612103,-70.9731750578,155.0,research,42051,Canis latrans,Coyote,False,https://www.inaturalist.org/observations/102061079
102170267,2021-11-23,42.5823878902,-72.4847500026,179.0,research,42051,Canis latrans,Coyote,False,https://www.inaturalist.org/observations/102170267
102170314,2021-11-25,42.5823481448,-72.484792918,129.0,research,42051,Canis latrans,Coyote,False,https://www.inaturalist.org/observations/102170314
102176334,2021-11-18,42.3061089217,-71.0931119413,19.0,research,42051,Canis latrans,Coyote,False,https://www.inaturalist.org/observations/102176334
102408253,2021-11-20,42.6235763789,-72.4600314349,126.0,research,42051,Canis latrans,Coyote,False,https://www.inaturalist.org/observations/102408253
102452209,2021-10-20,42.3655783333,-71.2642133333,5.0,research,42051,Canis latrans,Coyote,False,https://www.inaturalist.org/observations/102452209
102468118,2021-12-04,42.1735393955,-73.3069266938,4.0,research,42051,Canis latrans,Coyote,False,https://www.inaturalist.org/observations/102468118
102747464,2021-12-08,42.6237752207,-70.6286523119,44.0,research,42051,Canis latrans,Coyote,False,https://www.inaturalist.org/observations/102747464
103025424,2021-11-15,42.3195240086,-71.4054725369,61.0,research,42051,Canis latrans,Coyote,False,https://www.inaturalist.org/observations/103025424
103130137,2021-12-15,42.8003906027,-70.9333410523,144.0,research,42051,Canis latrans,Coyote,False,https://www.inaturalist.org/observations/103130137
103229006,2021-10-09,42.4211875936,-71.0316801843,67.0,research,42051,Canis latrans,Coyote,False,https://www.inaturalist.org/observations/103229006
103251295,2021-12-18,42.0850793868,-71.2100923154,4.0,research,42051,Canis latrans,Coyote,False,https://www.inaturalist.org/observations/103251295
103289778,2021-12-18,42.8010147006,-70.9648182181,82.0,research,42051,Canis latrans,Coyote,False,https://www.inaturalist.org/observations/103289778
103347879,2021-12-19,42.6716388889,-70.7585416667,,research,42051,Canis latrans,Coyote,False,https://www.inaturalist.org/observations/103347879
103470511,2021-12-17,42.3043516924,-71.0892901495,4.0,research,42051,Canis latrans,Coyote,False,https://www.inaturalist.org/observations/103470511
103474069,2021-12-06,42.3303606876,-71.419044712,78.0,research,42051,Canis latrans,Coyote,False,https://www.inaturalist.org/observations/103474069
103756602,2021-11-18,42.3501966667,-71.1415471667,65.0,research,42051,Canis latrans,Coyote,False,https://www.inaturalist.org/observations/103756602
103797582,2021-12-27,42.8012050827,-70.9648289992,58.0,research,42051,Canis latrans,Coyote,False,https://www.inaturalist.org/observations/103797582
103827937,2021-12-28,42.4996029387,-70.8352908101,4.0,research,42051,Canis latrans,Coyote,False,https://www.inaturalist.org/observations/103827937
103857736,2021-12-28,42.8010524838,-70.9648308878,88.0,research,42051,Canis latrans,Coyote,False,https://www.inaturalist.org/observations/103857736
103863726,2021-12-28,42.8012467124,-70.9648040685,68.0,research,42051,Canis latrans,Coyote,False,https://www.inaturalist.org/observations/103863726
103931055,2021-12-29,42.8010040308,-70.964834635,80.0,research,42051,Canis latrans,Coyote,False,https://www.inaturalist.org/observations/103931055
103960866,2021-12-30,42.27327365,-71.08764399,3.0,research,42051,Canis latrans,Coyote,False,https://www.inaturalist.org/observations/103960866
104044429,2021-12-31,42.6772370198,-70.6513082426,118.0,research,42051,Canis latrans,Coyote,False,https://www.inaturalist.org/observations/104044429
104135862,2022-01-01,42.4466633333,-72.490845,10.0,research,42051,Canis latrans,Coyote,False,https://www.inaturalist.org/observations/104135862
104231234,2021-12-09,42.5962716667,-70.9759216667,3.0,research,42051,Canis latrans,Coyote,False,https://www.inaturalist.org/observations/104231234
104363942,2022-01-04,41.854039,-70.529809,,research,42051,Canis latrans,Coyote,False,https://www.inaturalist.org/observations/104363942
104402952,2022-01-03,42.3049116797,-71.0918509886,11.0,research,42051,Canis latrans,Coyote,False,https://www.inaturalist.org/observations/104402952
104601759,2022-01-08,42.8043533333,-70.9631366667,4.0,research,42051,Canis latrans,Coyote,False,https://www.inaturalist.org/observations/104601759
105073445,2021-07-09,42.3147193581,-71.4108026451,46.0,research,42051,Canis latrans,Coyote,False,https://www.inaturalist.org/observations/105073445
105107531,2022-01-17,42.2588616667,-71.1032111667,7.0,research,42051,Canis latrans,Coyote,False,https://www.inaturalist.org/observations/105107531
105140896,2016-02-15,42.3284343443,-71.1670766026,31.0,research,42051,Canis latrans,Coyote,False,https://www.inaturalist.org/observations/105140896
105192477,2022-01-18,42.6245710749,-72.4605152383,56.0,research,42051,Canis latrans,Coyote,False,https://www.inaturalist.org/observations/105192477
105415663,2021-05-10,42.2737844571,-71.6323201527,155.0,research,42051,Canis latrans,Coyote,False,https://www.inaturalist.org/observations/105415663
105773077,2022-01-26,42.4529034242,-71.0819442989,61.0,research,42051,Canis latrans,Coyote,False,https://www.inaturalist.org/observations/105773077
105773141,2022-01-28,42.4529667534,-71.0822608008,43.0,research,42051,Canis latrans,Coyote,False,https://www.inaturalist.org/observations/105773141
105858526,2022-01-24,42.3306665053,-71.418939116,57.0,research,42051,Canis latrans,Coyote,False,https://www.inaturalist.org/observations/105858526
105936987,2022-01-31,42.2372508518,-70.9879763974,38.0,research,42051,Canis latrans,Coyote,False,https://www.inaturalist.org/observations/105936987
105992827,2022-02-01,42.2599323011,-72.4199632555,186.0,research,42051,Canis latrans,Coyote,False,https://www.inaturalist.org/observations/105992827
106166964,2022-02-05,42.6527941297,-70.8045656607,4.0,research,42051,Canis latrans,Coyote,False,https://www.inaturalist.org/observations/106166964
106179336,2022-02-05,42.40568667,-71.0951305,14.0,research,42051,Canis latrans,Coyote,False,https://www.inaturalist.org/observations/106179336
106197392,2018-04-22,42.1998666572,-70.8894389908,24.0,research,42051,Canis latrans,Coyote,False,https://www.inaturalist.org/observations/106197392
106243907,2022-02-05,42.4087633333,-71.6586833333,5.0,research,42051,Canis latrans,Coyote,False,https://www.inaturalist.org/observations/106243907
106249178,2022-02-06,42.4289430279,-71.2656961197,31.0,research,42051,Canis latrans,Coyote,False,https://www.inaturalist.org/observations/106249178
106268921,2022-02-06,41.5155183415,-70.6554295537,5.0,research,42051,Canis latrans,Coyote,False,https://www.inaturalist.org/observations/106268921
106270557,2022-02-06,42.40373906,-71.3283344,4.0,research,42051,Canis latrans,Coyote,False,https://www.inaturalist.org/observations/106270557
106292684,2022-02-06,42.4763058522,-71.331965527,182.0,research,42051,Canis latrans,Coyote,False,https://www.inaturalist.org/observations/106292684
106319601,2022-02-05,42.6527033333,-70.8043883333,5.0,research,42051,Canis latrans,Coyote,False,https://www.inaturalist.org/observations/106319601
106438280,2022-02-09,42.3792216667,-71.1484083333,4.0,research,42051,Canis latrans,Coyote,False,https://www.inaturalist.org/observations/106438280
106525555,2022-02-10,42.2921276604,-71.1306383458,5.0,research,42051,Canis latrans,Coyote,False,https://www.inaturalist.org/observations/106525555
106648237,2018-01-21,42.5075880765,-71.3275094145,6.0,research,42051,Canis latrans,Coyote,False,https://www.inaturalist.org/observations/106648237
106798904,2022-02-14,42.4962894924,-71.3641464159,93.0,research,42051,Canis latrans,Coyote,False,https://www.inaturalist.org/observations/106798904
106888050,2022-02-16,42.4964616989,-71.3647755111,70.0,research,42051,Canis latrans,Coyote,False,https://www.inaturalist.org/observations/106888050
106888565,2022-02-11,42.4946422401,-71.3670500243,46.0,research,42051,Canis latrans,Coyote,False,https://www.inaturalist.org/observations/106888565
106888635,2022-02-12,42.4963193083,-71.3641961539,37.0,research,42051,Canis latrans,Coyote,False,https://www.inaturalist.org/observations/106888635
106920761,2022-02-05,42.317925,-71.0382388889,3.0,research,42051,Canis latrans,Coyote,False,https://www.inaturalist.org/observations/106920761
106949215,2022-02-17,42.2951883333,-71.126725,7.0,research,42051,Canis latrans,Coyote,False,https://www.inaturalist.org/observations/106949215
106974664,2022-02-18,42.4997840522,-71.3616856063,37.0,research,42051,Canis latrans,Coyote,False,https://www.inaturalist.org/observations/106974664
107042954,2022-02-17,42.3161394738,-71.4160859585,15.0,research,42051,Canis latrans,Coyote,False,https://www.inaturalist.org/observations/107042954
107177414,2022-02-20,42.3033203656,-73.3828815202,167.0,research,42051,Canis latrans,Coyote,False,https://www.inaturalist.org/observations/107177414
107215966,2022-02-21,42.2357966667,-71.7718883333,45.0,research,42051,Canis latrans,Coyote,False,https://www.inaturalist.org/observations/107215966
107420911,2022-02-24,42.2752303062,-71.0582153142,196.0,research,42051,Canis latrans,Coyote,False,https://www.inaturalist.org/observations/107420911
107500944,2021-11-24,42.1167305,-71.450675,4.0,research,42051,Canis latrans,Coyote,False,https://www.inaturalist.org/observations/107500944
107500952,2021-11-28,41.552345,-70.60903,4.0,research,42051,Canis latrans,Coyote,False,https://www.inaturalist.org/observations/107500952
107658893,2022-02-28,42.5076591317,-71.3274908856,65.0,research,42051,Canis latrans,Coyote,False,https://www.inaturalist.org/observations/107658893
107672982,2022-02-27,42.403602,-71.091442,,research,42051,Canis latrans,Coyote,False,https://www.inaturalist.org/observations/107672982
107722942,2022-02-27,42.3662168627,-71.2632140341,128.0,research,42051,Canis latrans,Coyote,False,https://www.inaturalist.org/observations/107722942
107725615,2022-03-01,42.3251248161,-71.2226794955,23.0,research,42051,Canis latrans,Coyote,False,https://www.inaturalist.org/observations/107725615
107778903,2022-03-02,42.4259,-71.1086,,research,42051,Canis latrans,Coyote,False,https://www.inaturalist.org/observations/107778903
107927457,2018-02-14,42.3367409109,-71.576753062,8.0,research,42051,Canis latrans,Coyote,False,https://www.inaturalist.org/observations/107927457
107993116,2022-01-24,42.0303132248,-71.2935044408,36.0,research,42051,Canis latrans,Coyote,False,https://www.inaturalist.org/observations/107993116
108031987,2022-02-26,42.39706167,-71.14939167,14.0,research,42051,Canis latrans,Coyote,False,https://www.inaturalist.org/observations/108031987
108202929,2022-03-08,42.4303820706,-71.2344962487,15.0,research,42051,Canis latrans,Coyote,False,https://www.inaturalist.org/observations/108202929
108431231,2022-03-07,42.4530419563,-71.0823305384,61.0,research,42051,Canis latrans,Coyote,False,https://www.inaturalist.org/observations/108431231
108431387,2022-03-08,42.4529905019,-71.0819496635,52.0,research,42051,Canis latrans,Coyote,False,https://www.inaturalist.org/observations/108431387
108606177,2022-03-14,42.2996492212,-71.1319178715,8.0,research,42051,Canis latrans,Coyote,False,https://www.inaturalist.org/observations/108606177
108756568,2022-03-16,42.6459555556,-70.6048194444,,research,42051,Canis latrans,Coyote,False,https://www.inaturalist.org/observations/108756568
108950688,2022-03-05,42.5871865674,-70.9887856197,190.0,research,42051,Canis latrans,Coyote,False,https://www.inaturalist.org/observations/108950688
109059860,2022-03-11,42.4360244817,-72.4960736185,181.0,research,42051,Canis latrans,Coyote,False,https://www.inaturalist.org/observations/109059860
109096205,2022-02-26,42.1747590127,-71.0713695979,4.0,research,42051,Canis latrans,Coyote,False,https://www.inaturalist.org/observations/109096205
109097914,2022-03-20,42.3402434352,-71.100329163,15.0,research,42051,Canis latrans,Coyote,False,https://www.inaturalist.org/observations/109097914
109154996,2022-03-11,42.32985,-71.0443805556,5.0,research,42051,Canis latrans,Coyote,False,https://www.inaturalist.org/observations/109154996
109173757,2022-03-20,42.3314223697,-71.4184971311,31.0,research,42051,Canis latrans,Coyote,False,https://www.inaturalist.org/observations/109173757
109307616,2022-03-23,42.4224647338,-71.214511904,14.0,research,42051,Canis latrans,Coyote,False,https://www.inaturalist.org/observations/109307616
109646180,2022-03-25,42.5374789071,-72.4889964425,5.0,research,42051,Canis latrans,Coyote,False,https://www.inaturalist.org/observations/109646180
109886423,2022-03-27,42.46281,-71.30027,,research,42051,Canis latrans,Coyote,False,https://www.inaturalist.org/observations/109886423
109972038,2022-03-30,42.4604330102,-71.6578097808,8.0,research,42051,Canis latrans,Coyote,False,https://www.inaturalist.org/observations/109972038
109999741,2022-03-31,42.3013166667,-71.5035083333,,research,42051,Canis latrans,Coyote,False,https://www.inaturalist.org/observations/109999741
110058247,2020-03-23,42.0875156,-70.6794536,182.0,research,42051,Canis latrans,Coyote,False,https://www.inaturalist.org/observations/110058247
110525008,2022-04-01,42.366299,-71.265152,,research,42051,Canis latrans,Coyote,False,https://www.inaturalist.org/observations/110525008
110528890,2022-03-26,42.366199,-71.263939,,research,42051,Canis latrans,Coyote,False,https://www.inaturalist.org/observations/110528890
110575322,2022-03-17,42.3309333333,-71.0306083333,22.0,research,42051,Canis latrans,Coyote,False,https://www.inaturalist.org/observations/110575322
110672366,2022-04-07,41.6679109582,-70.5440432929,77.0,research,42051,Canis latrans,Coyote,False,https://www.inaturalist.org/observations/110672366
110903688,2022-04-09,42.0580002247,-71.1270767358,4.0,research,42051,Canis latrans,Coyote,False,https://www.inaturalist.org/observations/110903688
111426761,2022-04-14,41.9209466667,-70.545175,4.0,research,42051,Canis latrans,Coyote,False,https://www.inaturalist.org/observations/111426761
111511818,2022-04-13,42.3060872495,-71.0941523686,8.0,research,42051,Canis latrans,Coyote,False,https://www.inaturalist.org/observations/111511818
111839591,2022-04-15,41.8576256531,-71.1078275877,4.0,research,42051,Canis latrans,Coyote,False,https://www.inaturalist.org/observations/111839591
112196647,2016-07-27,42.7075590595,-73.1851008755,188.0,research,42051,Canis latrans,Coyote,False,https://www.inaturalist.org/observations/112196647
112214192,2022-04-20,42.4286377267,-71.3319093236,50.0,research,42051,Canis latrans,Coyote,False,https://www.inaturalist.org/observations/112214192
112295247,2022-03-13,42.4012544418,-71.218504952,3.0,research,42051,Canis latrans,Coyote,False,https://www.inaturalist.org/observations/112295247
112564894,2022-04-23,42.2970335934,-71.8837194411,49.0,research,42051,Canis latrans,Coyote,False,https://www.inaturalist.org/observations/112564894
112700142,2022-04-23,41.864718689,-71.1054980146,15.0,research,42051,Canis latrans,Coyote,False,https://www.inaturalist.org/observations/112700142
112759647,2022-04-24,42.2569638889,-71.1627111111,7.0,research,42051,Canis latrans,Coyote,False,https://www.inaturalist.org/observations/112759647
113036297,2022-04-26,42.5295889771,-72.2923105595,8.0,research,42051,Canis latrans,Coyote,False,https://www.inaturalist.org/observations/113036297
113042042,2021-04-26,42.1458555,-71.52247,4.0,research,42051,Canis latrans,Coyote,False,https://www.inaturalist.org/observations/113042042
113123397,2022-04-15,41.708062479,-70.0459133549,200.0,research,42051,Canis latrans,Coyote,False,https://www.inaturalist.org/observations/113123397
113175200,2022-04-24,42.4245533333,-71.1569138333,4.0,research,42051,Canis latrans,Coyote,False,https://www.inaturalist.org/observations/113175200
114224226,2022-05-01,41.8250686994,-70.9847621281,155.0,research,42051,Canis latrans,Coyote,False,https://www.inaturalist.org/observations/114224226
114475044,2022-04-30,42.6569176222,-70.6009533557,5.0,research,42051,Canis latrans,Coyote,False,https://www.inaturalist.org/observations/114475044
114720665,2022-04-29,42.4529707109,-71.0819603928,61.0,research,42051,Canis latrans,Coyote,False,https://www.inaturalist.org/observations/114720665
114900727,2022-05-01,42.3131545011,-71.4128489802,2.0,research,42051,Canis latrans,Coyote,False,https://www.inaturalist.org/observations/114900727
114912723,2022-05-02,42.4624879747,-71.6617027099,31.0,research,42051,Canis latrans,Coyote,False,https://www.inaturalist.org/observations/114912723
114917963,2022-05-02,42.3907960207,-70.9932862223,3.0,research,42051,Canis latrans,Coyote,False,https://www.inaturalist.org/observations/114917963
114923514,2022-04-02,41.5557933188,-70.6069759684,99.0,research,42051,Canis latrans,Coyote,False,https://www.inaturalist.org/observations/114923514
115239878,2022-05-02,42.6569817973,-70.601125132,14.0,research,42051,Canis latrans,Coyote,False,https://www.inaturalist.org/observations/115239878
115269040,2022-04-26,42.36594,-71.265297,,research,42051,Canis latrans,Coyote,False,https://www.inaturalist.org/observations/115269040
115477698,2022-05-01,42.7167111111,-71.0167583333,,research,42051,Canis latrans,Coyote,False,https://www.inaturalist.org/observations/115477698
115593326,2022-05-03,42.728168467,-71.0271735287,31.0,research,42051,Canis latrans,Coyote,False,https://www.inaturalist.org/observations/115593326
115805769,2022-05-06,42.3309833267,-71.4190280259,2.0,research,42051,Canis latrans,Coyote,False,https://www.inaturalist.org/observations/115805769
115831324,2022-05-06,42.6591266435,-70.6005977467,8.0,research,42051,Canis latrans,Coyote,False,https://www.inaturalist.org/observations/115831324
116012203,2022-05-07,42.1644,-71.2461,,research,42051,Canis latrans,Coyote,False,https://www.inaturalist.org/observations/116012203
116281963,2022-05-08,41.7088890038,-70.0451225676,128.0,research,42051,Canis latrans,Coyote,False,https://www.inaturalist.org/observations/116281963
116464629,2022-05-10,42.47463,-70.899195,28.0,research,42051,Canis latrans,Coyote,False,https://www.inaturalist.org/observations/116464629
116869783,2022-05-13,42.2434894368,-73.0151637924,10.0,research,42051,Canis latrans,Coyote,False,https://www.inaturalist.org/observations/116869783
117414209,2022-05-13,42.6506243637,-70.602518622,2.0,research,42051,Canis latrans,Coyote,False,https://www.inaturalist.org/observations/117414209
118055215,2022-05-19,42.0527574464,-71.2195067594,122.0,research,42051,Canis latrans,Coyote,False,https://www.inaturalist.org/observations/118055215
118274144,2022-05-22,42.5641782161,-71.1794652614,23.0,research,42051,Canis latrans,Coyote,False,https://www.inaturalist.org/observations/118274144
118275744,2022-05-19,42.5641720318,-71.1794514467,23.0,research,42051,Canis latrans,Coyote,False,https://www.inaturalist.org/observations/118275744
118276679,2022-05-21,42.1876331395,-71.1947544636,161.0,research,42051,Canis latrans,Coyote,False,https://www.inaturalist.org/observations/118276679
118555329,2022-05-24,42.37048294,-72.50522384,9.0,research,42051,Canis latrans,Coyote,False,https://www.inaturalist.org/observations/118555329
118711493,2022-05-25,42.4607734208,-71.1609899998,5.0,research,42051,Canis latrans,Coyote,False,https://www.inaturalist.org/observations/118711493
119819338,2022-06-01,42.6436138586,-70.6277193647,2.0,research,42051,Canis latrans,Coyote,False,https://www.inaturalist.org/observations/119819338
119957896,2022-06-02,42.4808744561,-70.902563403,13.0,research,42051,Canis latrans,Coyote,False,https://www.inaturalist.org/observations/119957896
120658637,2022-06-07,42.5845083333,-72.5173716667,10.0,research,42051,Canis latrans,Coyote,False,https://www.inaturalist.org/observations/120658637
121025626,2022-06-09,42.2508716667,-71.669555,4.0,research,42051,Canis latrans,Coyote,False,https://www.inaturalist.org/observations/121025626
121827417,2022-06-10,42.084118,-71.044721,43.0,research,42051,Canis latrans,Coyote,False,https://www.inaturalist.org/observations/121827417
124015489,2022-06-29,42.301045,-71.1057138333,5.0,research,42051,Canis latrans,Coyote,False,https://www.inaturalist.org/observations/124015489
124106839,2022-06-29,42.3211794834,-71.4174892782,8.0,research,42051,Canis latrans,Coyote,False,https://www.inaturalist.org/observations/124106839
124250147,2022-07-01,42.5997422154,-71.1813402821,26.0,research,42051,Canis latrans,Coyote,False,https://www.inaturalist.org/observations/124250147
124250597,2022-07-01,42.5949371048,-71.3832059038,5.0,research,42051,Canis latrans,Coyote,False,https://www.inaturalist.org/observations/124250597
124380975,2022-06-26,42.7273255813,-70.7862639357,82.0,research,42051,Canis latrans,Coyote,False,https://www.inaturalist.org/observations/124380975
124710541,2022-07-04,42.5711398758,-71.3744289615,5.0,research,42051,Canis latrans,Coyote,False,https://www.inaturalist.org/observations/124710541
125767899,2022-07-11,42.4349654879,-71.0661192918,89.0,research,42051,Canis latrans,Coyote,False,https://www.inaturalist.org/observations/125767899
126008411,2022-07-12,42.6224782969,-70.6585565954,33.0,research,42051,Canis latrans,Coyote,False,https://www.inaturalist.org/observations/126008411
126196190,2022-07-13,42.2245916667,-71.074075,16.0,research,42051,Canis latrans,Coyote,False,https://www.inaturalist.org/observations/126196190
126302832,2020-06-18,41.7992339543,-69.9574239762,103.0,research,42051,Canis latrans,Coyote,False,https://www.inaturalist.org/observations/126302832
126535280,2022-07-16,42.3380872015,-71.3946330892,4.0,research,42051,Canis latrans,Coyote,False,https://www.inaturalist.org/observations/126535280
127522812,2022-07-23,42.4259425446,-71.1081994325,9.0,research,42051,Canis latrans,Coyote,False,https://www.inaturalist.org/observations/127522812
127542025,2022-03-22,42.3018638889,-71.2837138889,4.0,research,42051,Canis latrans,Coyote,False,https://www.inaturalist.org/observations/127542025
127597563,2021-08-23,41.619422,-71.000286,99.0,research,42051,Canis latrans,Coyote,False,https://www.inaturalist.org/observations/127597563
128162874,2022-07-26,41.595077,-70.610477,105.0,research,42051,Canis latrans,Coyote,False,https://www.inaturalist.org/observations/128162874
128186422,2022-07-27,42.2951466667,-71.4498833333,28.0,research,42051,Canis latrans,Coyote,False,https://www.inaturalist.org/observations/128186422
128534141,2013-01-25,42.5523821968,-71.7908055742,2.0,research,42051,Canis latrans,Coyote,False,https://www.inaturalist.org/observations/128534141
128702276,2013-01-25,42.5523724109,-71.7907954067,2.0,research,42051,Canis latrans,Coyote,False,https://www.inaturalist.org/observations/128702276
128909406,2022-07-26,42.4560366667,-71.253455,5.0,research,42051,Canis latrans,Coyote,False,https://www.inaturalist.org/observations/128909406
128947827,2021-10-11,42.6387533333,-71.1017445,15.0,research,42051,Canis latrans,Coyote,False,https://www.inaturalist.org/observations/128947827
129048872,2022-03-16,42.3473090793,-71.1168873555,194.0,research,42051,Canis latrans,Coyote,False,https://www.inaturalist.org/observations/129048872
129219014,2022-07-31,42.7416765669,-70.7976337877,4.0,research,42051,Canis latrans,Coyote,False,https://www.inaturalist.org/observations/129219014
129529576,2022-07-07,42.4108166667,-71.32737,4.0,research,42051,Canis latrans,Coyote,False,https://www.inaturalist.org/observations/129529576
130426453,2022-08-11,42.4036796294,-71.2117209658,39.0,research,42051,Canis latrans,Coyote,False,https://www.inaturalist.org/observations/130426453
130778763,2022-08-14,42.542930603,-71.0275115967,,research,42051,Canis latrans,Coyote,False,https://www.inaturalist.org/observations/130778763
130850602,2022-04-17,42.4380807613,-71.0406328639,15.0,research,42051,Canis latrans,Coyote,False,https://www.inaturalist.org/observations/130850602
131467069,2022-08-10,42.438757335,-71.1634942249,22.0,research,42051,Canis latrans,Coyote,False,https://www.inaturalist.org/observations/131467069
131524345,2022-08-19,42.46593,-70.902795,4.0,research,42051,Canis latrans,Coyote,False,https://www.inaturalist.org/observations/131524345
131767638,2022-08-18,42.1931611111,-71.0769583333,4.0,research,42051,Canis latrans,Coyote,False,https://www.inaturalist.org/observations/131767638
131901852,2022-08-22,42.5429611206,-71.0275039673,,research,42051,Canis latrans,Coyote,False,https://www.inaturalist.org/observations/131901852
131933458,2022-08-22,42.2949034918,-71.1283689354,54.0,research,42051,Canis latrans,Coyote,False,https://www.inaturalist.org/observations/131933458
132006190,2022-08-23,42.3135920828,-71.0106140419,20.0,research,42051,Canis latrans,Coyote,False,https://www.inaturalist.org/observations/132006190
132011748,2022-08-22,42.2992301302,-71.1400965974,22.0,research,42051,Canis latrans,Coyote,False,https://www.inaturalist.org/observations/132011748
132078718,2022-08-23,41.9158033333,-70.6477283333,30.0,research,42051,Canis latrans,Coyote,False,https://www.inaturalist.org/observations/132078718
132958066,2022-08-30,42.2758602998,-71.0862147941,224.0,research,42051,Canis latrans,Coyote,False,https://www.inaturalist.org/observations/132958066
133147200,2022-08-31,42.3478707668,-71.4261288816,4.0,research,42051,Canis latrans,Coyote,False,https://www.inaturalist.org/observations/133147200
133871194,2022-08-31,42.3539147126,-71.2378124563,75.0,research,42051,Canis latrans,Coyote,False,https://www.inaturalist.org/observations/133871194
133932002,2022-09-06,42.3285466667,-71.1008445,4.0,research,42051,Canis latrans,Coyote,False,https://www.inaturalist.org/observations/133932002
134021321,2022-08-28,42.5641638511,-71.1794719715,23.0,research,42051,Canis latrans,Coyote,False,https://www.inaturalist.org/observations/134021321
134021626,2022-08-30,42.5641572568,-71.1794251073,20.0,research,42051,Canis latrans,Coyote,False,https://www.inaturalist.org/observations/134021626
135132905,2022-09-15,42.1262634466,-71.2156349403,31.0,research,42051,Canis latrans,Coyote,False,https://www.inaturalist.org/observations/135132905
135191627,2018-06-04,42.5492653071,-72.7559255643,8.0,research,42051,Canis latrans,Coyote,False,https://www.inaturalist.org/observations/135191627
135201974,2022-09-15,42.7632722,-70.8045899,184.0,research,42051,Canis latrans,Coyote,False,https://www.inaturalist.org/observations/135201974
135321600,2022-06-10,42.266,-73.2107383333,50.0,research,42051,Canis latrans,Coyote,False,https://www.inaturalist.org/observations/135321600
136332137,2022-09-21,42.0305945,-70.2065283333,4.0,research,42051,Canis latrans,Coyote,False,https://www.inaturalist.org/observations/136332137
136418919,2022-09-25,42.5192679389,-70.9015700948,38.0,research,42051,Canis latrans,Coyote,False,https://www.inaturalist.org/observations/136418919
136878391,2021-09-26,42.0839822119,-71.0446244883,55.0,research,42051,Canis latrans,Coyote,False,https://www.inaturalist.org/observations/136878391
136920301,2022-09-28,42.6431966591,-70.6282653227,8.0,research,42051,Canis latrans,Coyote,False,https://www.inaturalist.org/observations/136920301
137794841,2022-10-06,42.1351615641,-71.1060609161,38.0,research,42051,Canis latrans,Coyote,False,https://www.inaturalist.org/observations/137794841
138218007,2022-10-08,42.3089,-71.0116361167,4.0,research,42051,Canis latrans,Coyote,False,https://www.inaturalist.org/observations/138218007
138792599,2022-10-11,42.2566739,-70.813857,198.0,research,42051,Canis latrans,Coyote,False,https://www.inaturalist.org/observations/138792599
139215821,2022-10-15,42.7138839809,-70.7785258074,58.0,research,42051,Canis latrans,Coyote,False,https://www.inaturalist.org/observations/139215821
139381628,2022-10-19,41.74182195,-70.6052601,104.0,research,42051,Canis latrans,Coyote,False,https://www.inaturalist.org/observations/139381628
139392947,2022-10-19,42.1650168859,-73.4079958499,7.0,research,42051,Canis latrans,Coyote,False,https://www.inaturalist.org/observations/139392947
139436664,2022-10-20,42.7506404719,-70.7993480801,5.0,research,42051,Canis latrans,Coyote,False,https://www.inaturalist.org/observations/139436664
139701810,2022-10-22,42.7218883333,-70.7830883333,,research,42051,Canis latrans,Coyote,False,https://www.inaturalist.org/observations/139701810
139886524,2022-10-15,42.7196445626,-70.7817189354,31.0,research,42051,Canis latrans,Coyote,False,https://www.inaturalist.org/observations/139886524
140210590,2022-10-27,42.7557161273,-70.8053585102,4.0,research,42051,Canis latrans,Coyote,False,https://www.inaturalist.org/observations/140210590
140318965,2022-10-28,42.4391366667,-71.2336666667,22.0,research,42051,Canis latrans,Coyote,False,https://www.inaturalist.org/observations/140318965
141024805,2022-11-03,42.1001267457,-71.1412606761,8.0,research,42051,Canis latrans,Coyote,False,https://www.inaturalist.org/observations/141024805
141203557,2022-11-03,41.8808216126,-70.0007979663,15.0,research,42051,Canis latrans,Coyote,False,https://www.inaturalist.org/observations/141203557
141209089,2022-11-05,41.938695,-70.0250388333,5.0,research,42051,Canis latrans,Coyote,False,https://www.inaturalist.org/observations/141209089
141953393,2022-11-13,42.2167985654,-70.7901606057,12.0,research,42051,Canis latrans,Coyote,False,https://www.inaturalist.org/observations/141953393
142117545,2022-11-15,42.2167705279,-70.7901465241,8.0,research,42051,Canis latrans,Coyote,False,https://www.inaturalist.org/observations/142117545
142223512,2022-11-17,41.8192033323,-69.9639597209,8.0,research,42051,Canis latrans,Coyote,False,https://www.inaturalist.org/observations/142223512
142238068,2022-11-17,42.7598352763,-70.8037707924,31.0,research,42051,Canis latrans,Coyote,False,https://www.inaturalist.org/observations/142238068
142291653,2022-11-17,41.6889909028,-69.9495094098,4.0,research,42051,Canis latrans,Coyote,False,https://www.inaturalist.org/observations/142291653
142601235,2022-11-22,42.2981133333,-71.1222695,5.0,research,42051,Canis latrans,Coyote,False,https://www.inaturalist.org/observations/142601235
142728690,2022-11-11,42.4660233286,-71.1602776891,187.0,research,42051,Canis latrans,Coyote,False,https://www.inaturalist.org/observations/142728690
142994123,2022-11-25,42.0613408702,-70.1665937763,8.0,research,42051,Canis latrans,Coyote,False,https://www.inaturalist.org/observations/142994123
143052594,2022-11-27,42.4473533333,-71.1515721667,9.0,research,42051,Canis latrans,Coyote,False,https://www.inaturalist.org/observations/143052594
143286786,2022-11-27,42.4472747105,-71.1506419476,15.0,research,42051,Canis latrans,Coyote,False,https://www.inaturalist.org/observations/143286786
143401845,2022-11-29,42.3655757787,-71.265925735,54.0,research,42051,Canis latrans,Coyote,False,https://www.inaturalist.org/observations/143401845
143402002,2022-11-24,42.365482501,-71.2657809594,65.0,research,42051,Canis latrans,Coyote,False,https://www.inaturalist.org/observations/143402002
143642894,2022-12-04,42.4433138515,-71.2572757229,163.0,research,42051,Canis latrans,Coyote,False,https://www.inaturalist.org/observations/143642894
143749639,2022-12-05,42.238692424,-71.962149949,8.0,research,42051,Canis latrans,Coyote,False,https://www.inaturalist.org/observations/143749639
143817586,2022-12-06,42.39638,-72.5366883333,4.0,research,42051,Canis latrans,Coyote,False,https://www.inaturalist.org/observations/143817586
143962222,2022-12-08,42.4381866667,-71.0404583333,4.0,research,42051,Canis latrans,Coyote,False,https://www.inaturalist.org/observations/143962222
144104057,2022-12-10,42.328729067,-71.104425726,146.0,research,42051,Canis latrans,Coyote,False,https://www.inaturalist.org/observations/144104057
144230001,2022-12-12,42.4719466667,-71.3499666667,14.0,research,42051,Canis latrans,Coyote,False,https://www.inaturalist.org/observations/144230001
144376085,2022-12-14,42.4473504305,-71.2567940264,165.0,research,42051,Canis latrans,Coyote,False,https://www.inaturalist.org/observations/144376085
144460581,2022-12-14,42.6388258755,-70.6410911113,37.0,research,42051,Canis latrans,Coyote,False,https://www.inaturalist.org/observations/144460581
144562907,2022-12-17,42.5023416667,-72.2792666667,20.0,research,42051,Canis latrans,Coyote,False,https://www.inaturalist.org/observations/144562907
144670192,2022-12-16,42.2800799722,-71.1827059722,,research,42051,Canis latrans,Coyote,False,https://www.inaturalist.org/observations/144670192
144670227,2022-12-16,42.280357,-71.1828638,,research,42051,Canis latrans,Coyote,False,https://www.inaturalist.org/observations/144670227
144831178,2022-10-29,42.7555016002,-70.8029010929,178.0,research,42051,Canis latrans,Coyote,False,https://www.inaturalist.org/observations/144831178
144833507,2022-12-21,42.735825,-70.7904805556,,research,42051,Canis latrans,Coyote,False,https://www.inaturalist.org/observations/144833507
144878390,2022-12-22,42.4392410032,-71.1513428669,78.0,research,42051,Canis latrans,Coyote,False,https://www.inaturalist.org/observations/144878390
144980708,2022-12-18,42.7216833333,-73.2622966667,4.0,research,42051,Canis latrans,Coyote,False,https://www.inaturalist.org/observations/144980708
145199152,2022-12-26,41.5881972222,-70.4869777778,,research,42051,Canis latrans,Coyote,False,https://www.inaturalist.org/observations/145199152
145280377,2022-12-28,42.3193300822,-71.4151772994,2.0,research,42051,Canis latrans,Coyote,False,https://www.inaturalist.org/observations/145280377
145377458,2022-12-29,42.2797671868,-71.458359883,22.0,research,42051,Canis latrans,Coyote,False,https://www.inaturalist.org/observations/145377458
145965221,2022-12-21,42.3597666667,-71.3288333333,4.0,research,42051,Canis latrans,Coyote,False,https://www.inaturalist.org/observations/145965221
145981245,2023-01-06,42.29599758,-71.1378301308,9.0,research,42051,Canis latrans,Coyote,False,https://www.inaturalist.org/observations/145981245
146062740,2023-01-07,42.106475,-71.2212366667,17.0,research,42051,Canis latrans,Coyote,False,https://www.inaturalist.org/observations/146062740
146073383,2022-12-29,42.267125842,-71.0640312117,8.0,research,42051,Canis latrans,Coyote,False,https://www.inaturalist.org/observations/146073383
146201483,2023-01-08,42.4007419719,-71.3463946378,4.0,research,42051,Canis latrans,Coyote,False,https://www.inaturalist.org/observations/146201483
146202048,2023-01-08,42.7121811,-71.0825653,38.0,research,42051,Canis latrans,Coyote,False,https://www.inaturalist.org/observations/146202048
146247705,2023-01-09,42.4694722222,-70.89945,,research,42051,Canis latrans,Coyote,False,https://www.inaturalist.org/observations/146247705
146313025,2023-01-10,42.3986966667,-71.0012361117,23.0,research,42051,Canis latrans,Coyote,False,https://www.inaturalist.org/observations/146313025
146361137,2023-01-11,42.708443515,-70.7720665084,8.0,research,42051,Canis latrans,Coyote,False,https://www.inaturalist.org/observations/146361137
146488223,2023-01-13,42.4184837341,-71.242401123,81.0,research,42051,Canis latrans,Coyote,False,https://www.inaturalist.org/observations/146488223
146566883,2022-11-11,41.532494177,-70.6482143328,119.0,research,42051,Canis latrans,Coyote,False,https://www.inaturalist.org/observations/146566883
146595560,2023-01-02,42.2766714376,-73.0357682751,32.0,research,42051,Canis latrans,Coyote,False,https://www.inaturalist.org/observations/146595560
146655523,2022-10-20,42.7507027778,-70.7993416667,10.0,research,42051,Canis latrans,Coyote,False,https://www.inaturalist.org/observations/146655523
146717328,2023-01-13,42.4186134338,-71.2418670654,81.0,research,42051,Canis latrans,Coyote,False,https://www.inaturalist.org/observations/146717328
146735223,2023-01-16,42.2167939134,-70.7900964003,10.0,research,42051,Canis latrans,Coyote,False,https://www.inaturalist.org/observations/146735223
146798539,2022-11-21,42.0377283781,-71.1864632741,39.0,research,42051,Canis latrans,Coyote,False,https://www.inaturalist.org/observations/146798539
147255761,2023-01-22,42.3156365765,-71.7999931052,12.0,research,42051,Canis latrans,Coyote,False,https://www.inaturalist.org/observations/147255761
147331784,2023-01-25,42.4769111111,-70.9120611111,,research,42051,Canis latrans,Coyote,False,https://www.inaturalist.org/observations/147331784
147342513,2023-01-08,42.4412616306,-71.0669326349,46.0,research,42051,Canis latrans,Coyote,False,https://www.inaturalist.org/observations/147342513
147466068,2023-01-26,42.5641259404,-71.1794229696,11.0,research,42051,Canis latrans,Coyote,False,https://www.inaturalist.org/observations/147466068
147481099,2023-01-07,42.759488392,-70.8053868326,119.0,research,42051,Canis latrans,Coyote,False,https://www.inaturalist.org/observations/147481099
147612892,2023-01-23,42.4529296345,-71.0821250064,61.0,research,42051,Canis latrans,Coyote,False,https://www.inaturalist.org/observations/147612892
147613110,2023-01-25,42.4529033493,-71.0819721215,59.0,research,42051,Canis latrans,Coyote,False,https://www.inaturalist.org/observations/147613110
147625140,2023-01-29,41.8824212219,-69.99517221,188.0,research,42051,Canis latrans,Coyote,False,https://www.inaturalist.org/observations/147625140
147922632,2023-02-02,41.5509866667,-70.6074133333,4.0,research,42051,Canis latrans,Coyote,False,https://www.inaturalist.org/observations/147922632
148040095,2023-02-04,42.474445,-70.899155,5.0,research,42051,Canis latrans,Coyote,False,https://www.inaturalist.org/observations/148040095
148043147,2023-02-01,42.5641471729,-71.1794760466,16.0,research,42051,Canis latrans,Coyote,False,https://www.inaturalist.org/observations/148043147
148420210,2023-02-09,42.6060345696,-71.6004502325,8.0,research,42051,Canis latrans,Coyote,False,https://www.inaturalist.org/observations/148420210
148758291,2023-02-14,42.4863638889,-71.7751861111,,research,42051,Canis latrans,Coyote,False,https://www.inaturalist.org/observations/148758291
148770531,2023-02-14,42.0668334961,-71.7966918945,163.0,research,42051,Canis latrans,Coyote,False,https://www.inaturalist.org/observations/148770531
148899611,2023-02-16,42.2983383333,-71.1409,4.0,research,42051,Canis latrans,Coyote,False,https://www.inaturalist.org/observations/148899611
148971897,2023-02-17,42.1118671787,-72.3763978109,21.0,research,42051,Canis latrans,Coyote,False,https://www.inaturalist.org/observations/148971897
149165409,2023-02-19,42.7095684257,-70.7847026273,50.0,research,42051,Canis latrans,Coyote,False,https://www.inaturalist.org/observations/149165409
149175216,2023-02-19,41.5657293863,-70.5856140429,4.0,research,42051,Canis latrans,Coyote,False,https://www.inaturalist.org/observations/149175216
149184953,2023-02-19,42.5006273483,-71.1164866437,85.0,research,42051,Canis latrans,Coyote,False,https://www.inaturalist.org/observations/149184953
149261194,2023-02-09,42.5419868144,-72.2500227106,4.0,research,42051,Canis latrans,Coyote,False,https://www.inaturalist.org/observations/149261194
149512502,2023-02-23,42.7418242729,-70.794699424,57.0,research,42051,Canis latrans,Coyote,False,https://www.inaturalist.org/observations/149512502
149513075,2023-02-23,42.742169302,-70.7946406005,92.0,research,42051,Canis latrans,Coyote,False,https://www.inaturalist.org/observations/149513075
149589210,2022-12-26,42.3252234239,-72.5389599948,2.0,research,42051,Canis latrans,Coyote,False,https://www.inaturalist.org/observations/149589210
149727489,2023-02-24,42.4528955076,-71.0818531031,61.0,research,42051,Canis latrans,Coyote,False,https://www.inaturalist.org/observations/149727489
149816875,2023-02-27,42.47613,-70.9118583333,49.0,research,42051,Canis latrans,Coyote,False,https://www.inaturalist.org/observations/149816875
149862382,2023-02-27,42.298645,-71.2858716667,5.0,research,42051,Canis latrans,Coyote,False,https://www.inaturalist.org/observations/149862382
149992372,2023-03-01,42.2935963356,-71.1316109455,5.0,research,42051,Canis latrans,Coyote,False,https://www.inaturalist.org/observations/149992372
150352586,2023-03-05,42.46768,-71.1662971667,23.0,research,42051,Canis latrans,Coyote,False,https://www.inaturalist.org/observations/150352586
150353759,2023-03-05,42.4675738629,-71.1623802053,85.0,research,42051,Canis latrans,Coyote,False,https://www.inaturalist.org/observations/150353759
150730898,2023-03-09,42.2072840388,-70.7757445879,23.0,research,42051,Canis latrans,Coyote,False,https://www.inaturalist.org/observations/150730898
150763444,2023-03-10,42.7898376842,-70.8071708614,22.0,research,42051,Canis latrans,Coyote,False,https://www.inaturalist.org/observations/150763444
150765620,2023-01-14,42.32948,-72.53377,,research,42051,Canis latrans,Coyote,False,https://www.inaturalist.org/observations/150765620
150989212,2023-03-12,42.451943287,-71.6690484199,31.0,research,42051,Canis latrans,Coyote,False,https://www.inaturalist.org/observations/150989212
151428056,2021-01-10,42.1747803814,-71.0713414347,4.0,research,42051,Canis latrans,Coyote,False,https://www.inaturalist.org/observations/151428056
151542146,2023-03-14,42.4527833331,-71.0815285558,53.0,research,42051,Canis latrans,Coyote,False,https://www.inaturalist.org/observations/151542146
151542529,2023-03-15,42.4527371862,-71.0815312382,61.0,research,42051,Canis latrans,Coyote,False,https://www.inaturalist.org/observations/151542529
151543431,2023-03-16,42.4527530184,-71.0814239498,61.0,research,42051,Canis latrans,Coyote,False,https://www.inaturalist.org/observations/151543431
151612819,2023-02-27,42.4720711989,-71.1668944108,43.0,research,42051,Canis latrans,Coyote,False,https://www.inaturalist.org/observations/151612819
151668834,2023-03-17,42.4560527778,-71.1250527778,5.0,research,42051,Canis latrans,Coyote,False,https://www.inaturalist.org/observations/151668834
151745786,2022-05-18,41.5939829877,-71.0576075703,24.0,research,42051,Canis latrans,Coyote,False,https://www.inaturalist.org/observations/151745786
152859151,2023-03-13,42.472885647,-72.1619563155,43.0,research,42051,Canis latrans,Coyote,False,https://www.inaturalist.org/observations/152859151
152975043,2023-01-10,42.3153021328,-71.0551369563,178.0,research,42051,Canis latrans,Coyote,False,https://www.inaturalist.org/observations/152975043
153067025,2023-01-04,42.33007,-72.53849,,research,42051,Canis latrans,Coyote,False,https://www.inaturalist.org/observations/153067025
153556351,2023-03-22,42.013361698,-71.2059131599,61.0,research,42051,Canis latrans,Coyote,False,https://www.inaturalist.org/observations/153556351
153811625,2020-10-16,42.3030435078,-73.2807806879,106.0,research,42051,Canis latrans,Coyote,False,https://www.inaturalist.org/observations/153811625
153831289,2023-02-25,42.1699418421,-71.8776056011,1.0,research,42051,Canis latrans,Coyote,False,https://www.inaturalist.org/observations/153831289
154104166,2023-04-09,42.3426951,-71.1333355997,,research,42051,Canis latrans,Coyote,False,https://www.inaturalist.org/observations/154104166
154782157,2023-04-13,41.9887933865,-70.7036725344,91.0,research,42051,Canis latrans,Coyote,False,https://www.inaturalist.org/observations/154782157
154782311,2023-04-13,41.9886646195,-70.7037390857,76.0,research,42051,Canis latrans,Coyote,False,https://www.inaturalist.org/observations/154782311
154934106,2023-04-10,41.9887334231,-70.7036507444,99.0,research,42051,Canis latrans,Coyote,False,https://www.inaturalist.org/observations/154934106
154934131,2023-04-11,41.9884935559,-70.7031874089,32.0,research,42051,Canis latrans,Coyote,False,https://www.inaturalist.org/observations/154934131
155142040,2023-04-06,42.4600611111,-71.1587194444,5.0,research,42051,Canis latrans,Coyote,False,https://www.inaturalist.org/observations/155142040
155351303,2023-04-17,42.0810724793,-71.908752315,4.0,research,42051,Canis latrans,Coyote,False,https://www.inaturalist.org/observations/155351303
155654554,2023-04-19,42.2623640827,-71.9466788528,61.0,research,42051,Canis latrans,Coyote,False,https://www.inaturalist.org/observations/155654554
155661371,2023-04-17,41.6627116667,-70.06665,43.0,research,42051,Canis latrans,Coyote,False,https://www.inaturalist.org/observations/155661371
155864793,2023-04-20,42.2942465746,-71.2880475596,24.0,research,42051,Canis latrans,Coyote,False,https://www.inaturalist.org/observations/155864793
155882377,2023-01-31,42.4584451389,-71.0084223211,130.0,research,42051,Canis latrans,Coyote,False,https://www.inaturalist.org/observations/155882377
156126599,2023-04-22,42.361609,-71.139464,,research,42051,Canis latrans,Coyote,False,https://www.inaturalist.org/observations/156126599
156376627,2022-09-27,41.51543,-71.1131528333,8.0,research,42051,Canis latrans,Coyote,False,https://www.inaturalist.org/observations/156376627
156585234,2023-04-25,42.3985228367,-71.0010011745,52.0,research,42051,Canis latrans,Coyote,False,https://www.inaturalist.org/observations/156585234
157367330,2023-04-28,42.0712586389,-73.2108219389,,research,42051,Canis latrans,Coyote,False,https://www.inaturalist.org/observations/157367330
157823201,2023-04-22,42.3036833333,-71.0893861111,36.0,research,42051,Canis latrans,Coyote,False,https://www.inaturalist.org/observations/157823201
157823204,2023-04-22,42.3039361111,-71.088775,60.0,research,42051,Canis latrans,Coyote,False,https://www.inaturalist.org/observations/157823204
158376677,2023-04-29,42.4529984173,-71.0818370099,61.0,research,42051,Canis latrans,Coyote,False,https://www.inaturalist.org/observations/158376677
159140646,2023-04-29,42.3063037643,-71.0926213824,16.0,research,42051,Canis latrans,Coyote,False,https://www.inaturalist.org/observations/159140646
159203921,2021-04-11,42.0575468,-73.3509285,184.0,research,42051,Canis latrans,Coyote,False,https://www.inaturalist.org/observations/159203921
159210259,2023-02-23,42.6650478,-73.261678,186.0,research,42051,Canis latrans,Coyote,False,https://www.inaturalist.org/observations/159210259
159325141,2023-05-01,42.5641707856,-71.1794467829,25.0,research,42051,Canis latrans,Coyote,False,https://www.inaturalist.org/observations/159325141
159557552,2023-04-30,42.4903866667,-70.926925,,research,42051,Canis latrans,Coyote,False,https://www.inaturalist.org/observations/159557552
160374626,2023-05-07,42.6487701398,-70.850834631,31.0,research,42051,Canis latrans,Coyote,False,https://www.inaturalist.org/observations/160374626
160622894,2023-05-08,42.0780715214,-71.2377937138,7.0,research,42051,Canis latrans,Coyote,False,https://www.inaturalist.org/observations/160622894
160719237,2023-05-09,42.6883877419,-71.0033715833,49.0,research,42051,Canis latrans,Coyote,False,https://www.inaturalist.org/observations/160719237
160829532,2023-05-09,42.0294388889,-72.6022888889,,research,42051,Canis latrans,Coyote,False,https://www.inaturalist.org/observations/160829532
160898725,2023-05-10,41.6486133333,-70.3661366667,,research,42051,Canis latrans,Coyote,False,https://www.inaturalist.org/observations/160898725
161329542,2023-04-06,42.3530630802,-72.5027349608,92.0,research,42051,Canis latrans,Coyote,False,https://www.inaturalist.org/observations/161329542
161383299,2023-05-13,42.2378607,-70.8563285,184.0,research,42051,Canis latrans,Coyote,False,https://www.inaturalist.org/observations/161383299
162436726,2023-05-18,41.9888826964,-70.7032419899,115.0,research,42051,Canis latrans,Coyote,False,https://www.inaturalist.org/observations/162436726
162569987,2023-05-09,41.9492216667,-70.02385,4.0,research,42051,Canis latrans,Coyote,False,https://www.inaturalist.org/observations/162569987
162851230,2023-05-20,42.2792671997,-71.0162559997,,research,42051,Canis latrans,Coyote,False,https://www.inaturalist.org/observations/162851230
163194287,2023-05-22,41.6604083333,-69.9870216667,9.0,research,42051,Canis latrans,Coyote,False,https://www.inaturalist.org/observations/163194287
163401649,2023-05-21,41.9886834619,-70.7031616706,48.0,research,42051,Canis latrans,Coyote,False,https://www.inaturalist.org/observations/163401649
163569901,2023-05-24,42.1791168939,-71.9302323203,74.0,research,42051,Canis latrans,Coyote,False,https://www.inaturalist.org/observations/163569901
163572918,2023-05-22,41.8825384184,-70.0035985305,101.0,research,42051,Canis latrans,Coyote,False,https://www.inaturalist.org/observations/163572918
164453916,2023-05-28,42.3121160274,-71.4349551871,53.0,research,42051,Canis latrans,Coyote,False,https://www.inaturalist.org/observations/164453916
164785404,2023-05-31,42.4498666667,-71.3057633333,200.0,research,42051,Canis latrans,Coyote,False,https://www.inaturalist.org/observations/164785404
165380121,2023-06-03,42.4785717,-71.1635481,38.0,research,42051,Canis latrans,Coyote,False,https://www.inaturalist.org/observations/165380121
165604431,2023-06-04,41.9889502021,-70.70351682,134.0,research,42051,Canis latrans,Coyote,False,https://www.inaturalist.org/observations/165604431
165604729,2023-06-04,41.988630747,-70.7031810204,239.0,research,42051,Canis latrans,Coyote,False,https://www.inaturalist.org/observations/165604729
165604843,2023-06-04,41.9882114616,-70.7039398331,230.0,research,42051,Canis latrans,Coyote,False,https://www.inaturalist.org/observations/165604843
165994299,2023-06-06,42.5755651036,-71.6893060181,2.0,research,42051,Canis latrans,Coyote,False,https://www.inaturalist.org/observations/165994299
166112031,2023-06-07,41.9890244484,-70.7032100881,232.0,research,42051,Canis latrans,Coyote,False,https://www.inaturalist.org/observations/166112031
166112431,2023-06-07,41.9889250157,-70.7033206483,168.0,research,42051,Canis latrans,Coyote,False,https://www.inaturalist.org/observations/166112431
166701558,2023-06-10,41.7997966667,-69.9515216667,14.0,research,42051,Canis latrans,Coyote,False,https://www.inaturalist.org/observations/166701558
167140185,2023-05-10,41.8824213,-69.995172,188.0,research,42051,Canis latrans,Coyote,False,https://www.inaturalist.org/observations/167140185
167218521,2023-05-24,41.905124455,-69.9995918318,75.0,research,42051,Canis latrans,Coyote,False,https://www.inaturalist.org/observations/167218521
169008352,2023-04-26,42.2901071379,-71.0238362495,67.0,research,42051,Canis latrans,Coyote,False,https://www.inaturalist.org/observations/169008352
169481501,2020-12-04,42.3098366667,-71.7154083333,5.0,research,42051,Canis latrans,Coyote,False,https://www.inaturalist.org/observations/169481501
169661422,2023-06-26,41.9885641895,-70.7031990704,49.0,research,42051,Canis latrans,Coyote,False,https://www.inaturalist.org/observations/169661422
169662495,2023-06-26,41.9886057143,-70.7033346822,208.0,research,42051,Canis latrans,Coyote,False,https://www.inaturalist.org/observations/169662495
169664367,2023-06-26,41.988608917,-70.7025811319,13.0,research,42051,Canis latrans,Coyote,False,https://www.inaturalist.org/observations/169664367
169664537,2023-06-26,41.9886844441,-70.7025156393,15.0,research,42051,Canis latrans,Coyote,False,https://www.inaturalist.org/observations/169664537
169665952,2023-06-26,41.9892932012,-70.702643661,7.0,research,42051,Canis latrans,Coyote,False,https://www.inaturalist.org/observations/169665952
169666010,2023-06-26,41.9893510286,-70.7025266325,7.0,research,42051,Canis latrans,Coyote,False,https://www.inaturalist.org/observations/169666010
169761102,2023-06-24,42.0284638333,-70.6267083333,4.0,research,42051,Canis latrans,Coyote,False,https://www.inaturalist.org/observations/169761102
171318842,2023-06-25,41.5247533333,-70.6685716667,11.0,research,42051,Canis latrans,Coyote,False,https://www.inaturalist.org/observations/171318842
171469985,2023-07-06,41.8824883333,-69.994505,23.0,research,42051,Canis latrans,Coyote,False,https://www.inaturalist.org/observations/171469985
172790004,2023-05-14,42.3389124718,-72.5625491095,79.0,research,42051,Canis latrans,Coyote,False,https://www.inaturalist.org/observations/172790004
173304588,2023-06-19,42.0940194444,-70.7933888889,1.0,research,42051,Canis latrans,Coyote,False,https://www.inaturalist.org/observations/173304588
174011418,2023-07-19,42.0269083333,-70.0710055,5.0,research,42051,Canis latrans,Coyote,False,https://www.inaturalist.org/observations/174011418
174655463,2023-07-23,42.2693629722,-71.279487,,research,42051,Canis latrans,Coyote,False,https://www.inaturalist.org/observations/174655463
175115857,2023-07-26,42.3294616667,-71.1044778333,4.0,research,42051,Canis latrans,Coyote,False,https://www.inaturalist.org/observations/175115857
176213328,2019-09-08,42.1793849052,-71.6827376421,69.0,research,42051,Canis latrans,Coyote,False,https://www.inaturalist.org/observations/176213328
176268413,2023-02-16,42.0612433,-70.180597,37.0,research,42051,Canis latrans,Coyote,False,https://www.inaturalist.org/observations/176268413
176333611,2023-05-21,41.568875,-70.6085133333,58.0,research,42051,Canis latrans,Coyote,False,https://www.inaturalist.org/observations/176333611
176382965,2023-07-21,41.8820380138,-69.9962561261,21.0,research,42051,Canis latrans,Coyote,False,https://www.inaturalist.org/observations/176382965
176751544,2023-01-18,42.2573693549,-71.9141137101,212.0,research,42051,Canis latrans,Coyote,False,https://www.inaturalist.org/observations/176751544
176852780,2023-08-05,41.8827783333,-69.9950116667,4.0,research,42051,Canis latrans,Coyote,False,https://www.inaturalist.org/observations/176852780
177029976,2023-07-18,42.54533962,-72.2495120815,8.0,research,42051,Canis latrans,Coyote,False,https://www.inaturalist.org/observations/177029976
178270580,2023-08-13,42.7477260757,-70.7987094093,94.0,research,42051,Canis latrans,Coyote,False,https://www.inaturalist.org/observations/178270580
178853575,2019-08-24,41.8434566553,-69.9482377464,8.0,research,42051,Canis latrans,Coyote,False,https://www.inaturalist.org/observations/178853575
178909576,2023-08-16,42.5970372473,-72.1796100501,29.0,research,42051,Canis latrans,Coyote,False,https://www.inaturalist.org/observations/178909576
179204620,2023-08-18,42.4703216667,-71.1670533333,6.0,research,42051,Canis latrans,Coyote,False,https://www.inaturalist.org/observations/179204620
179523658,2020-09-23,42.627396448,-72.4593605474,155.0,research,42051,Canis latrans,Coyote,False,https://www.inaturalist.org/observations/179523658
179850092,2023-08-23,42.52974637,-70.86905757,6.0,research,42051,Canis latrans,Coyote,False,https://www.inaturalist.org/observations/179850092
180365727,2023-08-26,42.3975916416,-71.2078255297,1.0,research,42051,Canis latrans,Coyote,False,https://www.inaturalist.org/observations/180365727
180982411,2023-08-30,42.63028,-71.1026221667,21.0,research,42051,Canis latrans,Coyote,False,https://www.inaturalist.org/observations/180982411
181223121,2023-06-14,42.7575765588,-70.9170809113,22.0,research,42051,Canis latrans,Coyote,False,https://www.inaturalist.org/observations/181223121
181844732,2023-09-03,41.8395,-69.9895783333,5.0,research,42051,Canis latrans,Coyote,False,https://www.inaturalist.org/observations/181844732
181853220,2023-03-20,42.3794053446,-71.5723209081,25.0,research,42051,Canis latrans,Coyote,False,https://www.inaturalist.org/observations/181853220
182844449,2023-09-11,41.8942501707,-70.5371327698,2.0,research,42051,Canis latrans,Coyote,False,https://www.inaturalist.org/observations/182844449
183019732,2023-09-12,42.1009842373,-70.9337384999,6.0,research,42051,Canis latrans,Coyote,False,https://www.inaturalist.org/observations/183019732
183301052,2023-09-14,42.4666569165,-71.1642170618,4.0,research,42051,Canis latrans,Coyote,False,https://www.inaturalist.org/observations/183301052
183301053,2023-09-14,42.4655236812,-71.1634929934,4.0,research,42051,Canis latrans,Coyote,False,https://www.inaturalist.org/observations/183301053
183301054,2023-09-14,42.4647984095,-71.1607111612,2.0,research,42051,Canis latrans,Coyote,False,https://www.inaturalist.org/observations/183301054
183432977,2023-09-15,42.3419656951,-72.3711387332,2.0,research,42051,Canis latrans,Coyote,False,https://www.inaturalist.org/observations/183432977
183521325,2023-09-15,42.2623616667,-70.8721916667,11.0,research,42051,Canis latrans,Coyote,False,https://www.inaturalist.org/observations/183521325
183620457,2023-09-17,42.6521293288,-70.6005776301,17.0,research,42051,Canis latrans,Coyote,False,https://www.inaturalist.org/observations/183620457
184461848,2023-09-22,42.48242,-71.2346633333,4.0,research,42051,Canis latrans,Coyote,False,https://www.inaturalist.org/observations/184461848
184721321,2023-07-31,41.8813350187,-70.0000209346,31.0,research,42051,Canis latrans,Coyote,False,https://www.inaturalist.org/observations/184721321
185072779,2021-03-03,42.365138253,-72.5448017574,61.0,research,42051,Canis latrans,Coyote,False,https://www.inaturalist.org/observations/185072779
185207789,2023-09-27,41.8936890722,-70.5370759656,4.0,research,42051,Canis latrans,Coyote,False,https://www.inaturalist.org/observations/185207789
185332110,2023-08-07,42.7865473522,-70.8055537939,174.0,research,42051,Canis latrans,Coyote,False,https://www.inaturalist.org/observations/185332110
185681106,2023-09-30,42.099876,-70.9320429722,,research,42051,Canis latrans,Coyote,False,https://www.inaturalist.org/observations/185681106
185818191,2023-09-24,42.4529850283,-71.0820676799,61.0,research,42051,Canis latrans,Coyote,False,https://www.inaturalist.org/observations/185818191
185977347,2023-09-24,42.3652200522,-71.2531578997,15.0,research,42051,Canis latrans,Coyote,False,https://www.inaturalist.org/observations/185977347
186847815,2023-10-09,42.4423231997,-71.0746048,,research,42051,Canis latrans,Coyote,False,https://www.inaturalist.org/observations/186847815
186976656,2023-10-10,42.431855,-71.0890416667,10.0,research,42051,Canis latrans,Coyote,False,https://www.inaturalist.org/observations/186976656
186994295,2023-10-10,42.5970334321,-72.1794954308,109.0,research,42051,Canis latrans,Coyote,False,https://www.inaturalist.org/observations/186994295
187185484,2023-08-29,42.4252225008,-71.5229766535,2.0,research,42051,Canis latrans,Coyote,False,https://www.inaturalist.org/observations/187185484
187186679,2023-08-05,42.4250938535,-71.5281798457,8.0,research,42051,Canis latrans,Coyote,False,https://www.inaturalist.org/observations/187186679
187558810,2023-10-14,41.9610999004,-71.1804691677,172.0,research,42051,Canis latrans,Coyote,False,https://www.inaturalist.org/observations/187558810
187822322,2023-10-16,42.298605,-71.5210883333,4.0,research,42051,Canis latrans,Coyote,False,https://www.inaturalist.org/observations/187822322
188372513,2023-10-21,42.4410583333,-71.0565333333,,research,42051,Canis latrans,Coyote,False,https://www.inaturalist.org/observations/188372513
188558382,2023-10-22,42.2592536791,-71.5960556258,22.0,research,42051,Canis latrans,Coyote,False,https://www.inaturalist.org/observations/188558382
188700229,2023-10-23,42.4332716667,-71.0811611667,18.0,research,42051,Canis latrans,Coyote,False,https://www.inaturalist.org/observations/188700229
188700343,2023-10-23,42.4332866667,-71.0812221667,10.0,research,42051,Canis latrans,Coyote,False,https://www.inaturalist.org/observations/188700343
188772383,2023-10-23,42.4514716667,-71.0865166667,4.0,research,42051,Canis latrans,Coyote,False,https://www.inaturalist.org/observations/188772383
189025421,2023-10-25,42.1273861111,-71.2166972222,,research,42051,Canis latrans,Coyote,False,https://www.inaturalist.org/observations/189025421
189268961,2023-10-28,42.4514533333,-71.0865166667,4.0,research,42051,Canis latrans,Coyote,False,https://www.inaturalist.org/observations/189268961
189358283,2023-10-28,42.4514555556,-71.0865083333,10.0,research,42051,Canis latrans,Coyote,False,https://www.inaturalist.org/observations/189358283
189382669,2023-10-29,42.447125,-71.0781778333,45.0,research,42051,Canis latrans,Coyote,False,https://www.inaturalist.org/observations/189382669
189471151,2021-10-24,41.8314283333,-69.9761366667,9.0,research,42051,Canis latrans,Coyote,False,https://www.inaturalist.org/observations/189471151
189756953,2023-11-02,42.4611898236,-71.1572727135,59.0,research,42051,Canis latrans,Coyote,False,https://www.inaturalist.org/observations/189756953
190464201,2023-11-06,42.6396165472,-70.6405022738,8.0,research,42051,Canis latrans,Coyote,False,https://www.inaturalist.org/observations/190464201
190530999,2017-04-24,41.9496494321,-70.8661492748,61.0,research,42051,Canis latrans,Coyote,False,https://www.inaturalist.org/observations/190530999
190920315,2023-11-12,42.3030776697,-71.0899097781,29.0,research,42051,Canis latrans,Coyote,False,https://www.inaturalist.org/observations/190920315
190928811,2023-11-02,42.3080907947,-71.0907097851,13.0,research,42051,Canis latrans,Coyote,False,https://www.inaturalist.org/observations/190928811
191000553,2023-11-10,42.4973038383,-71.3639994813,125.0,research,42051,Canis latrans,Coyote,False,https://www.inaturalist.org/observations/191000553
191040898,2023-11-14,42.3701466667,-71.2577666667,35.0,research,42051,Canis latrans,Coyote,False,https://www.inaturalist.org/observations/191040898
191142165,2023-11-10,42.4184709099,-71.2397739744,35.0,research,42051,Canis latrans,Coyote,False,https://www.inaturalist.org/observations/191142165
191389332,2023-10-14,42.5876116667,-72.0821445,4.0,research,42051,Canis latrans,Coyote,False,https://www.inaturalist.org/observations/191389332
191571133,2023-11-20,41.5856450035,-70.9356884323,25.0,research,42051,Canis latrans,Coyote,False,https://www.inaturalist.org/observations/191571133
191677512,2023-11-21,42.3698533333,-71.257745,32.0,research,42051,Canis latrans,Coyote,False,https://www.inaturalist.org/observations/191677512
191677678,2023-11-21,42.3703270817,-71.2578712821,40.0,research,42051,Canis latrans,Coyote,False,https://www.inaturalist.org/observations/191677678
191677692,2023-11-21,42.36775,-71.2556444444,,research,42051,Canis latrans,Coyote,False,https://www.inaturalist.org/observations/191677692
191677820,2023-11-21,42.370480939,-71.2574940621,101.0,research,42051,Canis latrans,Coyote,False,https://www.inaturalist.org/observations/191677820
191677822,2023-11-21,42.370175,-71.2576883333,40.0,research,42051,Canis latrans,Coyote,False,https://www.inaturalist.org/observations/191677822
191677889,2023-11-21,42.3701884319,-71.2576727716,35.0,research,42051,Canis latrans,Coyote,False,https://www.inaturalist.org/observations/191677889
191677979,2023-11-21,42.370390969,-71.2577306937,24.0,research,42051,Canis latrans,Coyote,False,https://www.inaturalist.org/observations/191677979
191680681,2023-11-21,42.3701466667,-71.2577583333,35.0,research,42051,Canis latrans,Coyote,False,https://www.inaturalist.org/observations/191680681
191721445,2023-11-19,42.379176936,-71.5723459201,2.0,research,42051,Canis latrans,Coyote,False,https://www.inaturalist.org/observations/191721445
191724936,2023-11-21,42.3702583333,-71.2577666667,8.0,research,42051,Canis latrans,Coyote,False,https://www.inaturalist.org/observations/191724936
191967693,2023-11-24,42.3639616667,-71.2630383333,45.0,research,42051,Canis latrans,Coyote,False,https://www.inaturalist.org/observations/191967693
192119794,2020-04-12,42.290460898,-71.0244409057,1.0,research,42051,Canis latrans,Coyote,False,https://www.inaturalist.org/observations/192119794
192132565,2023-11-25,42.6831039124,-70.7653512798,27.0,research,42051,Canis latrans,Coyote,False,https://www.inaturalist.org/observations/192132565
192156768,2023-11-25,41.5246410342,-70.6596075185,4.0,research,42051,Canis latrans,Coyote,False,https://www.inaturalist.org/observations/192156768
192206731,2019-02-23,42.5852431704,-70.6629695629,2.0,research,42051,Canis latrans,Coyote,False,https://www.inaturalist.org/observations/192206731
192207623,2018-06-03,42.2905346621,-71.02439997,1.0,research,42051,Canis latrans,Coyote,False,https://www.inaturalist.org/observations/192207623
192208459,2018-05-03,42.3734919646,-71.1446082239,1.0,research,42051,Canis latrans,Coyote,False,https://www.inaturalist.org/observations/192208459
192209537,2015-05-16,41.8831401885,-69.9968354192,31.0,research,42051,Canis latrans,Coyote,False,https://www.inaturalist.org/observations/192209537
192292507,2023-10-09,42.2006116667,-70.996345,5.0,research,42051,Canis latrans,Coyote,False,https://www.inaturalist.org/observations/192292507
192294280,2023-11-24,42.6832455472,-70.7768199618,8.0,research,42051,Canis latrans,Coyote,False,https://www.inaturalist.org/observations/192294280
192297885,2023-10-24,41.7703494718,-70.6000244245,8.0,research,42051,Canis latrans,Coyote,False,https://www.inaturalist.org/observations/192297885
192479043,2023-11-28,42.3663333333,-71.2536866667,35.0,research,42051,Canis latrans,Coyote,False,https://www.inaturalist.org/observations/192479043
192545357,2023-11-29,42.5641838949,-71.1794464173,25.0,research,42051,Canis latrans,Coyote,False,https://www.inaturalist.org/observations/192545357
192545642,2023-11-14,42.5642119879,-71.1794419701,25.0,research,42051,Canis latrans,Coyote,False,https://www.inaturalist.org/observations/192545642
192663077,2023-11-21,42.3702133333,-71.25763,51.0,research,42051,Canis latrans,Coyote,False,https://www.inaturalist.org/observations/192663077
192696499,2023-11-30,42.4428836517,-71.074962301,187.0,research,42051,Canis latrans,Coyote,False,https://www.inaturalist.org/observations/192696499
192865702,2023-12-02,42.291979543,-71.1320896168,5.0,research,42051,Canis latrans,Coyote,False,https://www.inaturalist.org/observations/192865702
193246428,2020-11-01,42.4633388043,-72.3425711454,2.0,research,42051,Canis latrans,Coyote,False,https://www.inaturalist.org/observations/193246428
193716830,2023-11-21,42.3702616667,-71.257505,35.0,research,42051,Canis latrans,Coyote,False,https://www.inaturalist.org/observations/193716830
194138681,2023-12-11,42.4529373527,-71.0823422656,61.0,research,42051,Canis latrans,Coyote,False,https://www.inaturalist.org/observations/194138681
194140224,2023-12-11,42.452962795,-71.0821159596,61.0,research,42051,Canis latrans,Coyote,False,https://www.inaturalist.org/observations/194140224
194141021,2023-12-11,42.4529113404,-71.0819550271,61.0,research,42051,Canis latrans,Coyote,False,https://www.inaturalist.org/observations/194141021
194349198,2023-12-15,42.0840936876,-71.0447746963,85.0,research,42051,Canis latrans,Coyote,False,https://www.inaturalist.org/observations/194349198
194447379,2023-12-19,42.3791866297,-71.5723768644,2.0,research,42051,Canis latrans,Coyote,False,https://www.inaturalist.org/observations/194447379
194447380,2023-12-19,42.3791938992,-71.5725240506,2.0,research,42051,Canis latrans,Coyote,False,https://www.inaturalist.org/observations/194447380
194447383,2023-12-19,42.3791856458,-71.5724745974,2.0,research,42051,Canis latrans,Coyote,False,https://www.inaturalist.org/observations/194447383
194447386,2023-12-20,42.3791588976,-71.5725201949,2.0,research,42051,Canis latrans,Coyote,False,https://www.inaturalist.org/observations/194447386
194514248,2023-12-21,42.6830251904,-70.775802233,108.0,research,42051,Canis latrans,Coyote,False,https://www.inaturalist.org/observations/194514248
194527679,2023-12-21,42.3659373615,-71.2608366588,4.0,research,42051,Canis latrans,Coyote,False,https://www.inaturalist.org/observations/194527679
194677216,2023-12-20,42.3791430782,-71.5724387925,2.0,research,42051,Canis latrans,Coyote,False,https://www.inaturalist.org/observations/194677216
194677218,2023-12-21,42.3791347116,-71.572497801,2.0,research,42051,Canis latrans,Coyote,False,https://www.inaturalist.org/observations/194677218
194677221,2023-12-22,42.3791620461,-71.5725092004,2.0,research,42051,Canis latrans,Coyote,False,https://www.inaturalist.org/observations/194677221
194677222,2023-12-22,42.3792056358,-71.5724954541,2.0,research,42051,Canis latrans,Coyote,False,https://www.inaturalist.org/observations/194677222
194695772,2023-12-23,41.69551342,-70.0048891,6.0,research,42051,Canis latrans,Coyote,False,https://www.inaturalist.org/observations/194695772
194849007,2023-12-25,42.72412085,-73.26577361,4.0,research,42051,Canis latrans,Coyote,False,https://www.inaturalist.org/observations/194849007
194923963,2023-12-25,42.3791321078,-71.5725225957,2.0,research,42051,Canis latrans,Coyote,False,https://www.inaturalist.org/observations/194923963
194923970,2023-12-26,42.3792492096,-71.5727130326,2.0,research,42051,Canis latrans,Coyote,False,https://www.inaturalist.org/observations/194923970
195017184,2023-12-26,41.5775094,-70.5279111,178.0,research,42051,Canis latrans,Coyote,False,https://www.inaturalist.org/observations/195017184
196016531,2023-12-30,42.3792872889,-71.572252943,2.0,research,42051,Canis latrans,Coyote,False,https://www.inaturalist.org/observations/196016531
196016532,2024-01-01,42.3792152688,-71.5722261209,2.0,research,42051,Canis latrans,Coyote,False,https://www.inaturalist.org/observations/196016532
196016534,2024-01-01,42.3792400356,-71.5724889774,2.0,research,42051,Canis latrans,Coyote,False,https://www.inaturalist.org/observations/196016534
196016535,2024-01-03,42.3792786718,-71.5723870535,2.0,research,42051,Canis latrans,Coyote,False,https://www.inaturalist.org/observations/196016535
196016537,2024-01-04,42.3794431233,-71.5723065872,2.0,research,42051,Canis latrans,Coyote,False,https://www.inaturalist.org/observations/196016537
196019573,2023-11-23,41.4466385869,-70.6373224393,94.0,research,42051,Canis latrans,Coyote,False,https://www.inaturalist.org/observations/196019573
196304828,2024-01-08,41.563297,-70.614982,26.0,research,42051,Canis latrans,Coyote,False,https://www.inaturalist.org/observations/196304828
196360723,2024-01-11,42.5465075288,-72.7573845184,31.0,research,42051,Canis latrans,Coyote,False,https://www.inaturalist.org/observations/196360723
196568229,2024-01-13,42.4203033333,-71.180655,12.0,research,42051,Canis latrans,Coyote,False,https://www.inaturalist.org/observations/196568229
196943717,2024-01-17,41.5296096526,-70.6498547965,89.0,research,42051,Canis latrans,Coyote,False,https://www.inaturalist.org/observations/196943717
196949235,2024-01-17,41.7742205927,-70.5178073474,15.0,research,42051,Canis latrans,Coyote,False,https://www.inaturalist.org/observations/196949235
197237918,2024-01-20,42.4493318212,-71.2376812971,31.0,research,42051,Canis latrans,Coyote,False,https://www.inaturalist.org/observations/197237918
197281644,2024-01-21,42.4322133333,-71.1250916667,12.0,research,42051,Canis latrans,Coyote,False,https://www.inaturalist.org/observations/197281644
197461857,2024-01-24,42.370755,-71.1443721667,4.0,research,42051,Canis latrans,Coyote,False,https://www.inaturalist.org/observations/197461857
197493317,2024-01-24,41.5632092068,-70.6148573756,21.0,research,42051,Canis latrans,Coyote,False,https://www.inaturalist.org/observations/197493317
197495612,2024-01-24,42.1495746,-71.6623584997,,research,42051,Canis latrans,Coyote,False,https://www.inaturalist.org/observations/197495612
197606047,2024-01-24,41.56333,-70.6148216667,4.0,research,42051,Canis latrans,Coyote,False,https://www.inaturalist.org/observations/197606047
197650141,2024-01-26,42.4676883333,-71.0905305,5.0,research,42051,Canis latrans,Coyote,False,https://www.inaturalist.org/observations/197650141
197689999,2024-01-27,42.2591461985,-71.6000295877,22.0,research,42051,Canis latrans,Coyote,False,https://www.inaturalist.org/observations/197689999
197728857,2024-01-27,42.4675312997,-71.09093,,research,42051,Canis latrans,Coyote,False,https://www.inaturalist.org/observations/197728857
197808793,2024-01-01,42.4406206545,-70.9861985255,97.0,research,42051,Canis latrans,Coyote,False,https://www.inaturalist.org/observations/197808793
197985021,2024-01-29,42.3442611111,-72.5654055556,,research,42051,Canis latrans,Coyote,False,https://www.inaturalist.org/observations/197985021
198438724,2024-01-31,42.0313228436,-70.9236190769,31.0,research,42051,Canis latrans,Coyote,False,https://www.inaturalist.org/observations/198438724
198615266,2024-02-06,42.3666833333,-71.50325,28.0,research,42051,Canis latrans,Coyote,False,https://www.inaturalist.org/observations/198615266
198754931,2024-02-08,42.0791941,-70.2142992997,,research,42051,Canis latrans,Coyote,False,https://www.inaturalist.org/observations/198754931
199042886,2024-02-11,42.4972644839,-71.3617673474,65.0,research,42051,Canis latrans,Coyote,False,https://www.inaturalist.org/observations/199042886
199083316,2024-02-11,42.3707894343,-71.2566269007,128.0,research,42051,Canis latrans,Coyote,False,https://www.inaturalist.org/observations/199083316
199136282,2024-02-04,42.4529784169,-71.0821974253,61.0,research,42051,Canis latrans,Coyote,False,https://www.inaturalist.org/observations/199136282
199136534,2024-02-05,42.4530182065,-71.0822125201,61.0,research,42051,Canis latrans,Coyote,False,https://www.inaturalist.org/observations/199136534
199472468,2024-02-16,41.9478916667,-71.0914777778,,research,42051,Canis latrans,Coyote,False,https://www.inaturalist.org/observations/199472468
199519609,2024-02-14,42.23102,-70.8769533333,3.0,research,42051,Canis latrans,Coyote,False,https://www.inaturalist.org/observations/199519609
199755019,2024-01-09,42.6518688843,-70.6301543376,6.0,research,42051,Canis latrans,Coyote,False,https://www.inaturalist.org/observations/199755019
199891007,2024-02-20,41.5862032514,-70.9352052589,43.0,research,42051,Canis latrans,Coyote,False,https://www.inaturalist.org/observations/199891007
200149057,2024-02-20,42.4955940237,-71.3621094369,94.0,research,42051,Canis latrans,Coyote,False,https://www.inaturalist.org/observations/200149057
200289032,2024-02-24,41.3929120857,-70.6520936602,64.0,research,42051,Canis latrans,Coyote,False,https://www.inaturalist.org/observations/200289032
200295788,2024-02-24,42.1308361667,-71.3697133333,4.0,research,42051,Canis latrans,Coyote,False,https://www.inaturalist.org/observations/200295788
200465323,2024-02-25,42.5030466667,-71.6318666667,8.0,research,42051,Canis latrans,Coyote,False,https://www.inaturalist.org/observations/200465323
200465381,2024-02-25,42.50338,-71.62652,4.0,research,42051,Canis latrans,Coyote,False,https://www.inaturalist.org/observations/200465381
200511998,2024-02-25,42.4051211911,-71.3310630415,216.0,research,42051,Canis latrans,Coyote,False,https://www.inaturalist.org/observations/200511998
200584737,2024-02-26,41.9931071566,-70.6995157915,24.0,research,42051,Canis latrans,Coyote,False,https://www.inaturalist.org/observations/200584737
200740218,2024-02-13,42.3663048485,-71.2651533411,1.0,research,42051,Canis latrans,Coyote,False,https://www.inaturalist.org/observations/200740218
200965097,2024-01-13,42.276855,-71.2623283333,4.0,research,42051,Canis latrans,Coyote,False,https://www.inaturalist.org/observations/200965097
201573133,2024-03-07,42.3706479353,-71.1495253901,73.0,research,42051,Canis latrans,Coyote,False,https://www.inaturalist.org/observations/201573133
201635714,2023-12-27,42.404980132,-71.3305335663,146.0,research,42051,Canis latrans,Coyote,False,https://www.inaturalist.org/observations/201635714
201812272,2024-03-06,42.4857014776,-71.463287276,7.0,research,42051,Canis latrans,Coyote,False,https://www.inaturalist.org/observations/201812272
201812273,2024-03-06,42.4857052327,-71.4632916346,1.0,research,42051,Canis latrans,Coyote,False,https://www.inaturalist.org/observations/201812273
201847511,2024-02-29,42.4071146179,-71.3269718487,28.0,research,42051,Canis latrans,Coyote,False,https://www.inaturalist.org/observations/201847511
202585850,2024-03-15,41.9478861111,-71.0914944444,,research,42051,Canis latrans,Coyote,False,https://www.inaturalist.org/observations/202585850
202598293,2024-03-15,42.0482134908,-71.0017656994,25.0,research,42051,Canis latrans,Coyote,False,https://www.inaturalist.org/observations/202598293
202732622,2024-03-16,42.4244616667,-71.0355083333,4.0,research,42051,Canis latrans,Coyote,False,https://www.inaturalist.org/observations/202732622
202900155,2024-03-17,41.68977689,-70.01191699,4.0,research,42051,Canis latrans,Coyote,False,https://www.inaturalist.org/observations/202900155
203102023,2024-03-01,42.365743,-71.263771,,research,42051,Canis latrans,Coyote,False,https://www.inaturalist.org/observations/203102023
203147686,2024-03-18,42.6355720884,-70.6426572209,2.0,research,42051,Canis latrans,Coyote,False,https://www.inaturalist.org/observations/203147686
203288730,2024-03-20,42.6575723006,-70.6670149416,74.0,research,42051,Canis latrans,Coyote,False,https://www.inaturalist.org/observations/203288730
203650954,2024-03-22,42.0376224449,-70.9283299479,31.0,research,42051,Canis latrans,Coyote,False,https://www.inaturalist.org/observations/203650954
203954531,2024-03-25,42.0619955004,-70.2280152627,15.0,research,42051,Canis latrans,Coyote,False,https://www.inaturalist.org/observations/203954531
203988160,2024-03-17,41.9385083333,-70.786775,4.0,research,42051,Canis latrans,Coyote,False,https://www.inaturalist.org/observations/203988160
204035452,2024-03-26,42.30964583,-73.34634435,8.0,research,42051,Canis latrans,Coyote,False,https://www.inaturalist.org/observations/204035452
204595203,2024-03-30,42.4261081047,-71.2187377747,5.0,research,42051,Canis latrans,Coyote,False,https://www.inaturalist.org/observations/204595203
205160409,2024-01-09,42.1993672209,-71.1931795249,23.0,research,42051,Canis latrans,Coyote,False,https://www.inaturalist.org/observations/205160409
205414068,2023-12-18,42.2425138889,-70.8033138889,35.0,research,42051,Canis latrans,Coyote,False,https://www.inaturalist.org/observations/205414068
206947524,2024-04-13,42.4332083333,-71.0811305,40.0,research,42051,Canis latrans,Coyote,False,https://www.inaturalist.org/observations/206947524
207667372,2024-04-16,42.3045136968,-71.1006584018,182.0,research,42051,Canis latrans,Coyote,False,https://www.inaturalist.org/observations/207667372
207802313,2024-04-16,41.8922781488,-70.5400170386,19.0,research,42051,Canis latrans,Coyote,False,https://www.inaturalist.org/observations/207802313
208211131,2024-04-14,42.2955266667,-71.6284516667,,research,42051,Canis latrans,Coyote,False,https://www.inaturalist.org/observations/208211131
208730612,2024-04-22,42.4840917712,-72.2637770713,23.0,research,42051,Canis latrans,Coyote,False,https://www.inaturalist.org/observations/208730612
209356396,2023-11-10,41.9954616667,-70.0296388333,15.0,research,42051,Canis latrans,Coyote,False,https://www.inaturalist.org/observations/209356396
209784663,2024-04-26,41.6806401711,-70.5337118074,183.0,research,42051,Canis latrans,Coyote,False,https://www.inaturalist.org/observations/209784663
211209058,2024-04-26,42.6355936134,-70.6426909416,4.0,research,42051,Canis latrans,Coyote,False,https://www.inaturalist.org/observations/211209058
212738106,2024-05-01,41.8791483473,-70.5566188351,31.0,research,42051,Canis latrans,Coyote,False,https://www.inaturalist.org/observations/212738106
212774782,2024-05-01,41.6594878353,-70.551924035,212.0,research,42051,Canis latrans,Coyote,False,https://www.inaturalist.org/observations/212774782
213014079,2024-05-02,42.3699180795,-71.1414014921,191.0,research,42051,Canis latrans,Coyote,False,https://www.inaturalist.org/observations/213014079
213127134,2023-03-16,42.6232566833,-71.6427841187,,research,42051,Canis latrans,Coyote,False,https://www.inaturalist.org/observations/213127134
213135488,2024-04-27,42.7286555556,-71.0268027778,4.0,research,42051,Canis latrans,Coyote,False,https://www.inaturalist.org/observations/213135488
213135514,2024-04-27,42.7279083333,-71.0289527778,4.0,research,42051,Canis latrans,Coyote,False,https://www.inaturalist.org/observations/213135514
213177901,2024-05-03,42.4901859027,-71.1862617731,12.0,research,42051,Canis latrans,Coyote,False,https://www.inaturalist.org/observations/213177901
213422147,2024-04-27,42.275917426,-71.0564314443,25.0,research,42051,Canis latrans,Coyote,False,https://www.inaturalist.org/observations/213422147
213568964,2024-05-03,42.2869616667,-71.0467611667,35.0,research,42051,Canis latrans,Coyote,False,https://www.inaturalist.org/observations/213568964
213689875,2024-05-05,42.476925,-70.91192,35.0,research,42051,Canis latrans,Coyote,False,https://www.inaturalist.org/observations/213689875
214291107,2024-05-07,42.6481555556,-70.631225,,research,42051,Canis latrans,Coyote,False,https://www.inaturalist.org/observations/214291107
214665786,2024-05-09,42.6342767693,-70.8287082164,31.0,research,42051,Canis latrans,Coyote,False,https://www.inaturalist.org/observations/214665786
215132387,2024-05-07,42.4633002784,-71.1602849384,2.0,research,42051,Canis latrans,Coyote,False,https://www.inaturalist.org/observations/215132387
215554874,2024-01-06,42.5066903178,-71.41556834,24.0,research,42051,Canis latrans,Coyote,False,https://www.inaturalist.org/observations/215554874
215572686,2024-05-13,41.8194901643,-69.9602930318,18.0,research,42051,Canis latrans,Coyote,False,https://www.inaturalist.org/observations/215572686
215607986,2024-05-11,41.6240110293,-70.5352272838,235.0,research,42051,Canis latrans,Coyote,False,https://www.inaturalist.org/observations/215607986
215647741,2024-05-10,42.5019333333,-72.2801666667,4.0,research,42051,Canis latrans,Coyote,False,https://www.inaturalist.org/observations/215647741
215707217,2024-05-04,42.264355411,-71.1238561405,3.0,research,42051,Canis latrans,Coyote,False,https://www.inaturalist.org/observations/215707217
215784460,2024-05-13,42.453045,-71.2937783333,4.0,research,42051,Canis latrans,Coyote,False,https://www.inaturalist.org/observations/215784460
217403258,2024-05-20,42.4769138889,-70.9120194444,,research,42051,Canis latrans,Coyote,False,https://www.inaturalist.org/observations/217403258
217620816,2024-05-22,42.0006861117,-70.0762333333,4.0,research,42051,Canis latrans,Coyote,False,https://www.inaturalist.org/observations/217620816
218287766,2024-05-26,41.9223785762,-69.9785717648,9.0,research,42051,Canis latrans,Coyote,False,https://www.inaturalist.org/observations/218287766
218387737,2024-05-23,42.5184656047,-71.0371894955,106.0,research,42051,Canis latrans,Coyote,False,https://www.inaturalist.org/observations/218387737
218737700,2024-05-19,41.8007888889,-69.9531166667,12.0,research,42051,Canis latrans,Coyote,False,https://www.inaturalist.org/observations/218737700
219028303,2024-05-28,41.8535320777,-69.9979161099,6.0,research,42051,Canis latrans,Coyote,False,https://www.inaturalist.org/observations/219028303
219078100,2024-05-29,42.0386695,-72.5973133333,4.0,research,42051,Canis latrans,Coyote,False,https://www.inaturalist.org/observations/219078100
219444241,2024-05-30,42.0355695729,-70.0811992908,4.0,research,42051,Canis latrans,Coyote,False,https://www.inaturalist.org/observations/219444241
220508020,2024-06-01,42.6677673168,-70.8114029501,50.0,research,42051,Canis latrans,Coyote,False,https://www.inaturalist.org/observations/220508020
220676035,2024-06-05,42.41636692,-71.225884,4.0,research,42051,Canis latrans,Coyote,False,https://www.inaturalist.org/observations/220676035
220944692,2024-05-30,42.117226,-71.988817,49.0,research,42051,Canis latrans,Coyote,False,https://www.inaturalist.org/observations/220944692
221994061,2024-03-30,42.2604254203,-71.1079172908,15.0,research,42051,Canis latrans,Coyote,False,https://www.inaturalist.org/observations/221994061
222105784,2024-06-11,41.70015,-70.40673,3.0,research,42051,Canis latrans,Coyote,False,https://www.inaturalist.org/observations/222105784
222260522,2024-06-12,42.463795,-71.0729305,4.0,research,42051,Canis latrans,Coyote,False,https://www.inaturalist.org/observations/222260522
223192520,2023-03-02,42.5134083333,-70.9396066667,,research,42051,Canis latrans,Coyote,False,https://www.inaturalist.org/observations/223192520
223202380,2023-06-24,42.4380802148,-71.0621469095,188.0,research,42051,Canis latrans,Coyote,False,https://www.inaturalist.org/observations/223202380
223239191,2024-06-16,41.5624666667,-70.6050866667,4.0,research,42051,Canis latrans,Coyote,False,https://www.inaturalist.org/observations/223239191
224484194,2024-06-22,42.3891633333,-70.990645,,research,42051,Canis latrans,Coyote,False,https://www.inaturalist.org/observations/224484194
224488786,2024-06-22,41.6648,-69.9511416667,4.0,research,42051,Canis latrans,Coyote,False,https://www.inaturalist.org/observations/224488786
224974620,2024-06-24,42.3058583333,-71.1039888333,22.0,research,42051,Canis latrans,Coyote,False,https://www.inaturalist.org/observations/224974620
225385717,2024-06-26,41.918605,-70.0668805,5.0,research,42051,Canis latrans,Coyote,False,https://www.inaturalist.org/observations/225385717
225832492,2024-06-28,42.0430854271,-71.2522244433,239.0,research,42051,Canis latrans,Coyote,False,https://www.inaturalist.org/observations/225832492
226065627,2024-06-25,42.5694113,-72.5313593,201.0,research,42051,Canis latrans,Coyote,False,https://www.inaturalist.org/observations/226065627
226196357,2024-06-30,41.8668661944,-69.9960702748,22.0,research,42051,Canis latrans,Coyote,False,https://www.inaturalist.org/observations/226196357
226372594,2023-11-05,41.9956261975,-70.0295953573,22.0,research,42051,Canis latrans,Coyote,False,https://www.inaturalist.org/observations/226372594
226372974,2023-11-24,41.9957338293,-70.0295970743,22.0,research,42051,Canis latrans,Coyote,False,https://www.inaturalist.org/observations/226372974
226711928,2024-07-02,41.866705,-69.995675,4.0,research,42051,Canis latrans,Coyote,False,https://www.inaturalist.org/observations/226711928
226775453,2024-05-10,41.9882929579,-70.7057093254,73.0,research,42051,Canis latrans,Coyote,False,https://www.inaturalist.org/observations/226775453
226805524,2024-07-02,42.289995,-71.0251166667,4.0,research,42051,Canis latrans,Coyote,False,https://www.inaturalist.org/observations/226805524
226805998,2024-05-12,41.8888634378,-69.9916069878,111.0,research,42051,Canis latrans,Coyote,False,https://www.inaturalist.org/observations/226805998
226932489,2024-06-07,42.3057863594,-71.0939129859,36.0,research,42051,Canis latrans,Coyote,False,https://www.inaturalist.org/observations/226932489
227908109,2024-07-07,42.0135771072,-70.9483230893,31.0,research,42051,Canis latrans,Coyote,False,https://www.inaturalist.org/observations/227908109
228051604,2024-07-08,42.0992305,-71.38868,4.0,research,42051,Canis latrans,Coyote,False,https://www.inaturalist.org/observations/228051604
228242383,2023-09-08,41.8844549762,-69.9951373252,122.0,research,42051,Canis latrans,Coyote,False,https://www.inaturalist.org/observations/228242383
229971249,2024-07-17,42.6468083333,-70.8691633333,4.0,research,42051,Canis latrans,Coyote,False,https://www.inaturalist.org/observations/229971249
230088119,2024-07-17,42.0809413194,-70.2188328194,,research,42051,Canis latrans,Coyote,False,https://www.inaturalist.org/observations/230088119
230388092,2024-07-19,41.6004330055,-70.8245420776,210.0,research,42051,Canis latrans,Coyote,False,https://www.inaturalist.org/observations/230388092
230828483,2024-07-16,42.3704463377,-71.1443919613,191.0,research,42051,Canis latrans,Coyote,False,https://www.inaturalist.org/observations/230828483
231195600,2024-07-22,41.8230091015,-69.9647725562,13.0,research,42051,Canis latrans,Coyote,False,https://www.inaturalist.org/observations/231195600
231287122,2024-07-23,42.32363,-71.0832259722,,research,42051,Canis latrans,Coyote,False,https://www.inaturalist.org/observations/231287122
231750155,2024-07-18,42.37912005,-71.5724424468,10.0,research,42051,Canis latrans,Coyote,False,https://www.inaturalist.org/observations/231750155
232373783,2024-07-28,42.2509883333,-71.1523278333,35.0,research,42051,Canis latrans,Coyote,False,https://www.inaturalist.org/observations/232373783
233465620,2024-02-24,42.2235072836,-71.2537746532,31.0,research,42051,Canis latrans,Coyote,False,https://www.inaturalist.org/observations/233465620
234059597,2024-08-05,41.870905,-70.0040972167,5.0,research,42051,Canis latrans,Coyote,False,https://www.inaturalist.org/observations/234059597
234508731,2024-08-07,42.4765591306,-72.3462481399,13.0,research,42051,Canis latrans,Coyote,False,https://www.inaturalist.org/observations/234508731
234592979,2024-08-08,42.2343194683,-71.7084030434,53.0,research,42051,Canis latrans,Coyote,False,https://www.inaturalist.org/observations/234592979
234709970,2024-08-09,42.2383528629,-70.870013547,23.0,research,42051,Canis latrans,Coyote,False,https://www.inaturalist.org/observations/234709970
234972262,2024-08-10,42.2639111111,-70.8733888889,,research,42051,Canis latrans,Coyote,False,https://www.inaturalist.org/observations/234972262
235345277,2024-06-20,42.3124298316,-71.4341923704,155.0,research,42051,Canis latrans,Coyote,False,https://www.inaturalist.org/observations/235345277
235347100,2024-07-04,42.3121442169,-71.43387051,155.0,research,42051,Canis latrans,Coyote,False,https://www.inaturalist.org/observations/235347100
235349071,2024-07-18,42.3121600917,-71.4339992568,155.0,research,42051,Canis latrans,Coyote,False,https://www.inaturalist.org/observations/235349071
235541882,2024-08-01,42.2676027943,-71.5351188056,23.0,research,42051,Canis latrans,Coyote,False,https://www.inaturalist.org/observations/235541882
235613297,2024-08-13,42.463475,-72.3425888889,,research,42051,Canis latrans,Coyote,False,https://www.inaturalist.org/observations/235613297
235653403,2024-07-15,41.759625,-70.1331416667,4.0,research,42051,Canis latrans,Coyote,False,https://www.inaturalist.org/observations/235653403
235946392,2024-08-14,42.401512828,-71.1845697048,127.0,research,42051,Canis latrans,Coyote,False,https://www.inaturalist.org/observations/235946392
236108160,2024-08-10,42.3079650728,-71.703692935,8.0,research,42051,Canis latrans,Coyote,False,https://www.inaturalist.org/observations/236108160
236754011,2019-08-04,42.2901763532,-71.1620517064,1.0,research,42051,Canis latrans,Coyote,False,https://www.inaturalist.org/observations/236754011
237037464,2024-08-20,41.8821273778,-69.9980559638,8.0,research,42051,Canis latrans,Coyote,False,https://www.inaturalist.org/observations/237037464
237168668,2024-08-18,42.3081096365,-71.7029821013,4.0,research,42051,Canis latrans,Coyote,False,https://www.inaturalist.org/observations/237168668
237266773,2024-08-21,42.6196201,-71.0107729,35.0,research,42051,Canis latrans,Coyote,False,https://www.inaturalist.org/observations/237266773
237348794,2024-08-22,42.4436891,-71.0721170997,,research,42051,Canis latrans,Coyote,False,https://www.inaturalist.org/observations/237348794
237554522,2024-08-10,42.2910623464,-71.0239126844,8.0,research,42051,Canis latrans,Coyote,False,https://www.inaturalist.org/observations/237554522
237626393,2024-08-23,41.6636664296,-70.3617974641,23.0,research,42051,Canis latrans,Coyote,False,https://www.inaturalist.org/observations/237626393
237672031,2024-08-24,42.05121562,-72.7664097771,16.0,research,42051,Canis latrans,Coyote,False,https://www.inaturalist.org/observations/237672031
237934209,2024-08-21,41.6618255323,-69.9398414503,138.0,research,42051,Canis latrans,Coyote,False,https://www.inaturalist.org/observations/237934209
238123598,2024-08-20,41.5028533333,-70.70523,8.0,research,42051,Canis latrans,Coyote,False,https://www.inaturalist.org/observations/238123598
238545328,2024-08-28,42.632655,-70.6765216667,10.0,research,42051,Canis latrans,Coyote,False,https://www.inaturalist.org/observations/238545328
239859944,2024-08-20,41.8101722222,-71.3032138889,9.0,research,42051,Canis latrans,Coyote,False,https://www.inaturalist.org/observations/239859944
240689573,2024-09-08,42.3864149692,-70.9930898065,15.0,research,42051,Canis latrans,Coyote,False,https://www.inaturalist.org/observations/240689573
240795389,2024-09-07,41.7752283333,-69.97822,7.0,research,42051,Canis latrans,Coyote,False,https://www.inaturalist.org/observations/240795389
241125384,2024-09-11,42.4034560716,-71.2147833779,21.0,research,42051,Canis latrans,Coyote,False,https://www.inaturalist.org/observations/241125384
241137886,2024-09-11,42.368933444,-71.1416837946,95.0,research,42051,Canis latrans,Coyote,False,https://www.inaturalist.org/observations/241137886
242593594,2024-09-15,41.832745,-69.9475783333,6.0,research,42051,Canis latrans,Coyote,False,https://www.inaturalist.org/observations/242593594
243157010,2024-09-11,41.6649409058,-69.9420260034,31.0,research,42051,Canis latrans,Coyote,False,https://www.inaturalist.org/observations/243157010
243622697,2024-09-23,41.78398,-70.0325555,4.0,research,42051,Canis latrans,Coyote,False,https://www.inaturalist.org/observations/243622697
243700190,2024-09-23,41.7874333333,-70.0250695,4.0,research,42051,Canis latrans,Coyote,False,https://www.inaturalist.org/observations/243700190
244143929,2024-09-26,42.2865572786,-71.0497607352,36.0,research,42051,Canis latrans,Coyote,False,https://www.inaturalist.org/observations/244143929
244794424,2024-09-29,42.271925,-71.2189863883,,research,42051,Canis latrans,Coyote,False,https://www.inaturalist.org/observations/244794424
244842458,2024-09-29,42.3008004483,-71.7826080323,9.0,research,42051,Canis latrans,Coyote,False,https://www.inaturalist.org/observations/244842458
245118175,2024-07-04,42.3060490004,-71.0941536729,47.0,research,42051,Canis latrans,Coyote,False,https://www.inaturalist.org/observations/245118175
245120155,2024-07-14,42.3060625293,-71.0944462101,29.0,research,42051,Canis latrans,Coyote,False,https://www.inaturalist.org/observations/245120155
245486249,2024-10-03,42.0407110171,-70.9315429417,15.0,research,42051,Canis latrans,Coyote,False,https://www.inaturalist.org/observations/245486249
245975468,2024-08-16,42.0236945,-70.188505,4.0,research,42051,Canis latrans,Coyote,False,https://www.inaturalist.org/observations/245975468
246045079,2024-10-06,42.4580327641,-71.898273197,8.0,research,42051,Canis latrans,Coyote,False,https://www.inaturalist.org/observations/246045079
246163550,2024-10-03,42.2771467274,-73.037950879,48.0,research,42051,Canis latrans,Coyote,False,https://www.inaturalist.org/observations/246163550
246365697,2024-09-19,42.0799419,-70.219717,186.0,research,42051,Canis latrans,Coyote,False,https://www.inaturalist.org/observations/246365697
246683052,2024-10-10,42.2612,-71.73237,4.0,research,42051,Canis latrans,Coyote,False,https://www.inaturalist.org/observations/246683052
246981712,2024-06-16,42.36594,-71.26529,,research,42051,Canis latrans,Coyote,False,https://www.inaturalist.org/observations/246981712
247144758,2024-10-13,42.0397310704,-70.9266680293,3.0,research,42051,Canis latrans,Coyote,False,https://www.inaturalist.org/observations/247144758
247562887,2024-10-15,42.2238757027,-71.2607951265,73.0,research,42051,Canis latrans,Coyote,False,https://www.inaturalist.org/observations/247562887
247846877,2024-10-17,42.041725,-70.1977383333,4.0,research,42051,Canis latrans,Coyote,False,https://www.inaturalist.org/observations/247846877
248205699,2024-10-19,42.646967756,-70.6036182493,62.0,research,42051,Canis latrans,Coyote,False,https://www.inaturalist.org/observations/248205699
248244466,2024-10-20,41.9004222222,-70.6677638889,6.0,research,42051,Canis latrans,Coyote,False,https://www.inaturalist.org/observations/248244466
248366806,2024-10-20,42.5802203732,-70.6645342335,235.0,research,42051,Canis latrans,Coyote,False,https://www.inaturalist.org/observations/248366806
248616064,2024-10-21,42.3103111111,-72.3208527778,,research,42051,Canis latrans,Coyote,False,https://www.inaturalist.org/observations/248616064
248724681,2024-10-23,42.48180838,-71.08726753,16.0,research,42051,Canis latrans,Coyote,False,https://www.inaturalist.org/observations/248724681
249078184,2024-10-25,42.1326861667,-71.54535,4.0,research,42051,Canis latrans,Coyote,False,https://www.inaturalist.org/observations/249078184
249085626,2024-10-25,42.3139583333,-71.0367805,4.0,research,42051,Canis latrans,Coyote,False,https://www.inaturalist.org/observations/249085626
249145408,2024-10-16,42.3743876644,-71.1408299871,191.0,research,42051,Canis latrans,Coyote,False,https://www.inaturalist.org/observations/249145408
249187718,2024-10-26,42.3106388889,-72.3248111111,,research,42051,Canis latrans,Coyote,False,https://www.inaturalist.org/observations/249187718
249336660,2024-10-27,42.0520333333,-70.22477,3.0,research,42051,Canis latrans,Coyote,False,https://www.inaturalist.org/observations/249336660
249714370,2024-10-29,42.3172033333,-71.0451278333,4.0,research,42051,Canis latrans,Coyote,False,https://www.inaturalist.org/observations/249714370
249925880,2024-10-31,42.414144,-71.0958779722,,research,42051,Canis latrans,Coyote,False,https://www.inaturalist.org/observations/249925880
250905742,2024-11-08,42.4340833333,-71.0797027778,,research,42051,Canis latrans,Coyote,False,https://www.inaturalist.org/observations/250905742
250922703,2024-09-30,42.42997,-71.1813883333,11.0,research,42051,Canis latrans,Coyote,False,https://www.inaturalist.org/observations/250922703
251117117,2024-11-02,42.2659216667,-72.6673583333,102.0,research,42051,Canis latrans,Coyote,False,https://www.inaturalist.org/observations/251117117
251210714,2024-10-13,42.3007186667,-71.2085871485,4.0,research,42051,Canis latrans,Coyote,False,https://www.inaturalist.org/observations/251210714
251381056,2024-11-01,42.0668731817,-70.2018320303,186.0,research,42051,Canis latrans,Coyote,False,https://www.inaturalist.org/observations/251381056
251614402,2024-11-13,42.1767937354,-70.7805167274,65.0,research,42051,Canis latrans,Coyote,False,https://www.inaturalist.org/observations/251614402
251623068,2024-11-13,42.272945,-71.2259216667,40.0,research,42051,Canis latrans,Coyote,False,https://www.inaturalist.org/observations/251623068
251632991,2024-11-14,42.2921243291,-71.1306893429,6.0,research,42051,Canis latrans,Coyote,False,https://www.inaturalist.org/observations/251632991
251772073,2021-04-14,42.042602584,-70.6392181618,31.0,research,42051,Canis latrans,Coyote,False,https://www.inaturalist.org/observations/251772073
251848425,2024-11-15,42.3207883333,-71.26317,4.0,research,42051,Canis latrans,Coyote,False,https://www.inaturalist.org/observations/251848425
252106788,2024-11-15,42.4902797915,-71.3686692342,138.0,research,42051,Canis latrans,Coyote,False,https://www.inaturalist.org/observations/252106788
252167548,2019-12-29,42.3306659428,-71.3848341492,23.0,research,42051,Canis latrans,Coyote,False,https://www.inaturalist.org/observations/252167548
252279593,2024-11-16,42.0747861667,-70.2376166667,4.0,research,42051,Canis latrans,Coyote,False,https://www.inaturalist.org/observations/252279593
253062006,2024-11-25,42.689195,-70.83003,100.0,research,42051,Canis latrans,Coyote,False,https://www.inaturalist.org/observations/253062006
253067838,2024-11-25,42.4773683065,-71.2479111725,4.0,research,42051,Canis latrans,Coyote,False,https://www.inaturalist.org/observations/253067838
253102680,2019-08-07,42.4661916667,-71.0910416667,,research,42051,Canis latrans,Coyote,False,https://www.inaturalist.org/observations/253102680
253311548,2024-11-27,42.062491,-71.0910259722,,research,42051,Canis latrans,Coyote,False,https://www.inaturalist.org/observations/253311548
253636019,2024-11-28,42.6673619402,-71.6260334141,15.0,research,42051,Canis latrans,Coyote,False,https://www.inaturalist.org/observations/253636019
253817999,2024-12-01,42.2739736274,-71.6315025838,3.0,research,42051,Canis latrans,Coyote,False,https://www.inaturalist.org/observations/253817999
254366836,2024-12-06,42.65970961,-70.60062105,5.0,research,42051,Canis latrans,Coyote,False,https://www.inaturalist.org/observations/254366836
254426734,2024-12-07,42.491917,-71.281627,38.0,research,42051,Canis latrans,Coyote,False,https://www.inaturalist.org/observations/254426734
254515750,2024-12-06,42.4525708664,-71.0819870074,61.0,research,42051,Canis latrans,Coyote,False,https://www.inaturalist.org/observations/254515750
254522031,2024-12-08,42.403725,-71.2143694444,,research,42051,Canis latrans,Coyote,False,https://www.inaturalist.org/observations/254522031
254743170,2024-12-10,42.0423055556,-71.8283305556,5.0,research,42051,Canis latrans,Coyote,False,https://www.inaturalist.org/observations/254743170
255037329,2024-12-12,42.0793888333,-70.2193366667,3.0,research,42051,Canis latrans,Coyote,False,https://www.inaturalist.org/observations/255037329
255082346,2024-11-15,41.7701586789,-70.5969546363,64.0,research,42051,Canis latrans,Coyote,False,https://www.inaturalist.org/observations/255082346
255141027,2024-12-14,42.4283416667,-71.172225,11.0,research,42051,Canis latrans,Coyote,False,https://www.inaturalist.org/observations/255141027
255362433,2024-12-16,41.6432452608,-70.2265656312,23.0,research,42051,Canis latrans,Coyote,False,https://www.inaturalist.org/observations/255362433
255806905,2024-12-21,42.5800428705,-71.4557047561,8.0,research,42051,Canis latrans,Coyote,False,https://www.inaturalist.org/observations/255806905
255947095,2024-12-13,42.1363071508,-72.6577092583,12.0,research,42051,Canis latrans,Coyote,False,https://www.inaturalist.org/observations/255947095
256005679,2024-12-23,42.0376225483,-71.5467784926,48.0,research,42051,Canis latrans,Coyote,False,https://www.inaturalist.org/observations/256005679
256082007,2024-12-22,42.8321038771,-70.9146790579,59.0,research,42051,Canis latrans,Coyote,False,https://www.inaturalist.org/observations/256082007
256088600,2024-04-20,42.4254934398,-71.4334701578,5.0,research,42051,Canis latrans,Coyote,False,https://www.inaturalist.org/observations/256088600
256088601,2024-04-23,42.4254964097,-71.4334621112,4.0,research,42051,Canis latrans,Coyote,False,https://www.inaturalist.org/observations/256088601
256088602,2024-04-29,42.4254855203,-71.4334701578,5.0,research,42051,Canis latrans,Coyote,False,https://www.inaturalist.org/observations/256088602
256227710,2024-12-25,42.314195,-71.0429916667,2.0,research,42051,Canis latrans,Coyote,False,https://www.inaturalist.org/observations/256227710
256457759,2024-12-25,42.4718485132,-71.1697210123,146.0,research,42051,Canis latrans,Coyote,False,https://www.inaturalist.org/observations/256457759
256515492,2024-12-27,42.388625,-73.29438,4.0,research,42051,Canis latrans,Coyote,False,https://www.inaturalist.org/observations/256515492
257159817,2025-01-02,42.5689387948,-71.1785390863,25.0,research,42051,Canis latrans,Coyote,False,https://www.inaturalist.org/observations/257159817
257361601,2025-01-04,42.42401235,-71.23534513,3.0,research,42051,Canis latrans,Coyote,False,https://www.inaturalist.org/observations/257361601
257608799,2024-11-09,42.7048388412,-72.3637954518,180.0,research,42051,Canis latrans,Coyote,False,https://www.inaturalist.org/observations/257608799
257754334,2025-01-07,42.2527137905,-71.016150713,7.0,research,42051,Canis latrans,Coyote,False,https://www.inaturalist.org/observations/257754334
258146816,2024-05-26,42.27390736,-71.6314170189,2.0,research,42051,Canis latrans,Coyote,False,https://www.inaturalist.org/observations/258146816
258156398,2025-01-10,42.3937216667,-71.1540361667,4.0,research,42051,Canis latrans,Coyote,False,https://www.inaturalist.org/observations/258156398
258323739,2025-01-12,42.4086155221,-71.3319176155,31.0,research,42051,Canis latrans,Coyote,False,https://www.inaturalist.org/observations/258323739
258472290,2023-01-22,42.296876,-71.333628,192.0,research,42051,Canis latrans,Coyote,False,https://www.inaturalist.org/observations/258472290
258508089,2025-01-14,42.4236602933,-71.3435837833,,research,42051,Canis latrans,Coyote,False,https://www.inaturalist.org/observations/258508089
258647727,2025-01-16,41.5870615321,-70.6320748058,7.0,research,42051,Canis latrans,Coyote,False,https://www.inaturalist.org/observations/258647727
258658302,2025-01-16,42.4769466667,-70.912095,22.0,research,42051,Canis latrans,Coyote,False,https://www.inaturalist.org/observations/258658302
258794338,2025-01-11,42.4747265608,-71.3793377409,59.0,research,42051,Canis latrans,Coyote,False,https://www.inaturalist.org/observations/258794338
258862082,2024-12-15,42.4494904069,-72.546548153,19.0,research,42051,Canis latrans,Coyote,False,https://www.inaturalist.org/observations/258862082
258862994,2024-12-15,42.4506750028,-72.544905,19.0,research,42051,Canis latrans,Coyote,False,https://www.inaturalist.org/observations/258862994
258872660,2025-01-13,42.4531827247,-71.0816075688,31.0,research,42051,Canis latrans,Coyote,False,https://www.inaturalist.org/observations/258872660
258873125,2025-01-13,42.4526662321,-71.0808319343,37.0,research,42051,Canis latrans,Coyote,False,https://www.inaturalist.org/observations/258873125
258914532,2025-01-18,42.3858063523,-71.1090419814,54.0,research,42051,Canis latrans,Coyote,False,https://www.inaturalist.org/observations/258914532
258919554,2025-01-19,42.2921345089,-71.1306958341,5.0,research,42051,Canis latrans,Coyote,False,https://www.inaturalist.org/observations/258919554
258985830,2025-01-19,42.5641473057,-71.179518301,20.0,research,42051,Canis latrans,Coyote,False,https://www.inaturalist.org/observations/258985830
259096213,2025-01-18,42.4521416667,-71.0809028333,4.0,research,42051,Canis latrans,Coyote,False,https://www.inaturalist.org/observations/259096213
259123043,2025-01-20,42.0998583333,-71.1414361111,,research,42051,Canis latrans,Coyote,False,https://www.inaturalist.org/observations/259123043
259293755,2025-01-18,42.7820004312,-70.8062258538,50.0,research,42051,Canis latrans,Coyote,False,https://www.inaturalist.org/observations/259293755
259393079,2025-01-23,42.2562149,-70.8148178997,,research,42051,Canis latrans,Coyote,False,https://www.inaturalist.org/observations/259393079
259475568,2025-01-24,42.3281691243,-71.3975678757,49.0,research,42051,Canis latrans,Coyote,False,https://www.inaturalist.org/observations/259475568
259589794,2025-01-25,42.4299616667,-71.1813883333,6.0,research,42051,Canis latrans,Coyote,False,https://www.inaturalist.org/observations/259589794
259662112,2025-01-26,42.2694941722,-72.5892999216,8.0,research,42051,Canis latrans,Coyote,False,https://www.inaturalist.org/observations/259662112
259662166,2025-01-26,42.2696046863,-72.5895013977,5.0,research,42051,Canis latrans,Coyote,False,https://www.inaturalist.org/observations/259662166
259679481,2025-01-25,42.298923,-71.332995,100.0,research,42051,Canis latrans,Coyote,False,https://www.inaturalist.org/observations/259679481
259786779,2025-01-25,42.7818048764,-70.8050268421,86.0,research,42051,Canis latrans,Coyote,False,https://www.inaturalist.org/observations/259786779
259804592,2025-01-27,42.3995133333,-71.194,14.0,research,42051,Canis latrans,Coyote,False,https://www.inaturalist.org/observations/259804592
259916906,2025-01-28,42.590463557,-70.8230685931,53.0,research,42051,Canis latrans,Coyote,False,https://www.inaturalist.org/observations/259916906
260221294,2023-10-03,42.2121225316,-72.5104469609,86.0,research,42051,Canis latrans,Coyote,False,https://www.inaturalist.org/observations/260221294
260722019,2025-02-05,42.6138517154,-70.8909798281,31.0,research,42051,Canis latrans,Coyote,False,https://www.inaturalist.org/observations/260722019
260817710,2025-02-05,42.5667133333,-71.168945,4.0,research,42051,Canis latrans,Coyote,False,https://www.inaturalist.org/observations/260817710
260821753,2025-02-06,42.4770576701,-70.9119419349,37.0,research,42051,Canis latrans,Coyote,False,https://www.inaturalist.org/observations/260821753
261381600,2024-10-25,42.5860926864,-71.583770309,15.0,research,42051,Canis latrans,Coyote,False,https://www.inaturalist.org/observations/261381600
261548490,2025-01-19,41.9403753068,-70.0528999531,21.0,research,42051,Canis latrans,Coyote,False,https://www.inaturalist.org/observations/261548490
261548501,2025-02-13,41.9403126186,-70.0527072658,5.0,research,42051,Canis latrans,Coyote,False,https://www.inaturalist.org/observations/261548501
261741037,2025-02-15,42.3661556824,-71.1937328743,65.0,research,42051,Canis latrans,Coyote,False,https://www.inaturalist.org/observations/261741037
262284002,2025-02-17,42.2538643177,-71.3308134672,24.0,research,42051,Canis latrans,Coyote,False,https://www.inaturalist.org/observations/262284002
262298085,2025-02-19,41.63087943,-70.99606974,9.0,research,42051,Canis latrans,Coyote,False,https://www.inaturalist.org/observations/262298085
262755439,2025-02-22,41.91999,-70.5431406,186.0,research,42051,Canis latrans,Coyote,False,https://www.inaturalist.org/observations/262755439
262771153,2025-02-07,42.3661938668,-71.2639326822,,research,42051,Canis latrans,Coyote,False,https://www.inaturalist.org/observations/262771153
262936300,2025-02-23,42.4552177718,-71.901804395,17.0,research,42051,Canis latrans,Coyote,False,https://www.inaturalist.org/observations/262936300
262997771,2025-02-22,42.5386009216,-71.5629119873,31.0,research,42051,Canis latrans,Coyote,False,https://www.inaturalist.org/observations/262997771
263560080,2025-03-01,42.3613616667,-71.250275,4.0,research,42051,Canis latrans,Coyote,False,https://www.inaturalist.org/observations/263560080
263560109,2025-03-01,42.36237,-71.2506333333,4.0,research,42051,Canis latrans,Coyote,False,https://www.inaturalist.org/observations/263560109
263768939,2025-03-01,42.2516597297,-71.3334876296,165.0,research,42051,Canis latrans,Coyote,False,https://www.inaturalist.org/observations/263768939
263786056,2025-03-03,42.368597514,-71.2603039016,9.0,research,42051,Canis latrans,Coyote,False,https://www.inaturalist.org/observations/263786056
263803159,2025-03-03,42.5811583333,-70.6640222222,,research,42051,Canis latrans,Coyote,False,https://www.inaturalist.org/observations/263803159
263822730,2025-03-03,42.3933426346,-71.492035688,126.0,research,42051,Canis latrans,Coyote,False,https://www.inaturalist.org/observations/263822730
264050805,2025-02-15,42.357336156,-71.2476446358,31.0,research,42051,Canis latrans,Coyote,False,https://www.inaturalist.org/observations/264050805
264753044,2025-03-07,42.3202126328,-71.3031635344,186.0,research,42051,Canis latrans,Coyote,False,https://www.inaturalist.org/observations/264753044
264793392,2025-03-09,42.0433195,-70.101425,16.0,research,42051,Canis latrans,Coyote,False,https://www.inaturalist.org/observations/264793392
264995702,2025-03-10,42.7758933103,-70.8069257745,95.0,research,42051,Canis latrans,Coyote,False,https://www.inaturalist.org/observations/264995702
265321288,2025-03-14,42.3662866667,-71.265,8.0,research,42051,Canis latrans,Coyote,False,https://www.inaturalist.org/observations/265321288
265347644,2025-03-14,42.2894166667,-71.2801283333,17.0,research,42051,Canis latrans,Coyote,False,https://www.inaturalist.org/observations/265347644
265444236,2025-03-15,42.3608051939,-71.2549595163,4.0,research,42051,Canis latrans,Coyote,False,https://www.inaturalist.org/observations/265444236
265445818,2025-03-15,42.3650893917,-71.2643466426,9.0,research,42051,Canis latrans,Coyote,False,https://www.inaturalist.org/observations/265445818
265538898,2025-03-16,41.80139317,-71.05979232,6.0,research,42051,Canis latrans,Coyote,False,https://www.inaturalist.org/observations/265538898
265541732,2025-03-16,42.6159561809,-71.562784709,4.0,research,42051,Canis latrans,Coyote,False,https://www.inaturalist.org/observations/265541732
265636361,2025-03-11,42.3804513514,-71.0908351466,27.0,research,42051,Canis latrans,Coyote,False,https://www.inaturalist.org/observations/265636361
265639704,2025-03-10,42.27075732,-72.4744394717,116.0,research,42051,Canis latrans,Coyote,False,https://www.inaturalist.org/observations/265639704
265740689,2025-03-14,42.2544493048,-71.3387435833,17.0,research,42051,Canis latrans,Coyote,False,https://www.inaturalist.org/observations/265740689
265953974,2025-03-18,42.2387609722,-70.857206,,research,42051,Canis latrans,Coyote,False,https://www.inaturalist.org/observations/265953974
266268780,2025-03-20,41.3526333333,-70.8178783333,6.0,research,42051,Canis latrans,Coyote,False,https://www.inaturalist.org/observations/266268780
266511067,2025-03-23,42.4293515448,-71.0827167705,83.0,research,42051,Canis latrans,Coyote,False,https://www.inaturalist.org/observations/266511067
266657196,2025-03-23,42.3442467298,-72.1891889429,8.0,research,42051,Canis latrans,Coyote,False,https://www.inaturalist.org/observations/266657196
266841480,2025-01-09,42.4210253349,-71.2050489075,88.0,research,42051,Canis latrans,Coyote,False,https://www.inaturalist.org/observations/266841480
266842219,2025-03-24,42.4207191819,-71.2004379796,130.0,research,42051,Canis latrans,Coyote,False,https://www.inaturalist.org/observations/266842219
266944499,2025-03-25,42.2492133333,-71.3399583333,4.0,research,42051,Canis latrans,Coyote,False,https://www.inaturalist.org/observations/266944499
267134758,2025-03-26,42.3735653262,-71.1448950577,138.0,research,42051,Canis latrans,Coyote,False,https://www.inaturalist.org/observations/267134758
267195877,2025-03-25,42.5681926851,-72.535558059,19.0,research,42051,Canis latrans,Coyote,False,https://www.inaturalist.org/observations/267195877
267290765,2025-03-25,42.5681235264,-72.5355442611,8.0,research,42051,Canis latrans,Coyote,False,https://www.inaturalist.org/observations/267290765
268997545,2025-04-02,42.3203917851,-71.3033301907,44.0,research,42051,Canis latrans,Coyote,False,https://www.inaturalist.org/observations/268997545
269149769,2025-04-07,42.3708716667,-71.1443945,4.0,research,42051,Canis latrans,Coyote,False,https://www.inaturalist.org/observations/269149769
269463275,2025-04-08,42.6545944444,-70.59895,,research,42051,Canis latrans,Coyote,False,https://www.inaturalist.org/observations/269463275
270282118,2025-04-13,42.2665866667,-71.1839966667,2.0,research,42051,Canis latrans,Coyote,False,https://www.inaturalist.org/observations/270282118
270845719,2025-04-11,42.49337,-71.2486116667,18.0,research,42051,Canis latrans,Coyote,False,https://www.inaturalist.org/observations/270845719
271200654,2023-05-04,42.7026944352,-70.775927066,86.0,research,42051,Canis latrans,Coyote,False,https://www.inaturalist.org/observations/271200654
271491585,2025-04-19,42.6426616667,-70.6298966667,13.0,research,42051,Canis latrans,Coyote,False,https://www.inaturalist.org/observations/271491585
271957058,2025-04-14,42.5681833333,-72.5355833333,3.0,research,42051,Canis latrans,Coyote,False,https://www.inaturalist.org/observations/271957058
272339712,2025-04-18,42.2197241103,-71.2537321969,37.0,research,42051,Canis latrans,Coyote,False,https://www.inaturalist.org/observations/272339712
272822437,2025-04-24,42.0728687497,-70.2067650166,8.0,research,42051,Canis latrans,Coyote,False,https://www.inaturalist.org/observations/272822437
275594374,2025-04-27,42.2301975,-70.9962458,38.0,research,42051,Canis latrans,Coyote,False,https://www.inaturalist.org/observations/275594374
276153416,2025-04-24,42.4781087042,-71.4792493582,64.0,research,42051,Canis latrans,Coyote,False,https://www.inaturalist.org/observations/276153416
276241248,2025-04-28,42.494513,-71.129964,90.0,research,42051,Canis latrans,Coyote,False,https://www.inaturalist.org/observations/276241248
276397415,2025-04-26,42.4528237048,-71.0823042281,78.0,research,42051,Canis latrans,Coyote,False,https://www.inaturalist.org/observations/276397415
276532545,2024-07-19,42.5358390073,-73.0918453887,59.0,research,42051,Canis latrans,Coyote,False,https://www.inaturalist.org/observations/276532545
276746867,2023-12-29,42.20343,-70.7621466667,4.0,research,42051,Canis latrans,Coyote,False,https://www.inaturalist.org/observations/276746867
276822816,2025-04-28,42.1011469997,-70.9338137,,research,42051,Canis latrans,Coyote,False,https://www.inaturalist.org/observations/276822816
277538005,2025-05-01,42.3730283333,-71.1432216667,,research,42051,Canis latrans,Coyote,False,https://www.inaturalist.org/observations/277538005
277571578,2025-04-28,42.72421944,-71.03215,,research,42051,Canis latrans,Coyote,False,https://www.inaturalist.org/observations/277571578
278131322,2025-05-03,42.6793055556,-72.6533,,research,42051,Canis latrans,Coyote,False,https://www.inaturalist.org/observations/278131322
278765860,2025-04-15,42.2635632247,-70.854137219,17.0,research,42051,Canis latrans,Coyote,False,https://www.inaturalist.org/observations/278765860
279088198,2025-05-01,42.2946583333,-71.0258333333,117.0,research,42051,Canis latrans,Coyote,False,https://www.inaturalist.org/observations/279088198
279285358,2022-08-26,42.5359543193,-73.0919567028,59.0,research,42051,Canis latrans,Coyote,False,https://www.inaturalist.org/observations/279285358
279680265,2025-05-09,42.2986625771,-71.333360811,195.0,research,42051,Canis latrans,Coyote,False,https://www.inaturalist.org/observations/279680265
280333094,2025-05-02,42.3201174391,-71.3031635346,83.0,research,42051,Canis latrans,Coyote,False,https://www.inaturalist.org/observations/280333094
280333356,2025-05-03,42.3201333045,-71.3031957209,51.0,research,42051,Canis latrans,Coyote,False,https://www.inaturalist.org/observations/280333356
280902091,2025-05-13,42.3572227288,-71.1649485014,233.0,research,42051,Canis latrans,Coyote,False,https://www.inaturalist.org/observations/280902091
281370723,2025-05-15,42.3700333333,-71.1453638333,78.0,research,42051,Canis latrans,Coyote,False,https://www.inaturalist.org/observations/281370723
281941485,2025-03-22,42.3279767771,-71.3982598856,8.0,research,42051,Canis latrans,Coyote,False,https://www.inaturalist.org/observations/281941485
282232538,2025-05-18,41.8111603604,-69.9932829291,18.0,research,42051,Canis latrans,Coyote,False,https://www.inaturalist.org/observations/282232538
282712809,2025-05-18,41.9959866667,-70.722855,4.0,research,42051,Canis latrans,Coyote,False,https://www.inaturalist.org/observations/282712809
283006991,2025-05-21,42.7251666667,-70.85547,12.0,research,42051,Canis latrans,Coyote,False,https://www.inaturalist.org/observations/283006991
283740523,2025-05-21,42.320157103,-71.3031420769,29.0,research,42051,Canis latrans,Coyote,False,https://www.inaturalist.org/observations/283740523
283740791,2025-05-21,42.3201809015,-71.3031528056,33.0,research,42051,Canis latrans,Coyote,False,https://www.inaturalist.org/observations/283740791
283992997,2021-04-20,42.123761,-71.2080211,167.0,research,42051,Canis latrans,Coyote,False,https://www.inaturalist.org/observations/283992997
284634061,2025-05-23,41.9505346311,-71.2643301739,148.0,research,42051,Canis latrans,Coyote,False,https://www.inaturalist.org/observations/284634061
285173358,2025-05-25,42.3857813915,-71.5709872127,60.0,research,42051,Canis latrans,Coyote,False,https://www.inaturalist.org/observations/285173358
285179694,2025-05-11,42.3858686659,-71.5709472817,60.0,research,42051,Canis latrans,Coyote,False,https://www.inaturalist.org/observations/285179694
285298087,2025-05-07,41.8134583333,-71.2716616667,4.0,research,42051,Canis latrans,Coyote,False,https://www.inaturalist.org/observations/285298087
286180364,2025-05-18,42.4053463682,-71.3315710097,31.0,research,42051,Canis latrans,Coyote,False,https://www.inaturalist.org/observations/286180364
286368531,2025-06-01,42.139271,-70.9557970997,,research,42051,Canis latrans,Coyote,False,https://www.inaturalist.org/observations/286368531
286371250,2025-06-02,42.0243721667,-70.1896366667,3.0,research,42051,Canis latrans,Coyote,False,https://www.inaturalist.org/observations/286371250
286419294,2023-03-19,42.7093437385,-70.7810002513,10.0,research,42051,Canis latrans,Coyote,False,https://www.inaturalist.org/observations/286419294
286706590,2025-06-03,42.4469716667,-71.0373,10.0,research,42051,Canis latrans,Coyote,False,https://www.inaturalist.org/observations/286706590
287375614,2025-06-06,42.4701883333,-71.1667633333,94.0,research,42051,Canis latrans,Coyote,False,https://www.inaturalist.org/observations/287375614
287375921,2025-06-06,42.4720416667,-71.1688916667,13.0,research,42051,Canis latrans,Coyote,False,https://www.inaturalist.org/observations/287375921
288621832,2025-06-10,42.3807544447,-71.0677460873,38.0,research,42051,Canis latrans,Coyote,False,https://www.inaturalist.org/observations/288621832
289280269,2025-06-13,41.6355770997,-70.8900674,,research,42051,Canis latrans,Coyote,False,https://www.inaturalist.org/observations/289280269
289834959,2023-07-26,42.3108531821,-72.31539184,86.0,research,42051,Canis latrans,Coyote,False,https://www.inaturalist.org/observations/289834959
290077592,2025-04-30,42.3858404305,-71.570993338,60.0,research,42051,Canis latrans,Coyote,False,https://www.inaturalist.org/observations/290077592
290390034,2025-06-16,42.3723716667,-71.144775,71.0,research,42051,Canis latrans,Coyote,False,https://www.inaturalist.org/observations/290390034
290491517,2025-06-17,42.4201555556,-71.2030027778,,research,42051,Canis latrans,Coyote,False,https://www.inaturalist.org/observations/290491517
290565674,2025-06-10,41.5336385552,-70.6541722271,42.0,research,42051,Canis latrans,Coyote,False,https://www.inaturalist.org/observations/290565674
291248347,2025-06-17,42.376594712,-72.5072832418,147.0,research,42051,Canis latrans,Coyote,False,https://www.inaturalist.org/observations/291248347
291368097,2023-05-03,42.0284721667,-70.62513,4.0,research,42051,Canis latrans,Coyote,False,https://www.inaturalist.org/observations/291368097
291634206,2025-06-21,41.9764216667,-70.9968866667,6.0,research,42051,Canis latrans,Coyote,False,https://www.inaturalist.org/observations/291634206
292199994,2025-06-23,42.2766403086,-72.5815368342,176.0,research,42051,Canis latrans,Coyote,False,https://www.inaturalist.org/observations/292199994
292613249,2025-06-25,42.2787133333,-72.5788366667,2.0,research,42051,Canis latrans,Coyote,False,https://www.inaturalist.org/observations/292613249
292770658,2025-06-25,41.6939769988,-70.0042075664,93.0,research,42051,Canis latrans,Coyote,False,https://www.inaturalist.org/observations/292770658
293438833,2025-06-27,42.3680306911,-71.1462587782,191.0,research,42051,Canis latrans,Coyote,False,https://www.inaturalist.org/observations/293438833
293959899,2025-06-29,42.3721095363,-71.1466868097,4.0,research,42051,Canis latrans,Coyote,False,https://www.inaturalist.org/observations/293959899
294051031,2025-05-23,42.038333,-72.261944,,research,42051,Canis latrans,Coyote,False,https://www.inaturalist.org/observations/294051031
294168280,2025-06-30,42.3159832629,-71.8035470722,157.0,research,42051,Canis latrans,Coyote,False,https://www.inaturalist.org/observations/294168280
294183403,2025-06-29,42.3198716667,-70.9856716667,5.0,research,42051,Canis latrans,Coyote,False,https://www.inaturalist.org/observations/294183403
294397603,2025-07-01,42.459175,-71.31408,4.0,research,42051,Canis latrans,Coyote,False,https://www.inaturalist.org/observations/294397603
294501321,2023-03-26,42.7908231,-70.809922,187.0,research,42051,Canis latrans,Coyote,False,https://www.inaturalist.org/observations/294501321
294894004,2025-07-03,42.376438,-71.235321,,research,42051,Canis latrans,Coyote,False,https://www.inaturalist.org/observations/294894004
295115701,2025-07-03,42.3858326786,-71.570994708,60.0,research,42051,Canis latrans,Coyote,False,https://www.inaturalist.org/observations/295115701
295154983,2025-05-20,41.902425,-69.9878216667,3.0,research,42051,Canis latrans,Coyote,False,https://www.inaturalist.org/observations/295154983
295378281,2025-07-05,42.2095416667,-70.9598916667,,research,42051,Canis latrans,Coyote,False,https://www.inaturalist.org/observations/295378281
295582087,2025-07-05,42.2986966667,-71.2862333333,14.0,research,42051,Canis latrans,Coyote,False,https://www.inaturalist.org/observations/295582087
295652096,2025-07-06,42.29322,-71.0225528333,6.0,research,42051,Canis latrans,Coyote,False,https://www.inaturalist.org/observations/295652096
296120182,2025-07-07,41.647435,-70.2218212,186.0,research,42051,Canis latrans,Coyote,False,https://www.inaturalist.org/observations/296120182
296349331,2025-05-18,42.1228612618,-71.2089121685,100.0,research,42051,Canis latrans,Coyote,False,https://www.inaturalist.org/observations/296349331
296349474,2025-07-08,41.882392308,-69.9954512585,188.0,research,42051,Canis latrans,Coyote,False,https://www.inaturalist.org/observations/296349474
296396268,2025-07-08,41.8830244508,-69.9931846785,70.0,research,42051,Canis latrans,Coyote,False,https://www.inaturalist.org/observations/296396268
297293276,2025-07-12,42.4769111111,-70.9119666667,,research,42051,Canis latrans,Coyote,False,https://www.inaturalist.org/observations/297293276
297953829,2020-10-18,42.0884949355,-70.6688937585,182.0,research,42051,Canis latrans,Coyote,False,https://www.inaturalist.org/observations/297953829
297954165,2017-10-08,42.3720058405,-71.1454996616,191.0,research,42051,Canis latrans,Coyote,False,https://www.inaturalist.org/observations/297954165
297955103,2016-11-06,42.3696199618,-71.1455961889,191.0,research,42051,Canis latrans,Coyote,False,https://www.inaturalist.org/observations/297955103
297955350,2015-12-06,41.8833566578,-70.0014613245,188.0,research,42051,Canis latrans,Coyote,False,https://www.inaturalist.org/observations/297955350
297955612,2019-06-08,42.4418048225,-70.9919165294,202.0,research,42051,Canis latrans,Coyote,False,https://www.inaturalist.org/observations/297955612
299455861,2025-04-06,42.3900032043,-71.049621582,,research,42051,Canis latrans,Coyote,False,https://www.inaturalist.org/observations/299455861
299627327,2025-07-17,42.4703607221,-71.1663307001,157.0,research,42051,Canis latrans,Coyote,False,https://www.inaturalist.org/observations/299627327
299720108,2025-07-20,42.2963116667,-71.7920533333,33.0,research,42051,Canis latrans,Coyote,False,https://www.inaturalist.org/observations/299720108
299808627,2025-07-21,42.367928976,-71.2582016364,30.0,research,42051,Canis latrans,Coyote,False,https://www.inaturalist.org/observations/299808627
299961020,2025-06-16,41.8810833333,-69.9950316667,,research,42051,Canis latrans,Coyote,False,https://www.inaturalist.org/observations/299961020
300771780,2025-07-24,41.8820188997,-69.9957450997,,research,42051,Canis latrans,Coyote,False,https://www.inaturalist.org/observations/300771780
300919323,2025-07-25,42.6933450432,-70.8146565721,,research,42051,Canis latrans,Coyote,False,https://www.inaturalist.org/observations/300919323
301303427,2025-02-05,42.693862915,-71.0005493164,4.0,research,42051,Canis latrans,Coyote,False,https://www.inaturalist.org/observations/301303427
301738553,2025-07-28,42.3867216667,-71.1069028333,2.0,research,42051,Canis latrans,Coyote,False,https://www.inaturalist.org/observations/301738553
302138192,2025-07-18,41.9664658637,-71.3244746625,147.0,research,42051,Canis latrans,Coyote,False,https://www.inaturalist.org/observations/302138192
302228682,2025-07-10,42.3673366667,-71.1698216667,5.0,research,42051,Canis latrans,Coyote,False,https://www.inaturalist.org/observations/302228682
302239591,2025-07-29,42.6909858646,-73.2060436642,7.0,research,42051,Canis latrans,Coyote,False,https://www.inaturalist.org/observations/302239591
302683500,2025-07-31,42.6931833333,-70.8164583333,13.0,research,42051,Canis latrans,Coyote,False,https://www.inaturalist.org/observations/302683500
302966528,2025-07-13,42.683047,-71.3384557,194.0,research,42051,Canis latrans,Coyote,False,https://www.inaturalist.org/observations/302966528
304282594,2025-08-04,42.232592,-71.685795,,research,42051,Canis latrans,Coyote,False,https://www.inaturalist.org/observations/304282594
304390387,2025-08-06,41.6634854932,-70.8833267167,59.0,research,42051,Canis latrans,Coyote,False,https://www.inaturalist.org/observations/304390387
304603599,2025-08-07,42.5075533333,-71.01109445,91.0,research,42051,Canis latrans,Coyote,False,https://www.inaturalist.org/observations/304603599
304776052,2025-08-08,42.4708283333,-71.16922,8.0,research,42051,Canis latrans,Coyote,False,https://www.inaturalist.org/observations/304776052
304992674,2025-08-08,41.7875887604,-69.957270585,36.0,research,42051,Canis latrans,Coyote,False,https://www.inaturalist.org/observations/304992674
305783840,2025-08-11,42.3352616667,-71.4305583333,100.0,research,42051,Canis latrans,Coyote,False,https://www.inaturalist.org/observations/305783840
306042190,2025-08-13,42.4703366667,-71.1668466667,82.0,research,42051,Canis latrans,Coyote,False,https://www.inaturalist.org/observations/306042190
306347120,2025-05-13,42.4571023743,-71.1475405895,189.0,research,42051,Canis latrans,Coyote,False,https://www.inaturalist.org/observations/306347120
306618257,2025-08-14,42.505855,-71.603005,5.0,research,42051,Canis latrans,Coyote,False,https://www.inaturalist.org/observations/306618257
306703516,2025-08-08,42.6030863647,-70.9030964366,31.0,research,42051,Canis latrans,Coyote,False,https://www.inaturalist.org/observations/306703516
306969447,2025-08-17,42.0379871794,-70.9262260327,17.0,research,42051,Canis latrans,Coyote,False,https://www.inaturalist.org/observations/306969447
307378574,2025-08-18,42.3011666667,-71.105125,4.0,research,42051,Canis latrans,Coyote,False,https://www.inaturalist.org/observations/307378574
307544860,2020-09-25,42.402115,-72.709378,8.0,research,42051,Canis latrans,Coyote,False,https://www.inaturalist.org/observations/307544860
307661875,2025-08-19,41.9304589394,-70.0422645913,85.0,research,42051,Canis latrans,Coyote,False,https://www.inaturalist.org/observations/307661875
309278547,2025-08-25,41.9410033333,-70.0279221667,4.0,research,42051,Canis latrans,Coyote,False,https://www.inaturalist.org/observations/309278547
309363893,2025-08-26,42.4384583333,-71.1581195,12.0,research,42051,Canis latrans,Coyote,False,https://www.inaturalist.org/observations/309363893
309980539,2025-08-29,41.9550777778,-69.9955555556,,research,42051,Canis latrans,Coyote,False,https://www.inaturalist.org/observations/309980539
310037031,2025-08-08,41.8835932503,-69.9929877976,35.0,research,42051,Canis latrans,Coyote,False,https://www.inaturalist.org/observations/310037031
310037241,2025-08-12,41.8836748713,-69.9927392654,64.0,research,42051,Canis latrans,Coyote,False,https://www.inaturalist.org/observations/310037241
310194391,2025-08-30,42.2076666667,-71.1157222222,,research,42051,Canis latrans,Coyote,False,https://www.inaturalist.org/observations/310194391
310967028,2025-09-02,42.6637356734,-71.0574860798,9.0,research,42051,Canis latrans,Coyote,False,https://www.inaturalist.org/observations/310967028
311021147,2025-09-01,41.8826060127,-69.9964176716,4.0,research,42051,Canis latrans,Coyote,False,https://www.inaturalist.org/observations/311021147
312095491,2025-09-01,42.0999954202,-70.932369241,4.0,research,42051,Canis latrans,Coyote,False,https://www.inaturalist.org/observations/312095491
313432172,2025-09-09,42.6014656303,-70.9004018923,122.0,research,42051,Canis latrans,Coyote,False,https://www.inaturalist.org/observations/313432172
313586587,2025-09-07,41.6716687015,-69.9488483209,8.0,research,42051,Canis latrans,Coyote,False,https://www.inaturalist.org/observations/313586587
313705595,2025-09-10,41.61678,-70.4355083333,7.0,research,42051,Canis latrans,Coyote,False,https://www.inaturalist.org/observations/313705595
313934685,2025-09-04,42.5064,-71.7213583333,,research,42051,Canis latrans,Coyote,False,https://www.inaturalist.org/observations/313934685
314239177,2025-09-15,42.2043855,-71.6927737,,research,42051,Canis latrans,Coyote,False,https://www.inaturalist.org/observations/314239177
314268016,2025-09-12,41.88062,-70.00125,6.0,research,42051,Canis latrans,Coyote,False,https://www.inaturalist.org/observations/314268016
314327153,2025-09-16,42.7896902563,-70.8073414117,3.0,research,42051,Canis latrans,Coyote,False,https://www.inaturalist.org/observations/314327153
314343407,2025-09-16,42.645250096,-70.6146317348,11.0,research,42051,Canis latrans,Coyote,False,https://www.inaturalist.org/observations/314343407
314670128,2025-09-17,42.7745133333,-70.8065583333,,research,42051,Canis latrans,Coyote,False,https://www.inaturalist.org/observations/314670128
314735059,2019-09-08,42.1785903703,-71.6823746589,173.0,research,42051,Canis latrans,Coyote,False,https://www.inaturalist.org/observations/314735059
315322992,2025-05-12,42.2703910889,-72.4747090592,61.0,research,42051,Canis latrans,Coyote,False,https://www.inaturalist.org/observations/315322992
315327119,2025-05-14,42.270826381,-72.4756155852,61.0,research,42051,Canis latrans,Coyote,False,https://www.inaturalist.org/observations/315327119
315373528,2025-09-19,42.1000068664,-70.9322623753,4.0,research,42051,Canis latrans,Coyote,False,https://www.inaturalist.org/observations/315373528
315669891,2025-09-12,42.53508,-70.8722719722,,research,42051,Canis latrans,Coyote,False,https://www.inaturalist.org/observations/315669891
315899918,2025-09-22,42.0996236429,-70.9322301481,4.0,research,42051,Canis latrans,Coyote,False,https://www.inaturalist.org/observations/315899918
315900500,2025-09-22,42.0999486506,-70.9323843403,4.0,research,42051,Canis latrans,Coyote,False,https://www.inaturalist.org/observations/315900500
315946996,2025-09-22,42.5118833333,-72.2821116667,4.0,research,42051,Canis latrans,Coyote,False,https://www.inaturalist.org/observations/315946996
316133932,2025-09-23,42.0999337554,-70.9322941166,4.0,research,42051,Canis latrans,Coyote,False,https://www.inaturalist.org/observations/316133932
316402489,2025-09-24,42.3987856843,-71.1559192836,246.0,research,42051,Canis latrans,Coyote,False,https://www.inaturalist.org/observations/316402489
316584469,2025-04-23,42.3658255776,-71.2633873059,221.0,research,42051,Canis latrans,Coyote,False,https://www.inaturalist.org/observations/316584469
316817055,2025-09-25,42.1000448998,-70.9322856168,4.0,research,42051,Canis latrans,Coyote,False,https://www.inaturalist.org/observations/316817055
316961202,2025-08-17,41.8838700401,-69.9925610326,15.0,research,42051,Canis latrans,Coyote,False,https://www.inaturalist.org/observations/316961202
317135483,2025-09-27,42.4486465278,-70.9583892778,,research,42051,Canis latrans,Coyote,False,https://www.inaturalist.org/observations/317135483
317682798,2025-09-29,42.0594690701,-70.171544945,19.0,research,42051,Canis latrans,Coyote,False,https://www.inaturalist.org/observations/317682798
317918817,2025-09-30,42.329096,-71.213132,49.0,research,42051,Canis latrans,Coyote,False,https://www.inaturalist.org/observations/317918817
318126102,2025-09-23,42.6399304252,-70.594620978,2.0,research,42051,Canis latrans,Coyote,False,https://www.inaturalist.org/observations/318126102
318706337,2025-10-02,42.3201967672,-71.3031420767,32.0,research,42051,Canis latrans,Coyote,False,https://www.inaturalist.org/observations/318706337
318706802,2025-10-02,42.3202126328,-71.3031313479,30.0,research,42051,Canis latrans,Coyote,False,https://www.inaturalist.org/observations/318706802
318764273,2025-10-03,42.6008909395,-70.8986332408,31.0,research,42051,Canis latrans,Coyote,False,https://www.inaturalist.org/observations/318764273
319264892,2025-10-05,42.7412127912,-70.7988117154,2.0,research,42051,Canis latrans,Coyote,False,https://www.inaturalist.org/observations/319264892
319336668,2025-10-05,42.7485894897,-70.7850837708,,research,42051,Canis latrans,Coyote,False,https://www.inaturalist.org/observations/319336668
319873147,2025-10-09,42.4222482467,-71.407971417,9.0,research,42051,Canis latrans,Coyote,False,https://www.inaturalist.org/observations/319873147
320550719,2025-10-11,41.8204136,-69.961089,114.0,research,42051,Canis latrans,Coyote,False,https://www.inaturalist.org/observations/320550719
320553710,2024-10-27,42.3892883333,-71.3337083333,7.0,research,42051,Canis latrans,Coyote,False,https://www.inaturalist.org/observations/320553710
320915118,2011-11-05,42.5212147886,-71.0347728196,31.0,research,42051,Canis latrans,Coyote,False,https://www.inaturalist.org/observations/320915118
320941156,2025-10-14,42.4696666667,-71.1673883333,161.0,research,42051,Canis latrans,Coyote,False,https://www.inaturalist.org/observations/320941156
320945677,2025-10-10,42.5251166667,-72.1849883333,6.0,research,42051,Canis latrans,Coyote,False,https://www.inaturalist.org/observations/320945677
321035145,2025-09-09,41.9528535728,-70.8210902806,9.0,research,42051,Canis latrans,Coyote,False,https://www.inaturalist.org/observations/321035145
321256026,2025-10-15,42.3275129465,-71.2147283797,15.0,research,42051,Canis latrans,Coyote,False,https://www.inaturalist.org/observations/321256026
321616064,2024-01-29,42.5354423275,-71.3822192699,,research,42051,Canis latrans,Coyote,False,https://www.inaturalist.org/observations/321616064
321622740,2025-10-18,42.4026916667,-71.1935366667,8.0,research,42051,Canis latrans,Coyote,False,https://www.inaturalist.org/observations/321622740
321996882,2025-08-28,42.3658,-71.26375,,research,42051,Canis latrans,Coyote,False,https://www.inaturalist.org/observations/321996882
322570562,2025-10-23,42.3741094515,-71.1227242821,,research,42051,Canis latrans,Coyote,False,https://www.inaturalist.org/observations/322570562
322650641,2025-10-23,42.2989416667,-71.0340027778,,research,42051,Canis latrans,Coyote,False,https://www.inaturalist.org/observations/322650641
322768202,2025-10-23,42.3422393609,-73.0394252811,83.0,research,42051,Canis latrans,Coyote,False,https://www.inaturalist.org/observations/322768202
322841502,2025-10-24,42.5010305556,-71.1367277778,,research,42051,Canis latrans,Coyote,False,https://www.inaturalist.org/observations/322841502
322986708,2025-10-25,42.29755,-71.109536,,research,42051,Canis latrans,Coyote,False,https://www.inaturalist.org/observations/322986708
323185340,2025-10-26,42.0456,-72.5842583333,4.0,research,42051,Canis latrans,Coyote,False,https://www.inaturalist.org/observations/323185340
323206051,2025-10-25,42.3428703933,-72.5662579559,2.0,research,42051,Canis latrans,Coyote,False,https://www.inaturalist.org/observations/323206051
323346679,2025-10-25,42.7950900933,-70.8387323183,46.0,research,42051,Canis latrans,Coyote,False,https://www.inaturalist.org/observations/323346679
323367266,2025-10-26,42.212489,-71.344338,,research,42051,Canis latrans,Coyote,False,https://www.inaturalist.org/observations/323367266
323576943,2025-10-09,42.3871157423,-71.5710006607,183.0,research,42051,Canis latrans,Coyote,False,https://www.inaturalist.org/observations/323576943
323577343,2025-10-22,42.387096643,-71.5710362615,171.0,research,42051,Canis latrans,Coyote,False,https://www.inaturalist.org/observations/323577343
323992162,2025-10-30,42.4804489692,-71.1604079604,96.0,research,42051,Canis latrans,Coyote,False,https://www.inaturalist.org/observations/323992162
324509965,2025-11-02,42.6164045745,-71.5622541681,12.0,research,42051,Canis latrans,Coyote,False,https://www.inaturalist.org/observations/324509965
324904015,2025-11-04,42.2230616667,-71.4637616667,4.0,research,42051,Canis latrans,Coyote,False,https://www.inaturalist.org/observations/324904015
325067215,2025-11-05,42.2884164696,-71.1032501521,2.0,research,42051,Canis latrans,Coyote,False,https://www.inaturalist.org/observations/325067215
325116480,2024-07-04,42.2662189176,-70.9654566078,25.0,research,42051,Canis latrans,Coyote,False,https://www.inaturalist.org/observations/325116480
325208230,2025-09-30,42.3870913248,-71.5710224937,176.0,research,42051,Canis latrans,Coyote,False,https://www.inaturalist.org/observations/325208230
325227253,2025-10-27,42.387042808,-71.5710357779,171.0,research,42051,Canis latrans,Coyote,False,https://www.inaturalist.org/observations/325227253
325227442,2025-11-01,42.3870688183,-71.5710591901,216.0,research,42051,Canis latrans,Coyote,False,https://www.inaturalist.org/observations/325227442
325270905,2025-06-04,42.3697950873,-71.1434262658,103.0,research,42051,Canis latrans,Coyote,False,https://www.inaturalist.org/observations/325270905
325327205,2025-11-07,41.8855063949,-69.9963388274,49.0,research,42051,Canis latrans,Coyote,False,https://www.inaturalist.org/observations/325327205
325357841,2025-11-07,42.1487055556,-70.9440805556,,research,42051,Canis latrans,Coyote,False,https://www.inaturalist.org/observations/325357841
325414597,2025-11-07,42.1790586353,-71.9302700919,17.0,research,42051,Canis latrans,Coyote,False,https://www.inaturalist.org/observations/325414597
326527139,2018-05-05,42.221825169,-71.1345763672,15.0,research,42051,Canis latrans,Coyote,False,https://www.inaturalist.org/observations/326527139
326628223,2025-11-12,42.276695,-71.0092611167,4.0,research,42051,Canis latrans,Coyote,False,https://www.inaturalist.org/observations/326628223
326809105,2025-11-16,42.5029916667,-70.8933033333,6.0,research,42051,Canis latrans,Coyote,False,https://www.inaturalist.org/observations/326809105
327047482,2025-11-12,42.3738249159,-71.141226954,191.0,research,42051,Canis latrans,Coyote,False,https://www.inaturalist.org/observations/327047482
327252744,2025-11-19,42.3864283333,-71.1466833333,4.0,research,42051,Canis latrans,Coyote,False,https://www.inaturalist.org/observations/327252744
327508278,2025-08-28,41.7450133333,-70.6063166667,5.0,research,42051,Canis latrans,Coyote,False,https://www.inaturalist.org/observations/327508278
327520392,2025-11-21,42.0952414167,-71.3879817041,4.0,research,42051,Canis latrans,Coyote,False,https://www.inaturalist.org/observations/327520392
327579790,2025-11-21,42.471685645,-71.1656416208,130.0,research,42051,Canis latrans,Coyote,False,https://www.inaturalist.org/observations/327579790
327586165,2025-11-21,42.3060383333,-71.409605,4.0,research,42051,Canis latrans,Coyote,False,https://www.inaturalist.org/observations/327586165
327735345,2025-11-02,42.3201967672,-71.3031957209,37.0,research,42051,Canis latrans,Coyote,False,https://www.inaturalist.org/observations/327735345
327800563,2025-10-31,41.9188778787,-70.7513435398,15.0,research,42051,Canis latrans,Coyote,False,https://www.inaturalist.org/observations/327800563
328194671,2025-11-25,42.1725666667,-71.0535722222,,research,42051,Canis latrans,Coyote,False,https://www.inaturalist.org/observations/328194671
328294957,2025-07-12,42.3115762751,-71.0366176441,37.0,research,42051,Canis latrans,Coyote,False,https://www.inaturalist.org/observations/328294957
328433041,2025-11-26,42.3705138889,-71.1455305556,8.0,research,42051,Canis latrans,Coyote,False,https://www.inaturalist.org/observations/328433041
328508076,2025-11-27,42.6510817303,-70.860155877,24.0,research,42051,Canis latrans,Coyote,False,https://www.inaturalist.org/observations/328508076
328646326,2025-11-27,41.6705366667,-69.95582,3.0,research,42051,Canis latrans,Coyote,False,https://www.inaturalist.org/observations/328646326
328839107,2025-11-29,41.9900877587,-70.7046947917,19.0,research,42051,Canis latrans,Coyote,False,https://www.inaturalist.org/observations/328839107
328934619,2025-11-29,42.32265,-71.0932611667,4.0,research,42051,Canis latrans,Coyote,False,https://www.inaturalist.org/observations/328934619
328956775,2025-11-30,42.386425,-71.1097028333,11.0,research,42051,Canis latrans,Coyote,False,https://www.inaturalist.org/observations/328956775
328984821,2025-11-28,42.5825536024,-70.934364071,80.0,research,42051,Canis latrans,Coyote,False,https://www.inaturalist.org/observations/328984821
329142271,2024-07-02,41.8826320806,-69.9966556686,22.0,research,42051,Canis latrans,Coyote,False,https://www.inaturalist.org/observations/329142271
329281481,2025-11-29,41.9292133333,-70.0705195,1.0,research,42051,Canis latrans,Coyote,False,https://www.inaturalist.org/observations/329281481
329403525,2024-07-13,41.8823600452,-69.9984079222,186.0,research,42051,Canis latrans,Coyote,False,https://www.inaturalist.org/observations/329403525
329404525,2023-04-15,41.8197363419,-69.9614651749,126.0,research,42051,Canis latrans,Coyote,False,https://www.inaturalist.org/observations/329404525
329416886,2025-12-04,42.5800231,-71.4559761,64.0,research,42051,Canis latrans,Coyote,False,https://www.inaturalist.org/observations/329416886
329433015,2025-12-03,41.6216472222,-70.5313333333,,research,42051,Canis latrans,Coyote,False,https://www.inaturalist.org/observations/329433015
329442352,2025-12-04,42.39927,-71.148125,13.0,research,42051,Canis latrans,Coyote,False,https://www.inaturalist.org/observations/329442352
329500342,2025-12-04,42.2884415997,-71.1024524,,research,42051,Canis latrans,Coyote,False,https://www.inaturalist.org/observations/329500342
329638789,2025-12-05,42.2228333824,-71.2510284759,8.0,research,42051,Canis latrans,Coyote,False,https://www.inaturalist.org/observations/329638789
329650307,2025-12-05,42.3671716667,-71.2797866667,9.0,research,42051,Canis latrans,Coyote,False,https://www.inaturalist.org/observations/329650307
329651948,2025-12-04,41.8899993889,-70.5500030278,,research,42051,Canis latrans,Coyote,False,https://www.inaturalist.org/observations/329651948
329745606,2025-12-05,42.3202364313,-71.3030884327,50.0,research,42051,Canis latrans,Coyote,False,https://www.inaturalist.org/observations/329745606
329745850,2025-12-05,42.3201491701,-71.3032279074,27.0,research,42051,Canis latrans,Coyote,False,https://www.inaturalist.org/observations/329745850
329888630,2025-12-07,42.4630616667,-71.1604,64.0,research,42051,Canis latrans,Coyote,False,https://www.inaturalist.org/observations/329888630
329888667,2025-12-07,42.46307,-71.1603471667,6.0,research,42051,Canis latrans,Coyote,False,https://www.inaturalist.org/observations/329888667
330049965,2025-12-05,42.3671583333,-71.2797916667,10.0,research,42051,Canis latrans,Coyote,False,https://www.inaturalist.org/observations/330049965
330235987,2025-12-06,42.2856395726,-71.1809020849,122.0,research,42051,Canis latrans,Coyote,False,https://www.inaturalist.org/observations/330235987
330336627,2025-12-11,42.3670116667,-71.2596283333,10.0,research,42051,Canis latrans,Coyote,False,https://www.inaturalist.org/observations/330336627
330372069,2022-04-27,42.3056912143,-71.0940769521,25.0,research,42051,Canis latrans,Coyote,False,https://www.inaturalist.org/observations/330372069
330387871,2025-12-01,42.344443657,-71.1980727065,15.0,research,42051,Canis latrans,Coyote,False,https://www.inaturalist.org/observations/330387871
330744151,2022-12-30,42.4756094469,-71.9193417204,8.0,research,42051,Canis latrans,Coyote,False,https://www.inaturalist.org/observations/330744151
330871865,2025-12-15,42.3684716667,-71.2583,8.0,research,42051,Canis latrans,Coyote,False,https://www.inaturalist.org/observations/330871865
330899365,2025-12-14,42.322186,-70.987306,,research,42051,Canis latrans,Coyote,False,https://www.inaturalist.org/observations/330899365
330899366,2025-12-14,42.324172,-70.986831,,research,42051,Canis latrans,Coyote,False,https://www.inaturalist.org/observations/330899366
330966696,2025-12-16,42.2909616667,-71.1392445,4.0,research,42051,Canis latrans,Coyote,False,https://www.inaturalist.org/observations/330966696
330967716,2025-12-16,42.2902305515,-71.100035729,11.0,research,42051,Canis latrans,Coyote,False,https://www.inaturalist.org/observations/330967716
330969345,2025-12-15,42.37338731,-71.1427005792,50.0,research,42051,Canis latrans,Coyote,False,https://www.inaturalist.org/observations/330969345
331013961,2025-12-16,42.7236541,-73.22490344,4.0,research,42051,Canis latrans,Coyote,False,https://www.inaturalist.org/observations/331013961
331028655,2025-12-16,42.2883618361,-71.0997218041,4.0,research,42051,Canis latrans,Coyote,False,https://www.inaturalist.org/observations/331028655
331095777,2025-12-17,42.6000216667,-71.4317783333,4.0,research,42051,Canis latrans,Coyote,False,https://www.inaturalist.org/observations/331095777
331318280,2025-11-07,42.3703270393,-71.1496744305,46.0,research,42051,Canis latrans,Coyote,False,https://www.inaturalist.org/observations/331318280
331349362,2025-12-19,42.6381116667,-71.0023277833,4.0,research,42051,Canis latrans,Coyote,False,https://www.inaturalist.org/observations/331349362
331355380,2025-09-08,42.3705705314,-71.1417511851,22.0,research,42051,Canis latrans,Coyote,False,https://www.inaturalist.org/observations/331355380
331438149,2025-12-20,42.4464442791,-71.2607924163,3.0,research,42051,Canis latrans,Coyote,False,https://www.inaturalist.org/observations/331438149
331444684,2025-02-15,42.5812944444,-70.6643611111,4.0,research,42051,Canis latrans,Coyote,False,https://www.inaturalist.org/observations/331444684
331451803,2025-12-16,42.5940727067,-71.5533653664,122.0,research,42051,Canis latrans,Coyote,False,https://www.inaturalist.org/observations/331451803
331456715,2025-12-16,42.3201888343,-71.3031528056,34.0,research,42051,Canis latrans,Coyote,False,https://www.inaturalist.org/observations/331456715
331673565,2025-12-22,42.487525,-71.2454,11.0,research,42051,Canis latrans,Coyote,False,https://www.inaturalist.org/observations/331673565
331710450,2025-12-20,42.6664889952,-71.0971564341,53.0,research,42051,Canis latrans,Coyote,False,https://www.inaturalist.org/observations/331710450
331815558,2025-11-23,42.8404136454,-70.8525501754,7.0,research,42051,Canis latrans,Coyote,False,https://www.inaturalist.org/observations/331815558
331855966,2025-12-21,42.3602972222,-71.2565305556,17.0,research,42051,Canis latrans,Coyote,False,https://www.inaturalist.org/observations/331855966
331914689,2025-12-24,42.29755,-71.1239305,7.0,research,42051,Canis latrans,Coyote,False,https://www.inaturalist.org/observations/331914689
331919020,2025-12-23,42.3046414794,-71.0898315393,13.0,research,42051,Canis latrans,Coyote,False,https://www.inaturalist.org/observations/331919020
331924451,2025-12-24,42.6369466667,-71.1663195,7.0,research,42051,Canis latrans,Coyote,False,https://www.inaturalist.org/observations/331924451
331945092,2020-06-15,42.5440583601,-72.8254968545,8.0,research,42051,Canis latrans,Coyote,False,https://www.inaturalist.org/observations/331945092
331945093,2020-06-15,42.5440544078,-72.8254753968,8.0,research,42051,Canis latrans,Coyote,False,https://www.inaturalist.org/observations/331945093
331945098,2020-10-16,42.5440702169,-72.825529041,8.0,research,42051,Canis latrans,Coyote,False,https://www.inaturalist.org/observations/331945098
331945099,2020-10-31,42.5440623124,-72.8254539391,8.0,research,42051,Canis latrans,Coyote,False,https://www.inaturalist.org/observations/331945099
331945104,2020-12-11,42.5440544078,-72.8254646679,8.0,research,42051,Canis latrans,Coyote,False,https://www.inaturalist.org/observations/331945104
332098907,2025-12-25,41.8362961799,-69.9756097516,63.0,research,42051,Canis latrans,Coyote,False,https://www.inaturalist.org/observations/332098907
332177248,2025-12-26,42.47023,-71.1666416667,13.0,research,42051,Canis latrans,Coyote,False,https://www.inaturalist.org/observations/332177248
332241824,2025-12-26,42.4870505291,-72.0163267574,2.0,research,42051,Canis latrans,Coyote,False,https://www.inaturalist.org/observations/332241824
332328878,2025-12-27,42.6482383333,-70.8528583333,210.0,research,42051,Canis latrans,Coyote,False,https://www.inaturalist.org/observations/332328878
332602823,2025-12-28,42.4246416667,-71.5248583333,,research,42051,Canis latrans,Coyote,False,https://www.inaturalist.org/observations/332602823
332788414,2025-12-30,42.4649015645,-71.5453326202,92.0,research,42051,Canis latrans,Coyote,False,https://www.inaturalist.org/observations/332788414
333070754,2026-01-01,42.4603783333,-71.1684716667,138.0,research,42051,Canis latrans,Coyote,False,https://www.inaturalist.org/observations/333070754
333176011,2026-01-02,42.4637278102,-71.5408986743,63.0,research,42051,Canis latrans,Coyote,False,https://www.inaturalist.org/observations/333176011
333338974,2025-12-28,42.3202047,-71.3030669749,41.0,research,42051,Canis latrans,Coyote,False,https://www.inaturalist.org/observations/333338974
333358725,2026-01-03,42.5408566667,-71.4250033333,,research,42051,Canis latrans,Coyote,False,https://www.inaturalist.org/observations/333358725
333359324,2026-01-03,42.5418416667,-71.42538,,research,42051,Canis latrans,Coyote,False,https://www.inaturalist.org/observations/333359324
333729236,2026-01-06,42.7234474518,-71.0260365063,23.0,research,42051,Canis latrans,Coyote,False,https://www.inaturalist.org/observations/333729236
333792462,2026-01-05,42.7213583333,-71.0244222222,6.0,research,42051,Canis latrans,Coyote,False,https://www.inaturalist.org/observations/333792462
333792470,2026-01-05,42.7238972222,-71.0252138889,5.0,research,42051,Canis latrans,Coyote,False,https://www.inaturalist.org/observations/333792470
333801898,2026-01-06,42.70557,-71.08255,52.0,research,42051,Canis latrans,Coyote,False,https://www.inaturalist.org/observations/333801898
333883780,2026-01-07,42.235976,-70.8573399722,,research,42051,Canis latrans,Coyote,False,https://www.inaturalist.org/observations/333883780
333997664,2026-01-08,42.3297891796,-71.1098023877,31.0,research,42051,Canis latrans,Coyote,False,https://www.inaturalist.org/observations/333997664
334030179,2026-01-08,42.2233410941,-71.2587098297,8.0,research,42051,Canis latrans,Coyote,False,https://www.inaturalist.org/observations/334030179
334053733,2025-12-06,41.52903,-70.6780783333,2.0,research,42051,Canis latrans,Coyote,False,https://www.inaturalist.org/observations/334053733
334141246,2026-01-09,42.2932277778,-71.1315,,research,42051,Canis latrans,Coyote,False,https://www.inaturalist.org/observations/334141246
334260583,2026-01-03,42.3202443643,-71.3030991613,51.0,research,42051,Canis latrans,Coyote,False,https://www.inaturalist.org/observations/334260583
334338936,2026-01-04,42.4946258482,-71.1563473306,182.0,research,42051,Canis latrans,Coyote,False,https://www.inaturalist.org/observations/334338936
334527968,2026-01-12,42.365271715,-71.2645847843,13.0,research,42051,Canis latrans,Coyote,False,https://www.inaturalist.org/observations/334527968
334533053,2025-11-23,42.3281160219,-71.2152225827,4.0,research,42051,Canis latrans,Coyote,False,https://www.inaturalist.org/observations/334533053
334608479,2026-01-12,42.364688755,-71.2652928346,22.0,research,42051,Canis latrans,Coyote,False,https://www.inaturalist.org/observations/334608479
334642089,2025-11-05,41.6478006555,-70.4638769709,11.0,research,42051,Canis latrans,Coyote,False,https://www.inaturalist.org/observations/334642089
334646176,2026-01-04,42.4525528773,-71.0821167985,31.0,research,42051,Canis latrans,Coyote,False,https://www.inaturalist.org/observations/334646176
334754222,2026-01-14,42.302255,-72.5295833333,,research,42051,Canis latrans,Coyote,False,https://www.inaturalist.org/observations/334754222
334786349,2026-01-14,42.2935416667,-71.1281138889,,research,42051,Canis latrans,Coyote,False,https://www.inaturalist.org/observations/334786349
334846743,2026-01-15,42.3080866255,-71.0906671267,33.0,research,42051,Canis latrans,Coyote,False,https://www.inaturalist.org/observations/334846743
335125038,2026-01-12,41.5962329819,-70.830819793,178.0,research,42051,Canis latrans,Coyote,False,https://www.inaturalist.org/observations/335125038
335241592,2026-01-18,42.3833031326,-72.2407756001,130.0,research,42051,Canis latrans,Coyote,False,https://www.inaturalist.org/observations/335241592
335251186,2026-01-17,42.627832635,-71.7296712891,176.0,research,42051,Canis latrans,Coyote,False,https://www.inaturalist.org/observations/335251186
335517566,2026-01-20,42.4323303818,-71.1475085157,164.0,research,42051,Canis latrans,Coyote,False,https://www.inaturalist.org/observations/335517566
335857138,2026-01-23,42.4717866667,-71.171495,19.0,research,42051,Canis latrans,Coyote,False,https://www.inaturalist.org/observations/335857138
335869643,2026-01-23,42.6484634257,-70.6119334325,24.0,research,42051,Canis latrans,Coyote,False,https://www.inaturalist.org/observations/335869643
336041874,2026-01-19,42.1020590193,-70.9388695541,15.0,research,42051,Canis latrans,Coyote,False,https://www.inaturalist.org/observations/336041874
336114911,2025-12-20,42.3856221061,-71.1084639654,23.0,research,42051,Canis latrans,Coyote,False,https://www.inaturalist.org/observations/336114911
336540262,2025-04-20,42.2788466667,-71.6335,,research,42051,Canis latrans,Coyote,False,https://www.inaturalist.org/observations/336540262
336610441,2025-04-20,42.2808716667,-71.6374283333,,research,42051,Canis latrans,Coyote,False,https://www.inaturalist.org/observations/336610441
336863704,2026-01-31,42.7882219898,-70.8090683528,2.0,research,42051,Canis latrans,Coyote,False,https://www.inaturalist.org/observations/336863704
337083929,2026-02-01,42.2561098616,-71.3403969258,186.0,research,42051,Canis latrans,Coyote,False,https://www.inaturalist.org/observations/337083929
337471347,2026-02-04,42.4708264747,-71.1640773574,31.0,research,42051,Canis latrans,Coyote,False,https://www.inaturalist.org/observations/337471347
337665944,2020-05-25,42.0606721746,-70.1135091427,15.0,research,42051,Canis latrans,Coyote,False,https://www.inaturalist.org/observations/337665944
337720418,2026-02-05,41.5762133333,-70.6303166667,14.0,research,42051,Canis latrans,Coyote,False,https://www.inaturalist.org/observations/337720418
338278204,2026-02-10,42.21603,-71.851355,10.0,research,42051,Canis latrans,Coyote,False,https://www.inaturalist.org/observations/338278204
338897896,2026-02-16,42.3005166667,-71.0383944444,,research,42051,Canis latrans,Coyote,False,https://www.inaturalist.org/observations/338897896
338897934,2026-02-16,42.3010805556,-71.0359666667,,research,42051,Canis latrans,Coyote,False,https://www.inaturalist.org/observations/338897934
339366157,2026-02-19,42.4382194182,-71.0405115206,5.0,research,42051,Canis latrans,Coyote,False,https://www.inaturalist.org/observations/339366157
339476708,2026-02-20,42.5259466667,-71.3068383333,,research,42051,Canis latrans,Coyote,False,https://www.inaturalist.org/observations/339476708
339668754,2026-02-21,42.7780853216,-70.8095786772,122.0,research,42051,Canis latrans,Coyote,False,https://www.inaturalist.org/observations/339668754
340478532,2026-02-27,42.7771615514,-70.8128112483,15.0,research,42051,Canis latrans,Coyote,False,https://www.inaturalist.org/observations/340478532
340652940,2026-02-28,42.4392033333,-71.0804445,4.0,research,42051,Canis latrans,Coyote,False,https://www.inaturalist.org/observations/340652940
340674247,2026-02-28,42.3897366667,-71.1506361667,5.0,research,42051,Canis latrans,Coyote,False,https://www.inaturalist.org/observations/340674247
341029963,2026-02-12,42.3991435556,-71.1556593611,,research,42051,Canis latrans,Coyote,False,https://www.inaturalist.org/observations/341029963
341093020,2026-03-02,42.3991027778,-71.1556861111,,research,42051,Canis latrans,Coyote,False,https://www.inaturalist.org/observations/341093020
341149113,2026-03-03,42.4005866667,-71.3556033333,,research,42051,Canis latrans,Coyote,False,https://www.inaturalist.org/observations/341149113
341232955,2026-03-04,42.5658050062,-70.8823242517,78.0,research,42051,Canis latrans,Coyote,False,https://www.inaturalist.org/observations/341232955
341300702,2026-03-04,42.1877255884,-71.4092812497,9.0,research,42051,Canis latrans,Coyote,False,https://www.inaturalist.org/observations/341300702
341309937,2026-03-04,42.3991194444,-71.1555972222,,research,42051,Canis latrans,Coyote,False,https://www.inaturalist.org/observations/341309937
341610668,2026-03-06,42.3991444444,-71.1557166667,,research,42051,Canis latrans,Coyote,False,https://www.inaturalist.org/observations/341610668
341879497,2026-03-07,42.4582351954,-71.303493863,166.0,research,42051,Canis latrans,Coyote,False,https://www.inaturalist.org/observations/341879497
341879501,2026-02-22,42.458357859,-71.3034778116,125.0,research,42051,Canis latrans,Coyote,False,https://www.inaturalist.org/observations/341879501
341881472,2026-03-07,42.4579755245,-71.3033651832,189.0,research,42051,Canis latrans,Coyote,False,https://www.inaturalist.org/observations/341881472
341907602,2026-03-08,42.4267616667,-71.4748616667,5.0,research,42051,Canis latrans,Coyote,False,https://www.inaturalist.org/observations/341907602
341910519,2026-03-08,42.4393638883,-70.9837888883,3.0,research,42051,Canis latrans,Coyote,False,https://www.inaturalist.org/observations/341910519
341919963,2026-03-08,42.7653286741,-70.8753568679,203.0,research,42051,Canis latrans,Coyote,False,https://www.inaturalist.org/observations/341919963
342430262,2026-02-27,42.7586633333,-70.8042833333,4.0,research,42051,Canis latrans,Coyote,False,https://www.inaturalist.org/observations/342430262
342525422,2026-03-07,42.3990348333,-71.1556127222,,research,42051,Canis latrans,Coyote,False,https://www.inaturalist.org/observations/342525422
342657403,2026-03-09,42.0998539838,-70.9340067092,4.0,research,42051,Canis latrans,Coyote,False,https://www.inaturalist.org/observations/342657403
342658918,2026-03-08,42.099368388,-70.9331135336,8.0,research,42051,Canis latrans,Coyote,False,https://www.inaturalist.org/observations/342658918
342673621,2026-03-12,42.7314027283,-73.2139421401,15.0,research,42051,Canis latrans,Coyote,False,https://www.inaturalist.org/observations/342673621
342805162,2026-03-11,42.1006599849,-70.9350474063,4.0,research,42051,Canis latrans,Coyote,False,https://www.inaturalist.org/observations/342805162
342838701,2026-03-13,42.3656283333,-71.2646116667,13.0,research,42051,Canis latrans,Coyote,False,https://www.inaturalist.org/observations/342838701
342846929,2026-03-13,42.3660883333,-71.2663116667,4.0,research,42051,Canis latrans,Coyote,False,https://www.inaturalist.org/observations/342846929
342947752,2026-03-14,41.4819851661,-71.0367224853,97.0,research,42051,Canis latrans,Coyote,False,https://www.inaturalist.org/observations/342947752
343191218,2026-03-12,41.58343,-70.553025,8.0,research,42051,Canis latrans,Coyote,False,https://www.inaturalist.org/observations/343191218
343529079,2026-03-13,42.3201888343,-71.3031528055,37.0,research,42051,Canis latrans,Coyote,False,https://www.inaturalist.org/observations/343529079
343529217,2026-03-13,42.3205682,-71.3061171,51.0,research,42051,Canis latrans,Coyote,False,https://www.inaturalist.org/observations/343529217
343543486,2026-03-17,42.0995813342,-70.9342963878,4.0,research,42051,Canis latrans,Coyote,False,https://www.inaturalist.org/observations/343543486
343635327,2026-03-18,42.5265959997,-70.8694737997,,research,42051,Canis latrans,Coyote,False,https://www.inaturalist.org/observations/343635327
343865908,2026-01-21,42.36629,-71.26515,,research,42051,Canis latrans,Coyote,False,https://www.inaturalist.org/observations/343865908
343883810,2026-03-15,42.0995534721,-70.9341917816,4.0,research,42051,Canis latrans,Coyote,False,https://www.inaturalist.org/observations/343883810
344053123,2026-02-13,42.225895793,-70.9227527371,15.0,research,42051,Canis latrans,Coyote,False,https://www.inaturalist.org/observations/344053123
344288952,2026-03-21,42.0623333333,-70.24637,,research,42051,Canis latrans,Coyote,False,https://www.inaturalist.org/observations/344288952
344485419,2026-03-20,42.0974115866,-70.9343627183,15.0,research,42051,Canis latrans,Coyote,False,https://www.inaturalist.org/observations/344485419
344556989,2026-03-05,41.7930923117,-71.1315886372,15.0,research,42051,Canis latrans,Coyote,False,https://www.inaturalist.org/observations/344556989
344731563,2026-03-20,42.2957734904,-71.3039609458,2.0,research,42051,Canis latrans,Coyote,False,https://www.inaturalist.org/observations/344731563
344731569,2026-03-17,42.2957863863,-71.3039864268,2.0,research,42051,Canis latrans,Coyote,False,https://www.inaturalist.org/observations/344731569
344736647,2026-03-21,42.2984208521,-71.6255164199,248.0,research,42051,Canis latrans,Coyote,False,https://www.inaturalist.org/observations/344736647
344775996,2026-03-23,42.3971283528,-71.1520528333,20.0,research,42051,Canis latrans,Coyote,False,https://www.inaturalist.org/observations/344775996
344828393,2026-03-23,42.4057966667,-71.33238,4.0,research,42051,Canis latrans,Coyote,False,https://www.inaturalist.org/observations/344828393
344871879,2026-03-21,42.5180850544,-71.8778445572,181.0,research,42051,Canis latrans,Coyote,False,https://www.inaturalist.org/observations/344871879
345085434,2026-03-25,42.1785916667,-71.1701083333,,research,42051,Canis latrans,Coyote,False,https://www.inaturalist.org/observations/345085434
345173850,2026-03-25,42.0989773194,-70.9343419853,15.0,research,42051,Canis latrans,Coyote,False,https://www.inaturalist.org/observations/345173850
345175105,2026-03-18,42.5311456112,-71.9992670799,2.0,research,42051,Canis latrans,Coyote,False,https://www.inaturalist.org/observations/345175105
345504658,2026-03-27,42.2946388889,-71.1251611111,,research,42051,Canis latrans,Coyote,False,https://www.inaturalist.org/observations/345504658
345510816,2026-03-20,42.6163744899,-71.5628362075,19.0,research,42051,Canis latrans,Coyote,False,https://www.inaturalist.org/observations/345510816
345515136,2026-03-20,42.2760628274,-71.6327671105,15.0,research,42051,Canis latrans,Coyote,False,https://www.inaturalist.org/observations/345515136
345654597,2026-03-28,42.4685529745,-71.107727699,6.0,research,42051,Canis latrans,Coyote,False,https://www.inaturalist.org/observations/345654597
345716426,2026-03-28,42.5220716667,-71.480705,17.0,research,42051,Canis latrans,Coyote,False,https://www.inaturalist.org/observations/345716426
345716479,2026-03-28,42.5220966667,-71.480705,24.0,research,42051,Canis latrans,Coyote,False,https://www.inaturalist.org/observations/345716479
345768493,2026-03-27,42.0995753637,-70.9347255412,4.0,research,42051,Canis latrans,Coyote,False,https://www.inaturalist.org/observations/345768493
345769406,2026-03-27,42.0995873046,-70.9348194185,4.0,research,42051,Canis latrans,Coyote,False,https://www.inaturalist.org/observations/345769406
345952131,2026-03-29,42.3681636245,-71.2587664747,4.0,research,42051,Canis latrans,Coyote,False,https://www.inaturalist.org/observations/345952131
345979711,2025-11-18,42.3870069621,-71.5710779152,242.0,research,42051,Canis latrans,Coyote,False,https://www.inaturalist.org/observations/345979711
345983339,2025-12-08,42.3870114767,-71.5710487654,222.0,research,42051,Canis latrans,Coyote,False,https://www.inaturalist.org/observations/345983339
345983522,2025-12-21,42.3870903146,-71.5710376395,225.0,research,42051,Canis latrans,Coyote,False,https://www.inaturalist.org/observations/345983522
346074521,2026-03-19,42.1635778333,-71.1400611667,7.0,research,42051,Canis latrans,Coyote,False,https://www.inaturalist.org/observations/346074521
346076220,2026-03-23,42.4057833333,-71.3323533333,4.0,research,42051,Canis latrans,Coyote,False,https://www.inaturalist.org/observations/346076220
346347317,2026-03-31,42.2833017997,-71.7640004,,research,42051,Canis latrans,Coyote,False,https://www.inaturalist.org/observations/346347317
346398102,2026-03-28,42.4794350477,-71.9221866522,15.0,research,42051,Canis latrans,Coyote,False,https://www.inaturalist.org/observations/346398102
346614868,2026-01-12,42.1875826267,-71.0885502056,15.0,research,42051,Canis latrans,Coyote,False,https://www.inaturalist.org/observations/346614868
346693662,2026-04-01,42.3537135224,-71.353659403,20.0,research,42051,Canis latrans,Coyote,False,https://www.inaturalist.org/observations/346693662
346869462,2026-04-02,42.3192694444,-71.2226194444,,research,42051,Canis latrans,Coyote,False,https://www.inaturalist.org/observations/346869462
347101429,2026-04-03,42.3051683333,-71.1218366667,,research,42051,Canis latrans,Coyote,False,https://www.inaturalist.org/observations/347101429
347335706,2026-04-04,42.1389151166,-71.5666922442,4.0,research,42051,Canis latrans,Coyote,False,https://www.inaturalist.org/observations/347335706
347372990,2026-03-25,42.3910551621,-72.2382278368,45.0,research,42051,Canis latrans,Coyote,False,https://www.inaturalist.org/observations/347372990
347553955,2026-03-30,42.4383837997,-71.5482530997,,research,42051,Canis latrans,Coyote,False,https://www.inaturalist.org/observations/347553955
347903049,2026-04-06,42.29845,-71.03476,,research,42051,Canis latrans,Coyote,False,https://www.inaturalist.org/observations/347903049
348126199,2026-04-07,42.5244986402,-71.2719125589,6.0,research,42051,Canis latrans,Coyote,False,https://www.inaturalist.org/observations/348126199
348135556,2026-04-04,42.2507216667,-71.3347166667,8.0,research,42051,Canis latrans,Coyote,False,https://www.inaturalist.org/observations/348135556
348398051,2026-04-08,42.6568953133,-70.7804072994,28.0,research,42051,Canis latrans,Coyote,False,https://www.inaturalist.org/observations/348398051
348495740,2026-04-09,41.95409921,-69.99494055,7.0,research,42051,Canis latrans,Coyote,False,https://www.inaturalist.org/observations/348495740
348581666,2026-04-09,42.6511416667,-70.7898466667,2.0,research,42051,Canis latrans,Coyote,False,https://www.inaturalist.org/observations/348581666
348595479,2026-02-22,42.4796029722,-72.026694,,research,42051,Canis latrans,Coyote,False,https://www.inaturalist.org/observations/348595479
348669637,2026-04-04,42.0872433761,-71.6669520445,95.0,research,42051,Canis latrans,Coyote,False,https://www.inaturalist.org/observations/348669637
348826380,2026-04-10,41.9698466667,-71.2061383333,5.0,research,42051,Canis latrans,Coyote,False,https://www.inaturalist.org/observations/348826380
348841773,2026-04-09,42.2955609184,-71.6313958104,31.0,research,42051,Canis latrans,Coyote,False,https://www.inaturalist.org/observations/348841773
349017409,2026-04-11,42.1003539635,-71.6722347998,4.0,research,42051,Canis latrans,Coyote,False,https://www.inaturalist.org/observations/349017409
349118718,2026-04-11,42.4381958649,-71.040529076,8.0,research,42051,Canis latrans,Coyote,False,https://www.inaturalist.org/observations/349118718
349142034,2026-04-10,42.657132595,-70.8130081438,206.0,research,42051,Canis latrans,Coyote,False,https://www.inaturalist.org/observations/349142034
349263373,2026-04-12,42.2467902722,-71.9564923737,9.0,research,42051,Canis latrans,Coyote,False,https://www.inaturalist.org/observations/349263373
349281094,2026-04-11,42.4015583333,-71.18943,4.0,research,42051,Canis latrans,Coyote,False,https://www.inaturalist.org/observations/349281094
349375324,2026-04-12,42.298775,-71.0995333333,14.0,research,42051,Canis latrans,Coyote,False,https://www.inaturalist.org/observations/349375324
350266244,2026-02-24,42.6036865394,-70.9027316562,31.0,research,42051,Canis latrans,Coyote,False,https://www.inaturalist.org/observations/350266244
350359776,2026-04-15,42.0983634161,-70.9342330747,8.0,research,42051,Canis latrans,Coyote,False,https://www.inaturalist.org/observations/350359776
350367969,2026-04-16,42.6498805556,-70.63075,,research,42051,Canis latrans,Coyote,False,https://www.inaturalist.org/observations/350367969
350566720,2026-04-16,42.148,-71.763695,5.0,research,42051,Canis latrans,Coyote,False,https://www.inaturalist.org/observations/350566720
350696431,2026-04-17,42.2065270721,-71.1092223612,8.0,research,42051,Canis latrans,Coyote,False,https://www.inaturalist.org/observations/350696431
350786721,2026-04-18,42.24730907,-70.7700713996,95.0,research,42051,Canis latrans,Coyote,False,https://www.inaturalist.org/observations/350786721
350927300,2026-04-18,42.2585020153,-70.923928991,177.0,research,42051,Canis latrans,Coyote,False,https://www.inaturalist.org/observations/350927300
351136077,2026-04-19,42.5308093641,-70.8730474736,9.0,research,42051,Canis latrans,Coyote,False,https://www.inaturalist.org/observations/351136077
351289589,2026-04-18,42.3201650357,-71.3031420767,35.0,research,42051,Canis latrans,Coyote,False,https://www.inaturalist.org/observations/351289589
351295518,2026-04-19,42.0983371062,-70.9333111985,15.0,research,42051,Canis latrans,Coyote,False,https://www.inaturalist.org/observations/351295518
351845541,2026-04-21,42.18747,-71.1104278333,8.0,research,42051,Canis latrans,Coyote,False,https://www.inaturalist.org/observations/351845541
352748560,2026-04-24,42.2355466667,-71.7752616667,11.0,research,42051,Canis latrans,Coyote,False,https://www.inaturalist.org/observations/352748560
352760158,2026-04-24,42.365679,-71.2645100997,,research,42051,Canis latrans,Coyote,False,https://www.inaturalist.org/observations/352760158
352833987,2026-04-24,42.0524747583,-72.2658877389,,research,42051,Canis latrans,Coyote,False,https://www.inaturalist.org/observations/352833987
353130530,2026-04-24,42.6596049708,-70.6005380675,4.0,research,42051,Canis latrans,Coyote,False,https://www.inaturalist.org/observations/353130530
353239098,2026-04-24,42.1313501512,-72.4503499241,8.0,research,42051,Canis latrans,Coyote,False,https://www.inaturalist.org/observations/353239098
353249981,2026-04-24,41.7404190163,-71.101464949,9.0,research,42051,Canis latrans,Coyote,False,https://www.inaturalist.org/observations/353249981
353521658,2026-04-25,42.3126503551,-71.1184053531,4.0,research,42051,Canis latrans,Coyote,False,https://www.inaturalist.org/observations/353521658
353784019,2026-04-25,42.6003697121,-70.8996417514,31.0,research,42051,Canis latrans,Coyote,False,https://www.inaturalist.org/observations/353784019
353863564,2026-04-25,42.5476017758,-72.2782893091,16.0,research,42051,Canis latrans,Coyote,False,https://www.inaturalist.org/observations/353863564
353907742,2026-04-25,42.5476833333,-72.278755,3.0,research,42051,Canis latrans,Coyote,False,https://www.inaturalist.org/observations/353907742
354558071,2026-04-26,41.6391133333,-70.9662466667,4.0,research,42051,Canis latrans,Coyote,False,https://www.inaturalist.org/observations/354558071
354974365,2026-04-26,41.6285956529,-71.0661412594,23.0,research,42051,Canis latrans,Coyote,False,https://www.inaturalist.org/observations/354974365
355303673,2026-04-25,42.3819833333,-72.5482783333,5.0,research,42051,Canis latrans,Coyote,False,https://www.inaturalist.org/observations/355303673
355755625,2026-04-27,41.9865111111,-70.0122027778,5.0,research,42051,Canis latrans,Coyote,False,https://www.inaturalist.org/observations/355755625
355854001,2026-04-27,42.2208049378,-70.920067531,31.0,research,42051,Canis latrans,Coyote,False,https://www.inaturalist.org/observations/355854001
355869706,2026-04-27,41.6285596452,-71.0663965071,8.0,research,42051,Canis latrans,Coyote,False,https://www.inaturalist.org/observations/355869706
355887935,2026-04-27,41.628595383,-71.0661418313,23.0,research,42051,Canis latrans,Coyote,False,https://www.inaturalist.org/observations/355887935
356043940,2026-04-27,41.8513533333,-70.6112283333,4.0,research,42051,Canis latrans,Coyote,False,https://www.inaturalist.org/observations/356043940
356051423,2026-04-27,42.0342629,-71.5634687,,research,42051,Canis latrans,Coyote,False,https://www.inaturalist.org/observations/356051423
356326149,2026-04-28,42.2572978081,-71.1900631,103.0,research,42051,Canis latrans,Coyote,False,https://www.inaturalist.org/observations/356326149
356327111,2026-04-28,42.527725,-71.0591583333,5.0,research,42051,Canis latrans,Coyote,False,https://www.inaturalist.org/observations/356327111
356685165,2026-04-25,42.6441686591,-70.627218382,2.0,research,42051,Canis latrans,Coyote,False,https://www.inaturalist.org/observations/356685165
356871885,2026-04-30,42.2373284,-70.8569137,,research,42051,Canis latrans,Coyote,False,https://www.inaturalist.org/observations/356871885
357282887,2026-04-30,42.6027546867,-70.8955004207,31.0,research,42051,Canis latrans,Coyote,False,https://www.inaturalist.org/observations/357282887
357554016,2026-05-01,42.2978216667,-71.1183388333,10.0,research,42051,Canis latrans,Coyote,False,https://www.inaturalist.org/observations/357554016
357735200,2026-04-20,41.9183194444,-70.5767833333,4.0,research,42051,Canis latrans,Coyote,False,https://www.inaturalist.org/observations/357735200
357863305,2026-05-02,42.4686777778,-71.3985111111,,research,42051,Canis latrans,Coyote,False,https://www.inaturalist.org/observations/357863305
358261612,2023-09-11,41.8889506606,-70.9895284474,79.0,research,42051,Canis latrans,Coyote,False,https://www.inaturalist.org/observations/358261612
358445836,2026-04-15,42.6045934384,-72.216340676,180.0,research,42051,Canis latrans,Coyote,False,https://www.inaturalist.org/observations/358445836
358981617,2026-03-12,42.0485528333,-71.1895833333,5.0,research,42051,Canis latrans,Coyote,False,https://www.inaturalist.org/observations/358981617
359140422,2025-07-27,42.3870669059,-71.5709830328,193.0,research,42051,Canis latrans,Coyote,False,https://www.inaturalist.org/observations/359140422
359608948,2026-05-08,42.2361081613,-71.661448471,3.0,research,42051,Canis latrans,Coyote,False,https://www.inaturalist.org/observations/359608948
359655792,2026-05-02,42.3043469192,-70.919926859,2.0,research,42051,Canis latrans,Coyote,False,https://www.inaturalist.org/observations/359655792
359656327,2026-05-02,42.3061742059,-70.9087727495,30.0,research,42051,Canis latrans,Coyote,False,https://www.inaturalist.org/observations/359656327
359710719,2026-05-08,42.3203166667,-71.3171833333,28.0,research,42051,Canis latrans,Coyote,False,https://www.inaturalist.org/observations/359710719
360372747,2026-05-03,42.3201888343,-71.3030777037,53.0,research,42051,Canis latrans,Coyote,False,https://www.inaturalist.org/observations/360372747
360373142,2026-05-04,42.3202047,-71.303120619,41.0,research,42051,Canis latrans,Coyote,False,https://www.inaturalist.org/observations/360373142
360445926,2022-02-05,42.3027333333,-70.911995,5.0,research,42051,Canis latrans,Coyote,False,https://www.inaturalist.org/observations/360445926
360574902,2026-05-10,42.2913561439,-71.7156625449,65.0,research,42051,Canis latrans,Coyote,False,https://www.inaturalist.org/observations/360574902
360660037,2026-05-11,42.0604713294,-70.215296175,230.0,research,42051,Canis latrans,Coyote,False,https://www.inaturalist.org/observations/360660037
360720801,2026-05-11,42.0644382659,-70.1117290688,178.0,research,42051,Canis latrans,Coyote,False,https://www.inaturalist.org/observations/360720801
360771436,2026-04-14,42.2571033483,-70.9899367279,58.0,research,42051,Canis latrans,Coyote,False,https://www.inaturalist.org/observations/360771436
360862183,2026-05-12,42.5303104997,-70.8741019997,,research,42051,Canis latrans,Coyote,False,https://www.inaturalist.org/observations/360862183
360908997,2026-05-10,41.9289,-70.0722527778,,research,42051,Canis latrans,Coyote,False,https://www.inaturalist.org/observations/360908997
362013765,2026-05-16,42.4000972222,-71.19175,,research,42051,Canis latrans,Coyote,False,https://www.inaturalist.org/observations/362013765
362325586,2026-05-16,42.333705,-71.4630966667,2.0,research,42051,Canis latrans,Coyote,False,https://www.inaturalist.org/observations/362325586
362727131,2026-05-18,42.49453,-70.8881216667,5.0,research,42051,Canis latrans,Coyote,False,https://www.inaturalist.org/observations/362727131
363034271,2026-05-18,42.0458831997,-70.1103863997,,research,42051,Canis latrans,Coyote,False,https://www.inaturalist.org/observations/363034271
363344724,2026-05-19,42.4188383333,-71.2035616667,3.0,research,42051,Canis latrans,Coyote,False,https://www.inaturalist.org/observations/363344724
364115892,2026-05-22,41.5617284984,-70.5032410174,16.0,research,42051,Canis latrans,Coyote,False,https://www.inaturalist.org/observations/364115892
364525693,2026-05-09,42.3908271827,-71.1134465629,32.0,research,42051,Canis latrans,Coyote,False,https://www.inaturalist.org/observations/364525693
364934849,2026-05-20,42.1664918,-71.7003758997,,research,42051,Canis latrans,Coyote,False,https://www.inaturalist.org/observations/364934849
365553519,2026-05-25,42.6707033333,-71.3984833333,43.0,research,42051,Canis latrans,Coyote,False,https://www.inaturalist.org/observations/365553519
365848480,2025-06-09,42.0571525213,-70.1159358094,61.0,research,42051,Canis latrans,Coyote,False,https://www.inaturalist.org/observations/365848480
365890957,2026-05-27,42.3947388119,-71.5309248215,19.0,research,42051,Canis latrans,Coyote,False,https://www.inaturalist.org/observations/365890957
367583556,2026-05-21,42.6043243408,-71.2285461426,,research,42051,Canis latrans,Coyote,False,https://www.inaturalist.org/observations/367583556
368358564,2026-06-04,42.2441492952,-70.7711245348,147.0,research,42051,Canis latrans,Coyote,False,https://www.inaturalist.org/observations/368358564
368707188,2026-05-21,42.0614,-70.1794966667,8.0,research,42051,Canis latrans,Coyote,False,https://www.inaturalist.org/observations/368707188
369405226,2026-06-07,42.6481288951,-70.9039565245,61.0,research,42051,Canis latrans,Coyote,False,https://www.inaturalist.org/observations/369405226
369534553,2026-05-23,41.6058166667,-70.6343466667,4.0,research,42051,Canis latrans,Coyote,False,https://www.inaturalist.org/observations/369534553
370659539,2026-06-03,42.519286847,-71.0416969047,4.0,research,42051,Canis latrans,Coyote,False,https://www.inaturalist.org/observations/370659539
371000328,2026-06-12,42.6394230157,-70.7727097347,21.0,research,42051,Canis latrans,Coyote,False,https://www.inaturalist.org/observations/371000328
371437473,2026-06-13,42.4536533333,-72.5803833333,4.0,research,42051,Canis latrans,Coyote,False,https://www.inaturalist.org/observations/371437473
371828599,2023-12-08,42.2728397083,-70.8625970746,10.0,research,42051,Canis latrans,Coyote,False,https://www.inaturalist.org/observations/371828599
371949815,2026-03-15,42.2639204051,-70.8629325898,52.0,research,42051,Canis latrans,Coyote,False,https://www.inaturalist.org/observations/371949815
372490912,2026-06-16,42.3831339101,-71.8968181205,246.0,research,42051,Canis latrans,Coyote,False,https://www.inaturalist.org/observations/372490912
372592432,2026-06-16,42.0574137989,-70.1762215198,7.0,research,42051,Canis latrans,Coyote,False,https://www.inaturalist.org/observations/372592432
372808408,2026-06-17,42.5245049517,-72.1846824555,113.0,research,42051,Canis latrans,Coyote,False,https://www.inaturalist.org/observations/372808408
373347355,2026-06-19,42.1860616667,-71.0989083333,3.0,research,42051,Canis latrans,Coyote,False,https://www.inaturalist.org/observations/373347355
373410702,2026-06-19,42.2182484059,-71.168554835,11.0,research,42051,Canis latrans,Coyote,False,https://www.inaturalist.org/observations/373410702
374346710,2026-06-19,42.3160077102,-71.0363899916,64.0,research,42051,Canis latrans,Coyote,False,https://www.inaturalist.org/observations/374346710
375348031,2026-06-25,42.6425865373,-70.6794418561,10.0,research,42051,Canis latrans,Coyote,False,https://www.inaturalist.org/observations/375348031
375361420,2026-06-25,41.8905833333,-69.9645383333,4.0,research,42051,Canis latrans,Coyote,False,https://www.inaturalist.org/observations/375361420
375397712,2026-06-25,42.46977,-71.366328,,research,42051,Canis latrans,Coyote,False,https://www.inaturalist.org/observations/375397712
375576891,2026-06-22,42.4629638833,-71.1587905888,52.0,research,42051,Canis latrans,Coyote,False,https://www.inaturalist.org/observations/375576891
375726386,2026-05-14,42.495203,-71.551122,25.0,research,42051,Canis latrans,Coyote,False,https://www.inaturalist.org/observations/375726386
376375191,2026-06-28,41.9985716667,-70.0735333333,4.0,research,42051,Canis latrans,Coyote,False,https://www.inaturalist.org/observations/376375191
377609770,2026-07-02,41.7750587463,-70.5615158081,4.0,research,42051,Canis latrans,Coyote,False,https://www.inaturalist.org/observations/377609770
377883602,2026-07-03,42.4708033333,-71.1677333333,4.0,research,42051,Canis latrans,Coyote,False,https://www.inaturalist.org/observations/377883602
379469743,2026-06-12,42.3201729686,-71.3031420768,41.0,research,42051,Canis latrans,Coyote,False,https://www.inaturalist.org/observations/379469743
379518231,2026-07-08,42.2481840279,-71.74000794,47.0,research,42051,Canis latrans,Coyote,False,https://www.inaturalist.org/observations/379518231
379849927,2026-07-09,42.3890283333,-71.1547695,4.0,research,42051,Canis latrans,Coyote,False,https://www.inaturalist.org/observations/379849927
380512073,2026-07-11,42.2291716667,-71.1046221667,4.0,research,42051,Canis latrans,Coyote,False,https://www.inaturalist.org/observations/380512073
380729153,2026-06-21,41.7046466667,-70.2759783333,10.0,research,42051,Canis latrans,Coyote,False,https://www.inaturalist.org/observations/380729153
381212987,2026-07-12,42.4022722921,-72.3967233267,31.0,research,42051,Canis latrans,Coyote,False,https://www.inaturalist.org/observations/381212987
381673880,2026-07-03,42.5581872597,-70.8726643577,31.0,research,42051,Canis latrans,Coyote,False,https://www.inaturalist.org/observations/381673880
381673883,2026-06-27,42.5581787813,-70.8726643578,8.0,research,42051,Canis latrans,Coyote,False,https://www.inaturalist.org/observations/381673883
381720145,2026-07-15,42.3497666667,-71.1407695,5.0,research,42051,Canis latrans,Coyote,False,https://www.inaturalist.org/observations/381720145
382430082,2026-07-17,42.4281682715,-71.4174740666,51.0,research,42051,Canis latrans,Coyote,False,https://www.inaturalist.org/observations/382430082
382888004,2026-07-17,41.8799285833,-69.9951248167,,research,42051,Canis latrans,Coyote,False,https://www.inaturalist.org/observations/382888004
383287968,2026-07-19,41.9861708945,-70.9271430599,61.0,research,42051,Canis latrans,Coyote,False,https://www.inaturalist.org/observations/383287968
383438948,2026-07-20,42.3201888343,-71.3031206191,44.0,research,42051,Canis latrans,Coyote,False,https://www.inaturalist.org/observations/383438948
384295213,2026-07-23,42.087425,-71.6541133333,3.0,research,42051,Canis latrans,Coyote,False,https://www.inaturalist.org/observations/384295213
385085830,2026-07-25,42.277705,-71.34648,5.0,research,42051,Canis latrans,Coyote,False,https://www.inaturalist.org/observations/385085830
385728366,2022-12-29,41.9359166667,-70.0346833333,5.0,research,42051,Canis latrans,Coyote,False,https://www.inaturalist.org/observations/385728366
386091989,2026-07-28,42.4698716667,-71.1087416667,5.0,research,42051,Canis latrans,Coyote,False,https://www.inaturalist.org/observations/386091989
386816663,2023-07-09,42.4933462329,-71.3806532763,102.0,research,42051,Canis latrans,Coyote,False,https://www.inaturalist.org/observations/386816663
386855824,2026-07-19,42.5141431193,-71.1596726999,189.0,research,42051,Canis latrans,Coyote,False,https://www.inaturalist.org/observations/386855824
386876549,2026-01-07,42.2065223242,-70.8867714705,2.0,research,42051,Canis latrans,Coyote,False,https://www.inaturalist.org/observations/386876549
386976188,2026-07-27,42.294068289,-71.1474165463,101.0,research,42051,Canis latrans,Coyote,False,https://www.inaturalist.org/observations/386976188
387349152,2022-05-05,42.4832921418,-71.057944061,122.0,research,42051,Canis latrans,Coyote,False,https://www.inaturalist.org/observations/387349152
387795767,2026-08-03,42.3661351889,-71.255973796,36.0,research,42051,Canis latrans,Coyote,False,https://www.inaturalist.org/observations/387795767
387943457,2026-08-01,41.6564893997,-69.9630317,,research,42051,Canis latrans,Coyote,False,https://www.inaturalist.org/observations/387943457
388363362,2026-08-02,42.2253599582,-71.2455256955,54.0,research,42051,Canis latrans,Coyote,False,https://www.inaturalist.org/observations/388363362
388469402,2026-08-05,41.9928026243,-70.7269968981,55.0,research,42051,Canis latrans,Coyote,False,https://www.inaturalist.org/observations/388469402
389107720,2026-08-07,42.0093078613,-70.0582809448,191.0,research,42051,Canis latrans,Coyote,False,https://www.inaturalist.org/observations/389107720
389151935,2014-03-19,42.4565747453,-72.8939718577,161.0,research,42051,Canis latrans,Coyote,False,https://www.inaturalist.org/observations/389151935
389349633,2013-05-15,42.4602314758,-72.8943149946,25.0,research,42051,Canis latrans,Coyote,False,https://www.inaturalist.org/observations/389349633
389349690,2013-05-23,42.4601979498,-72.8943409859,25.0,research,42051,Canis latrans,Coyote,False,https://www.inaturalist.org/observations/389349690
389349723,2013-05-27,42.460224888,-72.8943491084,25.0,research,42051,Canis latrans,Coyote,False,https://www.inaturalist.org/observations/389349723
389449601,2025-08-19,42.2483049217,-72.6958105939,25.0,research,42051,Canis latrans,Coyote,False,https://www.inaturalist.org/observations/389449601
389641589,2014-08-09,42.4601823178,-72.8943499727,25.0,research,42051,Canis latrans,Coyote,False,https://www.inaturalist.org/observations/389641589
390534249,2026-08-12,42.6228329722,-71.1955539934,17.0,research,42051,Canis latrans,Coyote,False,https://www.inaturalist.org/observations/390534249
390538886,2026-07-31,42.2340133333,-71.6602383333,14.0,research,42051,Canis latrans,Coyote,False,https://www.inaturalist.org/observations/390538886
391020940,2026-08-13,42.296395,-71.234025,18.0,research,42051,Canis latrans,Coyote,False,https://www.inaturalist.org/observations/391020940
391108436,2026-08-14,42.2892716667,-72.6852033333,4.0,research,42051,Canis latrans,Coyote,False,https://www.inaturalist.org/observations/391108436
392343946,2017-03-06,42.4593134959,-72.8959465054,61.0,research,42051,Canis latrans,Coyote,False,https://www.inaturalist.org/observations/392343946
392344216,2017-03-06,42.4601319969,-72.8961795599,61.0,research,42051,Canis latrans,Coyote,False,https://www.inaturalist.org/observations/392344216
392378171,2017-03-06,42.4604227729,-72.8959204265,76.0,research,42051,Canis latrans,Coyote,False,https://www.inaturalist.org/observations/392378171
392379348,2017-03-06,42.4595046107,-72.895491273,145.0,research,42051,Canis latrans,Coyote,False,https://www.inaturalist.org/observations/392379348
392397808,2026-08-18,42.3579349451,-71.1912094429,24.0,research,42051,Canis latrans,Coyote,False,https://www.inaturalist.org/observations/392397808
392718772,2026-07-01,42.4951274605,-71.5511371383,25.0,research,42051,Canis latrans,Coyote,False,https://www.inaturalist.org/observations/392718772
392871585,2026-08-20,42.4550214506,-71.2369385759,11.0,research,42051,Canis latrans,Coyote,False,https://www.inaturalist.org/observations/392871585
393040910,2025-12-25,41.5688841991,-70.6266067959,8.0,research,42051,Canis latrans,Coyote,False,https://www.inaturalist.org/observations/393040910
393501582,2026-07-16,42.3206636397,-71.466574303,15.0,research,42051,Canis latrans,Coyote,False,https://www.inaturalist.org/observations/393501582
393647895,2026-08-22,41.9048733428,-70.0712072712,20.0,research,42051,Canis latrans,Coyote,False,https://www.inaturalist.org/observations/393647895
395134455,2026-08-27,41.952055,-70.076425,3.0,research,42051,Canis latrans,Coyote,False,https://www.inaturalist.org/observations/395134455
395601094,2026-04-11,42.52668,-70.8691812,198.0,research,42051,Canis latrans,Coyote,False,https://www.inaturalist.org/observations/395601094
396685287,2026-09-02,42.5366404997,-70.8692147,,research,42051,Canis latrans,Coyote,False,https://www.inaturalist.org/observations/396685287
397067920,2026-08-18,42.3126916667,-71.0366583333,12.0,research,42051,Canis latrans,Coyote,False,https://www.inaturalist.org/observations/397067920
397570376,2026-09-05,42.0730555,-70.65912,10.0,research,42051,Canis latrans,Coyote,False,https://www.inaturalist.org/observations/397570376
397600666,2026-09-04,42.1927273,-72.5502999997,,research,42051,Canis latrans,Coyote,False,https://www.inaturalist.org/observations/397600666
397881918,2026-09-06,42.4207166667,-72.59015,,research,42051,Canis latrans,Coyote,False,https://www.inaturalist.org/observations/397881918
397962634,2026-08-30,41.9185448208,-70.7530863773,31.0,research,42051,Canis latrans,Coyote,False,https://www.inaturalist.org/observations/397962634
398194774,2026-09-02,42.3201834014,-71.3031164191,34.0,research,42051,Canis latrans,Coyote,False,https://www.inaturalist.org/observations/398194774
398198395,2026-09-04,42.3201754685,-71.3030842326,34.0,research,42051,Canis latrans,Coyote,False,https://www.inaturalist.org/observations/398198395
398270135,2026-09-07,42.0729055,-70.949845,18.0,research,42051,Canis latrans,Coyote,False,https://www.inaturalist.org/observations/398270135
398742620,2026-09-09,42.5163824997,-70.9284514,,research,42051,Canis latrans,Coyote,False,https://www.inaturalist.org/observations/398742620
