latitude,longitude,presence
42.5802203732,-70.6645342335,1
42.3532308711,-72.6617535166,0
42.2211416667,-71.3025638889,0
42.363368313,-72.5213308812,0
42.3241,-72.6383833333,0
42.21013533,-71.0070091146,0
41.7002400421,-70.0357009554,0
42.2783,-71.0316083333,0
42.5950939,-71.0161643,0
42.4946883333,-72.4299,0
42.6779178624,-72.9482568429,0
42.528185,-72.5450709722,0
42.6529166667,-71.0133527833,0
42.69476254,-71.21176038,0
42.4152866667,-72.5328916667,0
42.2894166667,-71.2801283333,1
42.4923653572,-71.3668222585,1
42.2282916667,-72.1868533333,0
41.915430422,-71.258617295,0
41.5028533333,-70.70523,1
42.106475,-71.2212366667,1
42.0639449752,-71.5846876227,0
42.364491,-73.147028,0
42.1143972746,-70.8093832213,0
42.6173874379,-71.1204042058,0
42.4505712321,-71.7517764693,0
42.50007,-71.448095,0
42.4530182065,-71.0822125201,1
42.2077533333,-71.5796133333,0
42.3906166667,-71.9459,0
42.6039883333,-72.7407216667,0
42.640499115,-72.0877075195,0
42.2743087021,-71.632751321,1
42.6677249941,-70.6182523551,0
41.4061668281,-70.6019455567,0
42.7174633333,-70.9569166667,0
42.3874923872,-71.2786830003,0
42.4186947833,-72.4016720536,0
41.8634616667,-70.5397716667,0
42.3609497713,-71.5566999838,0
42.3579349451,-71.1912094429,1
42.4751138889,-71.1938583333,0
42.2773110734,-71.8084151205,0
41.7685365748,-70.0876874864,0
42.0743743296,-71.147458757,0
42.2340133333,-71.6602383333,1
42.83577,-70.8999416667,0
42.0714907,-70.8092074,0
42.6055991615,-70.6467761355,0
42.3213100219,-71.192716573,0
42.5062333333,-72.1815766667,0
42.8090147506,-70.97435879,1
42.37394195,-70.98618397,0
42.5000840938,-72.6991778613,0
42.2986625771,-71.333360811,1
42.3389733333,-73.226995,0
42.294051055,-71.8254814686,0
42.3389453667,-72.1421519349,1
42.6342767693,-70.8287082164,1
42.0717860997,-71.6966927997,0
42.0850793868,-71.2100923154,1
42.1479788152,-72.039790422,0
42.2297299805,-71.1741874516,0
42.8069794277,-70.9731484722,1
41.864718689,-71.1054980146,1
41.7602769938,-70.8007519786,0
41.569114559,-70.4670462124,0
42.388625,-73.29438,1
42.5608931576,-71.102815117,0
42.2081116667,-73.3651283333,0
42.367928976,-71.2582016364,1
42.5064414062,-72.6302243024,0
42.0276503987,-70.671856612,0
41.6172790527,-70.6260452271,0
42.58770734,-72.61796877,0
42.4077166667,-72.2419533333,0
42.3273104978,-71.1279056221,0
41.8813350187,-70.0000209346,1
42.3066678329,-72.219504118,0
42.4238010285,-71.3839985803,1
42.1204613837,-70.9362623458,0
42.0836698502,-70.7981643359,1
42.3613616667,-71.250275,1
42.3080907947,-71.0907097851,1
41.7606446936,-70.1133244201,0
42.3309166997,-72.5400692225,1
42.2628855824,-71.0049604682,0
42.6317583333,-70.9221633333,1
41.7709763889,-69.9590847222,0
42.2863597953,-72.3214845608,0
42.350465,-72.3998883333,0
42.47861,-72.2496966667,0
42.059975,-71.713183,0
42.5523724109,-71.7907954067,1
41.751284577,-70.6219816417,0
42.0372841857,-70.1963302388,1
42.691475,-71.549575,0
42.4659672065,-71.4118370144,1
42.3799459479,-72.5322812531,0
42.7665960672,-71.1130348422,0
42.5404549344,-72.9671724581,0
42.665375,-71.548295,0
42.2545809597,-71.0647198539,0
42.351095,-71.5690783333,0
42.3158291663,-71.3371547086,0
42.0990388434,-71.2109278481,0
42.5121466667,-71.2623283333,1
42.1499840232,-72.6714367792,0
41.5446401714,-70.5804827717,0
42.5251166667,-72.1849883333,1
42.6,-71.57,0
42.6529089892,-73.208679842,0
42.297305,-72.5734633333,0
42.2236366667,-70.854775,0
42.8155190499,-70.9588647225,1
42.3782111944,-72.2058217227,0
42.2820194444,-71.1384055556,0
42.275917426,-71.0564314443,1
42.5578878464,-71.7283452675,0
41.290505,-70.09522217,0
42.6966333333,-70.85878,0
42.2378444444,-71.1590166667,0
42.4593134959,-72.8959465054,1
42.3786664147,-71.084223501,1
42.6176048723,-72.2915785667,0
41.6649409058,-69.9420260034,1
42.1986883333,-71.2817466667,0
42.3408607222,-72.5131331667,0
42.3371271898,-72.468970284,1
42.6369466667,-71.1663195,1
42.2008783333,-70.9732774722,0
42.409355,-71.0036611167,0
42.0529983997,-71.3592213,0
41.6283643141,-70.8740655637,0
42.0952414167,-71.3879817041,1
42.46732167,-72.38670333,0
42.2970335934,-71.8837194411,1
42.4727235619,-71.6155399583,0
42.0838761656,-70.9511202202,0
42.2167705279,-70.7901465241,1
42.669243305,-72.4829850253,0
42.3005666667,-72.309765,0
42.6897093293,-70.6262750192,0
42.6758666667,-72.2805866667,0
42.0650657701,-71.8260983978,0
41.9564037158,-70.7851028558,0
42.1356499697,-71.0062174032,0
42.060876114,-72.546449964,0
42.3271773647,-71.1447471846,0
42.3565155454,-71.0636483599,0
42.48092165,-71.21351668,0
42.1095373203,-73.4358443879,0
42.2514038086,-72.3500213623,0
41.7949436622,-70.5733669903,0
42.1425907915,-70.7354300114,0
42.1726471175,-72.7522802353,0
42.08675,-72.5167166667,0
42.31408,-71.7410283333,0
42.2137484644,-70.9793665131,0
41.9206730175,-71.2301886215,0
42.3422393609,-73.0394252811,1
42.4752282447,-70.9529451909,0
42.1991662994,-70.7162397369,0
42.14175,-70.87198667,0
42.2510867549,-70.8599817753,1
42.4243555354,-71.1288885075,1
42.2147366667,-71.20137,0
41.8712638889,-70.6413388889,0
42.2224212625,-71.9825371659,0
41.7307366667,-70.233795,0
42.3835205709,-72.5167993829,0
41.5843505145,-70.5779745889,0
42.3994409088,-72.2230329071,0
42.0342629,-71.5634687,1
42.40568667,-71.0951305,1
42.5371166667,-72.1795666667,0
41.7425575256,-70.4073791504,0
42.4057833333,-71.3323533333,1
42.6139144897,-72.0787124634,0
42.099368388,-70.9331135336,1
42.5515796571,-71.775994124,0
41.997382175,-70.8598640096,0
42.2130666667,-71.415305,0
42.1274663333,-70.6830503333,0
41.6107972222,-70.6500777778,0
41.9223995106,-70.0142821853,0
42.5681235264,-72.5355442611,1
42.0643,-71.3790888889,0
42.3206636397,-71.466574303,1
42.6470666667,-72.5553516667,0
42.643860727,-71.2970030671,0
42.6491889954,-71.1621551514,0
42.2230513823,-72.4240207635,0
42.269427,-71.2973379722,0
42.4333491611,-71.6724155939,0
42.3464034079,-71.0377207027,0
42.5615272132,-70.7728855925,0
42.3442522858,-71.0926345383,1
42.4708283333,-71.16922,1
41.6494451877,-70.4518088473,0
42.5090757203,-72.4774249939,0
42.63276211,-71.57226674,0
42.1212076758,-73.0494622886,0
42.28294667,-71.29151167,0
42.6459555556,-70.6048194444,1
42.06323333,-72.69732833,0
42.5380866667,-72.70202,0
42.395857391,-71.429452384,0
42.48242,-71.2346633333,1
42.4140577342,-71.5616535801,1
42.25112833,-71.83577,0
41.446424,-70.5638119722,0
42.1757323943,-71.6686678204,0
41.6285596452,-71.0663965071,1
42.2240677946,-71.0533107834,0
42.45331426,-72.2222207,0
42.61750159,-72.34534223,0
42.2672118095,-71.0644702257,1
41.3422638889,-70.7110722222,0
42.3051166667,-71.6146233333,0
42.6577553343,-71.1695218686,0
42.2963116667,-71.7920533333,1
41.682975,-70.21457833,0
42.0929138333,-70.7217716667,0
42.2721724376,-71.0365691217,0
42.607515,-72.61896,0
42.1801518378,-70.8018353857,1
41.7040033333,-70.6166833333,0
42.346776197,-72.6712286425,0
42.1009842373,-70.9337384999,1
42.16855127,-72.62989629,0
42.483365,-71.4180966667,0
42.847992105,-71.0316221896,0
42.20364,-71.4625476,0
42.3779814997,-72.5856593997,0
42.281601861,-71.8565736778,0
41.6361055556,-70.5824527778,0
42.5227155421,-70.8829101531,0
41.5301489701,-71.064146964,0
42.3239388572,-72.4867654863,0
42.3106388889,-72.3248111111,1
42.0946150091,-72.9483130923,0
42.4981638776,-72.202085037,0
42.6467883333,-72.6752466667,0
42.657695,-71.6647716667,0
41.8827783333,-69.9950116667,1
42.091969,-70.642349,0
42.2758136115,-71.3017556241,0
42.4419333008,-71.5598337223,1
42.5878495876,-73.088424752,0
42.6090803903,-70.6693519944,0
42.6978958025,-72.3191859168,0
41.353309,-70.832884,0
42.3630038507,-71.2464605376,1
42.3202833333,-70.9257283333,0
42.3502024179,-71.1049536505,0
42.3466778333,-71.5629269167,0
42.252625,-73.0599361667,0
42.2152052913,-70.7446876076,0
42.4536533333,-72.5803833333,1
42.5941963613,-72.8838321831,0
42.4188383333,-71.2035616667,1
42.5303104997,-70.8741019997,1
42.6477601899,-71.1191717565,0
42.280357,-71.1828638,1
42.7818999432,-70.8072023392,1
42.39907,-72.65747,0
42.0377283781,-71.1864632741,1
42.8418336954,-70.9399272627,0
42.2708944444,-71.1958472222,0
42.6451333333,-72.9309305556,0
42.3735653262,-71.1448950577,1
41.7626383333,-70.619355,0
42.807105,-70.97283,1
42.24598,-71.55203833,0
42.3442466667,-71.2616966667,0
42.3088306286,-71.2148013971,0
41.3728972222,-70.6586833333,0
42.1608055663,-71.1599493027,0
42.2760530219,-71.2901066963,0
41.79978667,-69.951605,1
42.3702936814,-71.4529776984,0
42.5674318434,-72.218459994,0
42.4898771773,-71.4305628704,0
42.5590421444,-71.8379084812,0
41.7225216667,-71.0420305,0
42.36181872,-73.22362083,0
41.8386399933,-71.0583937448,0
42.33109,-72.53094,1
42.2562252528,-72.6689372957,0
42.1677548229,-71.1961973459,0
42.6430745279,-71.5688967281,0
42.1355528333,-72.859405,0
42.1894616667,-73.3504783333,0
42.2997333333,-70.881645,0
42.2749666667,-72.6649083333,0
42.0698907925,-71.5951099713,0
41.5892664392,-70.8228879501,0
42.450920105,-72.5057830811,0
42.462750708,-71.5188050337,1
42.0742441,-70.6892037,0
42.2472784555,-71.77927237,0
41.849002144,-70.6236488907,0
41.9887933865,-70.7036725344,1
42.4069387253,-71.1476090902,1
42.6366888889,-70.8971805556,0
42.4254934398,-71.4334701578,1
42.6930283333,-70.5279466667,0
42.47345333,-70.90016167,1
41.347338,-70.654334,0
42.355246279,-71.5588387102,0
42.033124763,-70.902334937,0
42.1397507406,-71.2684672992,0
42.44545333,-71.99449167,0
42.244355,-73.2070083333,0
41.8349616667,-70.53855,1
42.4530946318,-72.1843061977,0
42.3661791845,-70.8692698873,0
42.0321721667,-70.0610721667,0
42.1218313038,-71.2032384372,1
42.0793888333,-70.2193366667,1
42.3754159015,-72.2160945833,0
41.5212928551,-71.0699789966,0
42.2197426876,-72.540325304,0
42.6576198455,-70.6009121915,1
42.49337,-71.2486116667,1
42.6867133783,-70.9679827083,0
42.3812998,-71.7955259,0
42.8057833333,-70.92208,0
42.416694383,-72.5099267685,0
42.4201041592,-72.483009599,0
42.2130166667,-71.0183721667,0
42.1027666667,-73.4309833333,0
42.1970202914,-71.3739394583,0
41.8844549762,-69.9951373252,1
42.09765,-71.1701666667,0
41.8942501707,-70.5371327698,1
42.8114803486,-70.8587873968,0
41.9160883333,-70.628395,0
42.3922338275,-71.2920084749,0
42.37502,-71.1399471667,1
42.5777735554,-70.9925901875,0
41.9893510286,-70.7025266325,1
42.2528114167,-72.0654678333,0
42.6084716667,-71.4412783333,0
41.58343,-70.553025,1
42.4281976157,-71.28771814,0
42.4387130944,-72.9392131563,0
42.585299,-70.6925,0
42.2474033333,-71.716805,0
41.687572974,-70.3992927077,0
42.3907960207,-70.9932862223,1
42.5363925326,-71.0423800129,0
42.5016894,-71.5043728,0
42.5641572568,-71.1794251073,1
42.2523003592,-71.0004171844,0
42.4833216667,-72.3297,0
42.57016167,-70.819695,0
42.6143116667,-70.653045,0
41.66852,-70.3244866667,0
42.67681,-73.06397,0
42.2996492212,-71.1319178715,1
42.6773638004,-70.6214840075,0
42.30482833,-72.647295,0
42.5364142158,-71.1133409119,0
42.5286433333,-72.4917216667,0
42.2360194861,-71.8041733415,0
42.1293805,-71.3890133333,0
42.1155667243,-71.7897924314,0
42.4015716667,-71.3085033333,0
41.2631704335,-69.9616538509,0
41.5210433333,-71.02795,0
42.6510716667,-71.1267,0
42.6012972222,-70.812825,0
42.6620201032,-70.916697312,0
41.8810833333,-69.9950316667,1
41.4474977866,-70.6496218582,0
42.3936716667,-73.268845,0
42.08154559,-71.15505073,0
42.5599479444,-71.58358,0
41.64218,-70.24295,0
42.3827472356,-71.4839817886,1
41.456640217,-70.626262797,0
42.44688,-72.511445,0
42.51440432,-72.21301758,0
42.35647744,-73.20736205,0
42.6798051177,-72.3797242542,0
42.22459667,-71.504295,0
42.5315026158,-71.5275010474,0
42.613585,-72.461925,0
42.5585327148,-71.2248153687,0
42.2788387,-71.8068512194,0
42.4129109758,-72.5207210462,0
42.59891333,-71.68289167,0
41.9454282984,-71.2988159106,0
42.0782016713,-70.676655136,0
42.3445866667,-71.0679778333,0
41.9018083333,-71.317725,0
42.4504666667,-73.1887583333,0
42.2438316345,-71.8749084473,0
42.2068833333,-71.6212216667,0
42.2687918189,-71.8544251371,1
42.34137,-71.037572,0
42.1954996465,-71.2409445551,0
42.5860310252,-72.6203775778,0
42.35590673,-72.65907835,0
42.3548164368,-72.5580596924,0
42.1927177767,-71.2288834993,0
42.2947451856,-71.1410474405,1
42.6370011241,-73.1546199733,0
42.0775808664,-70.8965209767,0
42.298324585,-71.0105743408,0
42.723145,-71.0924528333,0
42.354245,-71.56883333,0
42.2812004011,-71.9602415453,0
42.1426537515,-72.4513539193,0
42.7999707336,-70.8595538049,0
42.552226703,-70.8950480645,0
42.7780853216,-70.8095786772,1
42.4588125906,-71.3098846476,1
42.1545,-71.2408,0
42.4621353149,-71.3434371948,0
42.0884949355,-70.6688937585,1
42.3498635261,-71.2467052197,1
42.0303132248,-71.2935044408,1
42.3201888343,-71.3031528056,1
42.1991666667,-71.1210028333,0
41.362476,-70.5352563,0
42.3205966667,-71.1588666667,0
42.551335093,-72.5017055869,0
42.3978277778,-73.1043555556,0
42.4685529745,-71.107727699,1
42.8068349363,-70.9734907281,1
42.2155374493,-73.3459127375,0
41.3507304444,-70.5689038056,0
42.3481888837,-71.1538077979,0
42.34386498,-72.68551523,0
42.4874251778,-71.032471236,0
42.2248816667,-71.3481,0
42.6717415048,-70.5733255576,0
42.0741,-71.917375,0
42.1189091936,-71.1713108648,0
42.48767,-73.1136416667,0
42.7236541,-73.22490344,1
42.5334494071,-71.5222592189,0
42.5357471221,-71.1119735521,0
42.5526916667,-70.8339,0
41.8204136,-69.961089,1
42.0456,-72.5842583333,1
42.6251062721,-71.6048548594,0
42.0797471667,-71.6263366667,0
41.8792563,-71.31595135,0
42.4484013501,-72.3995743729,0
42.4763058522,-71.331965527,1
42.53508,-70.8722719722,1
41.9521083333,-71.0001861111,0
42.3655783333,-71.2642133333,1
42.155207,-71.267695,0
42.6451563259,-70.8210018608,0
42.083797665,-71.3801868352,0
42.248005,-72.6613916667,0
42.658457932,-71.1627624107,0
42.3583648611,-72.8863935556,0
42.3706479353,-71.1495253901,1
41.91999,-70.5431406,1
42.6093330654,-71.11673221,0
42.1931611111,-71.0769583333,1
42.33097222,-72.540045082,1
42.4698716667,-71.1087416667,1
41.7864893409,-70.9473823631,0
42.1041666667,-71.0430555556,0
42.0276695626,-71.1985712482,0
42.3730283333,-71.1432216667,1
42.3333001361,-71.8710891002,0
42.3702583333,-71.2577666667,1
41.6053033997,-70.6468315,0
42.7192507692,-71.1670842084,0
42.2347990938,-71.5574773766,1
42.370480939,-71.2574940621,1
42.63202183,-71.13136373,0
42.0602483997,-71.1598673997,0
42.3304408089,-72.5333046913,1
42.2287292536,-71.633857502,0
42.4605316667,-72.1655,0
42.1550588276,-71.3735149748,0
41.9673,-70.7451633333,0
42.2715824335,-71.8234346556,0
42.2953235334,-71.184291211,0
42.3160077102,-71.0363899916,1
42.29751667,-71.28631667,1
42.375208,-71.144974,1
41.5945304959,-70.9094877552,0
42.4683664981,-72.5825785473,0
42.2856682213,-71.2388131209,0
42.3511751304,-71.4411348488,0
42.3718347124,-72.2720740382,0
42.03751383,-70.207895,1
42.63716167,-71.28556167,0
41.999406217,-71.3151585641,0
42.5750409572,-71.7929730087,0
41.7874333333,-70.0250695,1
41.3983291592,-70.7076303096,0
41.8938333333,-69.98375,1
42.5608716667,-71.9776916667,0
41.8367726557,-71.1132805422,0
41.9505346311,-71.2643301739,1
42.5642119879,-71.1794419701,1
42.4323271547,-71.4853392685,0
42.5965116667,-71.2348116667,0
42.0840936876,-71.0447746963,1
42.2594074863,-71.3971997425,0
42.8173333333,-70.9284583333,0
42.3671716667,-71.2797866667,1
42.3371547613,-72.4689327331,1
42.4391785742,-72.5914425775,0
42.6094966667,-71.2394783333,0
42.63028,-71.1026221667,1
42.4355569444,-71.3105530556,0
42.8321038771,-70.9146790579,1
42.4560383333,-71.19182,0
42.3059032536,-72.6325479097,0
42.27303333,-72.25693667,0
42.6545944444,-70.59895,1
41.2827146536,-69.9639502262,0
42.4361666667,-71.4463283333,0
42.60315,-70.6794666667,0
42.3685383333,-71.56094,0
42.5391416667,-70.6804966667,0
42.27196167,-71.51366333,0
42.597147,-71.344761,0
42.099876,-70.9320429722,1
41.6806804163,-70.4296763622,0
42.4583505908,-71.9429832575,1
41.9218699891,-70.5456054211,1
41.5276593767,-70.9852783662,1
42.549375,-71.82003,0
42.3211794834,-71.4174892782,1
42.4380802148,-71.0621469095,1
42.2185866667,-71.1914666667,0
42.329055,-72.6707533333,0
42.1107563495,-71.957278041,0
42.5354423275,-71.3822192699,1
42.6396966667,-71.1359861667,0
41.5637551612,-70.6147309485,1
42.2374462177,-72.646932873,0
41.9042876327,-70.547998612,0
42.3400999572,-71.602067182,0
42.3704333333,-71.0614388333,0
42.37116995,-70.98620268,0
42.5845777778,-71.9497388889,0
41.7224666667,-69.9972216667,0
42.2423863263,-72.3324071545,0
42.4587083333,-71.3945166667,0
42.4022690478,-71.1082234383,1
41.7067773114,-70.5637176956,0
41.3976240205,-70.6789553818,0
41.7893609058,-69.981880188,0
42.2320310602,-71.3799239134,0
42.3123083333,-71.2748416667,0
42.5386009216,-71.5629119873,1
41.6461027321,-70.6118027587,0
42.2901763532,-71.1620517064,1
42.2441492952,-70.7711245348,1
42.4527888138,-71.5530022234,0
42.6179827547,-71.2087794875,0
42.808555,-70.9747383333,1
42.1027350607,-72.81394308,0
41.5706287691,-70.6069458649,1
42.6239126333,-73.1247696653,0
42.6271550953,-71.3620030526,0
42.2177851075,-71.8152695993,0
42.1707618412,-71.7268967169,0
41.2990643167,-70.0938940315,0
42.3245146377,-71.6544306579,0
42.369329,-73.19332,0
41.9326722222,-70.8627194444,0
42.3701884319,-71.2576727716,1
42.65913,-72.948265,0
42.8489616667,-70.9463283333,0
42.3159832629,-71.8035470722,1
41.2914123535,-70.1960678101,0
42.314356637,-72.2362704426,0
42.1795541997,-71.8696786997,0
42.2334194484,-71.1890188377,0
42.69961326,-72.51235479,0
42.110307435,-73.4736067057,0
42.4447133333,-71.8737716667,0
41.9016476078,-70.7362251929,0
42.627396448,-72.4593605474,1
42.6461033333,-72.245125,0
41.5411986141,-70.6307172775,0
42.1063577863,-70.7769727707,0
42.2157166667,-71.034125,0
41.8250686994,-70.9847621281,1
42.7238972222,-71.0252138889,1
42.44717,-71.1016695,0
42.2665866667,-71.1839966667,1
41.9496494321,-70.8661492748,1
42.270826381,-72.4756155852,1
41.6518333333,-70.1350861667,0
41.90422,-70.79170333,0
42.0594690701,-70.171544945,1
41.3391084611,-70.7265806816,0
42.10534,-70.1806516667,0
42.0423122551,-71.4760959148,0
42.60865,-71.35070833,0
42.6781374178,-70.6227523207,0
41.457579,-70.6059821,0
42.7163391113,-73.2044677734,0
41.7368324268,-70.8000136026,0
42.34554473,-71.81870561,0
42.389375,-71.2129533333,0
42.6278264874,-71.3787641129,0
42.28926,-71.6136333333,0
42.8538944444,-70.9195333333,0
42.1675466668,-71.6851305863,0
42.5641838949,-71.1794464173,1
42.4327616667,-71.0252388333,0
42.4209754109,-71.361570099,0
42.460971,-71.34899,0
42.3610907682,-72.5256226998,0
42.080075,-70.17032,0
41.3400999067,-70.7170714591,0
42.28064846,-71.8553153297,0
42.0747611111,-70.801775,0
42.46548333,-71.13912217,0
41.29327833,-70.17787167,0
42.6030216292,-71.2527374495,1
42.6280164696,-72.0795849995,0
42.2898927287,-71.0965452323,1
42.1894529957,-72.3745470089,0
42.1311269435,-72.7972835455,0
42.40122,-71.56638333,0
42.23409,-71.557738,1
42.41636692,-71.225884,1
42.53487833,-71.19796667,0
42.4900466667,-71.5176166667,0
42.2874809722,-73.2950259722,0
42.2787783333,-71.2417966667,0
42.6094723848,-72.5071105971,0
42.6527033333,-70.8043883333,1
41.8859116667,-70.58168,0
42.63162,-70.7923883333,0
42.0316278777,-71.1297351259,0
42.36488,-71.8789533333,0
42.7197583333,-71.0226444444,1
42.0682124685,-71.6322419358,0
41.6355770997,-70.8900674,1
41.7490773997,-70.5057304,0
42.1430516114,-71.0020156347,0
42.0928716667,-73.2707033333,0
42.6557994111,-72.5640575939,0
42.33303833,-73.314675,0
42.3904513987,-71.3469317929,0
42.6589736938,-71.3476715088,0
41.4821957153,-70.6015109888,0
42.4286566667,-71.4593716667,0
42.365679,-71.2645100997,1
42.5541083333,-72.44468,0
42.6264228611,-71.5767440556,0
42.5108480693,-71.2377703803,0
42.574302902,-72.7310452258,0
42.7189178822,-72.6784580185,0
42.4785717,-71.1635481,1
42.4781087042,-71.4792493582,1
42.5325984601,-70.8993645665,0
42.417605,-71.3535666667,0
42.3051757813,-71.179397583,0
41.8436305312,-70.6935540077,0
42.7075590595,-73.1851008755,1
42.6542496619,-71.7017484289,0
42.2268580169,-72.6802655117,0
42.459175,-71.31408,1
42.4304767835,-71.207581982,0
42.2173241646,-71.7891162802,1
42.3952777778,-72.7327777778,0
42.4811529539,-70.889044915,0
42.3027533333,-70.882775,0
42.629975,-71.3938833333,0
41.5522352653,-70.4918826833,0
41.75433,-70.15699717,0
42.6013627893,-72.5815428793,0
42.1057154591,-71.6542588288,0
42.244555,-71.3810966667,0
42.2604254203,-71.1079172908,1
42.1875826267,-71.0885502056,1
42.4423231997,-71.0746048,1
42.6131581069,-72.0201725178,0
41.5589971899,-70.6296782198,0
42.6355936134,-70.6426909416,1
42.326667,-72.539167,1
42.2856395726,-71.1809020849,1
42.6464384981,-70.9179432037,1
42.3226013184,-73.085319519,0
42.4698916667,-72.4103,0
42.6475344134,-72.0978427942,0
41.296497345,-70.0099716187,0
42.4903119901,-73.2039541751,0
42.0837333333,-71.2733833333,0
42.3709472347,-71.0486681232,0
42.320602,-72.6639839722,0
42.4332716667,-71.0811611667,1
41.3853272098,-70.6323434293,0
42.5410016751,-73.1757553099,0
42.3444364426,-71.6925337538,0
42.2609418502,-71.6477995491,0
41.3037188603,-70.0972222164,0
42.4120673212,-71.4686932695,1
42.3656283333,-71.2646116667,1
42.735825,-70.7904805556,1
42.3201064723,-72.5412443692,1
42.1735393955,-73.3069266938,1
42.4950175,-71.2684890997,0
42.4912323559,-71.3254306508,1
41.4523859722,-70.652545,0
42.5641720318,-71.1794514467,1
42.3604529918,-71.3666160971,0
42.70913,-71.2073583333,0
42.4442105426,-71.2860705469,0
42.4207166667,-72.59015,1
41.7145414107,-70.3680109978,0
42.4245533333,-71.1569138333,1
42.4410251095,-71.5193781302,1
41.3661451681,-70.0199936114,0
42.5017883333,-71.19275,0
42.1439611197,-70.7760410383,0
42.0623333333,-70.24637,1
42.3810888889,-71.8338166667,0
42.0122618544,-70.6831079949,0
41.8395302997,-71.0145298997,0
42.5427188554,-71.299616752,0
42.2690169722,-71.814605,0
41.9528535728,-70.8210902806,1
42.5265554677,-73.2778555277,0
42.4424204823,-71.4983263443,1
42.5801583333,-72.1474445,0
41.4819851661,-71.0367224853,1
42.2720706404,-71.8156976817,0
42.1876693564,-71.7301497237,0
42.4289749514,-71.5165862907,1
41.6773333333,-70.39972,0
42.6088775509,-71.3542113081,0
41.759605,-69.9774866667,0
41.8651116667,-71.135,0
42.2519647,-71.0024887,0
41.9895247452,-71.2713554986,0
41.2933230977,-70.0398475845,0
42.513665,-71.612575,0
42.5466783333,-71.2808833333,0
42.3823559855,-71.2059098108,0
42.3721716667,-71.9941466667,0
41.8820380138,-69.9962561261,1
42.4455861111,-71.34095,0
41.3201485435,-70.8083958207,0
42.0989388333,-71.41292,0
42.3161394738,-71.4160859585,1
42.3464819284,-72.6818289974,0
42.5980279722,-71.1517199722,0
41.595077,-70.610477,1
42.4924316662,-71.3208414367,1
41.6975904697,-70.2883149755,1
42.5816548457,-70.6629419773,1
42.3792786718,-71.5723870535,1
42.2902305515,-71.100035729,1
42.3500972222,-72.2775,0
42.4086155221,-71.3319176155,1
42.1165143051,-72.6832953617,0
41.3105244817,-70.261907496,0
41.9882929579,-70.7057093254,1
41.61570833,-71.05998883,0
42.0495462184,-70.0716513921,0
41.7166663632,-70.1824522019,0
42.2853083333,-72.2583722222,0
42.6384,-70.6661,0
42.565496,-71.571387,0
42.3777275085,-72.5731964111,0
42.220405,-73.3192366667,0
42.2978342447,-72.6167803872,0
42.81895,-70.8712383333,0
42.4350880281,-71.4091404679,0
42.09448333,-72.02349717,0
42.1711588895,-71.6393413696,0
42.078275,-72.5917366667,0
42.6564222222,-73.0610111111,0
42.4118766891,-71.1588247748,0
42.3060383333,-71.409605,1
42.2871083333,-72.64733,0
42.2430777308,-71.4670598879,0
42.3780168071,-71.5433572905,1
42.6277568116,-71.5391734494,0
42.5852346328,-71.3675899991,0
41.39605,-70.6737283333,0
42.3742223738,-71.5830605434,0
42.4611898236,-71.1572727135,1
41.8578964845,-69.9487026036,0
42.6324416667,-70.7236472222,0
42.2097091385,-71.7449378308,0
42.498675722,-71.1779782956,0
41.3373522509,-70.299455747,0
42.291979543,-71.1320896168,1
42.2331888641,-71.0407917985,0
42.2607203837,-71.773368828,0
42.432979805,-72.5436498654,0
42.3834278,-71.4161725,0
42.2449014523,-73.0614979473,0
42.4891282426,-72.4835842475,0
42.3789666667,-71.0484778333,0
42.2745133333,-71.8698966667,0
42.507179672,-71.512929236,0
42.6542589705,-71.162266356,0
42.4957661358,-73.17463696,0
42.2795650243,-70.9541267302,0
42.251255,-71.125825,0
42.5262794495,-71.7492675781,0
42.3127666667,-71.1384722222,0
42.280033176,-70.8964195374,0
42.33102944,-72.53075649,1
42.2741968882,-71.2472820937,0
42.2401949722,-71.2343489722,0
41.9890244484,-70.7032100881,1
42.6316269288,-72.0122399071,0
42.063808,-70.860542,0
42.3989358614,-71.5518722985,0
42.2494557174,-72.0916585252,0
42.277675,-72.338773,0
42.8282877997,-71.0411153,0
42.6301383333,-71.1474,0
42.35461,-72.6325266667,0
41.2588616667,-70.0977695,0
42.3969631053,-71.5170105327,1
42.217358728,-71.630185973,0
41.75643833,-70.02732217,0
42.2973365915,-72.5959034831,0
42.0522793243,-71.7755999231,0
42.79892984,-71.050366,0
42.5825536024,-70.934364071,1
42.1727229562,-71.5040705167,0
42.3275318481,-72.527213394,1
42.5581787813,-70.8726643578,1
41.7959839722,-70.0153459722,0
42.2424883333,-72.6229166667,0
42.3733452754,-71.0575034191,0
42.2498134189,-71.828395078,0
42.25483,-71.0520861667,1
42.0672870387,-71.0569696912,0
42.5441512271,-70.9959072212,0
42.7962918299,-71.0473497119,0
42.6411666667,-72.433175,0
42.3535883333,-72.6770633333,0
42.6606706481,-72.4582349102,0
42.4267581591,-73.1890659463,0
42.2450571461,-70.8944676071,0
42.5737,-73.2361,0
42.1372028333,-72.8002033333,0
42.0633,-71.0639333333,0
42.0730076443,-71.164647412,0
41.729,-70.427545,0
42.6533216667,-72.2596483333,0
42.5970334321,-72.1794954308,1
42.1347397053,-71.6578844587,0
42.7196445626,-70.7817189354,1
42.176947014,-71.6050625545,0
41.7420033333,-70.6608283333,0
42.3762846042,-71.3186715623,0
42.37815,-71.5146033333,0
42.3591040163,-71.4493172,0
42.4254232358,-70.9844829425,0
42.6232566833,-71.6427841187,1
42.3643083333,-73.3014216667,0
42.3281691243,-71.3975678757,1
42.4461497739,-71.4752164018,1
42.677641,-72.187748,0
42.4675738629,-71.1623802053,1
42.2228333824,-71.2510284759,1
42.511395,-71.0479445,0
42.2959289766,-72.3069925265,0
42.228622325,-72.5655827599,0
42.3128493978,-71.9494337734,0
42.370175,-71.2576883333,1
42.2238757027,-71.2607951265,1
42.2178744133,-71.1155495969,0
42.54533962,-72.2495120815,1
42.403725,-71.2143694444,1
42.332095,-72.537305,1
42.4706497192,-73.2476425171,0
42.4757163133,-71.3254935667,1
42.0872433761,-71.6669520445,1
42.55654614,-71.5807266,0
42.465713,-70.936127,0
42.3541416667,-71.272545,0
42.4031655699,-71.0930858017,1
42.44474,-71.4540466667,0
42.3010805556,-71.0359666667,1
42.3956111111,-72.8186944444,0
42.4451617739,-70.9889812553,1
42.3703270817,-71.2578712821,1
42.5534833333,-71.1690966667,0
42.5021616667,-72.2528383333,0
42.4480541546,-71.6856236598,0
42.3217116667,-71.243095,0
42.3061742059,-70.9087727495,1
41.7720833333,-70.0685416667,0
42.5771522522,-72.0566482544,0
42.4006811582,-71.4245764311,0
42.5609883333,-71.0223695,0
42.51302,-71.398025,0
41.8833566578,-70.0014613245,1
42.5292545932,-71.1909911043,0
41.305913662,-70.2687069129,0
42.4804489692,-71.1604079604,1
41.6760692309,-70.1489908611,0
42.4603783333,-71.1684716667,1
42.6964383333,-71.2136833333,0
42.810523091,-70.9737373951,1
42.5768466667,-71.226455,0
42.42334667,-71.25512,0
41.9492216667,-70.02385,1
42.5620783333,-72.32148,0
41.8965154002,-71.0563888774,0
42.5740133333,-71.43577,1
41.69821358,-70.47531115,0
42.1463976578,-73.0477463319,0
42.3572227288,-71.1649485014,1
42.52562,-71.18489167,0
41.28492,-70.1453471667,0
42.2841350401,-71.8592872359,0
42.6910139108,-72.3174642428,0
42.36237,-71.2506333333,1
42.8074900693,-70.974482829,1
42.57619,-73.2322516667,0
42.6281783987,-71.160756628,0
42.5479858786,-71.246934072,0
42.6531877954,-71.1293629382,0
41.28554167,-70.1625445,0
42.296395,-71.234025,1
42.0810724793,-71.908752315,1
42.7626655411,-70.9458255409,0
42.8071378918,-70.9730223586,1
42.4473504305,-71.2567940264,1
42.537755,-73.063485,0
41.6562538221,-70.1687805549,0
42.6327266667,-73.1876033333,0
42.45495942,-71.3889778,0
41.6868277778,-70.0922777778,0
42.68942998,-72.40064469,0
41.7158333333,-70.2094444444,0
41.96925,-70.8302,0
42.6626617928,-72.9553916865,0
42.7758933103,-70.8069257745,1
42.157953,-71.544558,0
42.37411,-72.32802,0
42.36629,-71.26515,1
42.3002009186,-71.6540622722,0
42.2271515569,-71.4416231588,0
41.8185616667,-71.0950388333,0
42.3790666667,-71.2750638889,0
42.4656618889,-71.2545677778,0
41.5117770585,-71.0115296896,0
41.6531007805,-70.986674665,0
42.7303897547,-73.1594117164,0
42.2586379722,-70.9235379722,1
42.1363071508,-72.6577092583,1
42.3718073841,-71.1443034377,1
42.4141349792,-71.3503341675,0
42.4071146179,-71.3269718487,1
41.2647756882,-70.1150196943,0
42.7506015034,-71.0715353128,0
42.1210333333,-71.1776116667,0
42.5594478891,-71.620669663,0
41.4510897778,-70.5763460833,0
42.54155,-72.3332216667,0
41.6401142287,-70.9145406895,0
42.4802533333,-72.71471,0
42.7387396951,-70.9169448911,1
42.605045,-71.5847783333,0
42.1217187532,-71.2115932169,1
42.1040805,-72.649825,0
42.3634422664,-71.5150510614,0
42.4769138889,-70.9120194444,1
42.2357966667,-71.7718883333,1
42.4300533333,-71.4598166667,0
42.6435789,-71.3112026,0
42.3669835367,-71.448558094,0
41.8922781488,-70.5400170386,1
42.3508887738,-73.3225009405,0
41.8535320777,-69.9979161099,1
42.8105564473,-70.9740543397,1
42.3531913611,-71.5568008333,0
42.3628258016,-71.5411063546,0
42.6860562293,-71.6094858573,0
41.4686402,-70.6058361,0
42.5263869552,-72.565478605,0
41.9341946741,-69.9790428712,0
42.2759937054,-72.6358510425,0
42.11259717,-72.65152,0
42.68058,-70.8238916667,0
42.0539782415,-72.2180446862,0
42.34983333,-71.05716667,0
42.3296603782,-71.9963154076,0
42.0665432778,-72.5384140833,0
42.3027333333,-70.911995,1
42.4141116667,-71.7809616667,0
42.4486465278,-70.9583892778,1
42.47798,-71.286445,0
41.9436777778,-71.2939388889,0
42.1520347595,-72.6342468262,0
42.087425,-71.6541133333,1
41.5956938188,-70.610641041,1
41.3485722243,-70.5063879091,0
42.2663105833,-72.3318761944,0
42.0895016667,-72.66808,0
42.4769111111,-70.9120611111,1
42.453420201,-72.5640602537,0
42.5267183207,-72.6327177564,0
42.046003,-70.181737,0
42.359495,-71.0731888333,0
42.4381958649,-71.040529076,1
41.70523747,-70.09745002,0
42.6051533333,-72.4210583333,1
42.0630138333,-71.31153,0
42.0376225483,-71.5467784926,1
42.6542978796,-71.5079393878,0
42.4622763461,-71.592523316,0
42.2884164696,-71.1032501521,1
42.28991,-71.096104,1
41.9292133333,-70.0705195,1
42.26092351,-71.56305766,0
42.29599758,-71.1378301308,1
42.0527574464,-71.2195067594,1
41.9359043,-71.3110279,0
42.5585485958,-71.2339703926,0
42.5043857053,-71.4773334879,0
42.6129027778,-71.9679805556,0
42.2807337301,-71.8363875858,1
42.2189833766,-70.8624386787,0
42.3462468841,-71.5583642945,0
41.926869,-71.3697789722,0
42.38262167,-71.11781383,1
42.4201555556,-71.2030027778,1
42.5477957,-71.265728,0
42.1290589553,-71.7137754526,0
41.8314283333,-69.9761366667,1
42.008081,-70.556946,0
42.2133622175,-71.0722502225,0
42.3028945923,-71.9316177368,0
42.4099266667,-71.7615866667,0
42.44482,-71.6303866667,0
42.4230633333,-70.9304966667,0
42.4837226868,-71.2658004761,0
42.5874297917,-72.5872730336,0
42.022061678,-70.8827934316,0
42.64611629,-71.95035992,0
42.4306846666,-71.3327875176,1
42.25584167,-71.40006333,0
42.6616713045,-70.6814017426,0
42.0944164167,-72.5737318806,0
42.5122108459,-71.2624282837,1
41.9855583333,-71.1849133333,0
41.9886834619,-70.7031616706,1
42.2955609184,-71.6313958104,1
42.102657,-70.160004,0
42.4186134338,-71.2418670654,1
42.202977881,-71.0088423944,0
42.3065174015,-71.0981662497,1
42.558485,-72.3827266667,0
42.6482416667,-71.3150333333,0
42.3307083333,-71.1084971667,1
42.3695070974,-71.3703476746,0
42.65965179,-72.31590025,0
42.5664666667,-70.9055333333,0
42.0894661237,-70.6704693241,1
42.71528833,-71.09978617,0
42.0794945,-70.16797,0
42.5427777778,-71.3166666667,1
42.6233691128,-71.6991115362,0
42.3791856458,-71.5724745974,1
42.3137140015,-71.4941271769,0
42.4384583333,-71.1581195,1
42.5476833333,-72.278755,1
42.15915083,-73.11251732,0
42.2921345089,-71.1306958341,1
42.4253202033,-71.3723699362,1
42.154204745,-71.709578909,0
42.8121329311,-70.8117403885,0
42.66147167,-72.20983833,0
42.505537071,-72.6466212781,0
42.1644,-71.2461,1
42.4393638883,-70.9837888883,1
42.672275,-70.84945,0
41.78901333,-70.636275,0
42.2452648727,-71.7606226355,0
42.683129034,-70.8941719845,0
42.7448416441,-71.031937407,0
42.209675,-71.51689167,0
42.2253599582,-71.2455256955,1
42.70557,-71.08255,1
42.1876331395,-71.1947544636,1
42.4014817305,-70.981459952,0
42.5605383544,-71.7411162245,0
41.9656966667,-70.9148166667,0
42.3306659428,-71.3848341492,1
42.4022722921,-72.3967233267,1
42.3652200522,-71.2531578997,1
42.60357,-70.998755,0
42.7167111111,-71.0167583333,1
42.47227833,-70.91017167,1
42.700095,-71.475658,0
42.4901859027,-71.1862617731,1
42.6670883333,-72.1102633333,0
42.6391554466,-71.6747749461,0
42.4857014776,-71.463287276,1
42.3236116667,-72.6463616667,0
42.1137808527,-71.0303565745,0
42.4077892317,-71.1479289237,1
42.178449,-72.3612739722,0
42.3661616667,-71.4564283333,0
42.08630126,-70.94382016,0
42.41883,-71.36081,0
42.42401235,-71.23534513,1
42.3827666667,-71.8118216667,0
42.4973038383,-71.3639994813,1
42.494292534,-71.7480505352,0
42.401512828,-71.1845697048,1
42.46806465,-72.1483611,0
41.4226463238,-70.9241323231,0
42.2756583333,-72.64792,0
42.5758883333,-72.5894083333,0
42.3870669059,-71.5709830328,1
42.40396333,-71.61766167,0
42.0379871794,-70.9262260327,1
42.3202364313,-71.3030884327,1
42.2184271834,-70.8635467663,0
42.266645,-72.61567833,0
42.8430739937,-71.0160878237,0
42.0130427136,-71.2285122649,0
42.4473533333,-71.1515721667,1
42.2716783333,-71.247445,0
42.5698432922,-72.0031738281,0
42.1417188095,-73.3092203836,0
42.3577405033,-71.4684758335,0
42.0668731817,-70.2018320303,1
42.2070770264,-73.2938156128,0
42.6946482752,-71.2453396977,0
41.3089793611,-70.7748281667,0
42.335495,-71.7874916667,0
42.4861414907,-71.3150013596,1
42.272945,-71.2259216667,1
42.5398058491,-73.2565667108,0
42.2184180352,-70.8274920994,0
42.2330827991,-72.6182835101,0
41.4417318162,-70.6094150898,0
42.1764833333,-72.6566333333,0
41.435355,-70.61090833,0
42.2349556955,-71.0586814117,0
42.10488274,-71.31240927,0
42.30845993,-72.7485463,0
42.3683083333,-71.1128305,0
42.6413,-71.55145333,0
42.3046414794,-71.0898315393,1
42.3054305556,-71.0639638889,0
42.4885933333,-71.5281633333,0
42.6679164312,-71.1706801504,0
41.4595681078,-70.6096253593,0
42.1356859504,-72.5818328134,0
42.37888312,-73.1696373,0
42.4590707291,-71.278362209,0
42.30583976,-73.00619651,0
42.6354533873,-72.0868672868,0
42.2973677253,-72.2948756624,0
42.3313964579,-71.3393606808,0
41.4914755764,-71.0342043734,0
42.2836200893,-70.8715894606,0
42.2809995024,-71.355201004,1
42.3947292485,-71.0768214787,0
42.0619993194,-71.1507544652,0
42.3783633333,-71.362075,0
42.1373906228,-71.1593781809,1
42.5408968395,-71.672993813,0
42.5359543193,-73.0919567028,1
42.348819,-73.410497,0
41.2613186939,-70.0838653886,0
42.6362173586,-71.5647824854,0
42.0919305763,-70.6538193204,0
42.1049,-72.05315283,0
42.5997913122,-72.1522310866,0
41.5497946646,-71.1052898225,0
42.5240333333,-71.3856883333,0
42.4737966667,-72.333435,0
42.7398616667,-73.2080033333,0
42.2807083333,-71.1534638889,0
42.4514533333,-71.0865166667,1
42.4040851509,-71.2025079131,1
42.39427255,-71.30567161,0
42.4392016667,-71.4479516667,0
42.402115,-72.709378,1
42.0668334961,-71.7966918945,1
41.2555294683,-70.0844066632,0
42.082100938,-71.2723679702,0
42.3370556276,-72.4689380975,1
41.6223572165,-70.558944289,0
42.60466333,-71.20403333,0
42.6037283333,-71.6881116667,0
42.049055791,-71.0814032034,0
42.4292852226,-71.4904403687,0
41.9478916667,-71.0914777778,1
42.30298,-71.612928,0
42.4628977385,-71.0562251788,0
41.7042925953,-70.1936296236,0
42.5360366667,-72.103345,0
41.2565716728,-70.0940555,0
42.4621914,-71.623045,0
42.327,-72.54,1
42.3164280499,-72.52501206,0
42.4624879747,-71.6617027099,1
41.9014166667,-71.0685111667,0
42.438757335,-71.1634942249,1
41.9363833333,-70.0468611111,1
42.4286377267,-71.3319093236,1
42.2971566667,-72.3392216667,0
42.3700333333,-71.1453638333,1
42.7279083333,-71.0289527778,1
42.4946258482,-71.1563473306,1
42.383136387,-71.4663016997,0
42.6575723006,-70.6670149416,1
42.6462839797,-70.9177025312,1
42.25882,-71.1450111667,0
42.2143987997,-71.6969689997,0
42.3791321078,-71.5725225957,1
42.3027879722,-71.400693,1
42.2103613674,-71.1350743276,0
42.4586527778,-71.1060583333,0
42.5408566667,-71.4250033333,1
42.385895,-73.003812,0
42.3890283333,-71.1547695,1
42.5451724273,-70.8607703444,0
41.3808333333,-70.45433,0
42.1822166667,-71.4429033333,0
42.2250969677,-71.4333055335,0
42.85491526,-70.94063873,0
42.4057865786,-71.5765007899,0
42.18985333,-73.10113617,0
42.2584702867,-71.8319162541,0
42.2576761111,-71.5230486667,0
42.5106666667,-72.7034933333,0
42.361609,-71.139464,1
42.4442583333,-72.1221611667,0
41.351784,-70.8010799722,0
42.6166514005,-70.963780262,0
41.6027631518,-69.9742071112,0
42.1739792753,-71.0121205133,0
42.3100766207,-71.3722092847,0
42.1263598001,-71.1706468,0
42.4162203285,-71.4454693901,0
42.414024,-73.312387,0
42.4638900757,-73.2672195435,0
42.1310580123,-72.1864236519,0
42.67037,-71.30201,0
42.5535383428,-72.5291583333,1
42.2510180441,-73.3595809713,0
42.54432347,-71.17415932,0
42.2594216667,-72.1028666667,0
42.598585842,-71.4599926025,0
42.4008684183,-71.3298514815,1
42.20758,-70.9426716667,0
41.6948666667,-70.0812083333,0
42.2798690244,-72.2605813855,0
42.3833800028,-71.818925,0
42.334025,-71.6125183333,0
42.3773345947,-71.247833252,0
42.2592536791,-71.5960556258,1
42.5182333263,-71.4519613981,0
42.0649445,-70.24492,1
42.0688355627,-70.2415340631,1
42.3533366667,-71.0540305,0
42.8398366667,-70.9457783333,0
42.1082762217,-70.7203913333,0
42.0710870997,-73.4340878,0
42.52869667,-71.73213833,0
42.0926598523,-72.1645191716,0
42.3213153815,-71.1286276338,0
41.8899993889,-70.5500030278,1
42.72421944,-71.03215,1
42.1006599849,-70.9350474063,1
42.58798112,-71.94619469,0
42.29648333,-70.885855,0
42.7590683983,-71.0431478496,0
41.8362961799,-69.9756097516,1
41.8396163362,-70.6908504444,0
42.261125,-72.336302,0
41.790940402,-69.9729849802,0
42.64692,-71.2094283333,0
42.5882663133,-72.9966880805,0
41.5577824759,-71.1240639115,0
42.0728687497,-70.2067650166,1
42.6044966667,-72.527725,0
42.3858404305,-71.570993338,1
42.403602,-71.091442,1
41.8086298904,-70.9107778578,0
42.0283235062,-71.2076065641,0
42.71607167,-71.10040283,0
42.245095,-72.37603833,0
42.67178,-72.84731333,0
41.7404190163,-71.101464949,1
42.3761,-72.4929416667,0
42.6498805556,-70.63075,1
41.938695,-70.0250388333,1
42.4505138889,-71.4429833333,0
42.4267616667,-71.4748616667,1
42.3195731706,-71.2821044536,1
41.8936890722,-70.5370759656,1
41.7790025888,-70.5050079153,1
42.3852533333,-72.517655,0
41.8589454558,-69.9865018083,1
41.37123,-70.6588216667,0
42.2481840279,-71.74000794,1
42.4989266667,-72.2536166667,0
42.5646789147,-70.7753264427,0
42.4134545573,-71.5107345819,1
42.10357783,-72.59878667,0
42.3201888343,-71.3031206191,1
42.4729472222,-72.4374833333,0
42.1214908796,-72.6018941925,0
42.4026916667,-71.1935366667,1
42.5481294142,-70.8781586029,0
42.095072,-71.174251,0
42.3072466667,-72.61553,0
42.6614202973,-71.1651027975,0
42.0083351135,-71.1069412231,0
42.4132674218,-71.510300114,1
42.0708130657,-71.7076379433,0
42.2088643628,-73.3853472769,0
42.5651852461,-71.790721044,0
42.40373906,-71.3283344,1
42.6105254423,-73.1559084356,0
41.8339080811,-71.1593551636,0
42.1047313782,-72.5734699364,0
41.3995363894,-70.7233693035,0
42.4508701756,-72.1414353659,0
42.110629555,-71.1866317768,0
42.3125305176,-72.7345809937,0
42.76457167,-71.069625,0
42.3297891796,-71.1098023877,1
42.68304608,-72.33661246,0
42.2853,-71.8042216667,0
42.4633002784,-71.1602849384,1
42.4644683333,-72.2559366667,0
42.3199966667,-72.6203466667,0
41.6186637878,-70.5113754272,0
42.4251408689,-72.9271315132,0
42.3831339101,-71.8968181205,1
42.3915595833,-71.44597625,0
42.1044311523,-72.5857162476,0
42.54400759,-71.37455732,0
42.4132195996,-71.5091776785,1
42.23787,-71.58387,0
42.50042746,-70.91226023,0
42.4400839722,-72.4289849722,0
41.5570966667,-70.6272583333,0
41.7395027778,-70.8396833333,0
42.2455758985,-71.0493158145,1
42.520225,-70.8863966667,0
42.6229810637,-72.2922405091,0
42.3966278229,-71.3998381179,0
42.4430949,-71.0204624,0
41.3665928025,-70.6150767082,0
42.5245049517,-72.1846824555,1
42.020830804,-70.036099242,0
42.3970938705,-71.2514019012,0
42.6457243377,-72.7474281192,0
42.0037311838,-71.3033671271,0
42.4297606123,-72.6706207171,0
42.328406,-71.187499,0
42.4244616667,-71.0355083333,1
42.50003,-70.86483833,0
42.77577,-71.0654305,0
42.6108358429,-71.9656641333,0
42.34129667,-71.60126333,0
42.1182608967,-72.2395982882,0
42.561128,-71.5416568,0
42.3660883333,-71.2663116667,1
42.2742543441,-73.1093020991,0
42.3373249444,-71.7452472222,0
41.8436426381,-70.5303704665,0
42.1916160583,-72.6305160522,0
42.4422251279,-71.8548898771,0
42.1638376813,-71.3309120777,0
42.198199,-70.8019989997,0
42.5884868985,-71.1123722792,0
41.5845064037,-70.8295572803,0
42.3371963975,-72.4689354153,1
42.678575,-72.1509166667,0
42.2637222631,-72.6962864586,0
42.235976,-70.8573399722,1
42.2605832387,-71.6964781099,0
42.5551821851,-71.3679601311,0
42.3175295381,-71.2051334359,0
42.6296683333,-72.912615,0
41.9698466667,-71.2061383333,1
41.9779415448,-70.6902692452,0
41.6765416667,-70.4292,0
42.5183573967,-71.4223553667,0
41.952055,-70.076425,1
42.6969133333,-70.971955,0
42.2387609722,-70.857206,1
42.1262634466,-71.2156349403,1
42.67940855,-72.00439132,0
41.7872283428,-70.536125,0
42.6006283333,-70.6894383333,0
42.6318033333,-72.8537666667,0
42.1420816667,-70.78261,0
42.2182484059,-71.168554835,1
41.3478526593,-70.6382006386,0
41.3455812028,-70.6866943092,0
42.1628066667,-72.8143683333,0
42.5075533333,-71.01109445,1
42.3153021328,-71.0551369563,1
41.676554955,-69.949117776,1
42.409095,-71.132675,0
41.6790630396,-70.1177247664,0
42.2197965331,-71.504074358,0
41.8310508285,-70.6713135316,0
41.2689166667,-70.0376138333,0
41.2857646473,-70.1053000144,0
41.6238627742,-70.8608708884,0
42.1000918793,-71.2565134373,0
41.76573667,-69.94186333,1
42.225895793,-70.9227527371,1
41.251625,-69.99408,0
42.3106416728,-71.307625,0
42.4633388043,-72.3425711454,1
42.505855,-71.603005,1
42.1495746,-71.6623584997,1
42.710225,-73.207825,0
42.10514311,-72.08941349,0
42.1062611667,-73.1388388333,0
42.57067833,-72.405945,0
42.6217626085,-72.3827543654,0
41.9550777778,-69.9955555556,1
42.519286847,-71.0416969047,1
42.2890083333,-71.614,0
42.19557167,-71.49541333,0
42.7662446187,-70.8446409316,0
42.4645933333,-72.7184216667,0
41.6063283333,-70.4563833333,0
42.583055,-71.2244333333,0
42.33006,-71.6088566667,0
42.2767888889,-71.8483277778,0
41.3869533333,-70.5927966667,0
42.1849419722,-70.968653,0
42.420805,-72.2303,0
41.26030833,-70.11926383,0
42.3705394138,-71.1446521197,1
42.570049,-72.53805,1
42.3108531821,-72.31539184,1
41.9928466667,-70.7491083333,0
42.2483049217,-72.6958105939,1
42.1661317141,-71.6640612677,0
42.7383533333,-71.0105138833,0
41.6889909028,-69.9495094098,1
41.739161,-71.172076,1
42.4180033333,-72.7552416667,0
41.6890496884,-70.3796808431,0
42.1250721667,-71.410745,0
42.14653036,-72.62006993,0
42.271594,-71.218652,1
42.0504611667,-70.1839966667,0
42.292692,-72.456522,0
42.4514555556,-71.0865083333,1
42.2541722222,-71.1170833333,0
41.8799333333,-69.957725,0
42.7465393776,-71.0584268838,0
42.3769364116,-71.0288258269,0
42.6853824723,-70.8555488018,0
42.3007162523,-70.9070587345,1
42.4098417214,-71.3275645868,1
42.4115701709,-72.5222451974,0
42.5875,-72.2111111111,0
42.3659373615,-71.2608366588,1
42.8160583333,-70.8838416667,0
42.4552177718,-71.901804395,1
42.2173615996,-71.1190374651,0
42.4283416667,-71.172225,1
42.36557,-71.26455,1
42.1011469997,-70.9338137,1
41.78635,-69.9364527778,0
42.3732206118,-72.0062451667,0
42.3975563049,-71.1681976318,0
42.2763344273,-73.3046632447,0
42.1954612732,-71.0200500488,0
42.26031167,-72.68543833,0
42.5681833333,-72.5355833333,1
42.4722666667,-73.264275,0
42.6071696333,-71.5700967247,0
42.474445,-70.899155,1
42.3672048337,-71.9255172597,0
42.3412166667,-72.5971361111,0
42.146017,-72.590709,0
42.1390266418,-71.8792877197,0
42.2906407142,-71.3773254982,0
42.305533494,-71.0915143713,1
41.6959148185,-71.1713754239,0
42.018611908,-71.0679931641,0
42.6300245102,-70.8447769407,1
42.620037552,-71.0607068986,0
42.7137016667,-72.4926183333,0
42.3643924584,-72.4804500294,0
42.2743239272,-71.6326618203,1
42.10603,-70.155525,0
42.6407466667,-70.883705,0
42.03395,-70.8327416667,0
42.2286516667,-71.436,0
42.2798583333,-72.98265,0
42.4203033333,-71.180655,1
42.6451946073,-73.045219034,0
42.4568317971,-71.4609073196,0
42.219375,-71.2352916667,0
41.3528086399,-70.6159211822,0
42.4436133333,-71.373855,0
42.2989416667,-71.0340027778,1
42.0355695729,-70.0811992908,1
42.67808,-72.1120966667,0
41.3496689722,-70.4867639722,0
42.5543027778,-71.7551027778,1
42.4299336831,-71.3942405955,0
42.263016586,-73.2733510106,0
42.0135771072,-70.9483230893,1
42.3394397104,-71.0094234494,0
42.1210935,-70.6805255,0
42.5118288889,-71.2137211111,0
42.1437978151,-72.4524857488,0
42.1993716667,-71.8959283333,0
42.4249861808,-71.8278387935,0
41.3809883333,-70.518075,0
42.7017091401,-71.1072902475,0
42.4261081047,-71.2187377747,1
42.277895,-72.774405,0
42.6361833333,-71.5279583333,0
42.0484137763,-71.1574126105,0
42.2335658713,-70.9136639783,0
42.3384105,-71.07959979,0
41.3512633333,-70.56337,0
42.4790751288,-73.2924855128,0
42.2216329994,-70.8634810155,0
41.9892002927,-70.0674450025,0
41.6791703962,-70.1161462069,0
42.3065499385,-71.6118177688,0
42.5637433333,-72.6804316667,0
42.47613,-70.9118583333,1
42.4469716667,-71.0373,1
41.7342804922,-69.9922635759,0
42.551738,-72.941708,0
42.3111,-70.95533,0
42.4904816667,-72.2534133333,0
42.6463957961,-71.3217350634,0
42.2497166753,-71.0921335779,0
42.5288708091,-72.5475222424,0
42.1903833014,-73.2334214497,0
42.0567944444,-70.0890527778,0
42.2570616659,-71.2969990355,0
42.53858,-72.272015,0
42.4411966667,-71.6676333333,0
42.6315648901,-72.736065276,0
42.0615974137,-70.1000636909,0
41.7012216667,-70.3554166667,0
41.3486345,-70.0077471997,0
42.2277033333,-71.408165,0
41.8513970883,-70.9629705548,0
42.1792563,-73.2120526,0
42.4428788705,-71.2780415713,0
42.45391333,-71.09163617,1
42.2149222222,-71.3794138889,0
42.5684783333,-72.4131166667,0
42.1860616667,-71.0989083333,1
42.3969707221,-71.516981115,1
41.5330058505,-70.6459399565,1
42.4883655476,-70.9281466549,1
42.6010874906,-72.6320559818,0
41.8230091015,-69.9647725562,1
42.19255768,-71.8132248,0
42.31956648,-70.92584876,0
41.9304589394,-70.0422645913,1
42.4601319969,-72.8961795599,1
42.2634395033,-71.8257056955,0
41.6114665022,-70.5208228156,1
42.2884712524,-71.2679119443,0
41.7528283333,-70.170625,0
41.7569497444,-70.1953125017,0
42.2504533333,-71.6279,0
42.48492833,-71.02958617,0
42.5694113,-72.5313593,1
42.2308233333,-71.4085283333,0
42.6741533333,-71.707725,0
42.298775,-71.0995333333,1
42.3201809015,-71.3031528056,1
42.2409136572,-71.530417258,0
42.1946874787,-71.4278666658,0
42.4527014636,-71.0870015583,1
42.2232988889,-72.2409252222,0
41.749257,-69.985943,0
42.6591266435,-70.6005977467,1
42.3789990222,-71.6483287417,1
42.0938765,-71.6238455,0
41.8838700401,-69.9925610326,1
41.634875684,-69.9581275846,0
42.7411049279,-70.7971717007,1
42.2582166667,-71.1382055,0
42.463795,-71.0729305,1
42.445205,-71.18888,0
42.7761667325,-70.9874597326,0
42.0996236429,-70.9322301481,1
42.3197449722,-72.4027609722,0
42.0848825,-70.2433458333,0
42.329473,-72.533935,1
42.7696607681,-70.8526572493,0
42.52667,-73.192345,0
41.80303,-70.0061333333,0
42.0999337554,-70.9322941166,1
42.4686478255,-71.4619035527,0
42.32052227,-71.20288129,0
42.3677787781,-71.0650024414,0
42.3748172108,-70.9695059639,0
42.3306665053,-71.418939116,1
42.0962305,-72.5358366667,0
42.458357859,-71.3034778116,1
42.1241445,-71.6364366667,0
42.4383468628,-73.2295684814,0
42.3922061082,-71.4340532106,0
42.35693191,-71.38119099,0
42.7976065677,-70.8223018219,0
42.0859221667,-73.0493166667,0
42.1955207706,-70.8338568159,0
41.8007888889,-69.9531166667,1
41.3393197116,-70.7292345633,0
42.4959195049,-72.3196185428,0
42.1469661555,-72.7918676554,0
41.9410033333,-70.0279221667,1
42.4638794825,-71.1536552439,1
42.3858281448,-73.3239018917,0
42.2399967397,-72.3108968419,0
42.4529305556,-71.1197944444,1
42.66643563,-72.32609145,1
42.2724139722,-72.658355,0
42.2267246166,-71.0525525243,0
42.7450252021,-70.8262207753,0
42.641905,-71.30233,0
42.3870688183,-71.5710591901,1
42.6251138889,-70.7073222222,1
42.3685875542,-72.5640935961,0
41.9206399728,-71.0285870623,0
42.29845,-71.03476,1
42.348055,-72.6501216667,0
42.3492908333,-73.3621088889,0
42.18382,-72.68905,0
42.0995753637,-70.9347255412,1
42.0294079961,-71.7737900326,0
41.4674386968,-70.5699262232,0
42.341864,-72.487667,0
42.0384166667,-70.0662083333,0
42.3777166667,-72.2570183333,0
42.1304892515,-70.8866662874,0
42.6981089861,-71.9061904687,1
42.2442997324,-71.0653829755,0
42.0680722855,-71.1523722161,0
42.3797438133,-71.7834465151,1
42.1609,-71.2605,0
42.3633533333,-71.0777583333,0
42.0780283213,-73.140912796,0
42.7312067815,-70.869926333,0
42.3532666667,-71.0804888333,0
42.3617690381,-71.7248372774,0
42.719604671,-72.9192670249,0
42.1129695,-72.54805,0
42.0331633813,-70.8414857038,0
42.0695624236,-71.1939070133,0
42.3131545011,-71.4128489802,1
42.3658,-71.26375,1
41.7449076269,-70.7212951447,0
42.277443697,-71.9581184513,0
42.51111977,-72.69633158,0
42.1273011685,-71.5180240754,0
42.6876720172,-70.6322974808,0
42.3266088852,-70.9243475568,0
42.6999843782,-73.2255354872,0
42.5361694444,-71.0461166667,0
42.482274114,-73.1576101981,0
42.3235249507,-71.1904525357,0
42.8715783333,-70.89302,0
42.5371935871,-71.5003231355,0
42.28317514,-71.79239479,0
42.302555,-71.47643333,1
42.3592459722,-71.0270869722,0
41.5842333333,-70.5122555556,0
42.1506292301,-72.7394985312,0
42.5773883333,-71.5786216667,0
41.3721379915,-70.7533683255,1
41.2507133333,-70.1470721667,0
42.4723138889,-72.3099527778,0
42.3230633333,-71.3292833333,0
42.504075,-71.22238,1
42.3286364544,-72.5444461279,1
42.39807409,-71.43165308,0
42.5440544078,-72.8254753968,1
42.1790586353,-71.9302700919,1
42.0047222167,-71.128075,0
42.7712366667,-71.0816945,0
42.67518949,-72.33114844,0
42.5515193,-71.4323746,0
41.2528383333,-70.0040138833,0
42.4026216667,-71.0682666667,0
42.3892224869,-73.3099265769,0
42.2703227,-71.2511054,0
42.6616603523,-70.9055433377,0
42.6215726,-73.1192858,0
42.5611616667,-71.5403833333,0
42.1823488337,-71.8798012286,0
42.3705138889,-71.1455305556,1
42.6487966667,-71.1300195,0
42.6603331466,-71.1745318997,0
42.2778525212,-71.8063729201,0
42.3638735306,-71.2075685205,0
42.5820206758,-71.1252530013,0
42.1255195,-71.0778361667,0
42.2921243291,-71.1306893429,1
42.4041533333,-71.666175,1
42.60762,-72.5418466667,0
41.9158033333,-70.6477283333,1
42.1313055,-72.5478883333,0
42.48806667,-71.39427167,1
41.9865951538,-70.9537887573,0
42.3147193581,-71.4108026451,1
42.4676213737,-71.9703083015,1
42.1461791992,-71.1047821045,0
42.2148493801,-71.8838663035,0
42.2743383488,-71.6322357553,1
41.7361741605,-71.0253615026,0
42.36594,-71.265297,1
41.764988,-70.6341452,0
42.5478833333,-72.3727033333,0
42.4052775235,-72.1282455382,0
42.5635402976,-71.6581847985,0
42.0884285346,-70.6391979549,0
42.5356663,-72.2143844,0
42.5395083333,-71.4819716667,0
42.4184709099,-71.2397739744,1
42.3253283333,-71.0504083333,1
42.5135683333,-71.404885,0
42.0809413194,-70.2188328194,1
42.4132432348,-71.5100814874,1
42.6966083333,-70.5318083333,0
42.1358388333,-73.1728216667,0
42.4748383333,-70.910125,1
42.6028252554,-71.2528118969,1
42.232592,-71.685795,1
41.5296096526,-70.6498547965,1
42.038333,-72.261944,1
42.0664920146,-71.6578437389,0
42.3501966667,-71.1415471667,1
41.8519417683,-70.595344305,0
42.2967633333,-72.7937,0
42.0848833333,-72.6696,0
41.9797749,-70.746557,0
42.2997932434,-72.4442825317,0
42.3005166667,-71.0383944444,1
42.4059737,-71.0734009,0
42.2154579163,-72.6303939819,0
41.9185794192,-70.7986521442,0
41.769375,-70.487305,0
42.4898,-71.2688289722,0
42.11475,-70.1470489999,0
42.683047,-71.3384557,1
42.1110696458,-71.6091428948,0
42.67829167,-71.49315,0
41.78241678,-69.93577763,0
42.262825,-72.6856616667,0
41.3164633333,-70.0334333333,0
42.4370119069,-72.5376434997,0
42.2527666667,-72.5774166667,0
41.6984366114,-70.3146637046,0
42.0685387141,-71.1582835319,0
42.2455056225,-73.4405266866,0
42.8136333333,-70.93795,0
42.3367409109,-71.576753062,1
42.4800147485,-73.2542276437,0
42.63868376,-71.68327416,0
41.3343392847,-70.293373763,0
42.1435506893,-70.7602518797,1
42.2568676229,-71.2650822315,0
42.5421916667,-72.26242,0
42.14266667,-72.06130283,0
41.5943593889,-70.5063578128,0
42.6699366667,-71.2205666667,1
41.3470458984,-70.7162322998,0
42.1954033333,-71.0260388333,0
41.2748116667,-70.2124716667,0
42.3999031,-71.1457633,1
42.248805,-73.119025,0
42.349895,-71.0519555,0
42.7390027778,-71.1940138889,0
42.1988667294,-71.1336455607,0
42.6235763789,-72.4600314349,1
42.2072784836,-71.2476737984,0
42.3750138889,-73.2341527778,0
42.6198383333,-71.1366971667,0
41.9209466667,-70.545175,1
42.2617797852,-72.3745269775,0
42.598815918,-72.6060333252,0
42.2005535823,-71.9711077096,0
42.6695666667,-71.2362966667,0
42.283275,-71.313325,0
42.6459291112,-71.3637404978,1
42.3682554568,-71.9887894794,0
42.1620305,-70.84261333,0
42.2874009507,-71.1034981709,1
42.4057966667,-71.33238,1
42.49033,-71.0068688889,0
42.3471933762,-71.5010811303,0
42.646355,-71.151275,0
41.758342,-70.498029,0
42.831961638,-70.8182966709,0
42.370975,-72.5329216667,0
42.6786043617,-72.0326359586,0
42.3764983333,-71.455615,0
42.44987,-71.455515,0
42.05323,-70.080465,0
42.6297674781,-71.1181979504,0
42.3597666667,-71.3288333333,1
42.1013908386,-72.6970901489,0
41.3926883333,-70.5345383333,0
42.4708033333,-71.1677333333,1
42.495405,-71.41881,0
42.45138,-72.4157716667,0
42.6107213,-71.0713977,0
41.67742167,-70.45459667,1
42.1270997247,-71.8675292233,0
41.728625,-70.61367,0
42.0658282884,-71.1652291774,0
42.6774583333,-73.1453333333,0
42.1927777778,-70.9625,0
42.4556766667,-72.250765,0
42.3526714652,-71.5086890975,0
42.0847219997,-71.1129890997,0
42.522475,-71.4194216667,0
42.2432459739,-71.57066584,0
42.6008909395,-70.8986332408,1
41.4794199722,-70.603441,0
41.8649963849,-70.6655481086,0
42.0527320056,-70.1887750626,0
42.3990833333,-71.1303416667,0
42.3060633333,-73.0109183333,0
42.2821145459,-71.8718126044,0
42.127446,-71.253483,0
42.2121225316,-72.5104469609,1
42.32948,-72.53377,1
42.6825310695,-71.2940461213,0
42.6453883333,-72.36976,0
42.0974115866,-70.9343627183,1
41.2854758808,-70.1671054959,0
42.428022428,-71.8271806211,0
41.2466133333,-70.0960695,0
42.4181966667,-71.6802666667,0
42.0582128315,-71.5509192367,0
41.780255,-69.89299667,0
42.4498666667,-71.3057633333,1
42.592129606,-73.1968009643,0
42.2635632247,-70.854137219,1
42.42343,-71.474821,1
42.4266572851,-71.4413851226,1
41.854039,-70.529809,1
41.9375261693,-71.2978064832,0
41.5537460095,-70.6411299482,1
42.2199359821,-71.1184151926,0
41.7363141669,-70.2366045734,0
42.0767111667,-73.2364666667,0
42.0712586389,-73.2108219389,1
41.3298044571,-70.3041220577,0
42.1175716558,-70.6723835144,0
42.3092333333,-72.33348,1
42.3933426346,-71.492035688,1
42.238692424,-71.962149949,1
42.61083333,-71.078125,0
42.3627883333,-72.45375,0
41.3482966667,-70.6449666667,0
42.139271,-70.9557970997,1
42.147119394,-72.2871201493,0
42.1958805556,-72.6513055556,0
41.882392308,-69.9954512585,1
42.7286555556,-71.0268027778,1
42.156241141,-72.0607431205,0
42.375367602,-71.0506021123,0
41.6879283072,-70.774860888,0
41.4763308794,-70.600222654,0
42.0111166667,-71.1775805556,0
41.4122105437,-70.6783384737,0
42.1799361111,-71.7084361111,0
42.1284980774,-72.4783935547,0
42.4100783333,-71.23458,0
42.48272538,-71.5059733,0
42.45232159,-71.0810001599,1
42.3979116667,-71.2590033333,0
42.1100361667,-72.0042333333,0
42.2608449823,-71.4555407901,0
42.4810310082,-72.168137426,0
42.434475812,-71.6090367073,0
42.375361,-71.1790948,0
41.2784614563,-70.0247192383,0
42.4165500686,-71.3956832886,0
42.6708966667,-72.3376216667,0
42.3792152688,-71.5722261209,1
42.3251342773,-71.2447814941,0
42.2788466667,-71.6335,1
41.631205,-70.57927,0
42.5728061389,-72.5160978333,0
42.66667362,-72.31216433,0
42.0606721746,-70.1135091427,1
41.7691121398,-70.7368791953,0
42.6001133333,-71.5306033333,0
42.4286111111,-72.5375,0
42.4456554026,-71.1763208572,1
42.0153999329,-71.3424758911,1
41.8689036953,-70.8633010089,0
42.2951466667,-71.4498833333,1
42.3793414659,-73.2426292019,0
42.1083910953,-71.401153151,0
42.85144833,-71.0370801,0
42.2195505193,-71.1045957329,0
42.0080493812,-70.8779020362,0
42.2894833333,-71.5887,0
42.331613704,-71.3617757583,0
42.1534,-71.2593,0
41.7422820907,-70.4208972307,0
42.55514439,-70.85485645,0
42.74150425,-71.06823922,0
42.3858063523,-71.1090419814,1
41.54282833,-70.64098333,0
42.6895060105,-70.6329413028,0
41.8194901643,-69.9602930318,1
42.6473128913,-71.9490774703,0
41.2793137143,-70.0466129556,0
42.0659360583,-71.9474446962,0
41.2428383333,-70.0934971667,0
42.6710777639,-70.5670662409,0
42.3508965579,-71.5518641116,0
41.96251005,-70.65644277,0
41.6785452243,-69.9414473265,1
42.4696666667,-71.1673883333,1
42.2890392489,-72.6193181413,0
42.52378833,-72.64540833,0
41.913295,-70.8285216667,0
42.2740610211,-71.6324340467,1
41.8579596446,-70.6830655195,0
42.3285666667,-71.1046361667,1
42.4210253349,-71.2050489075,1
42.2782499722,-72.5237599722,0
42.2215589961,-73.1242127875,0
41.901386261,-70.8012542725,0
42.3681636245,-71.2587664747,1
42.0765991211,-72.5760879517,0
41.6127654833,-70.5471828952,1
42.4204816285,-71.6610397423,1
42.1044111667,-70.1658333333,0
42.590116,-72.724924,0
42.4675312997,-71.09093,1
42.2163431,-71.6981088997,0
41.7854840072,-70.9148080194,0
42.21603,-71.851355,1
41.3627616667,-70.6628416667,0
42.5725290087,-71.4785181173,0
42.4997840522,-71.3616856063,1
42.4769466667,-70.912095,1
42.4595046107,-72.895491273,1
42.8010524838,-70.9648308878,1
42.2913561439,-71.7156625449,1
41.3962472222,-70.5134583333,0
42.04160283,-70.21488833,1
42.3156365765,-71.7999931052,1
42.4108166667,-71.32737,1
42.3426333333,-72.628525,0
41.7509298185,-70.1124443028,0
41.3535283333,-70.4497833333,0
41.699349,-71.048796,0
42.1938438015,-71.4846508206,0
42.0954181668,-71.0199021691,0
42.3387563519,-71.5298008264,0
42.536055,-72.17561333,0
42.4636928877,-73.2459611726,0
42.6779660053,-70.9330442522,0
42.3961029089,-71.9658150998,1
42.4277466667,-71.7666833333,0
42.2065270721,-71.1092223612,1
42.7042722222,-70.9717472222,0
42.5577926636,-71.6937484741,0
42.45343,-71.3945616667,0
42.4529905019,-71.0819496635,1
42.645195,-71.4779283333,0
42.3059937698,-73.0700750649,0
42.0624458731,-70.1913711056,1
42.4310913086,-72.8461914063,0
42.4431022248,-73.0856597051,0
42.3661938668,-71.2639326822,1
41.9029402896,-70.5675059254,0
42.7905666667,-70.939705,0
42.2957863863,-71.3039864268,1
42.625078,-70.896161,0
42.46768,-71.1662971667,1
41.9467666667,-70.6273033333,0
42.4777526586,-70.942634045,0
41.9959866667,-70.722855,1
41.9639360188,-70.8963951096,0
42.2234277778,-71.1977777778,0
42.57982,-71.2882466667,0
42.5374633333,-72.3075766667,0
42.6533434712,-71.2781636594,0
42.1061388333,-70.8119966667,0
42.5697861414,-71.5674102546,0
42.1687396111,-71.5187672222,0
42.3426951,-71.1333355997,1
42.3457087577,-71.1636142061,0
41.75078667,-69.93737,0
42.4389390598,-70.9386449307,0
42.3873516667,-73.2348266667,1
42.6417533333,-72.9415966667,0
41.9441072071,-71.3029877128,0
42.0661690003,-71.5864946141,0
42.3179775351,-71.3476024639,0
42.6300937909,-70.8453342288,1
42.1627591377,-71.6697046775,0
42.8511916667,-70.9624166667,0
42.4332083333,-71.0811305,1
41.59582901,-70.902885437,0
42.3101861111,-71.2237583333,0
42.0031734201,-70.4545834973,0
42.0555113443,-71.5522059426,0
42.0535764179,-70.9232936569,0
42.4545777778,-71.193375,0
42.5667133333,-71.168945,1
42.40375,-71.6667333333,1
41.9956261975,-70.0295953573,1
42.4629638833,-71.1587905888,1
42.4459383333,-71.1007133333,0
42.7831726074,-70.9985427856,0
42.3743083333,-71.5254533333,0
42.66187582,-73.16486564,0
42.2809571806,-71.0313329907,0
41.3657716667,-70.5042716667,0
41.6594878353,-70.551924035,1
42.5747377659,-70.7776795328,0
42.5887632934,-70.8784399654,0
42.77372833,-71.0817945,0
42.6209222971,-72.7693234045,0
42.2361081613,-71.661448471,1
42.6672981394,-72.8953834623,0
42.0614,-70.1794966667,1
42.3097641891,-71.1741712523,0
42.2480169722,-70.9012869722,0
42.2645635396,-73.3091485059,0
42.33808811,-71.02232656,0
42.54853,-70.8650883333,0
42.22773,-71.15443333,1
41.5098079977,-71.0510276858,0
42.4410583333,-71.0565333333,1
42.5623511249,-71.2090497321,0
42.6288316667,-72.11152,0
42.421045,-71.0538778333,0
41.87735,-70.5790416667,0
42.4600611111,-71.1587194444,1
42.3209661147,-73.1388995424,0
42.317925,-71.0382388889,1
41.8799285833,-69.9951248167,1
42.2261901048,-71.513646386,0
41.58184667,-70.57321167,0
42.4034416667,-71.1212611667,0
42.2399849722,-71.033445,0
42.6549636842,-70.927957153,1
42.687595,-71.1545861667,0
42.2688417195,-71.7732695599,0
42.37887,-72.9012133333,0
42.6056583333,-72.79385,0
41.8831944444,-70.0653222222,0
42.08934717,-73.426675,0
42.302255,-72.5295833333,1
42.0952721667,-71.6224966667,0
42.4216917429,-72.5040832315,0
42.0621658441,-71.0894393921,1
42.4660822412,-71.6058826447,0
42.1505492762,-71.073429048,0
42.07948238,-70.05709805,0
42.2999745838,-72.2389863222,1
42.5501022222,-71.7718887222,0
42.8561268712,-70.9442599916,0
41.32559667,-70.815955,0
42.4807535337,-71.9583704351,0
42.5755651036,-71.6893060181,1
42.6596049708,-70.6005380675,1
42.3964861111,-71.3747166667,0
42.6283102762,-72.0302185038,0
42.3843978199,-72.1828191378,0
42.5217883333,-71.369645,0
42.0897222222,-72.6078333333,0
42.5104416667,-71.351945,0
42.6481288951,-70.9039565245,1
42.1714079722,-71.025243,0
42.6768133333,-71.3577583333,0
42.627330725,-71.3530327823,0
42.6468877477,-71.1293793054,0
42.4144494543,-71.5617624437,1
42.1440575268,-73.2354432096,0
42.1762909722,-71.0307669722,0
42.4015583333,-71.18943,1
42.1955630531,-71.5307200372,0
42.69671624,-72.37825453,0
42.57108,-72.406455,0
42.387355,-72.3735583333,0
42.3354292103,-71.1782053274,0
42.4832921418,-71.057944061,1
42.4400833333,-71.3349533333,0
42.3688850279,-71.07641427,0
42.6875055556,-71.3535888889,0
41.70982,-70.4662383333,0
42.6087061012,-71.1293214156,0
42.47960926,-71.07357654,1
42.35685,-71.0660166667,0
41.660806,-70.928627,0
42.6855138112,-71.2935129064,0
42.2653728535,-72.7900678915,0
41.648025,-70.82647,0
42.2411916667,-72.5804222222,0
41.352722,-70.631189,0
42.4107572889,-72.5307528565,0
42.34097,-71.991295,0
41.6403783333,-70.2135866667,0
41.2773208618,-70.2195587158,0
42.6087349,-71.2832659,1
42.4259425446,-71.1081994325,1
42.2694941722,-72.5892999216,1
42.4006883333,-72.64505,0
41.9885641895,-70.7031990704,1
42.3285466667,-71.1008445,1
42.3115762751,-71.0366176441,1
42.0871900698,-71.6137482839,0
42.6291528484,-71.4819590547,0
42.4630616667,-71.1604,1
41.7464388889,-70.1789222222,0
42.1660721667,-71.0918583333,0
42.18747,-71.1104278333,1
42.0423006,-70.8099942,0
42.2065166667,-71.4549333333,0
42.7818048764,-70.8050268421,1
42.528210119,-70.7966264385,0
42.2482416667,-71.4346083333,0
42.49216,-71.7107466667,0
42.64009244,-72.11677159,0
42.352848182,-71.9270509163,0
42.2335625191,-71.0294216851,0
42.17386982,-71.01934791,0
42.1676203302,-71.9559859648,0
42.476098,-71.9017329722,0
41.9094926135,-71.0944746654,0
42.3307897958,-72.539935112,1
42.175285008,-72.0647429146,0
42.2395633333,-72.633715,0
42.3791347116,-71.572497801,1
42.476775,-70.9122166667,1
41.5735633333,-70.9661033333,0
41.7034187317,-70.0682601929,0
42.2488833333,-72.5629194444,0
42.1836745808,-72.2103222755,0
42.6309546998,-72.2831878636,0
42.4222482467,-71.407971417,1
41.28862,-69.98040833,0
42.5641965657,-71.1794518975,1
42.5020469217,-72.2150480695,0
42.4528237048,-71.0823042281,1
42.4152931522,-72.5073794447,0
42.394136,-72.44996,0
42.7007216667,-73.1419305,0
41.4545864551,-70.5948890542,0
42.0743867043,-72.0939754279,0
41.2741583193,-70.1904878575,0
42.5906827441,-71.0354627018,0
42.3539147126,-71.2378124563,1
42.7146381472,-72.4426879583,0
42.2792671997,-71.0162559997,1
42.4958173871,-72.3313839481,0
42.4114195258,-71.431495389,0
42.5641638511,-71.1794719715,1
42.2167985654,-70.7901606057,1
41.787955,-70.00400555,0
42.5677133333,-71.9403616667,0
42.2639111111,-70.8733888889,1
42.3704463377,-71.1443919613,1
42.1207679925,-71.4808210403,0
42.6836111111,-73.2261111111,0
42.3817209997,-71.7715213997,0
42.388595,-71.9583283333,0
42.1090425335,-70.7693091674,0
41.8306832723,-71.2363209974,0
42.2812216667,-71.4305033333,0
42.354095,-71.498925,0
42.47023,-71.1666416667,1
42.4719206058,-73.190622842,0
41.6556133333,-70.3207083333,1
42.501046,-71.587579,0
42.459916,-71.312626,1
42.0992305,-71.38868,1
42.5954383333,-70.7716216667,0
42.3040380997,-72.6168485997,0
42.335125,-71.2032783333,0
42.54612,-71.4131616667,0
42.3733329773,-72.4791641235,1
41.9503320175,-71.2819023058,0
42.139369,-73.0412369722,0
42.3870913248,-71.5710224937,1
41.4024916667,-70.5349116667,0
42.53286667,-71.22995833,0
42.4600694297,-73.2209004657,0
42.0838370545,-70.7981664981,1
42.38252167,-71.42851333,0
41.2775416667,-70.0925611667,0
42.65970961,-70.60062105,1
42.1736703258,-71.216276403,0
42.265925,-71.249925,0
42.5743783333,-71.3943166667,0
42.5986333333,-71.1006471667,0
42.2031166667,-70.94632,0
41.9185448208,-70.7530863773,1
42.608485,-72.4671833333,0
42.4465833333,-71.4118283333,0
42.4365730286,-72.7983474731,0
42.3478707668,-71.4261288816,1
42.1113445,-71.17585,0
41.7608830114,-70.0896583326,0
42.4529232155,-71.082244705,1
41.7046244526,-69.9651295652,0
41.8449216857,-70.0053798253,0
42.46593,-70.902795,1
42.574980181,-71.5755802772,0
42.3663333333,-71.2536866667,1
42.22888812,-71.14806875,1
42.4747265608,-71.3793377409,1
42.4517833333,-72.4134833333,0
42.3849672001,-71.217217082,0
41.9501006138,-71.3056948409,0
42.3906633333,-71.1266333333,0
42.61395,-72.53620333,0
42.6501312755,-72.2095183812,0
42.4242818456,-71.4919867216,0
42.1106182451,-72.0053756716,0
41.92341702,-71.37409165,0
42.52974637,-70.86905757,1
42.0304416667,-71.8932716667,0
42.3373565674,-71.0520706177,0
42.0875259466,-70.6782734251,1
42.0274862394,-71.6508933943,0
42.3900032043,-71.049621582,1
42.443790915,-71.6049718038,0
42.2771467274,-73.037950879,1
42.2197241103,-71.2537321969,1
42.282322,-71.375799,0
42.3545954043,-71.8857297205,0
41.902425,-69.9878216667,1
42.5898117,-71.0911152,0
41.4624207,-70.6024416,0
42.4643407,-71.4320539997,0
42.5628966667,-71.151,0
41.2892833333,-70.1746533333,0
42.65062,-71.31919167,0
41.9892932012,-70.702643661,1
42.42543,-71.056151,0
41.2394493997,-70.0096013997,0
42.2850012139,-72.6520284268,0
42.3060625293,-71.0944462101,1
41.27143,-70.0930416667,0
42.3371563103,-72.4689676019,1
42.4996029387,-70.8352908101,1
42.1874300783,-71.5982914714,0
41.73095333,-70.58821167,0
42.374602,-71.9518039722,0
42.3950968,-71.0753295,0
42.655994725,-70.615536381,1
42.38385,-72.4677283333,0
41.8374231,-71.1344811,0
42.1786549731,-71.4300208231,0
41.9949417114,-70.0526123047,0
42.5404805556,-71.1105805556,0
42.647045,-71.6255583333,0
42.6311225891,-72.0833740234,0
42.2346716667,-70.914755,0
41.5134896654,-70.9995602652,0
42.4105850315,-72.1036314366,0
42.3569716667,-71.5363466667,0
42.1998666572,-70.8894389908,1
41.3640350022,-70.5104436767,0
42.1152777778,-72.0986111111,0
41.9876222222,-70.7891222222,0
42.1076861058,-72.2495918625,0
42.4987,-73.2557533333,0
42.298625,-72.3326027778,0
41.4180779139,-70.5626446903,0
42.4806133333,-73.2511883333,0
41.6468287725,-70.3882299923,0
41.9208789943,-71.2306535058,0
42.250498,-72.382834,0
42.5578633333,-71.34008,0
42.5800231,-71.4559761,1
41.6306458517,-69.9668406162,0
42.3719320863,-71.7217774021,0
42.0712392437,-71.1516485734,0
42.75783,-70.8921666667,0
42.701875209,-70.9448578858,0
42.6437814202,-71.5860777835,0
41.6544343002,-70.2499696612,1
42.3365853229,-71.0118231737,0
42.6310216667,-71.1376805,0
42.7908231,-70.809922,1
41.5926391188,-70.8571027592,0
42.38473732,-71.17714143,0
42.5394338,-71.8627928,0
42.5985319104,-72.4987432812,0
42.436275,-71.81082167,0
42.5583730032,-71.1402032094,0
42.233675,-71.122421,0
42.3566151094,-71.4207264165,0
42.4668225453,-72.2584692238,0
41.4741369722,-70.6133219722,0
41.7073695066,-69.970459704,0
42.6373466667,-70.880355,0
42.0742815595,-71.5554519266,0
42.48895,-71.8798366667,0
42.0878116257,-70.6790078371,1
42.3475554166,-71.565244412,0
42.2978583333,-71.9822533333,0
42.0350646973,-71.4660644531,0
42.2160894964,-71.1027684918,0
42.0949988706,-71.1657351433,0
42.3005813005,-73.3354002284,0
42.3451948063,-71.5579348225,0
41.642541,-70.4432759722,0
42.4123984902,-71.3509744686,0
42.3672079577,-71.5161997025,0
42.3337822,-72.6388658,0
42.1545136889,-71.67822725,0
42.3444663082,-73.3470106312,1
42.8058139518,-70.8543534394,0
42.60362,-71.298675,0
41.688075,-71.1266721667,0
42.3432905909,-71.277079227,0
42.16686,-71.164674,0
42.2817416667,-71.8049383333,0
42.3647616667,-71.0716471667,0
42.0536219722,-71.1643459722,0
41.9210666667,-70.5456166667,1
42.6966299722,-73.1077509722,0
42.06055662,-71.16417576,0
42.2718942928,-71.8298936224,0
41.6078206052,-70.5728771715,0
42.3333283333,-71.19548,0
42.6609543944,-71.708232675,0
41.4518329892,-70.6022117402,0
42.6767512331,-70.9374735705,0
42.6410678558,-72.2821249218,0
42.5641707856,-71.1794467829,1
42.6379166667,-71.5936277778,0
41.9930153713,-71.3090299164,0
42.484014,-72.356594,0
42.0385466667,-71.4004016667,0
42.5251163543,-71.613086639,0
42.3105166667,-71.4585283333,0
42.2872962658,-71.2044026768,0
42.5930883333,-72.4942233333,0
41.6987710427,-70.2478698607,0
42.4650666667,-72.38186,0
42.0211535,-71.1420665,0
42.39512,-72.523545,0
42.295463025,-72.6413677569,0
42.772315979,-71.1067047119,0
42.292576,-71.761465,0
42.67312167,-71.47881333,0
42.2147174477,-71.6973764822,0
42.0965442203,-72.1675395307,0
42.1129485586,-71.1725654749,0
42.16481,-72.86233,0
42.70667167,-72.673125,0
42.4804118084,-71.1080813328,0
42.3991435556,-71.1556593611,1
42.3893583333,-72.523125,0
42.3997445721,-71.9531418158,0
42.264355411,-71.1238561405,1
42.2753799444,-72.6277294444,0
42.4216366667,-71.3051383333,0
42.523975,-71.1387028333,0
42.4433583333,-71.45895,0
42.3005666667,-71.305825,1
42.4527371862,-71.0815312382,1
42.4773683065,-71.2479111725,1
42.3222606645,-71.3433411813,0
42.3569470407,-71.5207708121,0
42.2368701068,-71.3266521113,0
42.5964816667,-72.2394933333,0
42.4207191819,-71.2004379796,1
42.2537833141,-71.6392408372,1
42.0903778,-71.3752006,0
42.56962,-73.20485,0
42.182195,-71.76442,0
42.4703186565,-72.0924714022,1
41.988630747,-70.7031810204,1
42.4204370376,-71.4796227949,1
42.3141579722,-72.622613,0
42.7095684257,-70.7847026273,1
42.6104592948,-70.6636484999,0
42.261332,-71.0764039722,0
41.6786831135,-69.9959522748,0
42.3910551621,-72.2382278368,1
42.1088028333,-70.1432333333,0
42.8015558699,-70.8813906405,0
42.0430854271,-71.2522244433,1
42.2560560222,-71.7679729737,0
41.8534705585,-71.1769786937,0
42.3293405834,-72.6374738482,0
42.05121562,-72.7664097771,1
42.3944387958,-73.2725928259,0
42.7355947326,-71.2179400027,0
42.6057891846,-71.4585037231,0
42.521145,-70.7848966667,0
42.2403490179,-71.6075234732,0
42.2581553703,-71.1604078782,1
42.093953,-70.7063883333,0
42.5084611111,-71.1720194444,0
42.4350919722,-72.688004,0
42.6242218928,-72.8958405289,0
41.60121667,-70.60672,1
42.2819377073,-72.3928658074,0
41.6555116283,-69.9753281806,0
41.3380050659,-70.8272705078,0
42.44104,-73.0268966667,0
41.2790533333,-69.9882283333,0
42.3791938992,-71.5725240506,1
42.0679793997,-70.7925692997,0
42.0919498126,-71.0646510128,0
42.6628488704,-71.1687147617,0
42.0784907,-71.3108021,0
42.3877033333,-72.3787916667,0
42.4023907073,-71.3976169937,0
42.811637278,-70.8823951952,0
42.589325,-71.3264166667,0
42.5231208801,-71.7520675659,0
42.5434729673,-72.7729844136,0
41.8029238334,-70.6689777469,0
42.07092217,-71.74062167,0
42.0664777778,-70.119525,1
42.69647,-71.2901916667,0
42.422724,-71.3040426,0
42.3894462585,-72.5175018311,0
42.6117855278,-71.0866027222,0
42.4833052,-71.3564734,0
42.5180850544,-71.8778445572,1
41.3371865974,-70.7857521637,0
41.9547866248,-70.6563109159,0
42.1849023889,-71.1572912778,0
42.5928216667,-71.5296783333,0
42.6245327848,-72.3798022283,0
42.1661347384,-70.7249649056,0
42.4526662321,-71.0808319343,1
42.53192833,-71.57505,0
42.5337133333,-71.2669616667,0
42.4334526062,-71.461151123,0
42.0294388889,-72.6022888889,1
42.2724277778,-71.8081361111,0
42.3352616667,-71.4305583333,1
42.3588866667,-71.20842,0
42.6258216667,-70.790375,0
41.7647166667,-70.0546638333,0
42.3442611111,-72.5654055556,1
42.2749833333,-71.19725,0
42.1843258571,-73.185681291,0
42.0252055556,-72.5837,0
42.2695840217,-71.9756454061,0
42.034006482,-71.0239193962,0
41.95648085,-71.35767775,0
42.6661616667,-70.8203366667,1
42.6043633668,-71.6174098542,0
42.2794792,-72.8232412,0
42.4133223194,-71.5105061304,1
41.6004330055,-70.8245420776,1
42.201175,-71.6582866667,1
41.8820188997,-69.9957450997,1
42.3561505204,-71.0640143188,0
42.6206321716,-72.0757217407,0
42.520317,-72.50594,0
42.0386695,-72.5973133333,1
42.40638,-71.1201471667,0
42.41573,-71.355,0
42.5220716667,-71.480705,1
42.8071607819,-70.9738277789,1
42.7906566062,-71.0634440114,0
41.329441513,-69.9975889642,0
42.4127688218,-71.408502236,0
42.46281,-71.30027,1
42.33643798,-73.18838307,0
42.8402116667,-70.8154533333,0
42.6909858646,-73.2060436642,1
42.4707646804,-72.9351468757,0
41.8826060127,-69.9964176716,1
41.9749545176,-70.873730352,0
42.0568,-73.1314083333,0
42.70019695,-72.40004373,0
42.4456079446,-71.1084708429,0
42.2251383333,-72.5638283333,0
42.4734134249,-71.6482094292,1
42.2760628274,-71.6327671105,1
41.5426055556,-70.6591055556,0
42.2562149,-70.8148178997,1
41.682004319,-70.1057553291,0
42.0677628997,-70.7924284997,0
42.5818074766,-71.1607444958,0
42.6144192025,-71.1428565784,0
42.0786238549,-71.3934830466,1
42.5898118,-71.1599321,0
42.0190943088,-71.1926861834,0
41.4087829292,-70.4491779744,0
41.3265353843,-70.7940362546,0
42.3593607093,-71.3672948008,0
42.0875156,-70.6794536,1
42.37048294,-72.50522384,1
41.762217163,-70.6762665122,0
41.9352,-70.7133866667,0
42.427925,-71.308075,0
42.67241073,-71.33474086,1
42.041725,-70.1977383333,1
42.861971,-70.9220221944,0
42.1839549998,-71.479642024,0
41.64125,-71.1230861111,0
42.3192974,-72.6212438997,0
42.0667652,-71.3281114,0
42.6036865394,-70.9027316562,1
42.436225,-71.2080466667,0
42.2662262004,-71.1658680405,0
42.1676266548,-71.1905242763,0
41.767938415,-70.48430184,0
41.7202055556,-70.0460861111,0
42.828744,-70.825042,0
42.330556,-72.522453,1
41.2898916667,-70.0400555,0
42.44380333,-71.39482167,0
42.2515133333,-73.1040433333,0
42.575396624,-71.064596613,0
41.832745,-69.9475783333,1
42.5418416667,-71.42538,1
42.0799111667,-70.6509033333,0
42.2097135752,-71.681101991,0
41.620205,-70.260605,0
42.7125434503,-72.3428467279,0
42.486213,-71.121497,0
42.1078338,-71.3665051,0
42.2014330212,-71.4113024017,0
42.2808716667,-71.6374283333,1
41.69551342,-70.0048891,1
42.2890054695,-71.2259417037,0
41.7980656809,-70.5596088991,0
41.2892414,-70.1184741,0
42.324172,-70.986831,1
41.7673410132,-70.0316284665,0
42.3201729686,-71.3031420768,1
42.2653333333,-72.228315,0
42.2488116667,-71.4561783333,0
41.6216472222,-70.5313333333,1
41.9886057143,-70.7033346822,1
42.2845116667,-72.7193083333,0
42.1231111667,-72.7994916667,0
42.3483039722,-71.853994,0
42.39638,-72.5366883333,1
42.7058616667,-71.2145383333,0
42.4764695251,-71.959290436,0
42.6452559792,-71.1156025894,0
42.3267033333,-71.2359466667,0
42.3611718323,-72.6735027205,0
42.6045934384,-72.216340676,1
41.8764388889,-70.5368638889,0
42.3270569887,-72.5276373594,1
42.4339483333,-71.4555766667,0
42.7820004312,-70.8062258538,1
42.86470584,-70.96064668,0
42.6157264709,-71.4174041748,0
42.580405,-70.8202283333,1
42.1272805,-70.7102283333,0
42.2957734904,-71.3039609458,1
42.3655757787,-71.265925735,1
41.4705203846,-70.627213223,0
42.1081776439,-71.3214391415,0
41.6214741867,-70.9154230251,0
42.4087633333,-71.6586833333,1
42.3760216667,-72.2281633333,0
42.0685075833,-70.8079905833,0
42.3007186667,-71.2085871485,1
42.332205,-72.614105,0
41.7428526065,-71.1885273015,0
42.60679167,-72.55003333,0
42.677125,-73.0646483333,0
41.65535,-70.1158666667,0
42.6515666667,-72.2185466667,0
42.4322133333,-71.1250916667,1
42.7273255813,-70.7862639357,1
42.5705736127,-71.202972679,0
42.459635,-72.3802083333,0
42.258502,-72.7484879722,0
42.20157843,-71.72453518,0
42.24177,-72.63004,0
42.6145362893,-71.6374660257,0
41.6141485112,-69.9858080149,0
41.9403126186,-70.0527072658,1
42.376438,-71.235321,1
41.5617284984,-70.5032410174,1
42.2735583333,-73.2733383333,0
42.2905391884,-71.5307476727,0
42.7636533333,-70.9991633333,0
42.55253667,-72.59973,0
42.3240559,-71.446204,0
42.81063,-70.974395,1
42.476093706,-71.586872725,0
42.0984458923,-70.2021408081,0
41.9570283333,-70.6804283333,0
41.8128483401,-70.5750912141,0
42.255435,-72.9465233333,0
42.3246842279,-72.51874499,1
41.7750587463,-70.5615158081,1
42.551349389,-72.5795564158,0
41.7318599722,-70.353431,0
42.3012616667,-70.9350966667,0
42.3504171,-73.1695044,0
42.5795016667,-71.1584283333,0
42.1929563622,-71.4602286712,0
42.46575333,-70.95195,0
42.8040612103,-70.9731750578,1
42.6892751284,-73.0217151039,0
42.2839664435,-71.2159388233,0
42.4529113404,-71.0819550271,1
42.029587662,-70.858417623,0
41.5881972222,-70.4869777778,1
42.0603552042,-71.0762256571,0
42.4528955076,-71.0818531031,1
42.1823297497,-72.6552037309,0
42.4733352661,-70.9151687622,1
42.4210090528,-72.4741686881,0
42.3247483333,-71.621795,0
42.5928132,-72.6902736,0
42.4815,-71.8868333333,0
41.3410339356,-70.8324508667,0
41.7702666667,-70.0488195,0
42.3084446431,-71.7433610626,0
42.0485528333,-71.1895833333,1
42.4069290161,-72.4335098267,0
41.7047361111,-70.1553888889,0
42.3380872015,-71.3946330892,1
41.3105641253,-70.2719406059,0
42.6772433333,-71.990695,0
42.2253044,-71.4207142,0
42.4717972222,-72.5912916667,0
41.9555936494,-70.6649268419,0
42.6027546867,-70.8955004207,1
42.6803133333,-71.3514866667,0
42.6912133333,-72.21878,0
42.3792056358,-71.5724954541,1
42.629117845,-70.8717443672,0
42.2620741,-71.2903538,0
42.131005,-72.464605,0
42.3534366667,-72.5549383333,0
42.1555447894,-71.4468214248,0
42.2997055054,-70.8860702515,0
42.5440623124,-72.8254539391,1
42.4417033333,-71.4289383333,0
42.5004616667,-72.5379416667,0
42.0711962727,-71.158772099,0
42.3939501971,-71.5610878263,0
41.8484839975,-70.7192700683,0
42.2562616667,-71.9610883333,0
42.100330554,-71.6489213706,0
42.1305757721,-71.8786580761,0
42.5182416667,-71.4138583333,0
42.4385921667,-71.1131708611,0
42.1790643258,-73.1634132564,0
42.1253471667,-70.9197783333,0
42.2916673636,-71.6283349646,1
42.7138445214,-73.2029652061,0
42.7041249195,-72.8349320887,0
41.754306832,-69.9317598721,0
41.5624666667,-70.6050866667,1
42.0188233333,-71.2879,0
42.15897783,-72.87127833,0
42.5016896055,-72.3081843742,0
41.540111791,-70.9778430811,0
41.9888839722,-70.972984314,0
41.7520166667,-71.1417805556,0
42.4414919588,-71.1178597508,0
42.3192694444,-71.2226194444,1
42.7557161273,-70.8053585102,1
42.3036833333,-71.0893861111,1
42.1718334482,-71.3167819748,0
41.7729961667,-70.4898140278,0
42.37348448,-72.24280189,1
42.1006359099,-72.0458150796,0
41.6705606054,-70.4798385787,0
42.1699418421,-71.8776056011,1
42.4639461695,-71.545666414,1
42.3698533333,-71.257745,1
41.6862093156,-70.8830906823,0
41.799652,-71.3397369722,0
42.0566683822,-71.7445896473,0
42.3063037643,-71.0926213824,1
42.4180652109,-71.0659231385,0
42.4952914709,-71.5028188418,0
42.268777,-71.217236,1
42.4676883333,-71.0905305,1
42.69675,-72.1122983333,0
41.2895084142,-69.9677190828,0
42.6307033333,-71.523085,0
42.2457472222,-70.9829027778,0
41.8477273343,-70.6765052329,0
42.5800428705,-71.4557047561,1
42.6224782969,-70.6585565954,1
41.3113897112,-69.9978663963,0
42.51880333,-71.12458883,0
42.3651176188,-71.0183313489,0
42.1395084917,-71.0081597119,0
42.0495962695,-71.2686001993,0
42.8012050827,-70.9648289992,1
41.8591681418,-69.9572509923,0
41.5291716667,-71.0296028333,0
42.4006005086,-71.7284762002,0
42.8264916667,-70.8203716667,0
42.1496127487,-71.4896747466,0
41.7060940313,-70.2977892064,0
42.29495,-71.6040366667,0
42.6315613748,-71.5245511902,0
42.2952461243,-72.638168335,0
42.360175,-71.5334388889,0
42.3535103969,-71.6957340197,0
42.4249925466,-72.394261425,0
42.3494545833,-71.4954957615,0
42.4299936128,-71.2332997095,1
42.4720416667,-71.1688916667,1
41.6521350702,-70.9608905805,0
42.34858667,-71.52118,0
42.1931381145,-71.4597094029,0
42.2360722222,-71.1149444444,0
42.2984208521,-71.6255164199,1
42.38895,-71.7797527778,0
42.3738249159,-71.141226954,1
42.4481283333,-73.283395,0
42.48863667,-70.926575,1
42.0995534721,-70.9341917816,1
41.772510731,-70.0751893552,0
42.6058383333,-72.093375,0
41.3197366667,-69.9879833333,0
41.81143,-71.23912,0
42.5018966728,-72.3101366667,0
42.3917616667,-71.0798945,0
42.85716415,-70.9585452444,0
42.2935416667,-71.1281138889,1
42.47686167,-73.23577833,0
41.5870615321,-70.6320748058,1
42.2368517913,-72.8756501778,0
42.1986716667,-71.0974333333,0
42.5676416667,-71.1164638333,0
42.43927,-72.4769033333,0
41.25693,-70.1331111667,0
42.5988366667,-71.4139033333,0
41.608925,-70.3997883333,0
42.0777733951,-71.1488446221,0
42.503137,-72.5230329722,0
42.4164932006,-70.9886091898,0
42.0789554009,-70.1588585577,0
42.68048,-70.833,0
42.413605,-71.788345,0
42.3741094515,-71.1227242821,1
42.1489,-71.788855,0
42.320351,-72.4611029722,0
42.3687400087,-71.0396137472,0
42.0960503303,-72.3312153295,0
42.6067355,-71.6141643,0
42.5468177795,-71.3865585327,0
41.870905,-70.0040972167,1
42.3614727696,-72.8192341419,0
42.4034560716,-71.2147833779,1
42.7613116667,-70.8318416667,0
42.0251317508,-71.852611804,0
42.4596356165,-71.2067699432,0
42.4746513387,-70.9098684169,1
42.2303337819,-72.2394377287,0
42.5607525458,-71.6404610127,0
42.1920816667,-72.880435,0
41.6098513875,-70.5718374252,0
42.2524274735,-71.1135474354,0
42.281625,-71.2500533333,0
42.4236666667,-71.47518,1
42.4704495847,-71.0421206901,0
42.4166603088,-71.0669326782,0
42.0083488137,-70.9656356597,0
41.5734583333,-70.9487,0
42.2455533333,-71.618195,0
42.6395,-71.21262167,0
42.0708333333,-71.7108333333,0
41.7586269722,-70.0897329722,0
42.49240833,-71.09760283,1
42.5233541754,-71.5907291049,0
42.2263793945,-70.9356079102,0
42.03665,-70.727575,0
41.9912633333,-71.2753,0
42.45787911,-71.92183325,0
42.40586507,-72.52948496,0
41.5632092068,-70.6148573756,1
42.3918338889,-72.7385033889,0
42.3645701463,-71.6199018806,1
41.8141536161,-70.5549127869,0
42.32018218,-71.84295741,0
42.1188955054,-71.3897659165,0
42.4298055556,-73.3360833333,0
42.4137883333,-71.68425,0
42.2186610831,-71.9190496579,0
42.597563,-72.622631,0
42.1631055,-70.84735,0
42.3747785037,-71.1447307779,1
42.3275185,-72.5431581,1
42.0194128997,-71.4871555,0
42.404968,-71.171177,0
42.2239394403,-71.4321082262,0
42.33725,-71.3285666667,0
42.062181028,-72.2775061056,0
42.6338735004,-71.5524625864,0
42.0677945904,-71.052444468,0
41.91830112,-71.09195264,0
41.869744272,-71.0918419809,0
42.2884415997,-71.1024524,1
42.2920583333,-71.1295611667,1
42.4523666667,-72.5009616667,0
42.3791620461,-71.5725092004,1
42.4449972222,-70.9392305556,0
42.435895,-73.2105466667,0
42.012499,-70.869492,0
42.2412716667,-73.33528,0
42.3068305556,-71.3628777778,0
42.2517817636,-71.6709795384,1
42.2357648293,-72.2328062855,0
41.6778714,-70.8562023,0
42.712395,-72.1853616667,0
42.7598352763,-70.8037707924,1
42.2110623777,-71.4256540668,0
41.6819416667,-70.659455,0
42.2235072836,-71.2537746532,1
42.5003572,-72.6393597,0
41.8823600452,-69.9984079222,1
41.9754638672,-70.9006729126,0
42.4268033775,-72.9298940208,0
42.4561083333,-71.3686933333,0
41.2737343787,-70.1051656623,0
42.70957167,-71.16071383,0
42.065675,-72.1502666667,0
42.1799659264,-70.9727689997,0
41.373875,-70.026475,0
42.4544180682,-71.1055004323,0
42.63760444,-72.16631473,0
42.6734051036,-72.2088821232,0
42.7060118458,-70.8181292564,0
42.3367666667,-71.7406166667,0
42.08626253,-71.14585098,0
42.8010040308,-70.964834635,1
42.4560366667,-71.253455,1
42.3497632292,-72.6525354669,0
41.4555887642,-70.5592816054,0
42.6458416667,-72.625965,0
41.279180123,-70.1669326394,0
42.416575,-71.29728667,0
42.590463557,-70.8230685931,1
42.5549612735,-71.3534749288,0
42.1122105,-71.199001,0
41.3776782944,-70.5057886209,0
42.3511464025,-72.4827416787,0
42.314821794,-71.8513435943,0
42.4984397888,-71.5859985352,0
42.6157225667,-71.1073089783,0
42.0068333333,-70.8066116667,0
42.4246716667,-71.0067277833,0
42.0334916997,-70.1826482,0
41.6159866667,-70.6435916667,0
42.4707794517,-71.2585971248,0
42.1949883333,-71.552405,0
42.0632666667,-72.5741416667,0
42.3670296457,-71.0556786142,0
42.2453,-71.4592583333,0
42.6511416667,-70.7898466667,1
42.2941091885,-70.8838151166,0
42.3135920828,-71.0106140419,1
42.7555016002,-70.8029010929,1
42.2134212123,-71.6655798355,0
42.3294616667,-71.1044778333,1
42.246461861,-70.8864888226,0
42.0958936355,-71.6193338391,0
42.0684361667,-73.1111528333,0
42.180232239,-70.801885113,1
42.0520333333,-70.22477,1
42.3032148539,-71.3909035921,1
42.514325,-72.4300783333,0
42.7580533333,-70.8031,1
42.2383528629,-70.870013547,1
42.1586244651,-71.6850846186,0
42.4913656151,-71.8800287796,0
42.0249813456,-71.6032379823,0
42.3393209722,-72.6127149722,0
41.9861708945,-70.9271430599,1
42.2254972902,-72.3085786971,0
42.53877409,-71.34136293,0
42.3944911547,-71.2305231807,0
42.4801333541,-71.1034413983,0
42.6832455472,-70.7768199618,1
42.3314223697,-71.4184971311,1
41.7521212642,-70.477097294,0
42.4703366667,-71.1668466667,1
42.4529034242,-71.0819442989,1
42.06251001,-71.1637208901,0
41.9025335442,-70.7585543626,0
42.239375,-71.8019033333,0
41.779517,-70.88432615,0
41.5657293863,-70.5856140429,1
42.25889167,-71.516555,0
42.2968497645,-72.7834620294,0
42.1343,-71.2515,0
41.3458159722,-70.8378089722,0
42.7745133333,-70.8065583333,1
42.2456833333,-71.407815,0
42.0415805064,-70.7126804125,0
42.5995083333,-72.4429633333,0
42.4354166667,-72.706995,0
42.4655757164,-71.2189381197,0
42.6773619752,-70.6376611059,0
42.3658407061,-71.2151181512,0
42.0833138333,-72.52288,0
41.8905833333,-69.9645383333,1
41.2824919628,-70.1082129275,0
42.3537135224,-71.353659403,1
42.5148010254,-71.5024032593,0
42.4322222222,-72.3916666667,0
41.5416370974,-71.0673563781,0
42.6865121454,-73.1573667983,1
42.1109135449,-71.6090935842,0
42.2060805556,-71.0920972222,0
42.2341300546,-71.0435366711,0
42.71982,-70.9858633333,0
42.495971,-70.87926,1
42.2199211111,-72.0462493889,0
42.3337898254,-72.5028381348,0
42.858191678,-70.8617191547,0
42.3060872495,-71.0941523686,1
41.6245216667,-70.6213916667,0
42.5104333333,-70.85382,0
42.488825,-73.1147266667,0
42.2418783333,-70.9434883333,0
42.6360778809,-71.3757324219,0
42.5047686021,-71.1961904378,0
42.44296345,-71.1221268536,0
42.673255,-72.00455555,0
41.7430008199,-70.2234089628,0
41.64375,-70.3766116667,0
42.248599581,-71.6084621377,0
42.2266374446,-71.056697156,0
41.8101722222,-71.3032138889,1
41.9337844849,-70.5674057007,0
42.6176716667,-71.4921883333,0
42.183248,-71.363672,0
42.5006273483,-71.1164866437,1
42.4042133333,-71.666175,1
42.360190922,-72.4311527899,0
42.7014361111,-72.7756583333,0
42.2301768728,-71.5924179521,0
42.2169,-71.5155416667,0
42.6468083333,-70.8691633333,1
42.5464966667,-71.3700116667,0
41.5340803074,-70.964701653,0
42.5181274414,-71.7331390381,0
42.3522044635,-72.4105178976,0
42.2373783333,-71.4911583333,0
42.46307,-71.1603471667,1
42.5219603582,-71.4280126244,0
42.4393666667,-71.3004833333,0
41.9544393204,-70.6637737984,0
42.72412085,-73.26577361,1
42.63293,-71.6568433333,0
42.29385,-71.985405,0
42.33653667,-72.73697,0
41.9758337416,-71.3217357919,0
42.5579619258,-72.3023171992,0
42.4642533333,-71.32824,0
41.4156939127,-70.5625681723,0
42.196241859,-71.4281061941,0
42.2467902722,-71.9564923737,1
41.9862258216,-70.0764075706,0
42.67751494,-72.31685741,0
42.3268651982,-71.105613223,1
42.10065,-73.0332638333,0
42.5945391545,-71.5526763328,1
42.4413904874,-71.8572000135,0
42.3707894343,-71.2566269007,1
42.5770566667,-72.2105016667,0
42.39854918,-71.74503474,0
42.6107741319,-71.2090764136,0
42.53004526,-71.5587305074,1
42.3598216667,-71.5162366667,0
42.42997,-71.1813883333,1
42.327972,-72.54305,1
42.23268,-72.6879283333,0
42.4719866667,-70.99578,0
42.3655482615,-72.2261017375,0
42.2587409807,-72.5685763085,0
42.144879,-71.587209,0
42.1001267457,-71.1412606761,1
41.9415350835,-71.2867590305,0
42.376594712,-72.5072832418,1
42.6662100398,-71.1241281226,0
41.357154,-70.6936149722,0
42.2822454718,-71.5194421601,1
42.5937830453,-71.5535625172,1
42.1205775179,-71.1657792016,0
42.8373750906,-70.8187169232,0
42.4108027778,-71.8982916667,0
42.41955833,-71.00889722,0
42.2369944377,-71.8135933922,0
42.2214566404,-70.9598449432,0
42.5142666667,-72.3070366667,0
42.5085623056,-72.3017945833,0
42.451742,-71.561155,0
42.4703216667,-71.1670533333,1
42.7008802282,-72.322282099,0
42.0620257658,-70.1454033221,0
42.68218841,-72.33041474,0
42.7247111111,-71.1539611111,0
41.3463149127,-70.7206302044,0
41.8653076468,-70.9216785338,0
42.7294383333,-73.0984583333,0
42.2703910889,-72.4747090592,1
42.3737866667,-72.5608883333,0
42.0271460263,-70.8657294139,0
41.7034058727,-70.2604572,1
41.7405338803,-70.0523186848,0
41.5632133484,-70.0046157837,0
42.4903983118,-72.5190155407,0
42.2471819102,-71.3892999664,0
42.511395,-72.4478133333,0
42.2316999128,-71.8131616619,0
42.4048530556,-71.5830961111,0
42.7179166667,-71.1166027778,0
42.0170361667,-70.0801916667,0
42.2938333333,-72.651955,0
42.1697,-71.2754,0
42.2490680125,-73.3390656766,0
42.4302814017,-71.2340134574,1
42.1310695,-73.318655,0
42.330746,-72.54127,1
42.1140855952,-71.4026497073,0
42.4622321629,-70.9731374228,0
42.560025,-71.3768916667,0
42.5823878902,-72.4847500026,1
42.5374789071,-72.4889964425,1
42.3444600442,-72.2350032613,1
41.7088890038,-70.0451225676,1
42.15644167,-72.05366383,0
41.3678786796,-70.6665225573,0
41.6093034111,-70.5352448021,0
41.3915285924,-70.0475812331,0
42.6902925427,-71.1491133333,0
42.361345,-71.1250305,1
42.0880758241,-70.6794421585,1
42.59945,-72.477205,0
42.3734919646,-71.1446082239,1
41.9758375997,-71.0490403,0
42.3602972222,-71.2565305556,1
42.4675220345,-71.4269223065,0
41.7405641968,-70.0884208444,0
42.6487283333,-70.98327,0
41.5762133333,-70.6303166667,1
41.2568056798,-70.1416429932,0
42.4300276699,-71.5617200634,0
42.685938,-70.643098,0
42.1144971206,-70.9779618295,0
42.1817692124,-70.7365357876,0
42.0773678796,-70.6452763858,0
42.3027616667,-72.6735,0
42.3106977589,-71.3713438293,0
42.61120755,-70.6634221833,0
42.436514243,-71.5250534897,1
42.3123283333,-73.13205,0
42.6473799048,-71.3064611592,0
42.420995,-71.7284616667,0
42.74460333,-70.81961167,0
42.3293616667,-72.6477133333,0
42.2067,-71.647995,0
42.1037195778,-71.5749481804,0
42.4250938535,-71.5281798457,1
41.9874416667,-70.9573416667,0
42.6491439628,-72.2097433639,0
41.6948583333,-70.6212,0
42.6935126027,-71.1849635002,0
41.6900884788,-69.9369118078,0
41.2747916667,-70.1407555,0
42.0314403665,-71.4041950631,0
42.5826805556,-71.91945,0
41.70015,-70.40673,1
42.6742533333,-72.6965333333,0
41.7773166667,-70.0139,1
42.470325,-72.931659,0
42.41847,-71.1297833333,1
42.3526737036,-71.6294012591,0
42.3201888343,-71.3030777037,1
42.3937216667,-71.1540361667,1
42.6618416667,-72.1329333333,0
42.1574554222,-72.2896120256,0
42.5946826794,-71.2627666164,0
42.067931702,-70.7192000002,0
42.1079633186,-72.4708755797,0
41.9879458025,-71.3608678803,0
42.627832635,-71.7296712891,1
42.4529707109,-71.0819603928,1
42.4659165894,-71.9133617675,0
42.473275,-71.5818633333,0
42.5018632,-71.25366587,0
41.7979896371,-69.9456067718,1
42.6355720884,-70.6426572209,1
41.7613031897,-70.0965949305,0
42.3728166667,-71.46115,0
42.2949034918,-71.1283689354,1
42.5817533333,-71.1860666667,0
42.438695,-71.3933116667,0
41.852725,-70.84195,0
42.0285259761,-70.6853203308,0
42.00423055,-70.8083716667,0
41.8067257998,-71.2503988143,0
42.0604695997,-71.2695135,0
42.2127989227,-72.4258612603,0
42.6131875328,-71.4911126994,0
41.895668,-70.0082151997,0
42.3195240086,-71.4054725369,1
42.0891421759,-72.648554407,0
42.1509634,-72.1190146997,0
41.2624729722,-70.020244,0
42.5896216667,-71.47248,0
42.25315,-71.1361778333,0
42.302788,-71.102651,1
42.2507216667,-71.3347166667,1
42.2290619183,-71.4205430448,0
42.57782,-72.8858033333,0
41.2851874827,-70.105742994,0
41.9206283333,-71.1313083333,0
41.6346154974,-70.9233787342,0
42.0940863669,-72.1123024651,0
41.6052835677,-70.5898842748,0
42.6872654351,-71.2239086361,0
42.4794499028,-71.3331086384,1
42.1274028333,-71.1161638333,0
42.5527383333,-70.9593666667,0
42.2363165833,-71.0416253333,0
42.5017602528,-72.8149916545,0
42.6602534191,-70.7975862175,0
42.0616560638,-71.0902118683,1
42.5189912,-71.2059774,0
41.3957392817,-70.5144266272,0
42.4620265777,-71.2822312592,0
42.5940727067,-71.5533653664,1
41.600894928,-70.9305877686,0
42.4289430279,-71.2656961197,1
42.6054458043,-72.7332002973,0
41.708062479,-70.0459133549,1
41.8668661944,-69.9960702748,1
42.0692445,-72.9620583333,0
41.3304116667,-70.7847216667,0
42.2258373113,-71.0486553982,0
42.237305,-71.50048,0
42.371965,-71.4645916667,0
41.5542472698,-70.6504521534,1
42.6425865373,-70.6794418561,1
42.082225,-72.0507888333,0
42.1648149722,-71.4541559722,0
42.4582351954,-71.303493863,1
42.3725638889,-71.210625,0
42.398875,-71.39557,0
42.2544493048,-71.3387435833,1
41.6199833333,-70.6354966667,0
42.6652648766,-71.8949090224,0
42.5032883333,-72.4384783333,0
41.7092820927,-69.9336358707,0
42.2755380006,-71.0285285741,0
42.8069633333,-70.9736166667,1
42.3020095246,-71.4630611313,1
42.4963193083,-71.3641961539,1
41.8941666667,-70.7669444444,0
41.8849882478,-69.9976767227,1
42.460224888,-72.8943491084,1
41.70903,-70.7459716667,0
42.1527220042,-72.8146938833,0
42.2648116667,-71.613275,0
42.6503982035,-71.4185221479,0
41.7847328727,-69.9844043982,0
42.605432847,-71.3898806032,0
42.5856166667,-71.101875,0
42.3066741,-71.7961324,0
42.453045,-71.2937783333,1
42.629526122,-70.84302814,1
42.52612,-71.5248633333,0
41.7069816589,-70.7700653076,0
42.6138517154,-70.8909798281,1
42.0299195,-70.8335116667,0
42.2043855,-71.6927737,1
42.387846,-71.1953079722,0
41.8921283333,-70.01158055,0
42.3259315551,-71.5751089228,0
42.58148667,-70.735725,0
42.0407256372,-70.7043643209,0
42.3301866667,-72.6295783333,0
42.4236602933,-71.3435837833,1
42.339175,-71.2552116667,0
42.0575468,-73.3509285,1
42.28027,-71.2399,0
41.5438891274,-70.6495290589,0
42.3145446777,-72.1939163208,0
42.5429611206,-71.0275039673,1
42.4749366667,-71.7969883333,0
42.4530627265,-71.353615797,0
42.454545,-71.3361283333,1
42.0004522081,-70.9999884081,0
42.2761133611,-72.4628748611,0
42.4906311035,-70.8418502808,0
42.1725666667,-71.0535722222,1
42.1703083333,-71.939195,0
42.270725,-71.13591117,0
42.3662081445,-71.0340925837,0
41.7875887604,-69.957270585,1
42.4625553379,-71.6424257493,0
42.4022866667,-71.0895695,1
42.5372969457,-71.2312782592,0
41.7190284729,-70.0324935913,0
42.37359473,-71.62678995,0
42.826225,-70.92685,0
42.56152,-71.51685333,0
42.4766866667,-71.8839416667,0
42.3306653534,-71.0153609666,0
42.4011150779,-70.9786291726,0
42.2697966667,-71.3225866667,0
42.4392410032,-71.1513428669,1
42.2994383333,-71.8065416667,0
42.3948282503,-71.7453482882,0
42.2034181477,-71.4140258075,0
42.4885224167,-71.267006299,0
41.9632065257,-71.3730523251,0
42.5282523009,-73.0651712302,1
41.8111603604,-69.9932829291,1
42.56567474,-71.30240485,0
41.3514533333,-70.5317466667,0
41.95409921,-69.99494055,1
42.2411084153,-72.6404665485,0
42.8505366667,-70.9343033333,0
41.628595383,-71.0661418313,1
42.70588667,-71.14842217,0
42.0613408702,-70.1665937763,1
42.37262246,-71.62583569,0
42.0006861117,-70.0762333333,1
42.4967112932,-70.9728390406,1
42.3342083333,-71.1444555556,0
41.2949295,-70.0404815,0
42.3649847614,-71.2641287798,1
42.2051383333,-71.0233916667,0
42.460642327,-71.2716079876,0
42.5974787786,-71.5737851566,0
41.8031928021,-69.9357915442,1
42.3457067772,-71.1671920752,0
41.784044,-69.9374889722,0
42.0305945,-70.2065283333,1
41.9610999004,-71.1804691677,1
42.0604849271,-71.9084376727,0
41.7831934379,-69.9661670195,1
42.4540467535,-71.3757581208,0
42.2095416667,-70.9598916667,1
42.4532319425,-71.0822339776,1
42.6025483333,-72.1933516667,0
42.3605216667,-72.3999716667,0
42.3067207336,-72.436958313,0
42.1208274589,-70.87856603,0
42.373894448,-72.7033106792,0
41.6285956529,-71.0661412594,1
42.4580327641,-71.898273197,1
41.2888033333,-70.1579138333,0
42.0774694444,-70.7734833333,0
42.1962194444,-71.0397194444,0
42.560405,-72.39861333,0
42.3655,-71.0,0
42.3310546507,-72.640115232,0
42.1351615641,-71.1060609161,1
42.5992861137,-70.8645033568,0
42.6960133333,-71.88704,0
42.0935885459,-71.2405302226,0
42.5237616667,-72.3350583333,0
42.1487674,-71.8707156,0
42.6734025854,-70.8345260211,0
42.244,-70.8976283333,0
42.213255,-71.0932,0
42.5633333333,-70.8030555556,0
41.8006466982,-69.9376495209,1
42.174321684,-71.8157050182,0
42.6569176222,-70.6009533557,1
42.6585083333,-71.3559555556,0
42.2671284446,-71.0643629373,1
42.0925088319,-70.9932493146,0
42.3184383195,-71.2497890555,0
42.6851361111,-70.6426388889,0
42.30964583,-73.34634435,1
42.6383361816,-71.4455184937,0
41.6347308127,-70.3531783819,0
42.123761,-71.2080211,1
42.1438666667,-72.0631333333,0
42.6851083333,-70.8819366667,0
42.257045,-70.92450833,1
42.8224280385,-70.8281123224,0
41.350276947,-70.5102767944,0
42.6487701398,-70.850834631,1
42.5893979833,-71.0514747195,0
42.61113,-70.672845,0
42.256311048,-73.3511801452,0
41.77834856,-70.4906173679,0
42.6245710749,-72.4605152383,1
41.7424073424,-70.1906310815,1
42.72078,-72.5992283333,0
42.5163225112,-70.8586948185,0
42.5240378912,-73.3159471303,0
42.2729162671,-71.7832448305,0
42.2571416667,-71.6971883333,0
42.6482383333,-70.8528583333,1
42.2770387522,-73.3171825658,0
42.1915601672,-71.5136827533,0
42.6473524562,-73.0472744443,0
41.7317197121,-70.0902176276,0
42.5711398758,-71.3744289615,1
42.2124833333,-70.8117533333,0
42.525245,-72.3629383333,0
42.5647697449,-70.9487609863,0
42.61490333,-70.85636167,0
42.0517638889,-70.0760055556,0
41.6742216667,-70.0352861667,0
42.6933450432,-70.8146565721,1
42.4215898818,-72.4219131697,0
42.1930985061,-71.7497504763,0
42.2279966667,-72.704675,0
42.005333,-71.1221419722,0
42.1447010726,-73.4088940253,0
41.9226458742,-70.6612421622,0
42.809769049,-70.9750811115,1
42.2168731774,-71.1881201161,0
42.0757028333,-70.1473778333,0
42.091055083,-73.2672298327,0
42.6066233333,-72.4992566667,0
42.3392116667,-71.5496616667,0
42.4691833333,-71.6323366667,0
42.494513,-71.129964,1
42.8105366667,-70.9725633333,1
41.9370453123,-70.6731520281,1
42.4707566667,-72.2789883333,0
42.4631,-72.1611,0
42.2947119722,-72.418232,0
41.6869993,-71.164128,0
42.2554133333,-71.0776528333,0
42.5037088675,-71.9349653252,0
42.2434894368,-73.0151637924,1
42.1413916667,-72.8409366667,0
41.799655,-71.31413333,0
42.6217900551,-72.7559041947,0
42.4331893087,-73.1168453164,0
41.8764723813,-70.6956911426,1
42.1810333333,-71.5615916667,0
41.6872779722,-70.9084009722,0
42.0550313069,-71.918706895,0
42.1617555,-70.742355,0
42.342963,-71.073298,0
41.8863760897,-70.6518925538,0
42.2986966667,-71.2862333333,1
42.3555966667,-72.548455,0
42.366299,-71.265152,1
42.0894813538,-71.0568389893,0
42.6316879771,-71.2239664437,1
42.35489063,-71.5287806886,0
41.9491366667,-70.6295866667,0
42.158545,-71.2163865001,0
41.8824212219,-69.99517221,1
42.08851667,-72.0284055,0
42.1141242981,-72.4911499023,0
42.239059,-71.262489,0
42.0547923882,-72.2435102628,0
42.3276230479,-71.5760014483,0
42.8104388172,-70.9740098355,1
41.6617327,-70.2879645,0
42.3425229702,-70.8930063861,0
42.2808333333,-72.9069444444,0
42.6033495988,-71.2529418086,1
42.6319683333,-72.1159083333,0
42.2779416667,-72.3512033333,0
42.68026715,-72.33709225,0
42.3656226,-72.5836158,0
41.610145,-70.481155,0
42.4027105388,-71.4607210486,1
41.7065563863,-70.5882371513,0
42.4530854941,-71.0822339778,1
41.94877,-70.6494133333,0
42.2343194683,-71.7084030434,1
42.20981,-71.4485212,0
42.4014638889,-71.1454833333,1
42.6639133333,-71.23932,0
42.40387,-71.666625,1
42.5754115032,-71.994930273,0
42.5758629047,-72.7458183387,0
41.983436,-70.962976,0
42.229595,-71.8228059722,0
42.7320833333,-71.0208277778,1
42.47320333,-73.16217783,0
42.5323282276,-71.0436042958,0
42.6234,-71.4966,0
42.6527225593,-71.167430799,0
42.335975,-72.661025,0
42.4569383333,-72.6804116667,1
42.4126867047,-71.0825122334,0
42.2669722222,-71.701525,0
42.6350729785,-70.9050683575,0
42.5641471729,-71.1794760466,1
42.2727166667,-71.813295,0
42.27327365,-71.08764399,1
42.4571023743,-71.1475405895,1
41.777425664,-70.0001634657,0
42.3677716667,-71.5357133333,0
42.3387202994,-71.070847325,0
41.8434566553,-69.9482377464,1
41.6363972222,-70.5563055556,1
41.4766729722,-70.6152469722,0
42.3275616667,-71.627875,0
42.1228612618,-71.2089121685,1
41.72005265,-70.4629996848,0
42.1534427886,-70.7867658511,0
41.4574704943,-70.5706582363,0
42.0075414711,-70.6021031167,0
42.8476102464,-70.9269541875,0
42.0633024322,-71.3160919926,0
42.109312726,-73.26820054,0
42.601822,-71.988628,0
41.9961466667,-71.3006583333,0
42.4951274605,-71.5511371383,1
42.47463,-70.899195,1
42.5076591317,-71.3274908856,1
41.6539912302,-70.5725218573,0
42.2659216667,-72.6673583333,1
41.9962166667,-71.1228416667,0
42.3811831328,-71.2605345465,0
42.6470533333,-72.2393633333,0
42.4145383333,-72.21695,0
42.0093078613,-70.0582809448,1
41.6055034372,-70.437084585,0
42.1744616667,-73.2015666667,0
42.3698308511,-71.144016795,1
42.3201754685,-71.3030842326,1
42.365743,-71.263771,1
42.65239469,-71.37397041,0
42.549399,-72.468309,0
42.275337841,-71.4258256933,0
42.319355,-72.7172149722,0
42.4707946777,-72.4120788574,0
42.1652090376,-70.7186565512,0
42.61429574,-72.48633371,1
42.297405,-72.2998216667,0
42.5546875,-71.6686248779,0
42.1798954069,-70.8013315871,1
42.3661351889,-71.255973796,1
41.5775094,-70.5279111,1
42.0739055,-72.579225,0
42.5265217036,-71.5397407964,0
41.987625,-71.1416861667,0
42.10056,-72.32926,0
42.1115333333,-71.795775,0
42.3083120611,-71.6366976316,0
42.6079139709,-70.9223022461,0
41.3073116667,-69.9800716667,0
42.2955266667,-71.6284516667,1
41.80822833,-71.114175,0
41.9929213683,-71.2959250622,0
42.6019966667,-70.9968716667,0
42.1096094741,-72.5771045893,0
41.545096159,-70.0126683553,0
42.4649015645,-71.5453326202,1
42.0873805556,-70.6809277778,1
41.7778380174,-70.6413207808,1
42.3128883333,-71.2102966667,0
41.9682003085,-71.339302037,0
42.5900298661,-71.4747836421,0
42.6432333333,-71.350175,0
41.350646615,-70.8336961271,0
41.3542333333,-70.7332,0
42.3998053433,-72.148385719,0
42.26258,-70.8771366667,1
41.7513410795,-70.1653616466,0
42.4493318212,-71.2376812971,1
42.0615426263,-71.6761845165,0
42.6828816667,-72.1117016667,0
42.3794431233,-71.5723065872,1
41.7376711127,-71.1588947763,0
42.2946388889,-71.1251611111,1
42.7487222222,-70.9406055556,0
42.5067501294,-72.7120495223,0
42.20463613,-71.28173188,0
42.6453474202,-71.31981257,0
42.2356333333,-71.8381366667,0
42.0465482818,-71.4598833863,0
42.4870505291,-72.0163267574,1
42.1998851609,-71.2214907535,1
41.2870777778,-70.1019722222,0
41.7156638786,-70.233668787,0
42.3697950873,-71.1434262658,1
42.1763762087,-70.8820858598,0
41.3293033333,-69.9953466667,0
42.5382802809,-71.7372521272,0
42.0831333333,-73.3845883333,0
42.2620582149,-71.4236247865,0
42.0941400575,-71.6273718328,0
42.4872722222,-71.6312138889,0
42.2384057652,-71.8066051439,0
41.579445,-70.9701083333,0
42.3883533333,-71.2198783333,0
42.15251117,-71.93496667,0
42.2439116667,-72.269325,0
42.5458483467,-71.2741271252,0
42.527725,-71.0591583333,1
42.4807616667,-71.41568,0
42.286645,-72.6243966667,0
41.4378567451,-70.6067468795,0
42.4683416667,-71.5023783333,0
42.38337833,-71.39602833,1
42.3268645384,-72.538363214,1
42.6168136597,-72.0866546631,0
41.9218000397,-70.0314255339,0
42.5133497548,-71.4777784143,0
42.5812083333,-71.3484777778,0
41.7710574624,-70.7578544878,0
42.8105133333,-70.974395,1
42.6060429722,-72.56183,0
42.4349901562,-71.4832339436,0
42.3244194,-72.5396917,1
42.7251666667,-70.85547,1
42.1308361667,-71.3697133333,1
42.1621932983,-71.5363235474,0
42.4007419719,-71.3463946378,1
42.6953157462,-71.1042826345,0
42.4813638569,-71.0874498636,1
42.0458831997,-70.1103863997,1
42.1019638333,-72.545805,0
42.2012416667,-70.85437,0
42.7329111111,-71.058275,0
42.4058767409,-71.4785539918,0
42.2521933333,-72.3400466667,0
41.6134252414,-70.9140031412,0
42.1000068664,-70.9322623753,1
42.3014065634,-72.7126000822,0
42.4472747105,-71.1506419476,1
42.5788523493,-71.4872321952,0
42.3104249656,-71.4916283665,0
42.27872167,-71.12875283,0
42.1877255884,-71.4092812497,1
41.991175,-71.1562944444,1
42.5118833333,-72.2821116667,1
42.4125527927,-71.5097721799,1
42.5892,-72.718505,0
42.051399451,-71.9276068675,0
42.6890003958,-70.6201282813,0
41.9090884783,-70.5660467193,0
42.7001315706,-70.8748174086,0
42.378818757,-72.522034262,0
42.227619,-71.205486,0
41.68625851,-70.20592503,0
42.0998583333,-71.1414361111,1
41.8293527851,-70.6374070426,0
42.23605941,-71.16697877,0
42.1738884496,-72.1041951316,0
41.5155183415,-70.6554295537,1
42.2400075034,-72.0839408103,1
42.34608833,-72.68569167,0
42.1070061261,-71.016737481,0
42.4242833333,-72.18902,0
41.6652216667,-70.0881721667,0
42.0622918664,-70.1917546366,1
42.5795361111,-70.7154111111,0
42.3329388889,-71.1932916667,0
42.093883,-71.620529,0
42.4976418786,-71.9040865268,0
42.4802666667,-71.885475,0
42.2933615709,-71.1332251132,1
42.4373966903,-70.9374082001,0
42.175308,-72.9819439722,0
42.2337879809,-73.2017414844,0
41.568875,-70.6085133333,1
42.6500633333,-72.62076,0
42.47941,-73.178915,0
42.3908416667,-71.3848416667,0
42.3299252564,-72.5333744287,1
42.4994666667,-72.4183166667,0
42.2160964553,-71.6293671448,0
42.413079523,-71.7893390905,0
42.3121533875,-71.8339524738,0
42.3039569511,-71.3565342433,0
42.2801296274,-72.1074222029,0
42.0790237235,-71.1804235177,1
42.1255105022,-72.0753282095,0
41.4369641673,-70.6309670523,0
42.6678606519,-71.1817309042,0
42.2072914997,-70.8705183,0
41.90495,-71.0898445,0
42.2409178668,-71.023736881,0
42.33298,-72.6258916667,0
42.4063309852,-71.2360607925,0
42.4527184372,-71.0819750396,1
41.6024972222,-70.5898444444,0
42.27075732,-72.4744394717,1
42.2646366667,-71.1447305,0
42.1802018686,-70.8020210266,1
42.4599349682,-71.6763784115,0
42.6091466667,-71.3220133333,0
42.7157466667,-72.1248483333,0
42.0757471667,-72.0609445,0
41.9325916667,-70.0424416667,1
42.4184837341,-71.242401123,1
42.0295622868,-71.2248782068,0
42.549068858,-71.1654553749,0
42.4235797053,-71.3428919941,1
42.1084278333,-72.582145,0
42.0874489701,-70.6783452641,1
42.324555,-71.1322861667,0
42.2738366667,-72.6596916667,0
42.34393333,-71.86889667,0
41.500525365,-71.0398758575,0
41.2694083333,-70.1099611667,0
42.3712440698,-70.9825021415,0
42.6656083333,-70.87777,0
42.3677116667,-71.0989221667,0
41.5880468244,-70.4532300583,0
42.11499148,-73.18832891,0
42.5674283333,-73.1512138333,0
42.1202353125,-72.5304449538,0
42.8377633683,-70.9017426707,0
42.6539827199,-73.0919671962,0
42.3043516924,-71.0892901495,1
42.56986926,-72.7377678,0
42.4303820706,-71.2344962487,1
42.6022540382,-72.6019449463,0
42.3812888949,-71.635360074,0
42.6585755042,-72.107204179,0
42.5042266846,-72.9015884399,0
42.3451281743,-72.4919767882,0
42.0698507264,-71.1024123374,0
41.5043666381,-71.0901210613,0
42.2946583333,-71.0258333333,1
42.289995,-71.0251166667,1
41.4952419186,-71.0378370442,0
42.4550214506,-71.2369385759,1
42.471572876,-71.3369216919,1
42.6831039124,-70.7653512798,1
42.37817833,-71.39128,1
42.3172033333,-71.0451278333,1
42.3201174391,-71.3031635346,1
42.1596914833,-71.0071828452,0
42.6441116667,-72.731025,0
42.4831866667,-72.76264,0
41.7885595945,-69.9335383719,0
42.4494633422,-71.0620278333,0
42.7420780203,-71.0715746228,0
42.3966666667,-72.505,0
41.4466385869,-70.6373224393,1
42.64685813,-72.11235269,0
42.514736489,-72.5281008705,0
42.1126146699,-71.4233912376,0
42.4711383333,-70.8860166667,0
42.5019116667,-72.3495783333,0
42.3792216667,-71.1484083333,1
42.6160083333,-71.17363,0
42.2777938761,-71.1971159694,0
42.6662788391,-72.20728302,0
42.3710229434,-71.1046759319,0
42.0336914063,-72.5684509277,0
42.4624833333,-71.2658,0
42.6548835826,-71.2814479337,0
42.60102502,-73.06891818,0
42.7456777778,-70.9797666667,0
42.340549661,-71.6563431848,0
41.9275582,-71.1401417,1
42.3932083333,-71.1259,0
42.1293893394,-72.4077841043,0
42.3405982508,-71.1483094751,0
42.6587713537,-70.963590878,0
41.73153,-70.7738633333,0
42.3760222,-71.1967948,0
42.3602991647,-72.1612758829,0
41.2884255214,-70.2484714987,0
41.424,-70.6193333333,0
42.2195894727,-70.7472170144,0
41.9268494675,-70.647059724,0
42.0918777778,-70.6441472222,0
42.3202443643,-71.3030991613,1
42.1602917556,-71.8042763416,0
42.32555,-71.56172167,1
42.4809419718,-71.4526491972,0
42.4543738398,-71.6825907015,0
42.23892,-71.871109,0
42.5025027778,-71.7963944444,0
42.344443657,-71.1980727065,1
42.50564,-72.2520333333,0
41.3583323282,-70.533318231,0
41.7323333333,-71.2232883333,0
42.6676279944,-72.005347386,0
42.3986966667,-71.0012361117,1
41.6937532367,-71.1447959693,0
42.44109198,-72.20990942,0
42.37942375,-70.97539821,0
42.2268392869,-70.973100662,0
42.2214000439,-72.1790089772,0
41.9136283333,-70.6705066667,0
42.421305,-72.5133833333,0
41.2493317114,-70.0847791653,0
42.86232734,-70.9490349,0
41.6370562725,-70.5096098408,0
42.2644333333,-71.0167694444,0
42.3081846801,-71.1991484463,1
42.5703217054,-71.1011590798,0
41.7974871322,-69.9459639987,1
42.0722055,-70.9330533333,0
42.495203,-71.551122,1
42.6013361111,-71.4166111111,0
42.09930699,-72.678449,0
42.4495783333,-71.4040416667,0
42.0573433056,-71.3568416667,0
42.2577833333,-71.0044027778,0
42.44346153,-73.22569113,0
42.23047167,-71.49407167,0
41.3190364698,-70.7649480925,0
42.20525,-71.1355138333,0
42.807126213,-70.9732985888,1
42.5564388889,-72.5776444444,0
42.8490916667,-70.9561166667,0
42.330375,-70.93017,0
42.4155883333,-71.4929883333,0
42.103482129,-72.7216784746,0
42.564249372,-70.805062247,0
42.0752833333,-71.3135083333,0
42.0236945,-70.188505,1
41.4303223614,-70.7010763139,0
42.347375,-71.0738971667,0
41.7551748874,-70.7215206978,0
42.3442067793,-72.5970068239,0
42.3765506,-71.444106,0
42.3657,-71.2645583333,1
41.6971528225,-71.1457445913,0
42.6601723804,-71.4384610145,0
42.3276996573,-72.68254783,0
42.2622109722,-71.5132761043,0
42.6549895062,-71.1225471861,0
42.369755,-71.0185916667,0
42.0376969444,-70.7916483333,0
42.2254407544,-71.1210729945,0
42.2301975,-70.9962458,1
41.7493472222,-70.1797555556,0
42.8120157381,-70.8591589113,0
42.3989268033,-71.5781345982,0
42.7121811,-71.0825653,1
42.47538999,-72.30919297,0
42.1366721667,-70.83757,0
42.1885755658,-72.8151303437,0
42.30656788,-73.1387431,0
42.5717078612,-71.2267404886,0
42.1877416667,-70.7516777778,1
42.3045136968,-71.1006584018,1
42.2091949673,-73.3720157314,0
42.5752116667,-70.7721166667,0
42.5278274916,-71.470633281,0
42.26100333,-71.42020333,0
42.7507265099,-70.9538077936,0
42.6622528625,-70.9538373507,0
42.5932184618,-71.4813323144,0
42.3896612626,-71.8378024944,0
41.6678771973,-70.1596984863,0
42.4281682715,-71.4174740666,1
42.3964799929,-71.2761885714,1
42.3704033333,-71.4103616667,0
42.0335666111,-72.1718138333,0
41.3508728073,-70.6409522109,0
42.2375966667,-71.4608533333,0
42.6484634257,-70.6119334325,1
42.3193300822,-71.4151772994,1
42.2048523,-70.716057,0
42.48926172,-72.74478991,0
42.1145555,-72.03598883,0
42.08599273,-71.609904461,0
41.2881634008,-70.2477365895,0
42.37455,-71.51808,0
42.350944519,-72.4344940186,0
42.18556348,-71.01341619,0
42.4936146441,-72.192956188,0
41.8635803585,-70.9938717085,0
42.3757858342,-72.0338865091,0
41.56333,-70.6148216667,1
42.3658255776,-71.2633873059,1
42.4665716667,-71.471245,0
41.79908333,-70.0375055,0
42.506605,-70.994745,0
42.4135844478,-71.3987101614,0
42.2252527163,-73.3410891506,0
42.592125,-71.3492966667,0
42.7031466667,-73.2129366667,0
42.1239310472,-73.1886531344,0
42.27653849,-72.34163911,0
42.4329357051,-71.6805140434,0
42.2974133333,-72.7221533333,0
41.5462383333,-70.58877,0
42.0989685059,-71.1649551392,0
42.58961593,-72.59230858,0
42.670508433,-72.5378421675,0
42.4843351717,-73.1628543511,0
42.78643,-71.09204167,0
42.64977,-72.2148816667,0
42.5526060828,-70.8891534829,0
42.5228940342,-71.3985997986,0
42.4903851422,-71.0307093245,0
41.6283123102,-70.3647091985,0
42.1331417119,-73.1687547936,0
41.5323033333,-71.01002,0
42.519845,-71.444805,0
42.6744466667,-72.179425,0
42.551925662,-70.8502190374,0
42.0069472167,-72.80233,0
42.4465329,-73.2187258,0
42.3186393005,-72.6392576471,0
42.1282384977,-70.9258424083,0
42.7112283333,-72.492895,0
41.9530487061,-70.6861572266,0
42.5244986402,-71.2719125589,1
42.4639666667,-72.2299416667,0
42.0133184972,-71.1597233844,0
42.48237167,-71.974655,0
41.7065244428,-70.2996062685,0
42.7134902944,-72.4583062933,0
42.8434633333,-70.903275,0
41.7450133333,-70.6063166667,1
42.7586633333,-70.8042833333,1
42.448290815,-72.3724175397,0
42.1655654907,-72.7663269043,0
42.4598233333,-71.48774,0
41.6818084223,-70.8571812138,0
42.5857783333,-71.2986833333,0
41.9124533333,-69.9811383333,0
41.9096038513,-70.0146217809,1
41.6620548745,-70.4903921282,0
42.3600965878,-72.9510840588,0
42.52358833,-71.40538,0
42.7575765588,-70.9170809113,1
42.5023453922,-71.210170997,0
42.6472222222,-71.0019444444,0
42.0074666667,-70.8412333333,0
42.3127366704,-71.2346283333,0
42.3560576988,-71.4187939589,0
42.1738954767,-73.0332634225,0
42.0486812955,-71.5500846608,0
42.2042121887,-71.8228988647,0
42.453047284,-71.5225446504,0
42.5358390073,-73.0918453887,1
41.7554988899,-70.7645339426,0
42.6412278979,-70.7619792223,1
42.2884682069,-72.7239500731,0
42.0571278333,-73.1268916667,0
42.10982803,-71.04513677,0
42.0879745483,-73.1815032959,0
42.370755,-71.1443721667,1
41.274,-70.2055,0
42.7485894897,-70.7850837708,1
42.4517128386,-71.5432805085,0
42.6742686847,-72.4763418969,0
42.2062737669,-72.5682897966,0
41.9997990172,-70.0573409094,0
42.3381362111,-71.1185801682,0
42.4305630143,-71.3937998067,0
42.404295,-71.6662966667,1
41.988608917,-70.7025811319,1
42.6993368768,-73.161949041,0
42.333705,-71.4630966667,1
42.1737066341,-73.1907473132,0
42.6753477397,-72.3208833845,0
41.56671,-70.64083,0
42.4529784169,-71.0821974253,1
42.27069667,-72.61628667,0
42.0754746486,-72.4041997456,0
42.088024987,-71.995831293,0
42.1879789722,-71.7560419722,0
42.1005361667,-72.59295,0
42.3792400356,-71.5724889774,1
42.5371533333,-72.271205,0
42.4094712362,-72.0273247362,0
41.7894056544,-70.6401101843,0
42.3916066667,-72.3446016667,0
42.3252568301,-70.9407223017,0
42.7594025759,-71.0131126922,0
42.4562612598,-71.0049404349,1
42.3657383333,-71.2646033333,1
42.6237752207,-70.6286523119,1
42.6164034483,-72.700076331,0
41.7468127872,-70.4185145428,0
42.5928827978,-71.4654059989,0
42.4769111111,-70.9119666667,1
42.0755637029,-71.6690682798,0
42.5600484841,-70.9950578213,0
42.4442073631,-72.1464398155,0
42.1160031623,-71.6025121138,0
42.4059116667,-71.2434283333,0
42.5029905545,-71.4626659231,1
42.1470438619,-71.4823431149,0
42.0366544685,-71.0289637596,0
42.664013405,-70.8508330189,0
41.7528472997,-69.9743073,0
42.2178883333,-71.0597445,0
41.350501841,-70.4602265172,0
41.7997966667,-69.9515216667,1
42.3239,-72.5356,1
42.387419,-71.133514,0
42.15959912,-72.6287104,0
42.4224647338,-71.214511904,1
42.7412127912,-70.7988117154,1
42.38280833,-70.97988833,0
41.5592986558,-69.9937432632,0
42.3609972222,-72.4912972222,0
42.1490333333,-73.1372527778,0
42.2053255333,-71.2341847892,0
42.6504420412,-71.3109993216,0
42.3260416667,-72.5427944444,1
42.8043533333,-70.9631366667,1
42.1931826896,-71.2113076615,0
41.6639246241,-70.1118233761,0
41.7135861111,-70.8135555556,0
42.6152688,-71.3873803,0
42.0243721667,-70.1896366667,1
42.2561098616,-71.3403969258,1
42.3226049167,-71.1266721111,0
41.8811204463,-70.6559659168,0
42.480736,-71.175948,0
41.5200416667,-71.0095972222,0
42.5259466667,-71.3068383333,1
42.5457883333,-71.0436778333,0
42.161604094,-71.1911557691,0
42.5561992,-71.7399284,0
42.0257805,-71.8318866667,0
41.2446060997,-70.0753444,0
42.244235,-72.64785,0
42.2913712633,-71.3471247067,0
42.1084666667,-70.7472216667,0
42.4631883997,-71.8581791997,0
42.2667111111,-71.0966333333,0
42.5976366667,-71.4141,0
42.4770634268,-71.6498062187,1
42.1532386355,-71.1757414789,0
42.4856616667,-72.424745,0
42.72557,-70.6508416667,0
42.2781325192,-72.7154091823,0
42.6084472222,-71.0961611111,0
42.5681926851,-72.535558059,1
42.5295889771,-72.2923105595,1
42.5352972222,-71.1060555556,0
41.9728383333,-70.64537,1
42.6566994017,-70.5980013889,1
42.6691613757,-70.9340200146,0
42.5641259404,-71.1794229696,1
42.5052559795,-70.9172608518,0
42.3336334229,-73.0819549561,0
42.2655548475,-71.0242885877,0
41.4484356997,-70.6532181997,0
42.79069522,-70.99836176,0
42.16974519,-72.6299248,0
42.2599323011,-72.4199632555,1
41.748445,-69.9650283333,0
41.936875,-70.031975,1
41.6314133333,-71.0527195,0
42.3115527778,-71.4745305556,0
42.0702166667,-73.0670972222,0
42.4444616667,-71.57733,0
41.9865111111,-70.0122027778,1
42.08191667,-70.19291667,0
42.3419397728,-70.8965151725,0
42.4982852345,-70.8541418958,0
42.225005,-71.6021583333,0
42.2805771944,-72.3669646944,0
42.3701551206,-72.5214697724,0
41.7211629722,-70.3969369722,0
42.4121712669,-71.3665042073,0
42.588455,-70.85813,0
42.0760628125,-72.6258799657,0
42.5152364723,-71.1736419503,0
42.4484675184,-71.544783346,0
42.1748187525,-70.7301617881,0
42.0590194641,-71.6275675502,0
42.3201967672,-71.3031420767,1
41.5434083333,-70.6165616667,0
42.3942257074,-71.1713036853,0
42.6138872,-71.1072238997,0
42.010737791,-70.8767904525,0
41.65391667,-70.21080833,1
42.4014897596,-71.5561418819,0
41.6939769988,-70.0042075664,1
42.37833982,-71.93818387,0
42.2871808196,-71.8630919886,0
42.20737,-73.3829116667,0
42.64261667,-71.28048667,0
42.2664261944,-71.7866427222,0
42.2699664021,-72.4158166442,0
41.5856450035,-70.9356884323,1
42.236924188,-71.2406452373,0
42.6932110748,-73.1080055237,0
42.2868240638,-73.3436754566,0
42.5792139488,-72.5012462404,0
42.0185984543,-71.2158807944,0
42.5311456112,-71.9992670799,1
42.809545,-70.878145,0
41.5315737495,-71.0054097366,0
42.1389151166,-71.5666922442,1
42.6677673168,-70.8114029501,1
41.9985716667,-70.0735333333,1
42.2440601872,-71.2354476771,0
42.6341642154,-70.7920232024,0
42.6292415383,-70.7722791534,0
41.3214116907,-69.9923212212,0
42.094358,-71.155863,0
41.766145,-70.0291055,0
42.3696199618,-71.1455961889,1
42.2465016599,-71.5307092362,0
42.47455333,-70.91338333,1
42.8010147006,-70.9648182181,1
42.6150303288,-71.0664251168,0
42.2910437254,-71.0785108951,0
42.2799987778,-71.1699981667,0
42.3666833333,-71.50325,1
42.6566819675,-70.6010178437,1
41.2706554332,-70.2022062316,0
42.5340212478,-72.5644497746,0
42.4514716667,-71.0865166667,1
42.1259083333,-71.8000416667,0
41.6731942154,-70.3588095849,0
42.6480986977,-71.9619291276,0
42.368933444,-71.1416837946,1
41.970405,-70.0701528333,0
42.0504519856,-71.2396728527,0
42.4307552778,-71.3182869444,0
42.6538388889,-71.6127694444,0
42.6637356734,-71.0574860798,1
42.4046583333,-71.4413916667,0
42.5811583333,-70.6640222222,1
42.5232670696,-71.0869342109,0
42.4529850283,-71.0820676799,1
42.279675,-72.5317383333,0
42.3812268332,-73.3030247287,0
42.41868,-71.0554022,0
41.7224943686,-70.7594300799,0
42.3368866111,-71.3407636667,0
42.451943287,-71.6690484199,1
41.3401,-70.74938333,0
41.8563418524,-70.6769987885,0
42.2932277778,-71.1315,1
42.3971283528,-71.1520528333,1
41.89022417,-71.05588073,0
42.3554665099,-71.4403039914,0
42.0532898005,-70.1052333611,1
42.5265959997,-70.8694737997,1
42.322186,-70.987306,1
41.774476067,-70.0531032969,0
42.5941613492,-71.5533183325,1
42.5690583333,-71.8770916667,0
42.3126503551,-71.1184053531,1
42.715605,-70.99285,0
41.7422866667,-70.6729666667,0
42.0908203125,-71.4122695923,0
41.5495176044,-70.0128909641,0
42.604996728,-72.192137582,0
42.1193091233,-72.2124206183,0
42.4526857317,-71.0816009755,1
42.520795,-72.40387,0
41.6306015337,-70.9512919654,0
41.9174755222,-71.3721505925,0
42.6727519526,-71.5141581738,0
42.40055,-71.580475,0
42.5206633333,-71.0834971667,0
42.6595777778,-71.3380416667,0
42.3588751583,-72.1423304826,0
41.7624086776,-70.1087699396,0
42.2123083333,-73.176505,0
42.3154199695,-71.3674727911,0
42.4851413041,-71.9367755959,0
42.1817995934,-70.9384293482,0
41.985198392,-70.0773457592,0
41.3002872959,-70.007477706,0
42.23732,-71.2196583333,0
42.4767183141,-70.986635685,0
42.3281822205,-73.2896499634,0
42.6867229106,-73.1174421491,0
42.38224,-71.19478,0
41.563297,-70.614982,1
42.4899916667,-71.4182483333,0
42.0839822119,-71.0446244883,1
42.0178424,-70.7120147,0
41.2919616667,-70.1704866667,0
41.5509866667,-70.6074133333,1
42.5178944444,-71.3296,0
42.5192679389,-70.9015700948,1
41.2849807739,-70.2359466553,0
42.061893,-71.15552874,0
42.4646216667,-72.3808666667,0
42.1544003,-70.7429419,0
42.3783461944,-72.5218782778,0
41.4671685899,-70.602557777,0
42.2865572786,-71.0497607352,1
42.4014566796,-71.8467400206,0
42.171749015,-71.2121445107,0
42.1818666667,-70.8997633333,0
42.37912005,-71.5724424468,1
42.4378700028,-72.5172716667,0
42.6031477636,-71.2527763149,1
42.6246277778,-71.1622694444,0
41.991213,-70.861985,0
41.6722890024,-70.0216126141,1
42.40476,-72.2557039722,0
42.221825169,-71.1345763672,1
42.5029916667,-70.8933033333,1
42.1552583333,-71.437425,0
42.62578,-71.55788,0
41.34697,-70.7497866667,0
41.9263181209,-71.2912056814,0
42.25535597,-72.66095055,0
42.6551783333,-73.2037666667,0
41.52861333,-70.670105,1
42.4157366667,-71.64964,0
42.5829349678,-71.9599136042,0
42.276695,-71.0092611167,1
42.2808833614,-71.1196652055,0
42.77988217,-70.9460144065,0
42.72007872,-72.38814113,0
42.2693618471,-71.7475589365,0
41.8824213,-69.995172,1
42.3121600917,-71.4339992568,1
42.1857588767,-70.9480853006,0
42.6529366667,-72.5471333333,0
41.8041777778,-71.3287527778,0
42.5562558172,-73.1627354191,0
42.6931833333,-70.8164583333,1
42.5619216667,-71.8435916667,0
42.0624121039,-71.551619087,0
41.6821883333,-69.9801166667,0
42.1374166667,-71.9696366667,0
42.1602314176,-71.5539482917,0
42.2625482496,-71.976339134,0
42.0773106307,-70.7833240883,0
42.24718,-70.9852,0
41.6100056034,-70.5478186974,1
42.4841466667,-71.5738666667,0
42.86693833,-70.93508,0
42.3724632263,-72.6112365723,0
42.1257858276,-73.4292526245,0
42.3202126328,-71.3031635344,1
42.6094887391,-71.5752313736,0
42.3294089817,-71.5618160187,1
42.2565796143,-72.1568700671,0
42.4975388889,-73.3240194444,0
42.3205258744,-72.8259725869,0
42.1221555,-73.22493,0
42.661809358,-71.1467418077,0
42.2949981689,-71.1411132813,1
41.6049295494,-70.9589344976,0
42.1921216667,-71.4796,0
42.6417752635,-70.7470732649,0
42.4794350477,-71.9221866522,1
42.4611666667,-71.4503966667,0
42.212489,-71.344338,1
42.6030098465,-70.8971786499,1
42.1301305,-70.1632916667,0
42.3791588976,-71.5725201949,1
42.3633783,-71.7262656997,0
42.3925310354,-71.2307128252,0
42.4792033333,-70.9730133333,0
42.18492,-72.0723566667,0
42.4926049125,-72.1852496151,0
42.4528383333,-72.9759916667,0
42.6755166667,-73.25373,0
41.4361133333,-70.6118166667,0
41.9927263162,-71.3118662048,0
42.2739736274,-71.6315025838,1
42.3033203656,-73.3828815202,1
42.5380363464,-72.5374984741,0
41.8206966667,-70.9229883333,0
42.32363,-71.0832259722,1
42.460256,-71.61539,0
41.50348333,-71.10811667,1
42.7088687818,-70.8032891516,0
42.4671936035,-71.4919052124,0
42.0872176451,-70.732609105,0
42.210357666,-71.4744033813,0
42.5960345474,-71.5301972442,0
42.0740888333,-72.5632783333,0
42.1144833333,-71.173195,0
42.50338,-71.62652,1
42.5525983333,-72.209115,0
42.320782,-73.1424149722,0
42.3579363889,-73.1973813889,0
42.3039361111,-71.088775,1
42.3552640854,-71.53487443,0
42.7422881149,-71.067041944,0
42.086718375,-71.0632194076,0
42.4132428002,-71.5091322038,1
42.3764499702,-71.50494177,0
42.3105899191,-71.9310029142,0
42.7462882996,-71.020362854,0
42.2311633085,-73.3672311733,0
42.63761745,-72.37462088,0
42.6027819722,-71.1082729722,0
42.2759274471,-71.4817162822,0
42.4281497414,-71.0518030373,0
42.3992483333,-72.4272616667,0
42.5924972383,-70.6445269651,0
42.5830687416,-71.4315541461,0
42.7084616667,-71.1620471667,0
42.36038908,-73.21200142,0
42.4613876343,-72.7919464111,0
42.6388466667,-72.491675,0
41.9738283474,-71.2962151744,0
41.8197363419,-69.9614651749,1
42.2786093333,-72.3841473056,0
41.3859116849,-70.0445763128,0
41.7184278,-71.1242722,0
42.4991433333,-71.4874533333,1
42.5796366667,-71.4827333333,0
42.3058583333,-71.1039888333,1
42.128525,-71.7967383333,0
42.5872573853,-72.5997009277,0
42.3011666667,-71.105125,1
42.2163373552,-71.7154423323,0
41.7138197965,-70.2810272071,0
42.52713,-72.3368916667,0
42.61494167,-71.11043617,0
42.4667133333,-71.4520233333,0
42.334051,-71.648071,0
42.41938,-72.7440866667,0
42.4132638994,-71.5103279703,1
42.3663048485,-71.2651533411,1
42.2997207642,-71.174446106,0
42.2433318919,-71.2619808689,0
42.3718633333,-72.527795,0
42.4602314758,-72.8943149946,1
41.6272487255,-70.3783998827,0
42.1308361667,-71.346275,0
42.8012467124,-70.9648040685,1
41.7227236975,-70.7299814803,0
41.996805,-70.9257133333,0
42.7477260757,-70.7987094093,1
42.2901086299,-71.8397441134,0
42.8173163093,-70.8711206908,0
42.3121442169,-71.43387051,1
42.3583192428,-71.5962263494,0
41.9856033333,-71.0708083333,0
42.3817416667,-72.5948116667,0
42.4868477336,-71.5841719946,0
41.3929120857,-70.6520936602,1
42.0747861667,-70.2376166667,1
42.4756094469,-71.9193417204,1
42.1498218997,-71.3241069,0
42.6014656303,-70.9004018923,1
42.4672944707,-71.307151158,1
41.9854512446,-70.6974381032,1
42.4877325996,-70.9339997907,1
42.5212147886,-71.0347728196,1
42.7386585183,-70.916677309,1
42.0873051993,-71.397251509,0
42.0706509054,-71.2142587547,0
42.6644980582,-70.9513605294,0
42.39398,-71.3138116667,0
42.0652666667,-73.2955033333,0
42.6187048475,-72.4018421613,0
42.2446295554,-71.1257757275,0
41.7339574379,-70.2366340103,0
42.577667067,-71.9679749431,0
42.0730555,-70.65912,1
42.3833576897,-71.167231977,0
42.48937903,-71.02611272,0
42.36169655,-73.15934481,0
42.2299180041,-72.6430611034,0
42.28810754,-71.19648166,0
41.6951647533,-70.7289017279,0
42.1544502,-71.2159324,0
42.04261117,-71.94811167,0
42.5469749529,-70.9033199182,0
42.1754463,-72.6526215,0
42.542930603,-71.0275115967,1
42.5653482,-71.9637062997,0
41.619422,-71.000286,1
42.01742217,-71.29959167,0
42.0876393369,-70.6761393664,1
42.6104216667,-72.4650366667,0
42.3845722668,-71.0114072818,0
41.7090180475,-70.324559872,0
42.7898376842,-70.8071708614,1
42.2115837906,-72.604273647,0
42.8109887501,-70.8771262373,0
42.2987116667,-71.611215,0
41.7752283333,-69.97822,1
42.476925,-70.91192,1
41.7040866667,-70.21208,0
42.7907716667,-70.8097,1
42.2735416667,-72.7743133333,0
42.2492133333,-71.3399583333,1
42.0284721667,-70.62513,1
42.1546535414,-72.673732936,0
42.36775,-71.2556444444,1
42.202936,-71.276151,0
42.1074861667,-72.7641616667,0
42.25403667,-70.84768667,0
42.0781958755,-70.7224175614,0
41.9887334231,-70.7036507444,1
42.241825,-71.13745,0
41.8889506606,-70.9895284474,1
42.5251347745,-71.8358346376,0
42.4085687103,-71.2519540252,0
42.501008953,-71.5401747265,0
42.707470284,-73.0889023305,0
41.6486166667,-70.3008033333,0
42.0624447288,-71.557957437,0
42.0692583333,-72.4019027778,0
41.9411888889,-70.6247166667,0
42.5153833333,-71.3067916667,0
42.6147521074,-72.6218482914,0
41.571224434,-71.0016936294,0
42.3600379,-71.43790451,0
41.7032311498,-70.7643948706,0
42.079063,-72.548612,1
42.65045,-73.233125,0
42.4942004411,-71.890971885,0
42.3124138889,-72.8609333333,0
42.1978,-73.1642083333,0
41.6893966667,-70.2949366667,0
42.6481388889,-71.6120138889,0
42.7174743022,-72.5530646719,0
42.5522880554,-71.4766769409,0
42.2756481171,-71.2904391066,0
42.056201,-71.708848,0
42.06654,-70.638885,0
42.298993,-72.6338719722,0
42.29322,-71.0225528333,1
42.3661833333,-72.423905,0
42.3497666667,-71.1407695,1
42.09868617,-71.18596667,0
42.4812916667,-71.4338416667,0
41.5227666667,-71.0198666667,0
42.6708816353,-71.5062732888,0
42.7041,-70.9720638889,0
42.4556533333,-71.1040416667,0
42.3130894023,-71.6662491282,0
42.3607533333,-72.4244533333,0
41.6218227883,-70.3702509262,0
42.23102,-70.8769533333,1
42.415055,-72.74456667,0
41.5912807268,-70.645268513,0
42.4604391586,-71.4336555731,0
42.1473770142,-71.0626525879,0
42.4525128966,-71.4026082238,0
42.290472,-70.970182,0
42.3124298316,-71.4341923704,1
41.348581,-70.495202,0
42.72563,-73.1736966667,0
42.8047783333,-70.8588866667,0
42.7095083333,-73.2046366667,0
42.1768733461,-70.9536941504,0
42.40157,-70.9892116667,0
42.3815583333,-71.6061583333,0
42.00283055,-71.29917167,0
42.4405419071,-71.5153137536,1
42.3684716667,-71.2583,1
42.1039331379,-71.786363544,0
42.34165168,-73.22738464,0
41.9493635289,-70.7000458923,0
41.3478781252,-70.7081982236,0
42.054534424,-72.5970829422,0
42.3572340841,-71.0748450738,0
42.6494134993,-71.3092003156,0
42.2072840388,-70.7757445879,1
42.1001064108,-72.5744091047,0
42.2639204051,-70.8629325898,1
42.0644382659,-70.1117290688,1
42.270541,-71.027135,0
41.33848,-70.75624167,0
42.6416285,-71.3435486997,0
42.637225,-71.28571333,0
42.50154906,-71.88154256,0
41.265175,-70.0600138333,0
42.35699273,-73.04695987,0
42.4140498103,-71.510922861,1
42.1133377778,-71.1457655556,0
42.19138,-71.434433,0
42.2136702758,-70.8609892697,0
42.4383837997,-71.5482530997,1
42.099469,-71.913761,0
42.061411213,-70.1517989052,0
42.6450957139,-72.4971518666,0
42.1433806531,-70.7352571835,0
42.707145,-70.991395,0
42.054892,-71.1548,0
42.48227,-71.0296778333,0
41.70512292,-70.09723891,0
42.0770219405,-70.9128195445,0
41.7056383333,-70.3796216667,0
42.0930014302,-70.6467521936,0
42.5069235354,-71.5295579724,1
42.4915567195,-71.0385798577,0
42.4039188126,-71.7895080132,0
42.5506149419,-70.8538359125,0
42.7754383333,-71.0127333333,0
42.2693516711,-70.9255042073,0
42.5676635,-71.1989097997,0
42.2667421,-71.81749293,0
42.50435333,-70.90815833,0
41.6668690312,-69.95611757,1
42.174523,-71.275291,0
41.379472887,-70.6283155565,0
42.2355834,-73.25646839,0
42.4121394904,-72.0236635696,0
42.1622161865,-71.3600921631,0
41.7502533333,-70.619475,0
42.298923,-71.332995,1
42.629555,-72.1467133333,0
42.6345172,-72.7885925,0
41.7833069605,-69.9661770539,1
42.6671786667,-71.5184734722,0
42.3580998549,-71.4259031591,0
41.6391133333,-70.9662466667,1
42.660841434,-71.5101196911,0
42.0983371062,-70.9333111985,1
42.2955430491,-72.3025336794,0
42.0873933,-70.7672056,0
42.2666780975,-71.4213794948,0
42.8586216728,-71.012375,0
42.3964522042,-71.395711375,0
42.6444740295,-71.3492584229,0
42.1993672209,-71.1931795249,1
41.9957338293,-70.0295970743,1
42.4254855203,-71.4334701578,1
42.5231227554,-71.1950765724,0
41.5336385552,-70.6541722271,1
42.8493375711,-70.861729025,0
42.0738946603,-71.6172545404,0
42.487525,-71.2454,1
42.351627,-71.104598,0
42.0083440781,-70.9658888839,0
42.53931,-70.62429,0
42.0580002247,-71.1270767358,1
42.451315,-72.385655,0
42.3201834014,-71.3031164191,1
41.2883398379,-70.0051543862,0
41.8142849,-71.24552484,0
42.106,-70.116,0
41.782619,-71.314508,0
41.7742205927,-70.5178073474,1
42.1879073986,-71.0549075883,0
42.5744543618,-70.9665590152,0
41.57140833,-71.02307783,0
42.5019333333,-72.2801666667,1
42.0878465751,-73.1374669242,0
42.0807694444,-70.2213527778,1
41.3860409722,-70.536984,0
42.6237628856,-72.461236082,1
42.084118,-71.044721,1
41.2249,-70.8076,0
41.5479601492,-70.5739888927,0
42.4000972222,-71.19175,1
41.7407254978,-71.1993648282,0
42.8474219,-70.9096117997,0
42.38295,-71.2457966667,0
41.6468978666,-70.4500690516,0
41.81281116,-71.1093387936,0
42.1236833333,-72.7950666667,0
41.9359166667,-70.0346833333,1
42.1332519792,-71.1882328639,0
42.2574466667,-71.1330111667,0
42.13793,-71.4401636,0
42.4701883333,-71.1667633333,1
41.8751016294,-70.0028622018,1
42.5996664915,-71.4656125724,0
41.402469098,-70.5188423333,0
42.3309333333,-71.0306083333,1
42.3098366667,-71.7154083333,1
41.5250227134,-71.0194676948,0
42.5702051239,-71.4566259553,0
42.37652,-73.2858366667,0
42.487641956,-71.896646028,0
41.2971539554,-70.2509299556,0
42.042602584,-70.6392181618,1
42.6963633333,-72.2697233333,0
42.4466633333,-72.490845,1
42.693862915,-71.0005493164,1
42.7008383333,-71.2037283333,0
42.1092555,-71.99788667,0
42.79784722,-71.04925979,0
42.355861757,-70.9676016402,0
42.6138083333,-71.3673083333,0
42.3791866297,-71.5723768644,1
41.8476341667,-71.1119177778,0
42.2301572,-72.47521098,0
42.6540616667,-71.2007616667,0
42.3514416667,-72.709945,0
42.2511209041,-70.8597135544,1
42.2404866667,-71.0057916667,0
42.0738555556,-73.2236777778,0
41.68473,-70.1693033333,0
42.2473523357,-72.4417397806,0
42.1564528333,-70.8806533333,0
42.7331783333,-73.0811166667,0
42.7045116661,-71.0255805,0
42.3993638889,-72.5959861111,0
41.9363345,-70.6329549997,0
42.1507416667,-72.0633695,0
42.3923888889,-71.2518555556,0
42.592705,-72.5959866667,0
41.9092979899,-71.2928805873,0
42.404980132,-71.3305335663,1
42.6057014635,-71.7546749813,0
41.8922222222,-70.7241666667,0
42.4486140861,-71.435132206,0
42.7200309971,-73.2097484171,0
41.3124149355,-70.7675209719,0
42.2827544089,-72.5205338663,0
41.72812,-70.514345,0
42.3721115315,-71.5260074707,0
42.7475807393,-71.0482985876,0
42.2423966667,-71.2084583333,0
41.26373754,-70.0973782782,0
42.2385566667,-72.2860816667,0
42.3035929722,-72.65873,0
42.55497,-71.3362116667,0
42.673405928,-70.5739585588,0
42.3518866667,-71.1854866667,1
41.3010835229,-70.0154203736,0
41.6564893997,-69.9630317,1
42.6071004015,-70.6612622738,0
42.5881276466,-71.8081055303,0
41.9426472222,-70.8749527778,0
42.2981133333,-71.1222695,1
42.6946972222,-72.4913722222,0
42.4661084684,-72.3991377466,1
42.6383133333,-71.1422055,0
42.368597514,-71.2603039016,1
42.5094716667,-72.7042416667,0
42.1273998428,-71.5306453407,0
42.4407533333,-71.33963,0
41.663737542,-70.0794877763,0
42.4051211911,-71.3310630415,1
42.4374363707,-72.0774605358,0
42.657132595,-70.8130081438,1
42.3023564,-71.246018,0
42.1639449722,-71.2013299722,0
42.6595752783,-70.6004683214,1
42.1947966667,-73.4538416667,0
42.4903866667,-70.926925,1
42.373196,-73.240452,0
42.296876,-71.333628,1
42.3716370017,-71.0306633916,0
41.6705366667,-69.95582,1
42.3748166667,-71.1615611667,0
42.3061089217,-71.0931119413,1
41.75245126,-70.02553509,0
42.2390774215,-71.2298989193,0
42.5216261354,-72.2804910161,0
42.209709,-71.089911,0
42.2139837966,-71.4836014901,0
42.2006116667,-70.996345,1
42.1450934162,-70.6956898766,1
42.3654138889,-71.0530083333,0
42.1306563,-70.9161551,0
42.6830251904,-70.775802233,1
42.4331283333,-71.7613216667,0
42.6857133333,-71.0719833333,0
42.1039434989,-71.1779060685,0
41.9884935559,-70.7031874089,1
41.8190222222,-70.7975277778,0
42.351787733,-71.3377894834,0
42.3283883333,-71.618805,0
42.344541,-73.1332,0
42.0614283207,-71.6780840519,0
41.412555,-70.6456216667,0
42.65442833,-71.02722217,0
42.4743366667,-71.4175416667,0
41.2696075439,-70.1278839111,0
42.6922059545,-70.7956404213,0
42.4708264747,-71.1640773574,1
42.1770633333,-70.7422633333,0
42.2976883428,-71.9766166667,0
42.4200566667,-72.8876833333,0
42.1346115633,-72.5779684543,0
42.2021163365,-71.4262776276,0
42.1430321871,-71.4016192146,0
41.8824883333,-69.994505,1
42.2572978081,-71.1900631,1
41.6639895769,-71.1511945885,0
42.3447116667,-71.0908805,1
42.355212,-71.153022,0
41.6463512809,-70.6241146667,0
42.4210720836,-72.2258271464,0
42.6398658752,-71.2965927124,0
42.6388666667,-70.988395,0
42.5443635731,-70.9180919285,0
41.63230896,-70.9541091919,0
42.4293515448,-71.0827167705,1
42.3951166215,-71.3591388807,1
42.1248555556,-72.6229138889,0
42.3760176368,-71.5003624622,0
42.081325531,-70.6899185181,0
42.6023984157,-71.6173744498,0
42.5777976509,-71.4245365273,0
42.3414616667,-72.3840166667,0
42.34953667,-72.69473333,0
41.874125,-71.32178,0
42.6777677052,-71.2928483205,0
42.3717372513,-71.1437849211,1
42.471685645,-71.1656416208,1
41.279561,-70.1810925,0
41.808434,-71.3369972,0
42.013361698,-71.2059131599,1
42.68243333,-71.45735833,0
42.62282703,-72.22024915,0
42.2737844571,-71.6323201527,1
42.0851471667,-70.9306416667,0
42.4601979498,-72.8943409859,1
42.2729859757,-73.196878408,0
42.533063593,-71.5227622844,0
42.40871,-71.4483,0
42.2196289722,-70.8783269722,0
42.4796029722,-72.026694,1
41.973934437,-70.8047033644,0
42.5113204541,-72.2997428757,0
42.6189707686,-71.7129121721,0
42.6514399296,-70.6936121409,0
42.4962894924,-71.3641464159,1
42.06653,-70.1194833333,1
41.3494529724,-70.6137084961,0
42.4395866667,-71.3744133333,0
42.5319845055,-71.5338077811,0
41.3334027778,-70.3010194444,0
42.4933462329,-71.3806532763,1
42.2240669534,-70.7510295053,0
42.0864482545,-71.178690793,1
42.3581162666,-71.3691505176,0
42.333295,-71.6269633333,0
41.7435707199,-70.408433001,0
41.9620366667,-71.3475716667,0
41.6561012268,-70.1334838867,0
41.9641761695,-71.2950326251,0
42.8082583333,-70.9745166667,1
42.2043616667,-72.607445,0
42.4595067,-71.03457665,0
42.64374369,-72.32500583,0
42.30906108,-72.37345741,1
41.8734633333,-70.98873,0
42.7060616667,-73.1197583333,0
42.36862167,-72.08867783,0
42.435897,-72.860446,0
42.3819833333,-72.5482783333,1
42.69153568,-72.39992971,0
42.4666569165,-71.1642170618,1
41.3578503152,-70.7223964907,0
42.2905346621,-71.02439997,1
42.680487,-72.982392,0
42.663500486,-71.4458421898,0
42.05882196,-70.09328452,0
42.6193861111,-71.5879055556,0
42.1431202974,-70.782187875,0
42.4809955119,-71.1189449787,0
41.60825,-70.4062583333,0
41.7992339543,-69.9574239762,1
42.7232933044,-72.4767456055,0
42.1785916667,-71.1701083333,1
42.66166506,-72.31403046,0
42.3791430782,-71.5724387925,1
42.40068,-71.6802216667,0
42.6892798489,-73.0237365567,0
42.45361,-71.4563466667,0
41.8021986322,-70.5720780516,0
42.2048614268,-70.7389666761,0
42.3807249566,-72.5225355878,0
41.7891982884,-69.9924125893,0
42.7314027283,-73.2139421401,1
42.307861,-71.395679,1
42.2179735406,-71.4446732496,0
42.1798840891,-70.8016379865,1
42.1264190674,-71.6377334595,0
42.13135283,-71.442855,0
42.6333116667,-72.1376516667,0
41.6384433711,-70.3176378069,0
42.1952133333,-70.7248466667,0
42.5939962951,-71.5534874187,1
42.130025,-71.24327833,0
42.0999486506,-70.9323843403,1
41.7599033333,-70.0754305,0
42.626475,-72.2443083333,0
42.3383278271,-71.9941222416,0
42.1055391518,-72.2224291899,0
41.8836748713,-69.9927392654,1
42.25088,-71.8251283333,0
42.3501479,-71.27551297,0
42.4011616667,-72.4267583333,0
42.4603166667,-71.92575,0
42.1681687899,-71.6492789396,0
42.0775950655,-70.2310646648,1
42.4466287734,-71.6797465233,0
42.4954888889,-71.6045888889,0
42.1265002587,-71.1865185684,0
42.5086044312,-72.4209386305,0
42.0839501685,-72.6614214421,0
42.2642348883,-70.82451955,0
41.3398235152,-70.7253158557,0
42.5780214162,-71.5112202027,0
42.208417,-73.371149,0
42.2673124,-71.5350693,1
42.0729055,-70.949845,1
42.3795472222,-73.3851694444,0
42.4782266887,-71.4482606203,0
42.2029101944,-71.4375850833,0
41.3892620231,-70.0500984361,0
41.7959583333,-71.0249778333,0
41.3840833333,-70.5029916667,0
42.2203834,-72.7480692997,0
42.4789897825,-72.7322862282,0
42.5148583333,-71.3179283333,0
42.3329365144,-71.2433507702,0
42.0511178021,-70.2016631608,0
42.0560251824,-71.3479915544,0
42.3699180795,-71.1414014921,1
42.3640298531,-71.0496354103,0
42.6793055556,-72.6533,1
41.744866072,-69.9295792371,0
42.1118658481,-73.3515134803,0
42.4069438825,-71.5345530663,0
41.532494177,-70.6482143328,1
42.254325,-71.5685138889,0
42.1987016667,-71.0989383333,0
42.5455169895,-71.779880089,0
42.4660233286,-71.1602776891,1
42.8126666667,-70.9585333333,1
42.0855891695,-71.2557424699,1
42.5812944444,-70.6643611111,1
42.5008333333,-72.5616666667,0
42.68369175,-70.5331118833,0
42.288823,-71.8982029722,0
42.298645,-71.2858716667,1
42.1464945,-71.5367883333,1
42.2501411438,-71.1223831177,0
42.2488123579,-71.248454509,0
42.5292092063,-71.4349840618,0
41.70488,-69.997025,1
42.1031581243,-72.1583068224,0
42.0520361111,-73.2246472222,0
42.3850768901,-72.3224640027,0
42.8133401169,-70.8669434707,0
42.2766714376,-73.0357682751,1
42.3279767771,-71.3982598856,1
42.4569666667,-73.2274166667,0
42.6413682676,-72.0881555329,0
42.614925,-72.5305333333,0
42.3310894,-73.1126765,0
42.361968119,-73.1971014151,0
41.6058166667,-70.6343466667,1
42.2093444008,-71.6089762375,0
42.1146583333,-72.7919616667,0
42.6164633333,-72.7581866667,0
42.2758977757,-71.2906251544,0
42.0944138333,-70.9119333333,0
41.3234595861,-70.8128204494,0
41.6356783333,-70.629805,0
42.1507570086,-71.9831563411,0
42.54885,-70.87354167,0
42.19611143,-70.93345118,0
42.077082,-71.151621,0
42.628911,-71.5620056,0
41.7632611111,-70.1060416667,0
42.8106228896,-70.9736672515,1
42.3807544447,-71.0677460873,1
42.4386216667,-70.9709916667,0
42.3322173792,-71.4988931778,0
42.2065223242,-70.8867714705,1
42.425625,-71.5681388889,0
42.2845156937,-72.7738296875,0
41.7046466667,-70.2759783333,1
42.3444348264,-71.5915184256,0
42.42792833,-70.923295,0
42.1942216667,-72.2859933333,0
42.292305599,-71.0691552703,0
41.8192033323,-69.9639597209,1
42.4795810617,-73.2844974924,0
42.231895,-71.212425,0
41.7369722222,-70.4842444444,0
42.24847641,-70.91245857,0
42.5611115,-71.1098122,0
41.7952746,-70.3683425,0
42.299559343,-71.258017075,1
41.7240064664,-71.206785684,0
42.0978061105,-71.6471359729,0
42.48180838,-71.08726753,1
42.23053981,-71.16664838,0
42.767036438,-71.0341720581,0
42.6375083333,-71.5523083333,0
42.3203166667,-71.3171833333,1
42.365138253,-72.5448017574,1
42.314195,-71.0429916667,1
42.6401858917,-72.2821552092,0
42.0660471091,-70.2374257216,1
42.1563198594,-71.0348008247,0
42.4275418986,-71.5654554841,0
42.5440583601,-72.8254968545,1
41.6898315284,-70.151264526,0
41.38105,-70.4782866667,0
41.73253946,-70.9280984636,0
41.6648,-69.9511416667,1
42.3477396248,-71.5873467555,0
42.1689825897,-71.1640664684,0
41.83515,-70.8682916667,0
42.267125842,-71.0640312117,1
42.3363566667,-73.1355216667,0
42.8096336716,-70.9753234208,1
41.5862032514,-70.9352052589,1
42.4418868291,-71.4491378343,0
42.4627799988,-72.7942657471,0
41.2854252543,-70.0971714264,0
41.2556055556,-70.8318916667,0
42.2135383333,-73.34295,0
42.55019667,-71.46555333,0
42.4022139835,-71.3699809851,0
42.119846344,-72.4934616089,0
42.5029053897,-72.5597621608,0
42.4018368731,-71.2498043944,0
42.1731465635,-70.8494229242,0
41.6812558069,-70.0360875183,0
42.4898021695,-71.0027050214,0
42.361966,-71.02499,0
42.3409582997,-72.2708254,0
42.6314283333,-70.7921133333,0
41.2676244997,-70.0719803,0
42.0127972167,-71.7994533333,0
41.3983375778,-70.5390584841,0
42.3644166667,-71.1075138333,0
42.2556533006,-71.5627715187,0
42.3702616667,-71.257505,1
41.6535724191,-70.1463361291,0
41.7084337756,-70.1699680772,0
42.0533805556,-71.3587166667,0
42.18394,-71.863592,0
42.5722360833,-72.7709985,0
42.2980445223,-72.2378437827,1
42.4647984095,-71.1607111612,1
42.52668,-70.8691812,1
42.0325,-71.21505,0
42.3708716667,-71.1443945,1
42.40187,-71.3753966667,0
42.2752303062,-71.0582153142,1
42.0791941,-70.2142992997,1
42.2351133333,-71.7879716667,0
42.6568953133,-70.7804072994,1
41.8268332175,-70.9588744864,0
42.6587562877,-71.3182236832,0
42.2444259611,-72.5791407649,0
42.1273861111,-71.2166972222,1
41.3050333333,-70.0226138333,0
42.1618128897,-70.7332420349,0
42.3043416667,-71.1551221667,0
42.444811718,-71.0852930926,1
42.0850660187,-71.627024822,0
42.6904737857,-72.9232550506,0
42.109161377,-72.6439208984,0
42.4213821722,-72.4803350861,0
42.2894366667,-71.2541116667,0
41.415503169,-70.5642069532,0
42.191292566,-71.0188942793,0
42.12605,-72.7847283333,0
42.3201333045,-71.3031957209,1
42.1411372747,-72.1141159907,0
42.101158821,-71.6244803979,0
41.8768278908,-71.3179449472,0
42.1903333333,-70.7260966667,0
42.7210966667,-71.0260778333,1
42.506855,-71.0751195,0
42.1326861667,-71.54535,1
42.5878545837,-73.1394643959,0
41.8510704085,-70.6078832441,1
42.0245663445,-71.3319958601,0
42.1762300283,-71.1457735766,0
42.20896386,-71.0958744,0
42.0431120928,-71.1858492543,1
42.3983033333,-71.556525,0
42.5440702169,-72.825529041,1
42.3662168627,-71.2632140341,1
42.068226,-73.059995,0
41.4136359722,-70.5831479722,0
42.2516597297,-71.3334876296,1
41.9286000997,-71.2646447,0
41.9234353587,-70.6087041128,0
42.4647113481,-71.6082693629,0
42.08185283,-71.15042217,0
41.916817,-70.0712319722,1
42.4945915111,-71.2124483488,0
42.3878003472,-71.2951839102,0
42.4703607221,-71.1663307001,1
42.2646121718,-72.6961325315,0
42.30903667,-71.32586667,1
42.3528783333,-71.0710055,0
41.52618,-71.0135722167,0
41.7443095101,-70.7272612118,0
42.0554222146,-71.7917903682,0
42.1847819722,-71.7708959722,0
42.3056781292,-71.8403957226,0
42.2538643177,-71.3308134672,1
42.2318749156,-71.2264777719,0
41.9734206745,-70.0217083097,0
42.564160907,-71.1795028196,1
42.1848159722,-71.7709109722,0
42.2026017011,-71.0958700996,0
42.18579092,-70.94325336,0
42.0386285462,-70.7542618364,0
42.3398677423,-71.5384904851,0
42.4350666667,-71.8740216667,0
42.8256772918,-70.8941218599,0
42.7888433333,-70.9093966667,0
42.6399305979,-71.6585578769,0
42.389175,-72.5197616667,0
41.5493629722,-70.949584,0
42.624309,-73.134375,0
42.1118929,-72.0913829997,0
42.2948854775,-73.375725791,0
41.9141851191,-69.9700968047,0
42.5336380005,-71.3249435425,0
42.70932,-73.0630111667,0
42.2921276604,-71.1306383458,1
42.670495,-70.62483333,0
41.382008,-70.667466,0
42.0686695,-73.3101366667,0
41.6288870859,-70.803731502,0
42.2256017003,-70.7591629028,0
42.2566616728,-72.57528,0
41.721642667,-70.1639716516,0
42.5170210304,-73.0592386344,0
41.9060149959,-70.7823421072,0
42.4134869804,-71.0473506275,0
41.6262454167,-70.8066824265,0
41.6718533333,-70.3090583333,0
42.3793839191,-70.9843004074,0
42.4299160382,-71.2347114834,1
42.1676,-71.2449,1
42.17357,-71.815575,0
42.4257694444,-71.0712194444,0
42.0251195,-70.8871,0
41.448203991,-70.6208752498,0
42.2245916667,-71.074075,1
42.3137572913,-73.0023815698,0
41.6146286809,-70.576431714,0
42.3303606876,-71.419044712,1
42.1962738037,-73.2558517456,0
42.2334553348,-71.2361309119,0
42.2926334601,-71.0241956252,1
41.7538986206,-70.1164627075,0
42.5707362778,-72.518242,0
42.650891308,-70.7988651334,1
42.0951271057,-71.5790863037,0
42.4253416667,-72.4885466667,0
42.08732,-72.125633,0
42.39927,-71.148125,1
42.3681410447,-72.4254553516,0
42.467395,-71.2521666667,0
41.8825384184,-70.0035985305,1
42.65183,-70.8389116667,0
42.6580924988,-71.2886886597,0
42.5499216667,-71.4604333333,0
42.79238,-70.87104167,1
42.244025,-71.85762,0
42.3654636042,-71.2302277051,0
42.3081096365,-71.7029821013,1
42.4384922541,-72.0506410838,0
42.1262639571,-70.7704080641,0
42.202595,-71.44953,0
42.3869247186,-70.9722664991,0
42.64274607,-70.72239348,0
42.48533,-71.4315216667,0
42.301045,-71.1057138333,1
41.902230994,-71.3088091018,0
42.1171111667,-71.1692283333,0
42.39899667,-71.31527833,0
42.2650181625,-71.0108422882,0
42.4756883333,-73.1632471667,0
42.435295,-71.448,0
41.52903,-70.6780783333,1
42.5129661966,-71.2919521164,1
42.4874638889,-71.4423472222,0
42.184777,-71.252157,0
42.4357,-72.072875,0
42.41702,-71.47397,1
42.1961166667,-71.2059333333,0
41.6976513993,-70.2391682376,0
41.9221916667,-70.0080111167,0
42.625878,-72.457581,1
42.518905,-72.4508883333,0
41.6380346788,-70.6400583806,0
42.6835546056,-71.4112509076,0
42.1245471667,-71.1670533333,0
42.6248016667,-72.9080666667,0
42.0708319548,-71.6241502483,0
42.298605,-71.5210883333,1
42.05775,-71.0769,0
42.2800799722,-71.1827059722,1
42.2030555556,-72.6291666667,0
42.4508838309,-71.5076248628,1
41.5467948914,-70.9366073608,0
42.3747242884,-71.2183544598,0
42.2226179896,-72.6084145739,0
42.3741747517,-72.2737757923,0
42.5573843446,-71.9754387261,0
42.1095447752,-72.3141763273,0
42.5523821968,-71.7908055742,1
42.2020268484,-70.7317329524,0
42.5249,-70.9520694444,0
42.6326116667,-72.1277116667,0
41.6114966667,-70.2654033333,0
41.7266856605,-70.0388053513,0
42.6069037597,-71.4880169289,0
42.369676123,-71.2233225885,0
42.3519850017,-71.3992500643,1
41.9009098972,-69.9949463559,1
41.39235,-70.5058666667,0
42.1764292281,-72.0704108571,0
42.63146136,-73.16557014,0
42.5018206146,-71.4488751814,0
41.274945,-70.09005,0
42.2421269967,-71.5775918775,0
42.2898666667,-72.7852383333,0
42.2766403086,-72.5815368342,1
41.3036194444,-69.9769888889,0
42.8540866662,-70.9098618234,0
42.3439266746,-71.0216393385,0
41.9447416667,-70.70247,0
42.4649883333,-72.5567783333,0
41.8449971764,-70.5357995575,0
42.2244718981,-70.9369796032,0
42.3524497287,-71.2165947045,0
42.207955,-70.7181166667,0
42.3136253357,-72.6737823486,0
42.3656200058,-72.5290355302,0
42.24853,-70.9364166667,0
42.6037302044,-72.5341247767,0
42.1507571067,-71.1452546773,0
42.4736033333,-71.210245,0
42.8074583333,-70.9735716667,1
42.4224249039,-71.5516918343,1
42.4052305556,-71.6845361111,0
42.170498,-72.659497,0
41.824999565,-70.6481934783,0
41.9356176,-70.6373588,0
42.7835166667,-70.8984616667,0
41.8150754879,-70.6737461966,0
42.7418242729,-70.794699424,1
42.2932616667,-71.8302216667,0
41.8718569898,-70.9442413598,0
42.1204291708,-70.8787078014,0
42.031925,-71.25093833,0
42.0933028333,-71.0441583333,0
42.343577976,-71.4385065636,0
42.2977433333,-71.610145,0
42.1635778333,-71.1400611667,1
42.3202126328,-71.3031313479,1
42.4992811894,-70.9578329852,0
42.6234377972,-71.0624877185,0
42.4210464869,-71.5869966861,0
42.6436138586,-70.6277193647,1
42.6030863647,-70.9030964366,1
41.83072167,-71.32621667,0
41.74672833,-70.43531667,0
42.6960360324,-72.3210395032,0
42.695835,-72.1173816667,0
42.3297,-72.6263883333,0
42.3806266667,-72.3312733333,0
42.6431966591,-70.6282653227,1
42.3203917851,-71.3033301907,1
42.0433195,-70.101425,1
42.0058528113,-71.3597896867,0
42.6381116667,-71.0023277833,1
42.261133579,-72.6498989574,0
41.5524913345,-70.6398278088,1
42.4412616306,-71.0669326349,1
42.0988666667,-72.5914,0
41.9900147338,-71.3704809175,0
42.6481555556,-70.631225,1
42.4633550028,-70.851555,0
42.4089042358,-71.0719268925,0
42.4654367241,-71.2083456773,0
42.5054968226,-71.1712093227,0
42.1205933265,-71.210913293,1
42.3826992698,-71.2545830012,0
42.4946422401,-71.3670500243,1
41.544334,-69.989847,0
42.2478083333,-71.5712166667,0
42.2815583333,-71.1293805,0
42.3771279929,-71.4561255008,0
42.0836111667,-71.198055,0
42.60311,-72.4414066667,0
42.809405,-70.8685216667,0
42.2291716667,-71.1046221667,1
42.2708235398,-70.8833136761,0
42.4067485464,-71.1340561213,0
41.7748626744,-71.3097275824,0
42.2679027308,-71.3247215552,0
42.5731977084,-71.0805534999,0
42.365482501,-71.2657809594,1
42.8105658915,-70.9736952087,1
42.725260949,-73.1948366404,0
42.42963,-72.025575,0
42.2006151188,-72.5598518473,0
42.2603529046,-71.2571376004,0
42.1187966667,-71.1833833333,0
42.61798,-71.07251117,0
42.5738959294,-71.0282267724,0
42.547690961,-71.7708205522,0
42.3701466667,-71.2577666667,1
42.4365117151,-72.5226983129,0
42.2755050659,-72.4037322998,0
42.1342611667,-71.1419055,0
42.0542555,-70.11116117,1
42.702225,-71.1649861667,0
42.4955940237,-71.3621094369,1
42.14086117,-70.87901333,0
42.63963,-71.12664717,0
42.51069947,-73.05563726,0
42.7790746845,-71.0685256215,0
42.6755089997,-72.4004300997,0
42.3058609805,-72.6925264858,0
41.76609227,-70.05936039,0
42.4343636004,-72.2239217976,0
41.7397154009,-70.3794086912,0
41.5142434784,-71.0154055239,0
42.3387908936,-72.926322937,0
42.71545456,-72.3856753,0
42.459122194,-71.395866517,0
42.1506695,-73.2551116667,0
42.6502732,-72.3231597,0
42.5516166621,-71.3947952188,0
42.2978216667,-71.1183388333,1
42.6236247325,-72.4612065777,1
42.0246734424,-71.2141015102,0
41.615077538,-70.4810356184,0
42.4368385728,-72.5000653323,1
42.169853,-71.165386,0
42.4486083333,-71.391595,0
42.4026888278,-71.213519153,1
42.353405,-71.0741888333,0
42.6343215581,-72.1307677883,0
42.3643883333,-71.246825,1
42.4053463682,-71.3315710097,1
42.0835735919,-71.179857412,1
42.6086620532,-72.5534496182,0
42.356155,-71.0509805,0
42.4323303818,-71.1475085157,1
42.0998539838,-70.9340067092,1
42.4368877297,-70.9342428136,0
41.9387052659,-71.0358491976,0
42.7029065919,-73.1029840798,0
42.5870014754,-71.5951583725,1
42.6019292884,-70.6560776476,0
42.6510817303,-70.860155877,1
42.1713573753,-71.7188481706,0
42.2054716671,-71.2337894127,0
42.6367150974,-71.6558389523,0
42.5067890639,-72.3749173815,0
41.6716687015,-69.9488483209,1
42.0319583333,-71.2284,0
42.6511616667,-71.3142466667,0
42.3640011675,-73.1517112579,0
42.5543813004,-71.1096380582,0
42.2833017997,-71.7640004,1
42.1483453378,-72.0806782503,0
42.2317777778,-71.4347527778,0
42.4357039971,-71.221235129,0
42.6741052122,-72.9680219336,0
42.0649916667,-72.1265111667,0
42.1676981254,-70.7688159757,1
42.5053333333,-71.5014416667,0
41.9951156639,-71.200331754,0
42.0425079173,-73.0228604586,0
41.9631599,-70.8937454,0
42.2062716667,-72.3183533333,0
42.5232609,-71.5299697,0
42.3665003261,-72.2325167097,0
42.3381533333,-71.1666195,0
41.5851866667,-70.5670383333,0
42.5953314315,-70.6537976226,0
41.5728302002,-70.5766525269,0
42.1426145548,-71.3739996758,0
42.6501090106,-71.3316154185,0
42.4299028248,-71.2343588578,1
41.2752835172,-70.114228465,0
42.3401561991,-71.0546370596,0
42.67694049,-72.32844522,0
41.2433113889,-70.04669,0
42.4273681641,-72.8318252563,0
42.6403972243,-73.034700671,0
42.4722750535,-71.1370928906,0
42.5893133333,-70.8988716667,0
42.1048946679,-71.6066119541,0
41.7858726218,-70.6301431616,0
42.3710853785,-71.1828985385,0
42.3497116667,-72.4350883333,0
41.9664658637,-71.3244746625,1
42.3538161928,-71.5956320011,0
42.5655570429,-70.9828839451,0
42.4765591306,-72.3462481399,1
42.3762481817,-71.2102040852,0
42.441194058,-71.0972030061,0
41.7153444444,-70.0226277778,0
42.54661766,-72.61306232,0
42.1724970345,-70.8549405634,0
42.5099137529,-71.4736706103,0
42.6172201782,-72.7458170957,0
42.41787,-71.4445283333,0
42.1040416667,-72.0027472167,0
42.0995813342,-70.9342963878,1
41.9631359908,-71.0007242711,0
42.5241033333,-72.309425,0
42.4686083333,-72.2351133333,0
42.2253895997,-70.7525468997,0
42.1788333333,-72.675665,0
42.0897466667,-72.6610516667,0
42.6158516899,-71.4367407108,0
42.5455270848,-72.1296236851,0
42.39706167,-71.14939167,1
41.4058731,-70.5496016,0
42.6251237594,-71.6005311385,0
42.6724383333,-71.1414638333,0
42.1935956,-70.9678531997,0
42.6031988368,-71.2527340531,1
42.6410262081,-71.1485433834,0
42.7438999669,-70.8522301923,0
42.3338823909,-71.0830823029,0
42.2963232921,-71.3726516598,0
41.9223785762,-69.9785717648,1
42.3923516667,-72.032695,0
42.4972644839,-71.3617673474,1
41.759625,-70.1331416667,1
41.9817733765,-71.3399276733,0
42.2537104134,-71.8437281997,0
42.4359366667,-71.1064611667,0
41.8953416706,-70.9082776308,0
42.6982043,-71.6056961,0
42.7132650189,-72.3585943384,0
42.2230616667,-71.4637616667,1
42.80633833,-70.91275,0
42.226381,-73.2822409722,0
42.204965,-72.6617033333,0
42.4531827247,-71.0816075688,1
41.9377439759,-71.1045477158,0
42.5883310121,-71.6799528386,0
42.4530973662,-71.0823680868,1
42.3792872889,-71.572252943,1
42.1922,-73.0490721667,0
42.1033028333,-71.1652138333,0
42.6716388889,-70.7585416667,1
42.329096,-71.213132,1
42.6368702724,-73.1683498667,0
42.8227495834,-70.8158781754,0
42.0449221667,-70.6930616667,0
42.497861921,-71.1715043043,0
41.2654083333,-70.132275,0
41.5632574011,-70.6147358488,1
42.2684024435,-70.9191652803,0
42.2910623464,-71.0239126844,1
42.2313400358,-71.2322042417,0
42.5860414148,-71.5006006658,1
41.8855063949,-69.9963388274,1
42.599575,-72.993775,0
42.3680306911,-71.1462587782,1
42.38422,-72.52983833,0
42.2918995468,-71.2119557774,0
42.2197167669,-73.429596182,0
42.0775,-72.565278,0
42.251,-70.7942972222,0
42.1522611667,-71.4799283333,0
42.6793111111,-70.8405333333,0
42.2635108098,-72.6367411689,0
42.340695,-71.0539388333,0
41.7703494718,-70.6000244245,1
42.0321548432,-70.0507652181,0
42.3734677351,-71.1095500924,0
42.4246416667,-71.5248583333,1
41.696233819,-69.9686282277,0
42.667595,-71.8975,0
42.2886616667,-71.9883416667,0
42.4094839839,-71.7042017297,0
42.3140521058,-72.5971845165,0
41.3501049722,-70.4775309722,0
42.008625,-70.8123466667,0
41.5299387804,-71.0651305177,0
42.5341327357,-72.5462097275,0
42.4366911438,-71.0191992295,0
42.345195,-72.3826516667,0
42.7026944352,-70.775927066,1
41.9289,-70.0722527778,1
42.5308093641,-70.8730474736,1
42.1950525765,-71.2338444314,0
41.647435,-70.2218212,1
42.1028418565,-71.7668750064,0
42.33097222,-72.540039718,1
42.0832624,-72.2754529,0
42.5802416667,-70.8202283333,1
41.2900966667,-70.1682883333,0
42.3779919511,-71.1772091501,0
42.1879848535,-70.72056335,0
41.7674928066,-70.0940196589,0
42.3743876644,-71.1408299871,1
42.24948386,-71.00318177,0
42.1947494662,-71.4662117232,0
41.6076965332,-70.912399292,0
42.0806886609,-72.6249516093,0
42.4931298802,-71.2354594377,0
42.3755866667,-72.0105222167,0
41.7726844286,-70.029429338,0
41.6478006555,-70.4638769709,1
42.219525,-72.957205,0
41.3055532433,-70.7657368495,0
42.1020590193,-70.9388695541,1
42.0447416667,-70.4430802778,0
42.50398333,-71.38912167,0
42.432495,-72.2166366667,0
42.0146334311,-71.120746052,1
41.5843916667,-69.9923533333,0
41.5758133333,-70.408875,0
42.6651813556,-70.6202244759,0
42.5381359226,-72.0510715899,1
41.7541666667,-70.7975,0
41.99180229,-70.90568806,0
41.3060379028,-70.251373291,0
42.8721600744,-70.9433285436,0
42.4360244817,-72.4960736185,1
42.5217781067,-71.3200912476,0
42.5775656417,-71.0722265942,0
42.5835083333,-72.5529416667,0
42.3015155894,-72.5892484623,0
42.5576893939,-71.3477919438,0
42.7547078567,-70.8034405814,1
41.6753293104,-70.0912785532,1
42.3975916416,-71.2078255297,1
42.8268783333,-70.93103,0
42.3911283333,-71.0883638333,0
42.77678,-70.964395,0
42.5854287995,-71.3679953479,0
42.6548881,-72.4293952997,0
42.329632,-72.534506,1
42.0945083333,-71.6046216667,0
42.858568,-70.954443,0
42.78768667,-70.9488,0
42.4453366667,-72.3809283333,0
42.2880855809,-73.1813699835,0
42.260545,-72.65316167,0
42.272183,-71.219677,1
42.286805,-71.3002383333,0
42.2869616667,-71.0467611667,1
42.2701216667,-71.3014666667,0
42.332855,-72.36702,0
42.2032166971,-71.3995108847,0
41.3890216667,-70.5114283333,0
42.431855,-71.0890416667,1
42.68429484,-72.27610723,0
42.311395,-71.55655,0
42.1791168939,-71.9302323203,1
41.2467513112,-70.0767480337,0
42.17126167,-71.64969667,0
42.4841033333,-72.1379305,0
42.4504306911,-71.9121891412,0
42.4012544418,-71.218504952,1
41.9317083333,-70.86512,0
42.3858686659,-71.5709472817,1
42.2471739958,-71.8202799932,0
42.6320643485,-71.5836180308,0
42.4527530184,-71.0814239498,1
42.2700556172,-71.413526315,0
42.7027747734,-71.1292649154,0
42.1735716667,-71.59858,0
42.0647077,-72.4043712,0
42.37188,-71.2919216667,0
41.7389773,-70.3810184,0
42.3670116667,-71.2596283333,1
42.4205580214,-71.0872613584,0
42.3089,-71.0116361167,1
42.3661556824,-71.1937328743,1
42.1772153202,-71.9676899198,0
42.2590533333,-72.0954483333,0
42.328729067,-71.104425726,1
42.5970372473,-72.1796100501,1
42.4293449722,-72.706038,0
42.6812804105,-70.9294878146,0
42.3703270393,-71.1496744305,1
42.7234474518,-71.0260365063,1
42.3108558655,-72.4586029053,0
41.3601914473,-70.5275355354,0
42.1045953494,-71.0558147283,0
42.5641473057,-71.179518301,1
42.21487,-71.1427388333,0
42.43538,-71.4873183333,0
42.3309096483,-71.6326588697,0
42.3348296883,-71.0098497067,0
42.0317939722,-70.8865019722,0
42.66836154,-72.48464834,0
41.7173919,-70.6367807997,0
42.6316433333,-72.8728983333,0
42.3251248161,-71.2226794955,1
42.049304162,-71.4705255937,0
42.6173521813,-71.5496560604,0
41.7379897835,-70.6790630741,0
42.373257,-72.646854,0
42.4393899789,-71.1072797207,0
42.7120883333,-73.2104416667,0
42.4718485132,-71.1697210123,1
42.3539810181,-72.5564956665,0
42.59037,-71.7877666667,0
42.3996656174,-72.5213668495,0
42.420675084,-72.3997210221,0
42.3862179327,-71.931899786,0
41.9744916667,-70.0028388833,0
42.3389124718,-72.5625491095,1
42.1592014989,-70.7908589157,0
42.1274692718,-71.8783560986,0
42.5716542777,-71.0872480864,0
42.0685514122,-70.6799299126,0
42.359449896,-72.4859262968,0
42.2807,-71.30792167,0
42.6472222222,-72.2391666667,0
42.49918,-72.24849,0
41.6278578026,-69.9664683892,0
42.117226,-71.988817,1
42.4312941667,-71.312215,0
42.2076666667,-71.1157222222,1
42.3568370024,-72.6622731441,0
42.3201650357,-71.3031420767,1
42.3419656951,-72.3711387332,1
42.411692772,-71.3287470389,1
42.5860926864,-71.583770309,1
42.28328,-71.8241716667,0
42.4302966667,-71.489685,0
42.6060345696,-71.6004502325,1
42.2330555556,-71.0808333333,0
42.63392,-71.5587,0
42.0710532569,-72.1500683884,0
42.4750175545,-73.1889151583,0
42.1887505381,-71.2383999769,0
41.9364378539,-71.0973226253,0
42.188384889,-73.3694766218,0
42.5316916667,-71.471275,0
41.918605,-70.0668805,1
42.1917689944,-71.4349721546,0
42.6381583333,-72.1252233333,0
42.34991,-71.3673516667,0
41.2972800028,-70.1042555,0
42.5517373956,-70.8377509096,0
42.2676027943,-71.5351188056,1
42.4064916667,-71.499205,0
42.245725,-71.5056611111,0
42.0010636214,-70.024839365,1
42.6101027778,-71.0901083333,0
42.4332866667,-71.0812221667,1
42.2509883333,-71.1523278333,1
42.3794053446,-71.5723209081,1
42.1442848521,-72.682480292,0
42.0053491323,-71.2393879519,0
42.3697393075,-71.5711165135,0
42.4392866667,-71.4527966667,0
41.8591783333,-69.9512416667,0
42.370390969,-71.2577306937,1
42.119438,-72.800407,0
42.4453435606,-71.0455830116,1
42.6396165472,-70.6405022738,1
41.7701586789,-70.5969546363,1
41.9882114616,-70.7039398331,1
42.6708374023,-70.7444915771,0
42.5182138889,-71.5076638889,0
42.5163824997,-70.9284514,1
41.680835107,-70.1059067052,0
42.2612,-71.73237,1
42.370155,-71.2576216667,1
41.2920480556,-70.0473430556,0
41.7930923117,-71.1315886372,1
42.3804513514,-71.0908351466,1
41.9121166667,-70.551345,0
42.2662189176,-70.9654566078,1
42.5440544078,-72.8254646679,1
42.1438534369,-72.5208160807,0
42.4561966667,-71.4401383333,0
42.55135,-70.8424,0
42.2460909,-73.30423841,0
42.301595,-72.6996616667,0
42.1749308217,-70.7329566814,0
42.062491,-71.0910259722,1
42.5641753877,-71.179513066,1
42.2082481159,-72.5626820309,0
41.9004222222,-70.6677638889,1
42.49680786,-70.91142386,0
42.1149945373,-73.4926116616,0
41.990109,-70.753031,0
42.6998966667,-71.516025,0
42.2990811214,-73.2473650422,0
41.8567482778,-69.9704804722,1
42.45433,-71.2950533333,1
42.274555,-71.1280221667,0
42.0864471667,-71.1641528333,0
42.2647941392,-71.336864289,0
41.450051,-70.566219,0
42.627502,-72.33350469,0
41.6981666667,-70.3739722222,0
42.2349147563,-71.0334092392,0
42.45202,-72.97303,0
42.0639500066,-71.1873541203,0
42.6376500978,-70.9475344691,0
42.4773616667,-73.23503,0
41.6590116667,-70.372545,1
41.7295200028,-70.7571633333,0
42.4219585337,-72.2237209897,0
42.3880166667,-72.4211666667,0
42.3960098775,-71.1303454265,0
42.2174987793,-71.0227813721,0
42.3868892838,-71.1708800681,0
42.4225082117,-71.5521996649,1
42.6196970287,-71.3888905384,0
42.15527045,-71.50784692,0
41.8486542916,-70.8583708648,0
42.430799,-73.236432,1
42.3362226,-72.62286049,0
42.6299235584,-71.1280191522,0
42.5064,-71.7213583333,1
41.6995704358,-70.3555061249,0
42.4756917,-72.9878737,0
42.0730816573,-71.6404788662,0
42.3194054161,-72.6363230406,0
42.1232777778,-72.460125,0
42.6308611915,-70.842533837,1
41.3854100256,-70.040312289,0
42.3721943714,-72.2188322259,0
42.3985228367,-71.0010011745,1
42.3967533333,-72.0314471667,0
42.2734136976,-72.7719070701,0
42.6266376721,-72.7231665329,0
42.0525888889,-73.4109916667,0
42.00866,-71.106968,0
41.9098834662,-70.5642592907,0
42.4783854265,-73.239053199,0
42.5108394504,-71.206130755,0
42.3267011322,-71.1056786016,1
42.08773,-70.7119166667,0
42.21542,-73.260333,0
42.1798491329,-71.1248215673,0
42.0407110171,-70.9315429417,1
42.6559728,-71.3263426,0
41.3526333333,-70.8178783333,1
42.0514470851,-71.8732112926,0
42.622522583,-71.7007638711,0
42.5539788352,-70.8427673369,0
42.2585020153,-70.923928991,1
42.0375815191,-71.2087262664,0
41.8134583333,-71.2716616667,1
42.4729944444,-71.6317972222,0
42.311255,-71.6547616667,0
42.7552716728,-71.1480166667,0
42.0799419,-70.219717,1
41.5133437027,-71.0243319155,0
42.4005866667,-71.3556033333,1
42.2378607,-70.8563285,1
41.733786636,-70.3790623281,0
42.4628055867,-70.9813570976,0
42.4483951176,-71.793336766,0
42.2145779562,-70.7438029661,0
42.3151888279,-72.6507026612,1
42.167385445,-71.6513590759,0
42.4707942683,-71.0429717886,0
42.4218333333,-72.83663,0
42.6587261899,-70.6300274049,1
42.1069755554,-71.1550598145,0
41.938595,-71.2581416667,0
42.3252234239,-72.5389599948,1
42.6547793238,-70.5998134662,1
42.2106847562,-72.5982706695,0
42.3455966667,-71.5292283333,0
42.05553733,-72.96623307,0
42.3309833267,-71.4190280259,1
42.6200672,-72.7056272,0
41.8578273241,-71.0822239886,0
42.749875,-70.83645,0
42.7284083333,-71.0273666667,1
42.7729681774,-71.0843614687,0
42.5962716667,-70.9759216667,1
41.92913,-70.626305,0
42.1203137,-72.7489362,0
41.79977,-69.95165333,1
41.7382083333,-69.9624866667,0
42.4660207502,-71.2622076031,0
42.29672325,-72.4362339167,0
42.3611111111,-71.3672222222,0
42.3596839905,-71.1021652222,0
41.9048733428,-70.0712072712,1
42.680945,-70.89177,0
42.29072,-72.6465616667,0
41.5557933188,-70.6069759684,1
41.31321667,-70.01544167,0
42.2149866667,-73.32518,0
42.3008004483,-71.7826080323,1
42.5192013814,-71.1755357387,0
42.7108248217,-71.2621476824,0
41.39455,-70.5162283333,0
42.501955,-72.533745,0
42.5601483346,-72.042234928,0
42.2090623428,-70.7330410587,0
41.6557585685,-70.5393941036,0
42.1993780796,-73.3778196988,0
42.7499783333,-70.929345,0
42.315255,-71.5948166667,1
42.246498,-71.268777,0
41.4196365114,-70.9372390164,1
42.3993944703,-71.4212462493,0
41.99308,-70.7489166667,0
41.6929345047,-71.1408149987,0
42.2773895264,-70.9539489746,0
41.6383028567,-70.5546695893,1
42.2764064638,-71.8192168555,0
42.6520111111,-71.2312111111,1
42.4832306849,-71.2193722185,0
42.4058750334,-71.0512447941,0
42.2943617037,-71.6263478887,1
42.40449808,-71.37431136,0
42.4925235004,-71.0175905695,0
42.5465075288,-72.7573845184,1
42.3686216667,-71.1028971667,0
42.5658050062,-70.8823242517,1
42.5271667222,-71.3602456111,0
42.6459979722,-72.2559729722,0
42.1747590127,-71.0713695979,1
42.306105,-71.0934971667,1
42.3857813915,-71.5709872127,1
41.7936833333,-69.9944083333,0
42.5638383333,-71.3025283333,0
42.4965763841,-71.2367105484,0
41.5688841991,-70.6266067959,1
42.3656616667,-71.2641,1
42.0117094042,-71.0146717262,1
42.2695116667,-71.432495,0
42.6949875762,-70.79408108,0
42.4343373627,-71.1945834791,1
42.3857916667,-72.7376638889,0
42.4406503296,-71.517024709,1
42.3773638889,-71.4560944444,0
42.7080471678,-72.4606599921,0
42.7493288896,-70.9865320915,0
42.3897366667,-71.1506361667,1
42.4486682666,-71.4773307933,1
42.233295,-72.6651166667,0
42.1002221667,-70.9991833333,0
42.4714166667,-72.8848416667,0
42.4905179321,-71.8220442161,0
41.9663194812,-71.0420739575,0
42.4199133333,-72.5476216667,0
42.3700166667,-71.144155,1
41.5385166667,-70.636125,0
42.2942465746,-71.2880475596,1
41.37225,-70.510925,0
42.02737937,-71.21612401,0
42.532045,-72.5233166667,0
42.1157721667,-73.2314916667,0
42.488879459,-71.4799214993,1
42.4102442778,-71.6904435457,0
42.6242633333,-71.5184166667,0
42.4981522747,-72.39376897,0
42.6164045745,-71.5622541681,1
42.6526059509,-70.9522469087,0
42.68112604,-72.33131387,0
42.4689091791,-71.0081532242,1
42.4349654879,-71.0661192918,1
42.6212564484,-71.1224385258,0
42.11196117,-70.67191333,0
41.2511099401,-69.968719802,0
41.6901054382,-71.1400299072,0
42.6359258885,-71.4826914465,0
42.6056916667,-72.1615233333,0
42.5010305556,-71.1367277778,1
41.9195633333,-70.542795,1
41.446249,-70.908154,0
42.3814933333,-72.711295,0
42.0841528333,-72.5649633333,0
42.553794,-72.919825,0
42.3338888889,-71.5261111111,0
42.6232637838,-72.2913628219,0
41.5657971547,-70.5863852375,1
42.1984511366,-72.6287521049,0
42.2673660089,-71.3306109321,0
42.2317727141,-71.4491842201,0
42.1299053093,-71.3351143787,0
42.6136551484,-73.2457467453,0
42.087513156,-70.8014578571,1
42.8157166667,-70.9576033333,1
41.6304742,-70.9357608,0
42.0197888788,-70.8722218629,0
42.43652,-71.28216667,0
42.46815,-71.955346,0
42.174775,-72.38672,0
42.087687669,-70.6763918911,1
42.3870903146,-71.5710376395,1
42.46977,-71.366328,1
42.2705760143,-72.6928405192,0
42.5091775787,-71.2758558524,0
42.0354919434,-70.1685562134,0
42.1535697096,-71.0469028988,0
42.3248387007,-71.5808702736,0
42.353623,-71.40484,1
41.9703622866,-71.3784409161,0
42.62312128,-71.61602329,0
42.6021777778,-70.9342027778,0
42.4090046756,-71.6943291575,0
42.2951883333,-71.126725,1
41.7218213976,-70.2344899716,0
42.7123916667,-73.2092216667,0
42.1655805,-71.04312783,0
42.5876116667,-72.0821445,1
42.3402633333,-71.1000221667,1
42.8096252029,-70.9752163357,1
42.2692765941,-70.9971279051,0
42.3833504186,-72.7614949788,0
42.4566650391,-72.7919464111,0
41.96033,-70.00971945,0
41.8826320806,-69.9966556686,1
42.3303152618,-71.997058696,0
42.618583,-71.392285,0
42.57350994,-71.2433687,0
42.6003697121,-70.8996417514,1
42.6387533333,-71.1017445,1
42.3473090793,-71.1168873555,1
42.4214666735,-72.4219028406,0
42.0571525213,-70.1159358094,1
42.4124916453,-73.3129655258,0
42.6918812617,-71.762216467,0
41.37635,-70.4593883333,0
42.2623640827,-71.9466788528,1
41.5058305556,-71.0244,0
41.7759702713,-70.5325038303,0
41.4413196321,-70.5569492958,0
42.5056058263,-71.8965679735,0
42.726955,-70.8066533333,0
42.3736984078,-71.8047284318,0
42.4247166667,-71.837525,0
42.1669024369,-72.0400199667,0
42.1071361667,-71.0450361667,0
42.0269083333,-70.0710055,1
42.6059792487,-71.3960395862,0
42.351505,-72.27181167,0
41.3013914397,-70.2533994237,0
42.2689597461,-71.3251026688,0
42.2929222222,-71.1961055556,0
41.3814349672,-70.7394473834,0
42.160935765,-71.1523424889,0
42.37135,-72.4412616667,0
42.4063911438,-71.2373886108,0
42.4647054494,-71.2131847922,0
42.2399580764,-71.1521491314,0
42.3792492096,-71.5727130326,1
42.0699411,-71.7157698997,0
42.2015583333,-71.065575,0
42.4529033493,-71.0819721215,1
42.1540588,-71.4604250997,0
42.7559916667,-71.0999305,0
42.1677,-71.2432,1
42.3688,-71.43804667,0
42.2820366667,-71.6074833333,0
42.3723716667,-71.144775,1
42.4494166635,-72.3722628148,0
41.2600097656,-69.9633712769,0
42.657283783,-71.3625259399,0
42.6803766667,-72.155855,0
42.3591389722,-72.641154,0
42.6131362926,-70.6542566791,0
42.6707833333,-70.63143,0
42.2935963356,-71.1316109455,1
42.3246961263,-72.537911385,1
42.1918417497,-72.2855327151,0
42.8602424997,-70.9110098,0
42.220856764,-71.1936576363,0
42.3502428,-73.3253552,0
42.33452,-71.0860971667,0
42.5641782161,-71.1794652614,1
42.2832182111,-72.6263049756,0
42.2456366667,-71.0903695,0
42.4530577875,-71.0821910643,1
42.5075880765,-71.3275094145,1
41.7095461492,-70.0835601646,0
42.222280296,-71.0595246367,0
42.123361,-72.785338,0
42.3721614676,-71.2975605815,0
42.1908338508,-71.1065626144,1
42.4818183333,-71.3620833333,0
42.4529296345,-71.0821250064,1
42.4720711989,-71.1668944108,1
42.447125,-71.0781778333,1
42.4097455634,-71.7757659164,0
42.271925,-71.2189863883,1
42.4189670138,-71.8382100962,0
42.5914363716,-71.51702693,0
42.4092611378,-72.5280881301,0
42.0801057702,-71.2101598879,1
42.1885966354,-71.5039395243,0
42.7067312412,-71.1491415092,0
41.8821273778,-69.9980559638,1
42.308274738,-71.3795730144,0
42.29802,-71.2865666667,1
42.320157103,-71.3031420769,1
42.41000333,-71.12332783,0
42.1782549704,-71.5526184999,0
42.6196201,-71.0107729,1
41.891151,-70.068719,0
42.4757555556,-71.1906083333,0
42.2664666667,-71.7453916667,0
42.18557,-73.1069111667,0
42.2047696126,-71.423609443,0
41.8395,-69.9895783333,1
42.54187,-70.89138,0
42.4080682447,-71.448952477,0
42.07113582,-70.78197281,0
42.6100978213,-71.3850294522,0
42.2643418448,-71.4677376337,0
42.3245519992,-71.6332040929,0
42.3027992249,-72.6324768066,0
42.4717866667,-71.171495,1
42.0637796134,-71.1467667131,0
42.481221,-73.178922,0
42.1196968883,-70.6759453333,0
42.2195088894,-71.0111328714,0
42.29833667,-71.310845,1
42.6399304252,-70.594620978,1
41.3107916667,-70.2650833333,0
42.41398527,-71.3258782706,1
42.018435111,-70.8741828514,0
42.2666244507,-72.4552841187,0
41.6540397778,-70.9959081057,0
42.2491683333,-71.4125583333,0
42.060296,-71.356876,0
42.3118866667,-71.31002,0
42.5834444444,-70.8822916667,0
41.8470417042,-70.7180324019,0
41.3573229816,-70.6338501064,0
42.3371383333,-71.678245,0
42.5224787202,-73.27257837,0
42.221567662,-71.6705468296,0
42.0875848821,-70.6782748181,1
42.0614555,-72.5818033333,0
42.0640973,-71.2661856,0
42.8631019592,-70.9740447998,0
42.4613083333,-71.3511666667,0
42.2589505875,-72.6345293847,0
42.2992283333,-71.4370333333,0
42.3991444444,-71.1557166667,1
42.0732698718,-71.2594288349,0
42.656995,-70.8987416667,0
42.4382194182,-71.0405115206,1
42.53815,-72.1716783333,0
42.1466583099,-72.0600181818,0
42.0680627997,-71.2410236997,0
42.35322,-71.52938,0
42.3139583333,-71.0367805,1
42.77276167,-71.08618883,0
42.7684533333,-70.9168916667,0
42.2227299722,-72.599491,0
42.3782229722,-72.442177,0
42.3106571893,-71.2189234514,0
42.3864283333,-71.1466833333,1
41.85783,-70.591575,0
41.8276565001,-70.6287201105,0
42.6305137994,-70.942390971,0
42.6766033333,-72.179465,0
42.4756854357,-70.9056110628,1
42.3532904078,-71.1065247282,0
41.2905369737,-70.2502316585,0
42.55249491,-71.37302822,0
42.1381721667,-70.9310083333,0
42.1916765766,-72.8067836445,0
42.2565143504,-71.087664105,0
42.4036796294,-71.2117209658,1
42.59230833,-72.68810333,0
42.3991027778,-71.1556861111,1
42.5092,-73.198633,0
42.3309960145,-72.5400316715,1
42.4176883333,-70.907075,0
42.1747803814,-71.0713414347,1
42.6754766871,-70.8771658177,0
42.2829660341,-71.3706509726,0
42.5216287734,-71.9273190489,0
42.3275671521,-72.8741502239,0
42.6204977823,-71.2779957233,0
41.905124455,-69.9995918318,1
42.0284638333,-70.6267083333,1
42.1591611,-72.3274291,0
42.20343,-70.7621466667,1
42.3275129465,-71.2147283797,1
42.3371305556,-71.1536777778,0
42.3374550138,-71.1687806436,0
42.5349605872,-72.7451538129,0
42.8199403938,-70.8156974539,0
42.2696046863,-72.5895013977,1
42.728775,-70.9903716667,0
41.6282348633,-70.5087814331,0
42.0940194444,-70.7933888889,1
41.8768194444,-70.6408194444,0
42.6178966667,-72.147775,0
42.4464442791,-71.2607924163,1
42.414144,-71.0958779722,1
42.1519611111,-71.6446916667,0
42.357336156,-71.2476446358,1
42.1927273,-72.5502999997,1
42.0945162783,-71.1713509056,0
42.0487116667,-72.969655,0
42.356883628,-71.4404902343,0
42.080624,-71.6216447997,0
42.4863638889,-71.7751861111,1
42.7072906355,-70.9575690624,0
42.299745,-71.53872,0
42.7033988394,-72.3176743385,0
41.524572,-70.660023,1
41.7679356612,-70.0303640117,0
42.4381866667,-71.0404583333,1
42.4508466667,-72.5058933333,0
42.5594966667,-72.713905,0
42.6228329722,-71.1955539934,1
42.3201967672,-71.3031957209,1
42.2795456823,-71.3039230426,0
42.4601823178,-72.8943499727,1
42.1543129808,-71.4843071625,0
42.3712628562,-71.0352637991,0
42.276895,-72.513609,0
42.3932288262,-71.4384325874,0
42.366199,-71.263939,1
42.0706693277,-73.1300540329,1
42.24730907,-70.7700713996,1
42.6579483333,-72.1074566667,0
42.4204434256,-72.5351906293,0
42.3403005353,-71.1614340899,0
42.4584451389,-71.0084223211,1
42.7329233,-71.2172472,0
41.74182195,-70.6052601,1
42.0965888333,-70.184905,0
42.605505,-71.75460833,0
42.6159561809,-71.562784709,1
42.6394148766,-70.5757926777,0
42.759488392,-70.8053868326,1
42.3622194444,-71.8519055556,0
42.1103992293,-71.1249242275,0
42.4193716667,-72.537405,0
42.5892981149,-70.6512328859,0
42.0574137989,-70.1762215198,1
42.2491619941,-71.7850491444,0
42.271655,-71.218582,1
42.5889722589,-71.6179097786,0
41.9895121336,-71.0792231473,0
42.3721095363,-71.1466868097,1
42.2758602998,-71.0862147941,1
42.4445038196,-72.5804102071,0
42.52709989,-72.93012896,0
42.230828,-71.20922,0
41.897145,-70.02411667,0
42.1549095066,-70.7410097122,0
42.6469033333,-71.1314695,0
42.4741466667,-71.4582666667,0
42.3121160274,-71.4349551871,1
42.508885,-73.1096983333,0
42.7276883333,-71.2165533333,0
42.4259,-71.1086,1
42.6300503088,-70.8448071316,1
42.506566,-71.075428,0
42.4023611346,-71.292421038,1
42.1026983875,-71.4763440736,0
42.2682833333,-71.6656033333,0
42.4840917712,-72.2637770713,1
42.6425225013,-70.8864976795,0
41.6706121678,-70.1134499013,0
42.0788793333,-71.0591548153,0
42.1466565936,-71.2268871905,0
42.6880599592,-70.6178697445,0
41.3982181943,-70.5083027088,0
42.3457866667,-71.5416633333,0
42.2557277778,-71.5636777778,0
41.6515868832,-70.1699323365,0
42.1085716667,-73.3136833333,0
41.78398,-70.0325555,1
42.3051683333,-71.1218366667,1
41.8881916667,-70.7744916667,0
42.41511667,-71.56030333,1
42.375599,-71.529228,0
42.0314948776,-70.7197542804,0
42.2899367786,-71.0970607016,1
42.3837641129,-72.5335173143,0
42.514025,-71.4986416667,0
42.6996405194,-70.9523491602,0
42.7495976771,-71.0554951989,0
41.2677283333,-70.17298,0
42.5492653071,-72.7559255643,1
42.51912925,-71.3507985556,0
42.317829,-72.684415,0
42.621395,-72.36554,0
41.4339341317,-70.6032486074,0
42.0524747583,-72.2658877389,1
42.3451069722,-71.155208,0
42.314503,-72.203978,0
42.1356971667,-73.24273,0
42.29397925,-71.02649024,1
42.3645166667,-71.7251183333,0
42.2569638889,-71.1627111111,1
42.71985,-71.0220722222,1
42.6512671157,-71.1577252732,0
42.6518688843,-70.6301543376,1
42.7003833333,-73.1146861667,0
42.67311045,-72.31443493,0
42.582205,-71.4800866667,0
42.6353515,-71.207883,0
42.472885647,-72.1619563155,1
42.1244861111,-71.3954166667,0
42.4470816667,-72.1853933333,0
42.1182,-71.2587,0
42.3308532478,-72.5400531292,1
41.9098472595,-70.5716018677,0
41.4500808716,-70.9222335815,0
42.3394343164,-71.2288362254,0
42.0744233905,-72.5694296044,0
42.6363712386,-70.9048274923,0
42.5966216667,-71.803855,0
42.6838917311,-72.1796341826,0
42.573875,-70.730255,0
42.5066903178,-71.41556834,1
42.0477383443,-71.6189123132,0
42.580036909,-71.5342488643,1
42.3552366667,-72.6420883333,0
42.3198716667,-70.9856716667,1
42.263725,-71.8174283333,0
41.9864237759,-70.9724227926,0
41.6627116667,-70.06665,1
42.3735966667,-71.630045,0
42.473205,-71.941925,0
42.3409303916,-70.8977486193,0
41.9521805556,-70.8853583333,0
42.1121757473,-71.4028976371,0
42.7506404719,-70.7993480801,1
42.0999954202,-70.932369241,1
42.5508003235,-73.1477813721,0
42.24458946,-71.00860572,0
42.4446530025,-71.084583505,1
42.393175139,-73.3112591576,0
42.1790877544,-70.9076345713,0
42.47405333,-70.89907833,1
42.3549403782,-72.5498523561,0
42.4387633333,-71.3772716667,0
42.3579333333,-71.3803166667,0
42.3624916667,-72.4332283333,0
42.7411216667,-70.7940199537,1
42.3231114167,-71.1186093333,0
41.8218703257,-70.9023009702,0
42.4765428864,-73.2660958364,0
42.2289071046,-73.1465808023,0
42.3283687169,-72.544269542,1
42.154795,-72.621368,0
41.615275,-71.064125,0
42.6664194444,-71.3697444444,0
42.0826328283,-71.4853538509,0
42.1844583333,-71.85897,0
42.564862437,-70.7684574352,0
41.6801755465,-70.3389860748,0
42.6941122693,-70.6294048601,0
42.1082290744,-71.6584322858,0
41.9011642406,-70.6242506577,0
42.5653004134,-71.3448281028,0
42.0989773194,-70.9343419853,1
42.3673484002,-71.4446024892,0
42.5086916667,-71.4938816667,0
42.3239760333,-72.7809159095,0
41.7522761259,-70.1881575345,0
42.1279879719,-71.216187286,1
41.9527599006,-70.8213776597,1
41.6566925049,-70.1210861206,0
42.4494904069,-72.546548153,1
42.6455926,-72.9488592997,0
42.3688866667,-71.1098861667,0
42.2436775546,-71.1400703107,0
42.3695863635,-71.3701795422,0
42.7895822433,-70.8077564836,1
41.6416944889,-70.4494717336,0
41.64182,-70.3119883333,0
42.506295,-72.6387033333,0
41.2613716395,-70.0626274198,0
42.4255405417,-72.2172212888,0
42.6442816667,-71.3789183333,0
42.4591916667,-72.3865766667,0
42.4895883333,-71.43467,0
41.9764216667,-70.9968866667,1
42.1288652731,-71.1999287012,1
42.5199077977,-73.2265164145,0
41.6297833333,-70.954155,0
42.4917683333,-72.1758283333,0
42.1057378824,-71.4243950336,0
42.4430758,-71.9618071997,0
42.2861391892,-71.2580693325,0
42.78213,-70.9572366667,0
41.51543,-71.1131528333,1
42.32766,-72.5431581,1
42.463475,-72.3425888889,1
42.8156089227,-70.9312178168,0
42.5908026761,-70.6508718893,0
42.7696816667,-70.99119,0
42.09761117,-71.21858333,0
41.61678,-70.4355083333,1
42.2976033333,-71.3110416667,1
42.3172861111,-71.0064361111,1
42.24547084,-73.25381859,0
41.6646118164,-70.1750564575,0
42.3870114767,-71.5710487654,1
42.6569817973,-70.601125132,1
42.1003539635,-71.6722347998,1
41.73957,-70.626205,0
42.3799666667,-71.83435,0
41.7383283333,-70.37046,0
42.8185314723,-70.820932621,0
42.52752,-72.874955,0
42.57565,-71.330575,0
42.27390736,-71.6314170189,1
41.753991195,-70.4926493951,0
41.5223216667,-71.010415,0
41.73909366,-71.17209747,1
42.5030466667,-71.6318666667,1
41.6371194444,-70.6194388889,0
42.2713464153,-72.4213312356,0
42.3955616667,-71.3890783333,0
42.4034586968,-71.0933003784,1
42.3869920336,-71.0774307172,0
41.541725,-70.6229466667,0
42.0498560664,-70.1837900287,0
42.2292606375,-72.5845593905,0
42.1894106543,-71.6899945038,0
41.6517142,-70.2874754997,0
42.1905416667,-72.576875,0
42.3608051939,-71.2549595163,1
42.4389404273,-73.2006296016,0
42.7230529722,-71.1874084444,0
42.1861498851,-71.5649104771,0
41.8014735727,-69.9917171468,0
42.3882138078,-71.0098909401,0
42.5601504713,-71.3408094209,0
42.484295,-70.866745,0
42.8231865415,-70.9285469515,0
42.854656,-70.95724,0
42.5135383333,-70.8626633333,0
42.4392033333,-71.0804445,1
42.408,-71.307525,0
42.3301700954,-71.550379064,1
42.1412129611,-72.3021014058,0
41.720905304,-70.2266769409,0
42.8075738201,-70.9737192789,1
42.5770140533,-72.2625667845,0
42.3422366667,-72.662895,0
42.1917164444,-72.3046884722,0
42.3935939764,-71.5850422159,0
42.5781993522,-70.7780712318,0
42.2919435427,-72.6526299678,0
42.3671583333,-71.2797916667,1
42.6306,-71.50201,0
42.6091411301,-72.5579380402,0
42.2693999722,-72.1971219722,0
42.1070625,-71.1259823,0
42.3305994395,-72.5334763527,1
42.45793,-70.9919666667,0
42.6195916667,-72.718895,0
42.5708383333,-72.3987583333,0
42.1391876675,-71.5071636277,0
42.3591651917,-71.0897216797,1
42.8614527853,-70.925177822,0
42.1652393708,-71.069932544,0
42.09341383,-72.58602167,0
42.558583289,-71.6306293756,0
42.3658304,-72.5806912,0
42.1522444301,-73.423031092,1
41.7390783333,-70.224975,0
42.3050583333,-72.4640116667,0
42.4902797915,-71.3686692342,1
42.2147202542,-70.9786201017,0
42.0766361667,-73.2837533333,0
42.689195,-70.83003,1
42.0536733403,-70.22901575,1
42.0062611167,-71.2650966667,0
42.2454633333,-71.0321666667,0
41.6148986816,-70.9164962769,0
42.4086982154,-72.7417647981,0
42.22831258,-71.76402176,0
42.1121028333,-70.1526111667,0
42.19958667,-71.72878333,0
42.6046839599,-71.0578011216,0
42.4571509293,-71.384669627,0
41.9012707472,-70.5728974008,0
42.2872383333,-73.364425,0
41.77995,-70.7637633333,0
42.269018,-71.016015,0
41.7777381986,-70.7639845088,0
42.5554444444,-71.1997416667,0
42.3650893917,-71.2643466426,1
42.2080077,-71.7189627997,0
42.1354934506,-71.141018531,0
42.52861,-71.7257139722,0
42.6527616667,-71.568405,0
42.5480883333,-71.48887,0
42.470615,-72.4747616667,0
42.1347404808,-70.8047579024,0
42.646967756,-70.6036182493,1
41.9725585735,-71.3698312794,0
42.628956406,-71.6119244426,0
42.3892883333,-71.3337083333,1
42.36865372,-71.85877028,0
42.5211071195,-72.9414153767,0
41.8992843628,-70.6008682251,0
42.1620055,-73.1767716667,0
42.2108722222,-71.2348638889,0
42.4487940473,-71.2094736973,0
42.2694866667,-72.704155,0
42.7743144576,-71.1715842463,0
42.4604227729,-72.8959204265,1
42.183328,-71.2110969722,1
42.6811763427,-71.3586680137,0
42.6673619402,-71.6260334141,1
42.4835245717,-71.3455206823,0
42.4527833331,-71.0815285558,1
41.653195,-70.1973716667,0
42.267361,-71.6652187,0
41.727895,-70.5172716667,0
41.7120613214,-70.3703284264,0
42.0251342655,-71.1630744317,0
42.5997422154,-71.1813402821,1
41.9485986169,-71.364100604,0
42.4411283333,-71.1136945,0
42.431745,-72.5348583333,0
42.4529984173,-71.0818370099,1
42.2566739,-70.813857,1
42.0421845172,-71.8916850072,0
42.648900406,-70.7297759503,0
42.4139116667,-71.510575,1
42.5623783333,-73.08689,0
42.2547941384,-71.8381140009,0
42.0753778333,-72.572595,0
41.9440283333,-69.9837416667,0
42.3937630833,-71.5509945,0
42.491917,-71.281627,1
42.4219216278,-70.9135884848,0
42.2111793,-71.1571985,0
42.2782222222,-71.1403805556,0
42.0326945,-70.8299783333,0
42.2116638919,-71.2688159038,0
41.7437662156,-70.1451172025,0
42.36652,-71.0760805,0
42.4746457222,-70.9135548889,1
42.3589733333,-72.5133983333,0
42.85741036,-70.9330001,0
42.5779633333,-70.7173833333,0
42.2819944,-71.0687866,0
42.4003164306,-71.9986159075,0
42.6577016667,-72.6734033333,0
42.47089667,-72.55423667,0
41.8808216126,-70.0007979663,1
42.1814431315,-72.0580550856,0
42.12403042,-71.18485086,0
42.3891926327,-71.1863662239,0
42.40979289,-71.30584781,0
41.6326329331,-70.8875489327,1
42.4985576462,-71.4100044705,0
42.1334,-71.2517,0
42.2901383333,-71.9867466667,0
42.294068289,-71.1474165463,1
42.3720058405,-71.1454996616,1
41.4300691093,-70.6690991017,0
42.2184716667,-71.2816916667,0
42.4133729722,-71.970584,0
42.63213,-71.6326366667,0
42.12869372,-70.80636663,0
42.5860194444,-71.9887722222,0
42.6650478,-73.261678,1
42.3310203552,-72.5747375488,0
42.0265111111,-70.6901305556,0
42.6550254822,-71.135345459,0
42.6038473766,-71.4587613051,0
41.9906083333,-70.9697716667,0
42.2253839379,-71.7381305161,0
41.7443222222,-71.1439722222,0
42.675986202,-71.7784107104,0
42.4808744561,-70.902563403,1
42.3799289251,-71.2519185618,0
42.4565839728,-70.9723629802,0
42.4529865432,-71.0820301289,1
42.0398058359,-71.6793065195,0
42.2965626,-72.565582227,0
41.5339204264,-70.9702021047,0
42.288989,-73.1814999722,0
42.4138194333,-72.1962912694,0
42.285385949,-72.5171038397,0
42.0604921165,-73.0591863021,0
42.4604330102,-71.6578097808,1
42.6883877419,-71.0033715833,1
42.33675,-71.1537388889,0
42.2730122,-72.064376,0
42.2693629722,-71.279487,1
41.5130481569,-71.0049786479,0
42.0995873046,-70.9348194185,1
42.1485089917,-72.28709857,0
41.9123457252,-69.9771380424,0
42.36713,-71.0284583333,0
42.3990348333,-71.1556127222,1
42.62264,-72.7879833333,0
42.4524005782,-71.4771537949,1
42.6144906983,-71.9219322199,0
42.2081903927,-71.4201260079,0
42.4964616989,-71.3647755111,1
42.4773666667,-71.42173,0
42.5441418209,-72.3593490647,0
42.63451167,-71.20764167,0
41.9889502021,-70.70351682,1
42.52401736,-70.89056461,0
42.19507,-73.3686366667,0
42.24779927,-73.25678211,0
42.3978666667,-71.7861222222,0
41.8908410834,-70.8085858232,0
42.0906916667,-71.6119,0
41.5744332629,-69.9913934516,0
42.662308645,-71.3390658334,0
42.3703059224,-71.102813713,0
42.68947,-71.2239533333,0
42.1022221667,-70.1757666667,0
42.5711366667,-70.8958883333,0
41.4095019953,-70.5627333373,0
42.271538402,-70.8808570728,0
41.7213339004,-70.2059158971,0
41.9759469025,-71.1835346371,0
41.689005,-70.7293466667,0
41.9355230997,-70.8342252997,0
42.6643466667,-72.5476216667,0
42.2398177983,-70.9134493121,0
42.5562920049,-71.8822546118,0
42.1066451607,-72.097728103,0
41.7166374701,-70.2250875776,0
42.2502216667,-71.979805,0
42.0216829034,-70.8691581686,0
42.3462628007,-71.517546723,0
41.9709916667,-70.6844783333,0
42.5420123893,-71.316922317,1
42.29193133,-71.19177432,0
41.9479216667,-70.7942283333,0
42.2980916667,-71.3122033333,1
41.2765041985,-70.1925839374,0
42.8077966667,-70.8652333333,0
41.4351410917,-70.637769568,0
41.670283115,-70.3521328939,0
42.2922327832,-71.6304864332,1
42.2527137905,-71.016150713,1
41.6601775997,-70.4297092997,0
41.6443334672,-70.9296827845,0
42.5839030034,-70.71519962,0
42.3183260878,-72.6300673446,0
41.39904249,-70.5452824664,0
42.0309069722,-70.855913,0
42.6707033333,-71.3984833333,1
42.4570116667,-71.351355,0
42.3619616667,-71.0556721667,0
42.2159716667,-71.4404216667,0
42.3891633333,-70.990645,1
42.6664889952,-71.0971564341,1
41.4183571878,-70.5585263412,0
42.4706616667,-71.0571055,0
42.608598,-72.7376399722,0
42.2763044167,-72.4645122778,0
42.0983634161,-70.9342330747,1
42.587125,-71.95145,0
42.1052126773,-71.4005413559,0
42.6639483333,-72.17203,0
42.6328593439,-70.619998835,0
42.6384488706,-72.8267605011,0
42.1294161459,-71.1442211778,0
41.6966819763,-70.6289825439,0
42.2268368543,-72.5873904065,0
42.389025,-71.1336816667,0
42.5155442905,-71.0632751418,1
42.1260018831,-72.7534743481,0
42.6001447504,-72.5437385929,0
41.5429522441,-70.6042396012,1
41.9675966667,-70.8470083333,0
42.3477079134,-71.4392729552,0
42.295395,-71.0659555,0
42.1425222957,-72.7362012846,0
42.1621780132,-71.6722493866,0
42.3590891048,-72.4474808271,0
41.2994444,-70.0054891,0
42.7218883333,-70.7830883333,1
42.3705705314,-71.1417511851,1
41.5247533333,-70.6685716667,1
42.1856326377,-73.183231596,0
42.2904680093,-71.3849138841,0
41.7260966667,-70.0062638833,0
42.1086194444,-71.1352055556,0
41.9440194444,-70.6304472222,0
42.6556577944,-70.6027202125,1
42.1183319092,-71.4070205688,0
42.3769931298,-73.3292384818,1
42.7632722,-70.8045899,1
41.3973610993,-70.5384786989,0
42.6951518976,-70.7927739993,0
42.0788079885,-71.3205805905,0
42.3399503321,-72.6524760577,0
42.0874930863,-71.0207830761,0
41.8855555556,-70.7508333333,0
42.2931314915,-71.4340175972,0
42.284237276,-71.2184072821,0
42.4312216667,-71.0497971667,0
42.1405043439,-72.4517546134,0
42.3043469192,-70.919926859,1
42.7416765669,-70.7976337877,1
41.5430061155,-70.6420524953,0
42.083172993,-70.7854081266,0
42.4401671275,-71.5352419896,1
42.6588533333,-71.4138116667,0
41.75289639,-70.01123718,0
42.1840151168,-73.098645414,0
42.168237394,-72.8306254779,0
42.10928333,-71.196045,0
42.212125,-70.9261083333,0
42.4219472222,-71.8080888333,0
41.72868,-70.421525,0
41.5986733261,-70.5712871485,0
41.70153,-70.3287416667,0
41.856415,-69.95005,0
42.2692116667,-71.5085133333,0
42.1621813,-73.2666715,0
42.350575,-71.3086083333,0
42.0564333182,-71.010430567,0
42.26249667,-71.77617833,0
42.4519216667,-71.1063316667,0
42.2728397083,-70.8625970746,1
42.33762167,-73.36366333,0
42.503495,-72.4439083333,0
42.6043243408,-71.2285461426,1
42.1650472222,-73.0641166667,0
42.4005283333,-71.6814333333,0
42.2849133333,-73.352245,0
42.2494916667,-71.5155333333,0
42.0780715214,-71.2377937138,1
42.0284701213,-71.9148054935,0
42.4406206545,-70.9861985255,1
42.3968916667,-72.5164033333,0
42.0394666667,-71.3660166667,0
41.6731516,-70.0062786,1
42.33007,-72.53849,1
42.632655,-70.6765216667,1
42.8073098942,-70.9732166042,1
42.2379659562,-71.133697461,0
42.6763496,-72.3284207,0
41.8086853027,-71.3260040283,0
42.1718071983,-70.7518663071,0
42.66738084,-72.30316852,0
42.5134083333,-70.9396066667,1
42.4795103772,-70.885119103,0
42.5611056199,-71.443428618,0
41.7130883333,-70.2672416667,0
42.39281333,-71.0914695,0
42.23882656,-73.30440985,0
42.6325999294,-72.9400302564,0
42.184097,-72.655645,0
42.6571075217,-71.4445963861,0
42.8622363896,-70.9889507037,0
42.6279955794,-72.1423668205,0
42.353305,-71.0707555,0
42.46543,-71.12958617,0
41.5104666667,-71.0183861111,0
42.4436891,-71.0721170997,1
42.0267959722,-70.718737,0
41.5204752091,-70.9997954799,0
42.0612433,-70.180597,1
42.2860194444,-71.2440638889,0
42.6035135997,-72.5373278997,0
42.5536924487,-71.3436566733,0
42.5199571526,-71.1762320797,0
42.5916076359,-72.6041351259,0
42.640921497,-70.9690329266,0
42.2798500061,-72.3539505005,0
41.6432452608,-70.2265656312,1
42.6394230157,-70.7727097347,1
42.0839473795,-71.0299072638,0
42.329655,-71.20071333,0
42.3310624903,-70.9283251339,0
41.5246410342,-70.6596075185,1
42.459991046,-72.6411656517,0
42.5140620555,-71.7377930126,0
42.1576881409,-70.8462524414,0
42.2040799,-70.8473876,0
42.3129382167,-71.0085954665,1
42.0814583333,-73.4332138889,0
42.4409116667,-72.8962783333,0
41.269475,-70.1695866667,0
42.0423055556,-71.8283305556,1
42.1789552868,-72.7004265954,0
42.611356066,-71.321695599,0
42.275235,-71.3063479722,0
42.708443515,-70.7720665084,1
42.6055598381,-71.5683997159,0
41.2424943497,-69.9927152423,0
42.1126493533,-71.6045444739,0
42.322845,-72.6299666667,0
42.4824142507,-71.1091342499,0
41.5455966667,-70.6308966667,0
41.6801633333,-70.548675,0
42.72778,-70.90397,0
42.7644428,-71.0756981,0
42.353202,-72.6656949722,0
42.2833713132,-71.9521839917,0
42.2376073,-70.84174614,0
42.4522773234,-71.0869126675,1
42.4565747453,-72.8939718577,1
42.195927,-71.501312,0
41.62472,-70.6267333333,0
42.4798416667,-72.7137466667,0
42.424255616,-71.8242462131,0
42.3281138652,-72.646315211,0
42.32265,-71.0932611667,1
42.2591461985,-71.6000295877,1
41.42249908,-70.57117819,0
41.8951252899,-70.7974083125,0
42.12713816,-71.16933084,0
42.24773,-71.52234667,0
42.6158866667,-71.0740805,0
42.67576771,-72.38976821,0
41.7385420854,-70.5068988288,0
41.66640962,-71.1375221,0
42.4631616667,-70.9578466667,0
42.0470974843,-71.6165852938,0
42.4506750028,-72.544905,1
42.47768,-70.903075,1
42.3201491701,-71.3032279074,1
41.3797616667,-70.7243333333,0
42.358631134,-73.2827529907,0
42.6448314,-72.39626515,0
42.4587118999,-71.2796326541,0
42.2233410941,-71.2587098297,1
42.3212173,-71.1275838,0
42.441995,-71.07647783,1
42.61258,-72.62462,0
42.283725,-71.22995,0
42.3459638889,-71.6132666667,0
42.742169302,-70.7946406005,1
42.7857366434,-70.8617912391,0
42.3429866667,-72.5214616667,0
41.9156757105,-71.2641206034,0
42.5755706,-72.04317499,0
42.2892716667,-72.6852033333,1
42.4686777778,-71.3985111111,1
42.3871157423,-71.5710006607,1
42.5328169344,-71.4418850095,0
42.6258049011,-71.4533843994,0
42.3890408115,-72.1855304342,0
42.4561516667,-72.3857966667,0
42.4854694444,-72.6197805556,0
42.6901027778,-71.68915,0
42.4667124234,-72.9521044716,0
42.63204,-72.1205183333,0
42.33163,-72.53135,1
42.3013166667,-71.5035083333,1
42.3438102348,-71.0601107776,0
42.276855,-71.2623283333,1
42.0978177571,-72.1746880417,0
42.4066887351,-71.7967657667,0
42.3515466667,-71.5443416667,0
41.6097754799,-70.5728413258,0
42.8030090955,-70.8706436938,0
42.6422424316,-71.3411865234,0
42.0550333333,-70.1306138333,0
42.4433138515,-71.2572757229,1
42.6822792,-71.605371,0
42.6837566667,-72.1720533333,0
42.2041060263,-70.7273250818,0
42.4945025701,-70.8564830553,0
42.3213305556,-72.2935444444,0
42.4976415793,-72.2064322357,0
42.411913749,-72.2749524364,0
42.4096337421,-71.3272342443,1
42.8003906027,-70.9333410523,1
41.6364216667,-70.3403633333,0
41.51684,-70.677366,1
42.4690765837,-72.7541108012,0
42.0548363632,-71.604751423,0
42.427832,-71.148232,1
42.062018,-71.110822,1
42.2190335527,-71.6125565267,0
41.5939829877,-71.0576075703,1
42.6949916667,-73.0592083333,0
41.6317966667,-70.44648,0
42.290460898,-71.0244409057,1
41.6859722256,-70.0912782597,0
42.5321083333,-72.321225,1
42.5963592529,-70.9307327271,0
42.2425138889,-70.8033138889,1
42.2215575653,-71.6485880771,0
42.3444285128,-71.5215174481,0
42.0201541114,-71.1804653463,0
41.8297702633,-70.6272253767,0
42.7052133333,-72.494055,0
41.6461970884,-70.3361801061,0
42.4102388889,-72.5826111111,0
42.47333833,-70.99622167,0
42.386425,-71.1097028333,1
42.387775,-71.449395,0
41.5461044312,-70.5916442871,0
42.7067876514,-72.8841424082,0
42.4724419602,-71.4598460869,0
42.4525708664,-71.0819870074,1
42.53379,-72.2735416667,0
41.74040279,-70.4172546789,0
42.1785726727,-72.6974245335,0
42.1783,-71.359955,0
42.2815655115,-71.8139184639,0
41.7786555556,-69.9387388889,0
42.2160234492,-71.9416045212,0
42.3870069621,-71.5710779152,1
42.43897072,-71.59170407,0
41.7926378583,-70.6345110725,0
41.639795954,-70.6509103473,0
42.6319379587,-70.7235389383,0
42.1216136,-71.6715143,0
42.1984980252,-71.9706442719,0
42.1005071,-71.0925121,0
42.2092736933,-71.6800070791,0
42.3867216667,-71.1069028333,1
42.4942666667,-72.5334333333,0
41.3585755688,-70.6375096321,0
42.6514034031,-72.7388940803,0
41.8791483473,-70.5566188351,1
41.6417466667,-70.648125,0
42.3785487672,-71.480592376,1
42.2511525375,-70.8603841066,1
41.9900877587,-70.7046947917,1
42.0421429661,-70.7270655247,0
42.074439687,-72.5011623869,0
42.6597807758,-73.2173030503,0
41.3910143,-70.5032635,0
42.3214382997,-72.6246991,0
42.0873933622,-70.676813099,1
42.4470533333,-71.1028583333,0
42.5364784638,-72.7663539929,0
42.1767937354,-70.7805167274,1
42.5583860553,-70.9358385159,0
42.550085,-72.943245,0
41.573784352,-70.5709156122,0
42.259981995,-70.834659467,0
41.515675,-71.0205694444,0
42.3630547715,-71.5212759494,0
42.3786111111,-71.1891666667,0
42.55371242,-73.21097656,0
42.81493,-70.8189166667,0
42.1400028333,-73.184945,0
42.19102167,-70.71787167,0
41.9311150551,-70.6588445504,0
42.0635562775,-71.1486652448,0
42.0297234174,-72.798035033,0
42.4560527778,-71.1250527778,1
42.8404136454,-70.8525501754,1
42.3582083333,-71.1048583333,0
42.3170831472,-72.2913679024,0
42.1230695,-72.78592,0
42.4190363055,-72.5189249813,0
42.61313,-71.5503,0
42.6564143651,-70.5970572516,1
42.6170755971,-71.2471948191,0
42.0990528333,-71.1190555,0
42.0613147975,-71.8431696296,0
42.10509167,-71.18752167,0
42.0877940158,-70.6771201786,1
42.5132850367,-70.9904631885,0
42.6030314,-71.252667,1
42.5823481448,-72.484792918,1
42.306637,-71.264135,1
42.2887027778,-73.3161611111,0
42.8566783333,-70.7886583333,0
42.0397310704,-70.9266680293,1
42.2488619101,-73.3582799644,0
42.177007,-71.250868,0
42.4234428406,-71.8739242554,0
42.63297,-71.5984416667,0
42.6703683333,-71.5676033333,0
41.3441507,-70.77880151,0
42.6755513995,-72.1125953357,0
42.3121482304,-71.3726814355,0
42.625,-70.9353633333,0
42.63448,-71.5162366667,0
41.9784705514,-71.3095745838,0
41.2891642,-70.0725527997,0
42.2774975201,-72.8437369557,0
42.2710466804,-71.757835485,0
42.6542716667,-72.2072516667,0
42.0890489805,-71.6234811827,0
42.0498950974,-70.0697311185,0
42.5581333333,-71.2898633333,0
42.6163744899,-71.5628362075,1
42.4391449545,-72.2879300906,0
42.467263788,-72.3184141517,0
42.49913735,-70.9200916,0
42.1594308776,-72.0559948311,0
42.5695447864,-71.149238046,0
42.3682666667,-71.25528,1
42.26176333,-72.65328333,0
41.94206167,-71.285705,0
41.6965026855,-70.1885147095,0
42.3281722222,-71.1930222222,0
42.2024478023,-71.2449635672,0
42.150985728,-72.0603177944,0
42.4779534806,-71.5010953602,0
42.1398353622,-72.4446547499,0
42.2145897244,-71.0749469139,0
42.47885,-70.959205,0
41.8985782997,-71.1839015,0
42.4529667534,-71.0822608008,1
42.1904,-71.2632,0
42.2588616667,-71.1032111667,1
42.4913138889,-71.8976277778,0
42.5581872597,-70.8726643577,1
41.7454571137,-70.4682757793,0
42.2519879408,-71.6696688941,1
42.4579755245,-71.3033651832,1
42.6269524737,-70.9498064753,0
42.2447663292,-73.3397679415,0
42.5419868144,-72.2500227106,1
42.1084778333,-72.09845,0
42.220575,-72.502815,0
42.0862208773,-71.5694507026,0
42.5899583333,-72.5974966667,0
42.6506243637,-70.602518622,1
42.3481783333,-73.323455,0
41.9928026243,-70.7269968981,1
42.0203502684,-70.8641338348,0
42.3952234589,-71.0714673461,0
42.34945687,-73.02439032,0
42.3237333333,-71.250275,0
42.0644221667,-72.5711883333,0
41.995912,-71.064817,0
42.86814315,-70.93212284,0
42.1511195,-73.2873616667,0
42.5036739722,-70.9534869722,0
41.8309216667,-71.275095,0
42.49086,-72.4741966667,0
42.4345582799,-72.5685840767,0
41.72663667,-70.66410833,0
41.6995866667,-70.4514783333,0
42.2100958089,-71.420963863,0
42.2615283333,-71.6589816667,0
42.519284872,-72.6993821137,0
42.4228335838,-71.5525400397,1
42.484775,-71.257125,0
42.36202167,-71.399475,0
42.5954055786,-72.5838165283,0
42.352897644,-71.8542175293,0
42.60035637,-71.4447784424,0
42.36441016,-71.0649889353,0
42.3865757727,-73.3315733448,0
42.5061527778,-71.249625,0
42.5942,-72.602033,0
42.38117,-71.19193,0
42.7048388412,-72.3637954518,1
42.2167719722,-73.4561769722,0
41.94473333,-69.99411167,0
42.861787,-70.978052,0
42.3995133333,-71.194,1
41.6338616667,-70.5850666667,0
42.5689387948,-71.1785390863,1
41.7570311782,-70.117944808,0
42.0844789921,-71.568412101,0
42.2970339144,-70.9310441372,0
42.188445,-72.8840633333,0
42.4251333333,-71.79335,0
42.5442164066,-71.4940017556,0
41.6618255323,-69.9398414503,1
42.1529416667,-71.6175472222,0
42.0733337402,-73.0152740479,0
42.2037913224,-70.716357529,0
42.2538333333,-73.20893,0
42.626675,-71.5922083333,0
42.49453,-70.8881216667,1
42.1564699722,-70.798432,0
42.2868128193,-72.6416812321,0
42.03147217,-70.08246667,1
42.452713438,-71.0818584678,1
42.4428836517,-71.074962301,1
42.027051994,-71.1804554398,0
42.159389139,-71.2129117591,0
42.4028219445,-71.0381016365,0
42.2508716667,-71.669555,1
42.2494522983,-71.5628046915,0
42.5873700161,-71.9775977428,0
42.2372508518,-70.9879763974,1
41.7800258616,-70.5029376424,1
42.3628917788,-73.2375334203,0
42.387096643,-71.5710362615,1
41.7991386782,-71.0908425474,0
42.0965,-71.0533221667,0
41.5961112976,-70.5791702271,0
42.6441686591,-70.627218382,1
41.8598966667,-70.674575,0
42.4662716667,-72.232415,0
42.6036847195,-70.9318133095,0
41.9719366667,-70.676195,0
42.3402434352,-71.100329163,1
42.1521083333,-71.21488,0
42.2611665875,-71.7974939463,0
41.3791690233,-70.4669856238,0
41.9065966667,-71.320305,0
42.3974983333,-71.4724983333,0
42.1486663818,-72.729598999,0
42.53748,-71.0939638333,0
41.92170333,-70.69953,0
41.5978843206,-70.8613753269,0
41.6632067172,-70.347346589,0
42.2787133333,-72.5788366667,1
42.2050301607,-70.9310346377,0
42.7213583333,-71.0244222222,1
42.4222891116,-72.5397521539,0
42.5039972222,-71.7958916667,0
42.772882752,-70.9223183498,0
42.3841819763,-71.9466171265,0
42.2810885,-71.7768824,1
42.0539055,-70.6461033333,1
42.2275147778,-72.2473804444,0
42.702205,-70.9918833333,0
42.37338731,-71.1427005792,1
42.24882043,-71.8019099837,0
42.37494518,-70.97610171,0
42.44039,-71.102878,0
42.6225395203,-73.0060272217,0
42.2640633333,-71.7670533333,0
42.6863389119,-73.0885551121,0
42.7061833333,-71.1129138333,0
42.3465674,-71.551453,0
42.58432,-71.31725333,0
42.4339833333,-71.3088527778,0
42.1801611158,-70.8018997587,1
42.5168416667,-71.1929866667,0
42.3989916667,-71.0400778333,0
41.9606583333,-71.25322,0
42.2373284,-70.8569137,1
42.1497856,-71.4286912,0
41.3614361111,-70.75245,0
41.993202763,-71.2397391991,0
42.4380807613,-71.0406328639,1
42.0613821925,-71.0381076559,0
42.271634,-71.218674,1
42.07646117,-72.56998333,0
42.42849173,-73.34676384,0
42.3202047,-71.303120619,1
42.1030805,-71.261795,0
41.9479639374,-70.6732980051,1
42.0336111667,-72.1743783333,0
42.34926,-71.1588279722,0
41.311115,-69.9829299722,0
42.387042808,-71.5710357779,1
42.198683,-72.2837676944,0
42.3030435078,-73.2807806879,1
42.3873709556,-72.6011187825,0
42.3786616667,-71.17118,0
42.2875181729,-73.3330614289,0
42.537675,-71.2972555556,0
42.2057732085,-70.9716987982,0
42.2431564167,-72.060585,0
42.3582916667,-71.511305,0
42.0587395494,-71.0510624155,0
41.7347963971,-70.2280445951,0
42.3005413054,-71.1628074645,0
42.6131744385,-70.8772506714,0
42.0461445784,-70.8158137953,0
42.2798008851,-71.4579419002,1
42.139692,-71.640436,0
42.6906659827,-72.8968024347,0
42.5452828417,-72.6050356776,0
42.6939283333,-71.2340166667,0
42.345445,-72.51793667,0
42.4857052327,-71.4632916346,1
41.9891706,-70.8030063,0
42.4146458249,-70.989035799,0
42.3284343443,-71.1670766026,1
42.2615231327,-72.1851133421,0
42.61662,-70.64112833,1
42.2980324052,-72.7799013123,0
42.5882355942,-70.7867026056,0
42.2690005402,-72.3363862763,0
42.4299616667,-71.1813883333,1
42.1977195339,-71.6816169557,0
42.2672276886,-71.0645453275,1
42.4737277778,-72.2789138889,0
42.463799476,-70.9858663852,0
42.615955,-70.7812416667,0
42.3442467298,-72.1891889429,1
42.2793277778,-71.1453638889,0
42.3243116667,-72.6535333333,0
42.1008805,-72.41541333,0
42.189341309,-73.3592630511,0
42.5361116667,-72.550745,0
42.3864149692,-70.9930898065,1
41.604795,-70.4721916667,0
42.0796313603,-71.3440562133,0
42.5892388053,-71.1017393647,0
42.5179639,-72.5324194,0
41.6636664296,-70.3617974641,1
42.1040733333,-70.7130333333,0
41.45292,-70.5562216667,0
41.34333638,-70.7400709713,0
42.4507715877,-71.2747545925,0
42.4258021,-71.06065258,0
42.3049382033,-72.2243535519,0
41.4917308219,-71.0391161218,0
42.2463083333,-70.9433366667,0
42.3202466667,-71.06565,0
42.3908271827,-71.1134465629,1
42.61976103,-71.99917165,0
42.2983093262,-71.0107574463,0
42.2353133889,-72.0544128333,0
42.4623902696,-71.4730826451,0
41.6255116667,-71.0284721667,0
42.0724842159,-70.2058142024,1
42.2867133333,-72.5636233333,0
42.1053487528,-71.5363806736,0
41.9886646195,-70.7037390857,1
42.7138839809,-70.7785258074,1
42.1699794339,-71.4875465166,0
42.1785903703,-71.6823746589,1
41.866705,-69.995675,1
42.0877796069,-70.6783874518,1
42.2146928131,-71.433275279,0
42.1556814155,-71.4020015673,0
42.0840324202,-71.1170089841,0
42.4101478785,-71.1356841782,0
42.4520833333,-71.40747,0
42.1000471667,-70.8303216667,0
42.3662866667,-71.265,1
42.2983383333,-71.1409,1
42.2796283333,-72.35488,0
42.2440219674,-71.1078160638,1
41.3621865703,-70.6340271889,0
42.505047551,-72.7516578994,0
42.4984583333,-72.70922,0
41.4293219722,-70.602269,0
42.2364529968,-71.469800016,0
42.2346879463,-71.1740200833,0
42.3199272156,-71.2066574097,0
42.2289258265,-71.4008208889,0
42.551,-71.3787083333,0
42.5012638889,-72.3315277778,0
42.68232,-72.3233083333,0
42.2211,-70.8685533333,0
42.5871865674,-70.9887856197,1
42.2276280924,-70.7593131438,0
42.5889543957,-71.536203716,0
42.7402216667,-73.206,0
41.7046793527,-69.9465991862,0
42.6473616264,-71.2751412004,0
42.5476017758,-72.2782893091,1
42.1426611667,-71.4447466667,0
42.444355534,-71.2159140278,0
41.9183194444,-70.5767833333,1
42.0619955004,-70.2280152627,1
42.4254964097,-71.4334621112,1
42.6270153997,-71.5052004,0
42.329473,-72.533925,1
42.364688755,-71.2652928346,1
42.2194044827,-71.5693062644,1
42.449127749,-71.2148283543,0
42.3947388119,-71.5309248215,1
41.80139317,-71.05979232,1
42.6142420077,-72.982161269,0
42.2669929997,-71.8325071997,0
42.5488922819,-72.4479031501,0
42.85443628,-70.96702846,0
42.556915,-72.67984,0
41.90806588,-71.1211826652,0
42.3987856843,-71.1559192836,1
41.8888634378,-69.9916069878,1
42.0260416667,-71.4071366667,0
42.5907583333,-72.4026866667,0
42.0997399722,-71.6199179722,0
42.5044521153,-72.377629997,0
42.6908950806,-71.2690582275,0
42.5184656047,-71.0371894955,1
42.1147909827,-71.4148988044,0
41.2613210539,-70.0943862006,0
42.1000448998,-70.9322856168,1
42.4751083333,-70.8838283333,0
42.37217,-71.3006666667,0
42.2571436603,-71.7552900687,0
41.6486133333,-70.3661366667,1
42.3168124818,-71.1033529323,0
42.7212633333,-70.9938283333,0
41.6943108267,-70.3689215955,0
42.3126530042,-71.1795257405,0
41.8576256531,-71.1078275877,1
42.0986221667,-72.711395,0
41.9385083333,-70.786775,1
42.611217,-71.1036876997,0
42.8017883333,-70.8626866667,0
42.5936513627,-71.5149309487,0
41.933525,-69.9786,0
42.6380648962,-71.3825530641,0
42.34797137,-72.52693658,0
42.4322775757,-71.2937528577,0
42.3639616667,-71.2630383333,1
42.126567,-70.7957739722,0
41.6806401711,-70.5337118074,1
41.684471,-70.112889,0
42.0954197071,-71.238753628,0
42.2846527778,-71.1509944444,0
42.5426510339,-72.5270517555,0
42.170135498,-71.7124099731,0
42.0848055028,-73.36837,0
42.642545,-71.26148833,0
42.1207083259,-71.2136836697,1
42.5391716667,-73.0608583333,0
42.5463475055,-73.0297570211,0
42.1566388333,-71.213875,0
42.4419488165,-72.9018745711,0
42.32985,-71.0443805556,1
41.8513533333,-70.6112283333,1
42.240473,-71.2591489722,0
42.5944722676,-72.2390787676,0
42.55330861,-70.78187879,0
42.4940613109,-71.4189922658,0
42.75327167,-70.80018,1
42.539545,-72.1759866667,0
41.4539589722,-70.5738759722,0
42.0555333333,-70.71785,0
42.2241791865,-70.8630758127,0
41.9403753068,-70.0528999531,1
42.2535000078,-72.5598531112,0
41.3806916667,-70.6563333333,0
42.4122973922,-71.3249350695,1
42.4257666667,-72.55397,0
42.2121676586,-71.6708642521,0
42.6565222222,-71.0822,0
42.151775,-71.46308,0
42.0123303439,-71.2527406441,0
42.2267150879,-70.9359130859,0
42.1163333333,-71.3766866667,0
42.1607083333,-71.5282133333,0
42.498825,-72.2129683333,0
42.57705,-72.43508,0
42.492613,-71.042864,0
42.417514801,-71.1148300171,0
42.1252658292,-72.7604533182,0
42.592664744,-72.5865596127,0
41.2517916667,-70.0837388333,0
41.729625,-71.1679216667,0
42.7061127825,-71.203287514,0
41.7228537314,-70.5588470321,0
42.7950900933,-70.8387323183,1
42.33781167,-71.15564717,0
42.0313228436,-70.9236190769,1
42.8175866667,-71.1300195,0
42.0078298429,-70.8745753115,0
41.5940816527,-70.6447019801,0
42.3440334013,-71.0452756012,0
41.3230759604,-70.7634710335,0
42.5600083333,-73.158875,0
42.6527941297,-70.8045656607,1
42.461355,-72.1688883333,0
42.37515,-71.352905,0
41.6679109582,-70.5440432929,1
42.7409927787,-70.7960497465,1
42.1162252913,-73.4166150619,0
41.8835932503,-69.9929877976,1
42.3850537829,-71.9966844644,0
42.1650168859,-73.4079958499,1
42.3192217292,-71.7035432621,0
42.4171867371,-71.1146087646,0
42.3658783333,-71.2644883333,1
42.4748636596,-70.9100462124,1
42.279866572,-71.775406301,1
42.3368,-71.18432,0
42.3056912143,-71.0940769521,1
42.6427307129,-72.6117706299,0
42.6815153,-70.9460590997,0
42.4183339247,-70.9063356217,0
42.2858092,-71.9001123,0
42.115406,-70.150948,0
42.1597833333,-71.47162,0
42.728168467,-71.0271735287,1
42.2957594762,-72.513101359,0
42.26900833,-73.32685833,0
42.39125,-71.2639916667,0
42.119835,-71.117793,0
41.740305,-70.6632933333,0
42.537879,-71.529955,0
42.5656166667,-72.3992783333,0
42.5852431704,-70.6629695629,1
42.4396216667,-71.3576883333,0
41.927855,-70.055725,0
42.1115221667,-70.1588666667,0
42.1946473966,-70.8370110779,0
42.6175216667,-71.6018916667,0
42.8180981268,-70.8227577246,0
42.1985208622,-70.7380984012,0
42.5459889997,-71.0001055,0
41.9326248169,-70.5624771118,0
42.29755,-71.109536,1
42.4561382359,-72.9283822438,0
42.647508014,-71.15955306,0
42.4932234428,-70.9868888906,0
42.4045186,-71.2394164,0
42.3833031326,-72.2407756001,1
42.4719466667,-71.3499666667,1
42.5136111111,-71.4252555556,0
42.4150255463,-71.1590385251,0
42.1118671787,-72.3763978109,1
42.4097156635,-70.9942140718,0
42.0878083678,-71.6200677586,0
41.6163,-70.6456,0
42.47087833,-71.23269667,1
42.1690844,-70.95687297,0
42.4153021113,-73.0189346466,0
42.4673058655,-71.7748338171,0
42.4521416667,-71.0809028333,1
42.2623616667,-70.8721916667,1
42.6009155545,-72.4067948814,0
42.2909616667,-71.1392445,1
42.2058833333,-73.2874166667,0
42.6152673819,-71.9345239922,0
42.28582,-72.2995949722,0
41.7415088,-71.1440393,0
42.4792620066,-70.8781919279,0
42.4169578552,-71.0707778931,0
42.2921416667,-71.8190083333,0
42.4262676876,-71.675939705,0
42.54729,-72.2109016667,0
42.7153002704,-71.1738397089,0
42.1804677928,-73.3655643091,0
41.9608396331,-70.8869103874,0
42.2883618361,-71.0997218041,1
42.28328522,-71.88204435,0
42.3410544538,-72.7160343276,0
42.5915770932,-71.0375356302,0
42.6825553997,-71.6084517,0
42.4514412005,-72.3611473056,0
42.4879833333,-73.256225,0
42.5079166667,-73.0114527833,0
42.0657817321,-71.3898297866,0
42.4047,-72.4881583333,0
41.27230833,-70.10186667,0
42.241061,-71.125517,0
42.0727055,-71.6234966667,0
42.3305999353,-73.3657101542,0
42.306534533,-71.1555224439,0
41.71003,-69.9448616667,0
42.4888083333,-72.279985,0
42.8194254504,-70.9371895289,0
42.168545,-73.4773633333,0
42.3637018392,-71.9893209008,0
42.433225,-72.37973,0
41.62000333,-70.644495,0
42.3281160219,-71.2152225827,1
42.7769801006,-70.9570905372,0
41.2883716667,-70.1278221667,0
42.8174768854,-70.8924074192,0
42.3821783929,-71.1958713795,0
41.928676,-71.2674003,0
42.5641729031,-71.1795075517,1
42.3858326786,-71.570994708,1
42.47965,-71.435925,0
42.0686073303,-72.1523513794,0
42.2782169383,-71.1337262918,0
41.2850883333,-70.0513445,0
42.5608797372,-72.7426861806,0
42.41016333,-71.69080333,0
42.1098062,-71.8794062,0
42.218645,-71.2222216667,1
42.5045678965,-71.1533011921,0
42.592513,-71.717423,0
42.22364167,-71.5857,0
42.4212833333,-71.1501611667,1
42.6425533333,-71.3361716667,0
42.4529373527,-71.0823422656,1
42.3202047,-71.3030669749,1
42.4655236812,-71.1634929934,1
42.3126916667,-71.0366583333,1
41.68977689,-70.01191699,1
42.8119685446,-70.8576164783,0
42.2437688793,-71.1629097125,0
42.4024607007,-71.0847936897,1
42.1458555,-71.52247,1
41.4513893127,-70.5824966431,0
42.3082666667,-71.0745916667,0
42.5161416667,-70.9828194444,0
42.4931411683,-71.5064094296,0
42.7162466667,-70.9978866667,0
42.4391366667,-71.2336666667,1
42.1652592294,-71.1377696631,1
42.0679781347,-72.2626944344,0
42.41626,-72.3522883333,0
41.9997587346,-71.3143995478,0
42.2903060913,-71.4854354858,0
42.2235751969,-71.3229914026,1
42.04745,-70.8134833333,0
42.6175235401,-72.7601401114,0
42.3553826806,-71.1013411546,0
42.03715377,-71.68691179,0
41.9121333333,-71.3799366667,0
42.4625296016,-72.2455853892,0
42.1355907061,-71.6011557542,0
42.6773817977,-72.9502855987,0
42.1793849052,-71.6827376421,1
42.7507027778,-70.7993416667,1
42.732446,-73.032814,0
42.1944927997,-71.6839264,0
42.1097043192,-73.4307352143,0
41.527857,-70.658264,1
42.29662,-71.4228283333,0
42.3056160071,-72.4533667379,0
41.35018,-70.7364583333,0
42.43960333,-71.21620333,0
42.5814383333,-72.5915133333,0
42.4512481689,-73.2635726929,0
41.6874943287,-69.9785428887,0
42.4730779597,-73.29901885,0
41.9132583333,-69.9729083333,0
42.3404533375,-71.0707172379,0
42.6915085316,-71.4252726641,0
41.3543052673,-70.586479187,0
42.3991194444,-71.1555972222,1
42.50374,-70.912097,0
42.6261292028,-72.8818989918,0
42.5096698932,-71.1887922697,0
42.1390202979,-72.0619552312,0
42.0482134908,-71.0017656994,1
42.6766633333,-72.1661083333,0
42.36558,-71.126275,1
42.0926722222,-72.5907555556,0
42.8700284288,-70.9167434706,0
42.45593032,-72.22985946,0
42.6388258755,-70.6410911113,1
41.9370994568,-70.6173477173,0
41.2788112751,-70.1883510447,0
42.54968819,-71.54520576,0
42.3183472222,-71.1745222222,0
42.700866214,-72.8858358041,0
41.9954616667,-70.0296388333,1
42.4560554279,-71.6458918101,0
42.5366589055,-71.4992331528,0
41.9889250157,-70.7033206483,1
41.7608736692,-70.1184039901,0
42.4586510685,-71.3714762607,0
42.2108304341,-73.3827830851,0
42.4025189722,-71.430085,0
42.0952083333,-70.7136305556,0
41.9803214764,-71.1416293055,0
41.4248962402,-70.616897583,0
42.6918051001,-70.6269414005,0
42.3401454,-71.1678091,0
42.6211128235,-71.3052749634,0
42.4890848156,-70.9807648324,0
42.2295333333,-73.4149466667,1
42.6774883959,-71.1877820265,0
42.2487882,-71.174869,0
42.0604713294,-70.215296175,1
42.32677,-71.53298,0
42.4068239359,-71.1476358548,1
42.27521641,-71.75793976,0
41.84599471,-70.59517498,0
42.3461286491,-71.2810338569,0
41.9460216667,-71.37133,0
41.6257516537,-70.8954614569,0
42.3547182392,-70.960594178,0
42.3018638889,-71.2837138889,1
41.6762699659,-70.0659953616,0
42.6426616667,-70.6298966667,1
42.546995,-71.201095,0
42.3062158995,-71.0978229933,1
42.5001092227,-71.0646488066,0
41.5962329819,-70.830819793,1
42.1065122914,-71.7658117042,0
42.3692883333,-71.0430138333,0
42.5975988346,-70.9621791935,0
42.1994234299,-72.6243424533,0
42.19726,-73.33462,0
42.277705,-71.34648,1
42.5435564482,-72.6022719964,0
42.337302,-72.46882843,1
41.420459,-70.550351,0
42.3558577065,-71.5413574471,0
42.2208049378,-70.920067531,1
42.3455543333,-70.9552078056,0
41.5428674018,-70.6041950052,1
42.0257248352,-71.2178208085,0
41.5978150184,-70.6459090683,0
42.4758311076,-71.9557948985,0
42.1700172424,-72.7182846069,0
42.7671585083,-71.0347595215,0
41.9886844441,-70.7025156393,1
42.4761690893,-71.0502305681,0
42.1219575236,-71.203603723,1
41.9931071566,-70.6995157915,1
42.2510799207,-71.8205321208,0
41.552345,-70.60903,1
41.9260883333,-70.6137166667,0
42.5152816588,-71.0633476342,1
41.919205,-70.98223,0
42.7288179245,-71.0464227239,1
42.2981578452,-73.2640293866,0
42.5598144531,-71.0130844116,0
42.39274,-72.0312566667,0
42.379176936,-71.5723459201,1
41.712145,-71.134925,0
42.3183708056,-72.2053375,0
42.5953588781,-71.4664614341,0
42.1326305,-73.30448,0
41.8831401885,-69.9968354192,1
42.0658721924,-72.4025726318,0
41.76902,-70.0237195,0
42.3079650728,-71.703692935,1
42.175,-72.54276,1
42.10898883,-72.77652833,0
42.184382,-71.658297,0
42.601872,-71.539903,0
42.6494864244,-71.1703807349,0
42.266,-73.2107383333,1
42.749005,-70.9399116667,0
42.319507,-72.405056,0
42.0429027958,-71.0500702842,0
41.6604083333,-69.9870216667,1
42.2226577645,-71.1805479803,0
41.6251734684,-70.910534983,0
42.7922216667,-70.8934466667,0
42.2998603268,-72.2353559504,1
42.3195944444,-72.8172416667,0
41.6155264302,-69.9854745146,0
41.9223021168,-70.7835732735,0
41.6483612061,-70.8666305542,0
42.3261833333,-71.3859783333,1
42.3559022,-71.219005,0
42.2629200427,-71.0025595795,0
42.2866320101,-71.5509377178,0
42.3856221061,-71.1084639654,1
41.7009222222,-71.0286277778,0
42.3030776697,-71.0899097781,1
41.7751808167,-70.0518035889,0
41.9532,-71.359025,0
42.3530630802,-72.5027349608,1
42.6236239924,-72.7817885578,0
42.5203745859,-71.8001927622,0
42.1070424733,-72.0866960467,0
42.5903666667,-71.5682616667,0
42.46478667,-71.620955,0
42.3057863594,-71.0939129859,1
42.6881417466,-72.0827119408,0
42.157075,-73.0825416667,0
42.4356916728,-72.5419466667,0
41.88062,-70.00125,1
42.1828527778,-73.092575,0
42.2292760341,-71.9086694252,0
42.3207883333,-71.26317,1
42.6296136334,-73.1810035184,0
42.4683109722,-73.1519499722,0
42.2333716743,-71.0919862006,0
42.3725170072,-71.1434161372,1
42.3063230559,-71.810528487,0
42.1000833333,-73.1763616667,0
41.9888826964,-70.7032419899,1
42.6038,-70.602937,0
42.3767769072,-71.1611365154,0
42.289709,-73.316119,0
41.97525,-70.80078,0
42.1896527,-71.450321,0
41.6836677,-70.9197012,0
41.452365,-70.5675609722,0
42.2062416667,-71.4575777778,0
42.8498195947,-70.8184888426,0
42.080937,-72.565678,0
42.5938225331,-71.5536054349,1
42.6967601967,-71.892648397,0
42.72765333,-72.81445333,0
41.88483,-71.0864555,0
42.414663225,-71.561819734,1
42.3877,-71.231675,0
42.6679283333,-70.8738466667,0
42.7093437385,-70.7810002513,1
41.6294833333,-70.9515833333,0
42.29755,-71.1239305,1
41.282475,-70.0974055,0
42.6809539444,-72.5998767778,0
42.2997082409,-71.769939959,0
42.7882219898,-70.8090683528,1
42.4485001898,-71.4543260519,0
41.3796230891,-70.5270386692,0
42.3948911569,-72.9456004276,0
42.4759111755,-71.463586092,0
42.0376224449,-70.9283299479,1
41.8733333333,-70.7883333333,0
42.6429488976,-71.2360425667,0
42.4525528773,-71.0821167985,1
42.39368,-71.1356416667,0
41.7704479548,-70.0475086808,0
42.2030965148,-73.3649816749,0
42.68197485,-72.47279778,0
42.21056333,-72.60318,0
42.31036333,-72.62854667,0
42.2507450527,-73.3596305922,0
41.2803716667,-70.1497028333,0
42.4178416667,-72.3449766667,0
42.1690857733,-71.4344403894,0
41.6525409723,-70.1412479343,0
42.5491348654,-71.4915660583,0
42.61229667,-71.20933667,0
41.76621606,-70.09720706,0
42.77988833,-70.876525,0
42.5308990479,-71.3519744873,0
42.4107503565,-71.3283450063,1
42.1283836365,-72.1335601807,0
42.70852822,-70.80093502,0
42.511605,-72.209725,0
42.3444027038,-72.2334202578,1
42.3465448418,-71.2201164634,0
42.1194884492,-72.028373893,0
42.2037132151,-70.9014765532,0
42.4411293292,-71.3473257265,0
42.2353476469,-71.6204138444,0
41.7798348918,-70.4894503579,0
41.7360644506,-70.2395649576,0
42.2355466667,-71.7752616667,1
42.7005896243,-71.0719892755,0
41.9573857889,-70.6606393479,0
42.6935966667,-72.803375,0
42.1396789551,-72.7450790405,0
41.7004113,-70.0385211,0
41.8898583428,-70.6316083333,0
42.0954576409,-72.5879897929,0
42.8108033333,-70.973,1
42.2571033483,-70.9899367279,1
42.3205682,-71.3061171,1
42.519375,-70.85959667,0
42.0971715821,-70.830616951,0
42.3725102082,-71.1451263322,1
42.5925783333,-71.5319583333,0
42.356340471,-71.4186390747,0
41.63087943,-70.99606974,1
42.6451861111,-72.1876305556,0
42.73068667,-70.97011667,0
41.623626709,-70.5857315063,0
42.1684835422,-71.014451293,0
42.6772370198,-70.6513082426,1
42.148,-71.763695,1
41.7427177429,-70.6915740967,0
42.61238,-71.4386133333,0
42.1064528333,-73.4385533333,0
41.9478861111,-71.0914944444,1
42.0592028333,-71.01665555,0
42.7176262788,-73.1851731434,1
42.4986916667,-71.0613945,0
42.2524722222,-71.5725333333,0
41.6804261,-70.9364418,0
42.5366404997,-70.8692147,1
42.4280266173,-70.9329337777,0
42.3042843937,-71.0894570752,1
42.54015333,-72.65812833,0
42.4901395967,-71.1673080915,0
42.3518683333,-73.3383166667,0
42.4607734208,-71.1609899998,1
42.65767167,-70.8946,0
42.57871667,-70.76612167,0
42.4861349579,-72.5061417885,0
42.267840655,-71.6363552596,1
42.5221533333,-70.8864133333,0
42.5167383333,-70.9990083333,0
42.51085,-71.19526667,0
42.1316155885,-71.1404782255,0
42.3201888343,-71.3031528055,1
42.181925,-72.0786066667,0
41.9103318,-70.5680882997,0
42.7771615514,-70.8128112483,1
42.11748058,-71.190814,0
42.4136305181,-71.0440111663,0
42.4058283333,-71.1707383333,0
42.5366633333,-72.590645,0
42.5089116667,-71.37587,0
42.7000007629,-70.7900009155,0
41.7017546719,-69.9410132164,0
42.5023416667,-72.2792666667,1
42.5683461949,-70.8436781909,0
42.0887056693,-71.0700379065,0
41.2785116667,-69.962425,0
42.5112116667,-70.845825,0
42.1828643303,-73.274252373,0
42.1167305,-71.450675,1
42.0810606005,-71.6199646611,0
42.7696688303,-71.1092758987,0
42.1079060481,-73.2409323543,0
42.6000216667,-71.4317783333,1
42.4934505138,-71.0689866664,0
42.264974,-72.8853869722,0
42.486706,-71.221986,0
42.4340833333,-71.0797027778,1
42.25407,-72.3359983333,0
42.4351513162,-71.1059069902,0
42.516225,-72.4318616667,0
42.1664918,-71.7003758997,1
41.2700500488,-70.1923751831,0
42.1962283333,-71.2056366667,0
42.2681483866,-70.9982237719,0
42.308002931,-72.5943013777,0
42.6297666667,-73.1407233333,0
42.1583559132,-71.5312081017,0
42.5346811392,-71.3097453273,0
42.3124197484,-70.9516106657,0
42.3049116797,-71.0918509886,1
42.6638678278,-72.9744615,0
42.3763116667,-73.1493528333,0
41.9362194444,-71.3693694444,0
42.5618466667,-71.33703,0
41.8468755969,-71.3089011239,0
42.7452,-71.010575,0
42.3534111111,-71.0440972222,0
42.43035,-72.537528,0
42.4530419563,-71.0823305384,1
42.3103111111,-72.3208527778,1
42.3946120189,-72.4250120215,0
42.293205,-72.6492833333,0
42.4232227,-71.3090461,0
42.2447583333,-70.9247583333,0
41.6507045948,-70.5778143012,0
42.4661916667,-71.0910416667,1
42.6253585815,-72.4770355225,0
41.6831207593,-70.2206665277,0
42.4483352917,-73.2642442724,0
42.64048,-71.51307,0
42.337448,-72.6319119722,0
41.2770083333,-70.0968778333,0
42.0240970344,-70.872619162,0
42.2672345722,-71.7730681692,0
42.645250096,-70.6146317348,1
42.4637278102,-71.5408986743,1
41.713445,-70.10158617,0
42.4125219137,-71.4208078758,0
42.2556333333,-72.5786216667,0
42.4141758583,-71.9665664434,0
42.7898833333,-70.9392016667,0
42.2501133333,-71.0382083333,0
42.4703611111,-72.2606111111,0
42.4910605875,-71.0660574937,0
42.6535555556,-71.3486527778,0
41.9188778787,-70.7513435398,1
42.085210919,-71.7188574561,0
42.24845927,-71.17586271,0
42.7066883333,-72.914955,0
42.200025,-70.9199216667,0
41.6492367558,-70.2785629173,0
42.5510873286,-70.9700804367,0
42.7653286741,-70.8753568679,1
42.6648142236,-70.643364396,0
42.1199309491,-70.9079386637,0
42.3701466667,-71.2577583333,1
42.1732912,-71.6379081997,0
41.8955555556,-70.7455555556,0
42.365271715,-71.2645847843,1
42.0239710808,-71.2217944209,0
42.7261252155,-70.9942657197,0
42.2185398417,-71.4820732276,0
42.5220966667,-71.480705,1
42.3432034367,-71.2349315173,0
42.5994616667,-70.99315,0
42.478471035,-72.607623674,0
42.7653199384,-70.9582016254,1
41.724725,-70.6594916667,0
42.2628166667,-71.6190033333,0
42.2797671868,-71.458359883,1
42.4418048225,-70.9919165294,1
42.6577182136,-70.9072733783,0
42.3114888889,-71.1365972222,0
42.66396976,-71.8998303,0
41.6387672442,-70.5545439236,1
42.2957916667,-71.9798583333,0
42.2396099443,-70.7597377648,0
42.4694722222,-70.89945,1
41.7661383333,-70.48275,0
42.27283667,-71.68908667,0
42.8068293255,-70.9734888365,1
42.5369286868,-72.836066592,0
42.4252225008,-71.5229766535,1
42.0841539419,-70.9329759144,0
42.2872466667,-71.3807616667,0
42.4813933333,-71.4373,0
42.4150291307,-72.4741581362,0
42.2019276184,-71.7752396688,0
42.3428703933,-72.5662579559,1
42.6195678711,-72.077507019,0
41.3947069722,-70.565651,0
41.572582728,-70.4626651481,0
42.602825,-71.9812616667,0
42.2992301302,-71.1400965974,1
42.6475235308,-72.1229284723,0
42.4921683333,-70.99916,0
41.9121239997,-70.6836978,0
42.3435622257,-71.03711407,0
42.51720213,-72.21271261,0
42.0825739769,-73.362014346,0
42.2529381377,-72.2549755322,0
42.38022,-73.1498333333,0
42.2473837101,-71.7042229966,0
42.2364514459,-72.0892424632,1
42.3303186134,-72.6473354548,0
41.7459854805,-70.14285291,0
42.3369361111,-72.6640166667,0
41.7308082151,-70.2288874218,0
42.4640416667,-70.9930116667,0
41.8239553387,-69.9402553156,0
42.2499847385,-73.3643192592,0
42.4011408333,-71.7875248889,0
42.6471157607,-72.4250642509,0
42.3026600758,-71.1710594295,0
41.34980949,-70.4941154,0
42.471145,-70.91497833,1
42.4018237769,-71.5795564305,0
42.2073383333,-73.3507116667,0
41.735593356,-70.8386768801,0
42.4847259521,-73.3022613525,0
42.3673366667,-71.1698216667,1
42.2198844192,-71.1819202563,0
42.3902616667,-71.1353466667,0
42.6836007546,-72.7166322458,0
42.2963344027,-71.8245199789,0
41.7546889885,-71.01125828,0
42.4136384003,-71.5107578778,1
42.6404650448,-72.9386920179,0
42.4878814268,-71.8881995603,0
42.528975,-72.3081633333,0
42.2751126267,-72.3340524499,0
42.6228680288,-71.2898265283,1
41.9977777778,-70.7125,1
42.1215007997,-70.7825717997,0
42.7362666667,-73.1833111111,0
42.2799963889,-72.4734653611,0
41.3497916667,-70.46965,0
42.620893051,-71.5040381626,0
42.3702133333,-71.25763,1
42.2167939134,-70.7900964003,1
42.6879437366,-71.111247763,1
42.1004792466,-72.6813384891,0
42.65752042,-71.33237185,0
42.6521293288,-70.6005776301,1
42.36594,-71.26529,1
42.7681281382,-70.9978286309,0
42.3038333428,-71.983825,0
42.40842,-72.5419216667,0
41.3344083333,-70.8257616667,0
42.3001716667,-70.9312583333,0
42.33362,-72.580155,0
42.2573693549,-71.9141137101,1
42.3654283333,-73.30137,0
42.7715833333,-71.0396555556,0
42.6542213907,-72.2926617954,1
42.0294666667,-70.8900866667,0
42.1968552936,-71.2385268789,0
41.8838501,-70.97935629,0
41.96645,-71.291405,0
41.6634854932,-70.8833267167,1
42.3167033428,-72.8100666667,0
42.125813,-71.244724,0
42.25417,-71.36557833,0
42.3734222659,-73.3516446501,0
42.7865473522,-70.8055537939,1
42.63875664,-72.16805048,0
42.4807522341,-71.5361160671,0
42.3611347285,-73.2854076662,0
42.1487055556,-70.9440805556,1
42.2708075108,-71.6111255051,0
42.015427,-71.155138,0
41.9445416667,-69.9881666667,0
42.3309504085,-72.5400531292,1
42.316844,-72.6760859722,0
42.5949371048,-71.3832059038,1
42.6461569161,-71.4804407976,0
42.0635871887,-71.5877761841,0
41.8830244508,-69.9931846785,1
42.0137292526,-70.8700933623,0
42.2858971311,-71.5816725232,0
42.247025,-73.4432366667,0
42.4770576701,-70.9119419349,1
42.0805604997,-72.5849618,0
42.2867362,-71.8968004997,0
42.4201150997,-70.9337148,0
42.4764183333,-72.330285,0
41.6421393997,-70.2786437,0
42.53196,-72.3207283333,1
42.4092140198,-73.2410202026,0
42.4941175199,-71.4677638841,0
42.715355,-70.7757116667,1
42.5783095445,-70.7702277697,0
42.1447024526,-71.8698470936,0
42.0890444046,-71.3257996221,0
42.2247606609,-71.1927566585,0
42.72717833,-71.13007217,0
42.4211875936,-71.0316801843,1
41.8574512664,-70.6892885265,0
42.6023650964,-72.6018947372,0
42.1352111667,-72.8012783333,0
42.7896902563,-70.8073414117,1
42.2360076904,-71.0564880371,0
42.3060490004,-71.0941536729,1
42.5141431193,-71.1596726999,1
42.1202777778,-72.1005555556,0
42.3512207691,-71.4884399904,0
42.1951004982,-72.6544065085,0
42.47731,-72.6787116667,0
42.3134284263,-71.0350591262,1
42.1313501512,-72.4503499241,1
42.2901071379,-71.0238362495,1
42.7483023759,-70.8454203252,0
42.0535848621,-71.0814226905,0
42.4828737523,-71.0362890614,0
42.1884900908,-71.0549132962,0
42.452962795,-71.0821159596,1
42.0728010981,-70.2062184736,1
42.5625179722,-73.1614359722,0
42.323444,-72.662857,0
42.159358,-71.214184,0
42.4178466667,-71.5357966667,0
42.0256305,-71.0853888333,0
41.9269015461,-70.8170173342,0
41.6240110293,-70.5352272838,1
42.265407,-71.040075,0
42.6095861111,-71.109925,0
42.2869416667,-71.2498866667,0
42.53126167,-71.192305,0
41.52968,-71.013275,0
41.7527720666,-69.966762666,0
42.3821533333,-72.4141916667,0
42.6450916667,-73.2337333333,0
42.5845083333,-72.5173716667,1
42.4187866667,-72.5436466667,0
42.3080866255,-71.0906671267,1
42.4500846,-73.2509381,1
42.3207145833,-72.4733376944,0
42.36168718,-72.26246117,0
41.6163663484,-69.9634780889,0
42.48487958,-71.88102981,0
41.6229388889,-70.3664416667,0
42.5034402516,-71.0519359969,0
41.8561527563,-70.7814178434,0
42.6291443608,-70.8432427173,1
42.0815216667,-71.41516,0
41.8397974879,-70.6854855011,0
42.6671248312,-70.6220162367,0
42.1220450941,-72.2939538883,0
42.8108484146,-70.8629629846,0
42.4196783333,-71.0469805,0
42.2680629722,-71.799087,0
42.7216833333,-73.2622966667,1
42.447028,-72.5104639722,0
42.4674833333,-72.2670833333,0
