latitude,longitude,presence
42.4965763841,-71.2367105484,0
41.7173919,-70.6367807997,0
41.5093264187,-71.0204212244,0
42.3937110104,-71.4387532551,0
42.72765333,-72.81445333,0
41.99308,-70.7489166667,0
42.3202205657,-71.3032386362,1
42.3288,-72.5387,1
42.1790213404,-71.9304423177,1
42.0679316905,-72.2623618831,0
41.5825843811,-70.5619354248,0
42.6189707686,-71.7129121721,0
42.0667652,-71.3281114,0
41.6458770859,-70.4575214555,0
41.8974417516,-70.0192322955,1
42.0735080494,-70.20583551,1
42.4851413041,-71.9367755959,1
42.2980324052,-72.7799013123,0
42.1033083333,-71.26178,1
42.4380291604,-71.1244887293,0
42.6101027778,-71.0901083333,0
42.4449085348,-71.596095795,0
42.0788774436,-70.2177185769,1
42.2186431885,-71.1176757813,1
42.6421898581,-71.1115523833,0
42.6464763889,-71.1264747222,0
42.6657728842,-70.8769232244,0
42.1325555,-71.0951611667,0
42.61120755,-70.6634221833,0
42.2007282678,-72.5600432373,0
42.7395052933,-70.7929400333,0
42.1541422222,-71.1547844444,1
42.3592459722,-71.0270869722,0
42.10357783,-72.59878667,0
42.2296649722,-71.8229489722,1
42.6865121454,-73.1573667983,0
42.2360194861,-71.8041733415,0
42.0194128997,-71.4871555,0
42.3582916667,-71.511305,0
42.2990416667,-71.6137416667,0
42.4022866667,-71.0895695,0
42.3769914944,-71.0984250536,0
42.2899,-71.0984416667,0
42.3140521058,-72.5971845165,0
42.0083364997,-71.3384637997,0
42.62945524,-70.76564741,0
42.4862033333,-71.1924833333,0
41.9098245733,-70.0711787681,0
42.4433583333,-71.45895,0
42.3674755,-71.2547771,1
42.2174987793,-71.0227813721,0
42.245821305,-70.7663793642,0
42.4387409939,-71.2635625458,0
42.1097385571,-71.2147581256,0
42.3071777778,-71.1206361111,0
42.6535555556,-71.3486527778,0
42.3476821,-71.2498226,0
42.2672316667,-71.6446933333,0
42.40375,-71.6667333333,0
41.74305,-70.1615528333,1
42.24295,-71.7648466667,1
42.7008802282,-72.322282099,0
42.629581378,-70.8429208516,1
42.2204083333,-70.8493583333,1
42.0781444507,-70.2207635824,1
42.1628066667,-72.8143683333,0
42.2833713132,-71.9521839917,0
42.0856671998,-70.6697339761,0
42.3952777778,-72.7327777778,1
42.0322972222,-72.3214444444,1
42.46075343,-72.55887358,0
42.58164667,-70.73577167,0
42.631215,-72.1271633333,0
41.382008,-70.667466,0
42.2664261944,-71.7866427222,0
42.6071004015,-70.6612622738,0
41.571224434,-71.0016936294,0
41.7218213976,-70.2344899716,0
42.54612,-71.4131616667,0
42.336657834,-71.1111248355,0
42.1154111667,-71.1578361667,1
42.6892751284,-73.0217151039,0
42.2065262045,-70.8867821994,1
42.4146458249,-70.989035799,0
41.3201485435,-70.8083958207,0
42.2609708997,-71.0170078,0
42.202595,-71.44953,0
42.4455861111,-71.34095,0
41.6948583333,-70.6212,1
42.1978,-73.1642083333,0
42.5469749529,-70.9033199182,0
42.38117,-71.19193,0
42.28,-70.954545,0
42.3013274997,-72.5831752997,1
42.270175,-72.197005,0
42.109189438,-71.9962597642,1
42.272183,-71.219677,0
42.6521608842,-71.2929197078,0
42.436605293,-71.0237891057,0
42.487765107,-70.9339765926,0
42.293742,-71.236714,0
42.7698412571,-70.9291813701,0
42.0697097674,-70.1954946504,1
42.3794053446,-71.5723209081,1
42.5490664187,-71.4582131831,0
41.70523747,-70.09745002,0
42.3127666667,-71.1384722222,0
42.4013178252,-71.1889026027,1
41.8855555556,-70.7508333333,0
42.4958173871,-72.3313839481,0
42.5188555336,-71.12460793,0
41.38036434,-70.73666737,0
42.3098366667,-71.7154083333,0
42.5297680419,-73.08529526,0
42.3293616667,-72.6477133333,0
42.6296683333,-72.912615,0
42.251205,-71.8250966667,1
42.0841255377,-71.0446566791,1
42.3199097269,-71.4054944233,1
42.2963232921,-71.3726516598,0
41.9547866248,-70.6563109159,1
42.707145,-70.991395,0
42.476525,-71.8946533333,0
42.00522869,-71.1246633722,0
42.342963,-71.073298,0
42.7112232039,-70.7792358152,0
42.6868988647,-70.6316685592,1
42.5347470368,-72.3108287199,0
42.6766633333,-72.1661083333,0
42.0566683822,-71.7445896473,0
42.319879,-71.405472,1
42.4756917,-72.9878737,0
42.3959533333,-71.0334166667,0
42.3020094871,-71.218209649,1
42.0786834795,-70.2204537557,1
42.564412203,-71.1797300509,1
41.9996361111,-70.0805027778,1
42.2911127825,-71.6277533663,1
42.1430321871,-71.4016192146,0
42.03715377,-71.68691179,0
41.2773208618,-70.2195587158,0
42.3554665099,-71.4403039914,0
42.260945,-72.65802,1
42.2571416667,-71.6971883333,0
42.5796890259,-72.5972747803,0
42.0429027958,-71.0500702842,0
42.4863616171,-71.3150113008,1
42.32621167,-71.56195333,1
42.0790718883,-70.2185456217,1
42.79195,-71.0682055,0
42.1799361111,-71.7084361111,0
42.3530630802,-72.5027349608,0
42.5817533333,-71.1860666667,1
42.39340568,-71.49249645,0
41.5509866667,-70.6074133333,0
42.5954383333,-70.7716216667,0
42.2688079906,-71.7731368509,0
42.4042314301,-71.1232224497,1
42.1124069079,-71.4232853895,0
42.411605144,-71.1826230213,1
42.366299,-71.265152,1
42.327,-72.54,1
42.06532,-71.142054,0
42.0789847449,-70.2189204631,1
42.330375,-70.93017,0
41.60358,-70.6345883333,1
42.2224212625,-71.9825371659,0
42.0284701213,-71.9148054935,0
42.11259717,-72.65152,1
42.2398486445,-72.0844557944,0
42.6128972222,-71.5541833333,0
42.110307435,-73.4736067057,1
42.4261081047,-71.2187377747,0
42.5459681527,-71.2741997713,0
42.4688809869,-71.4202665176,0
42.0447473597,-70.1934048906,1
42.3763283333,-71.1395945,1
42.3039569511,-71.3565342433,0
42.1273011685,-71.5180240754,0
41.9478333333,-69.9925783333,0
41.799652,-71.3397369722,0
42.7495976771,-71.0554951989,0
42.0788409696,-70.220281966,1
42.812544602,-70.9649875195,1
42.3515926659,-71.1362241501,0
42.4367711367,-72.5223509689,1
42.2151554599,-70.7374177307,0
42.5459889997,-71.0001055,0
42.26248667,-71.623725,0
41.3777949722,-70.0313799722,0
41.2556055556,-70.8318916667,0
41.3535283333,-70.4497833333,0
42.321609,-72.541024,1
42.2424883333,-72.6229166667,0
42.3949409,-71.5400876,1
42.2802182669,-71.2535531998,0
42.2431564167,-72.060585,0
42.4390886577,-71.8118026127,0
42.4196645966,-71.2107008812,0
42.1372028333,-72.8002033333,0
42.3222606645,-71.3433411813,0
42.22773,-71.15443333,0
41.3482966667,-70.6449666667,0
42.0730076443,-71.164647412,0
42.3179775351,-71.3476024639,0
42.12605,-72.7847283333,1
41.6412409869,-70.5605252087,0
42.208487631,-73.3745755255,1
42.2072914997,-70.8705183,0
42.0788177197,-70.22115043,1
42.2331363832,-71.2431220458,0
42.219525,-72.957205,0
41.485230488,-71.0410769667,0
42.3504,-71.08257217,0
42.1805185488,-71.216197814,1
42.63325,-71.50146,0
42.492613,-71.042864,0
42.6094723848,-72.5071105971,0
42.0781036738,-70.2211596222,1
42.264974,-72.8853869722,0
42.2058833333,-73.2874166667,0
42.49028,-72.7725216667,1
42.6046476285,-72.5271924677,1
41.70903,-70.7459716667,0
42.0797508078,-70.6779557594,0
42.7594025759,-71.0131126922,0
42.6649953255,-72.08631549,0
42.79842,-70.8591616667,1
42.4674833333,-72.2670833333,0
42.30158728,-71.14597234,0
42.1594308776,-72.0559948311,0
41.4845272492,-71.0367056655,0
42.3632040946,-71.261888668,1
41.6304742,-70.9357608,0
42.4133313,-71.5097057,1
41.4804985325,-71.0368048813,0
42.6500633333,-72.62076,0
42.5156555176,-71.2525634766,0
42.2867342369,-71.8833889529,0
42.0619262708,-70.1914290475,1
42.66667362,-72.31216433,0
42.4367405833,-72.4687353694,0
42.2840700359,-71.8081215058,1
42.422505,-71.3444216667,1
41.5426055556,-70.6591055556,1
42.6236239924,-72.7817885578,0
42.57350994,-71.2433687,0
42.3655,-71.0,0
42.1224853695,-71.5563090332,0
42.6117855278,-71.0866027222,0
42.43897072,-71.59170407,0
42.240120407,-71.2816826169,1
42.2891916667,-72.6792966667,0
42.0604695997,-71.2695135,0
42.238782154,-73.3350454643,0
42.0741629786,-70.2052102815,1
42.0742148122,-70.205287144,1
42.3658304,-72.5806912,1
42.0517638889,-70.0760055556,0
42.715605,-70.99285,0
42.512,-72.2813716667,0
42.3268783333,-72.6410533333,0
41.754306832,-69.9317598721,0
42.216145505,-71.2178399849,1
42.5819194444,-70.6702722222,0
42.6022133333,-71.1200638333,0
42.6297674781,-71.1181979504,0
42.5963592529,-70.9307327271,0
42.21725,-71.1389066667,0
41.6168666667,-70.435425,1
42.4303083333,-71.1197361667,0
42.64197,-70.99659,1
42.30999667,-71.25707167,1
41.7854840072,-70.9148080194,0
42.1955630531,-71.5307200372,0
42.364491,-73.147028,0
41.7751808167,-70.0518035889,0
42.505047551,-72.7516578994,0
42.592664744,-72.5865596127,0
42.6606706481,-72.4582349102,0
42.5465075288,-72.7573845184,0
42.2381617801,-71.3759898558,1
42.0712426376,-73.1296773332,1
42.25889167,-71.516555,0
42.4627799988,-72.7942657471,0
42.3046873464,-71.284462642,0
42.2189533333,-71.1625361667,0
42.4158755699,-71.2124180049,0
42.5966216667,-71.803855,0
42.1612851935,-70.7395557404,0
42.4841033333,-72.1379305,0
42.0803890319,-71.2651940287,0
42.334773,-71.023986,0
42.6051533333,-72.4210583333,0
42.2195505193,-71.1045957329,0
41.7225216667,-71.0420305,0
41.6081555556,-70.6098388889,0
41.8297702633,-70.6272253767,0
41.9895121336,-71.0792231473,0
42.1730889722,-71.6985999722,0
42.2033157236,-72.6294152811,1
42.3246805324,-71.389610516,0
42.47013,-71.65445833,0
42.14235,-70.7362283333,0
42.6996405194,-70.9523491602,0
42.0444445,-70.19197,1
42.353443,-71.404815,0
42.4151286574,-71.2246507424,0
42.23047167,-71.49407167,0
42.0786885677,-70.219179692,1
42.320602,-72.6639839722,0
42.50042746,-70.91226023,0
42.5000840938,-72.6991778613,0
42.8434633333,-70.903275,0
42.30133,-71.61708,0
41.91830112,-71.09195264,0
42.428022428,-71.8271806211,1
41.6938565877,-70.001007167,0
41.659359,-69.980951,0
42.6855138112,-71.2935129064,0
42.4134869804,-71.0473506275,0
42.1440575268,-73.2354432096,0
42.0118111167,-71.0142833333,1
41.3234595861,-70.8128204494,0
42.7312067815,-70.869926333,1
42.6107741319,-71.2090764136,0
42.35699273,-73.04695987,0
42.2541722222,-71.1170833333,0
42.0758333333,-70.2170333333,1
42.19868,-71.1035116667,0
42.1903333333,-70.7260966667,0
42.620475,-71.4180666667,0
42.827945,-70.9181583333,0
42.3127366704,-71.2346283333,0
42.1381721667,-70.9310083333,0
42.1373906228,-71.1593781809,0
42.364219,-71.262503,1
42.2872962658,-71.2044026768,0
42.5578878464,-71.7283452675,0
42.0788805,-70.2201616667,1
42.4625969,-71.1736185,0
42.26380803,-70.82611689,0
42.5148010254,-71.5024032593,0
42.4360244817,-72.4960736185,0
42.4755092776,-72.1675018863,0
41.6665393358,-69.9951490234,0
42.3268645384,-72.538363214,1
42.4500854128,-71.3404184674,0
42.5477957,-71.265728,0
42.1583026374,-71.4812802896,0
41.6971528225,-71.1457445913,0
42.2896,-71.441461,0
42.5569033333,-71.794075,0
42.3304371714,-71.0980911212,0
41.6620548745,-70.4903921282,0
42.3715264862,-71.0642421273,0
42.3978277778,-73.1043555556,0
42.3170348404,-72.6440458735,1
42.0541697919,-70.1176373471,1
42.2562616667,-71.9610883333,0
42.3453354748,-71.1958419532,1
42.3273466667,-71.4594583333,0
42.0425079173,-73.0228604586,0
42.276895,-72.513609,0
42.47941,-73.178915,0
42.6035716667,-70.99868,1
42.70019695,-72.40004373,0
42.3275318481,-72.527213394,1
42.5806694388,-70.6637016968,0
41.600894928,-70.9305877686,0
42.6104216667,-72.4650366667,0
41.6720462485,-70.0875579727,0
41.6954154671,-70.7280949783,0
41.350276947,-70.5102767944,0
42.3431432808,-72.6841962662,0
42.6246514717,-71.6050908938,0
42.0624447288,-71.557957437,0
42.259995,-70.9245616667,0
42.0793083333,-70.2191033333,1
42.6881417466,-72.0827119408,0
41.3585929871,-70.5896530151,0
42.60311,-72.4414066667,0
42.0530511146,-70.1836606596,1
42.681655,-70.83088,1
42.64685813,-72.11235269,0
41.97263945,-70.80073453,0
42.7455333333,-70.9784777778,0
42.1239310472,-73.1886531344,0
42.3762361111,-71.2223666667,1
41.5356817753,-70.6455978415,1
41.8217,-69.97270333,0
42.4810310082,-72.168137426,0
41.5675623997,-70.4712949,1
42.7085457894,-71.0873776825,0
42.4780916667,-72.1640516667,0
42.7114966667,-73.1898283333,1
42.3245592945,-72.537926137,1
42.6786043617,-72.0326359586,0
42.1097458084,-71.0454404354,0
41.9124533333,-69.9811383333,0
41.6508437766,-70.1476171792,1
42.0958666667,-70.684905,0
41.34980949,-70.4941154,0
42.2097135752,-71.681101991,0
42.3192217292,-71.7035432621,0
42.63761745,-72.37462088,0
41.7626383333,-70.619355,1
42.59945,-72.477205,0
42.7192507692,-71.1670842084,0
42.57565,-71.330575,0
42.5742333333,-71.3325283333,0
42.2280288565,-71.2528878109,0
42.0294079961,-71.7737900326,0
42.5711398758,-71.3744289615,0
42.6119616667,-72.545875,0
42.3833800028,-71.818925,0
42.1885966354,-71.5039395243,0
42.7238801445,-71.0322718793,1
42.0530278333,-70.1879283333,1
42.2012416667,-70.85437,0
42.4748805911,-70.9100645688,1
42.17847,-71.430305,0
42.3927228724,-71.3673011586,0
42.7270721421,-71.1885872483,0
42.274555,-71.1280221667,0
42.549375,-71.82003,0
42.2535988518,-72.6894920951,0
42.6376471854,-73.1664381176,0
42.511395,-72.4478133333,0
42.5364142158,-71.1133409119,0
42.0839032394,-71.0446079392,1
42.7465393776,-71.0584268838,0
42.6441466667,-71.177545,0
42.20157843,-71.72453518,1
42.106,-70.116,0
42.3462833333,-71.0775972222,0
42.4708440598,-71.1883839438,1
41.5589875169,-71.127074305,0
42.4181966667,-71.6802666667,0
42.1920816667,-72.880435,0
41.9305166667,-70.0298611667,1
42.319863,-71.405489,1
42.5773883333,-71.5786216667,0
41.446249,-70.908154,0
42.0730971667,-70.2051383333,1
42.69961326,-72.51235479,0
42.61969667,-71.03388883,0
42.396695,-71.1636666667,0
42.2997055054,-70.8860702515,0
42.701875209,-70.9448578858,0
41.65026,-70.764581,0
41.9949417114,-70.0526123047,0
42.015427,-71.155138,0
42.1591611,-72.3274291,0
42.6755089997,-72.4004300997,0
42.2553699722,-72.3476299722,0
42.4076960984,-71.3292288804,1
42.644765986,-71.3490778953,0
42.3136253357,-72.6737823486,0
42.387151,-71.1694609722,1
42.4299616667,-71.1813883333,1
42.4326101476,-71.2308200826,1
42.0624121039,-71.551619087,0
42.6598446248,-70.6005581478,1
42.387495,-71.1762783333,1
42.8160583333,-70.8838416667,0
42.620037552,-71.0607068986,0
42.0871900698,-71.6137482839,0
42.39807409,-71.43165308,0
42.6744466667,-72.179425,0
41.5438891274,-70.6495290589,1
42.3717533333,-72.527855,1
42.7962910133,-71.0735041464,0
42.25418,-70.81768,0
42.04477217,-70.19287167,1
42.288823,-71.8982029722,0
41.6486133333,-70.3661366667,0
41.568842806,-70.6154436337,0
42.4987,-73.2557533333,0
42.7179220122,-70.7724531426,0
42.0965,-71.0533221667,0
42.3740490656,-72.2738118857,0
42.3431333333,-71.132225,0
42.7284355851,-70.7882119819,0
42.7857366434,-70.8617912391,1
42.6676279944,-72.005347386,0
42.82303,-70.8238616667,1
41.993,-70.7526466667,0
42.3614291277,-71.2604139329,1
42.3597666667,-71.3288333333,0
42.0621861667,-70.1868583333,1
42.5838889585,-70.7726578955,0
42.08191667,-70.19291667,0
42.4003164306,-71.9986159075,0
42.34554473,-71.81870561,0
42.0741853989,-70.2052339251,1
42.6853747149,-70.7825111151,0
42.1998851609,-71.2214907535,0
42.0897648793,-70.799156679,0
42.2574466667,-71.1330111667,0
42.63031,-73.187295,0
41.881764363,-69.9897483772,1
42.3246961263,-72.537911385,1
42.1447024526,-71.8698470936,0
42.4950931374,-71.4691847836,1
42.4312833333,-72.7066116667,0
42.260612337,-71.595912186,0
42.1619330796,-70.96556409,1
42.476093706,-71.586872725,0
42.023981011,-71.2217972251,0
41.2793137143,-70.0466129556,0
42.2940083264,-71.0114435574,1
42.6407466667,-70.883705,0
42.4494633422,-71.0620278333,1
42.2602611111,-71.1072277778,0
42.5371533333,-72.271205,0
42.77678,-70.964395,0
42.532375,-73.1834633333,0
42.364195,-71.262449,1
42.5860385855,-71.5989795133,0
42.5030466667,-71.6318666667,0
42.167224268,-71.6508080666,0
42.4451617739,-70.9889812553,0
42.64692,-71.2094283333,0
42.2823533333,-71.0642861667,0
42.1793849052,-71.6827376421,0
42.3661617,-71.1154411,0
42.4931717897,-71.4865155426,0
42.5197957997,-71.3115657997,0
42.0768340224,-70.2170827172,1
41.9882283333,-70.063225,1
42.1951004982,-72.6544065085,0
42.2757781623,-72.9732255266,1
42.27368927,-72.4035263062,0
42.2390774215,-71.2298989193,0
42.28582,-72.2995949722,0
42.4556705429,-71.4891254636,0
42.4485428074,-71.8770323458,1
42.4811433333,-72.2746033333,0
42.6883281594,-71.0034158196,0
41.782619,-71.314508,0
42.4133223194,-71.5105061304,1
42.1390612918,-70.944838547,1
42.5489083333,-72.9469833333,0
42.0552038033,-71.0816931725,1
42.2854730487,-71.2384283916,0
42.2394716667,-71.3715883333,1
42.0848825,-70.2433458333,0
42.0728916667,-70.203445,1
42.2326837997,-71.6623163997,1
42.5883310121,-71.6799528386,0
42.4052305556,-71.6845361111,0
42.4093050168,-71.2148516776,0
42.119846344,-72.4934616089,0
42.3367666667,-71.7406166667,1
42.4080727226,-71.2271462735,0
42.434475812,-71.6090367073,0
42.36039,-71.7228683333,0
42.55019667,-71.46555333,0
42.6935126027,-71.1849635002,0
42.33823,-71.234895,0
42.4903388889,-71.6290305556,0
42.1927777778,-70.9625,0
42.2292401477,-71.7656434215,0
42.6872366667,-70.770805,0
42.6969133333,-70.971955,0
41.3806444444,-70.6562416667,0
42.27813,-73.04163333,0
41.2897580104,-70.1025782124,0
41.56671,-70.64083,0
42.3202466667,-71.06565,0
42.018611908,-71.0679931641,0
41.75417,-70.170975,0
42.0725797351,-70.2072455119,1
42.0821077854,-70.6741046906,0
42.5408968395,-71.672993813,0
42.2349147563,-71.0334092392,0
42.4395866667,-71.3744133333,1
41.4705203846,-70.627213223,0
41.921855,-70.5717329722,0
42.4912323559,-71.3254306508,0
42.4874083333,-71.4409555556,1
42.43485,-71.202995,0
42.156888,-71.2142015,1
42.3883333333,-71.2773583333,1
42.2801453895,-71.4514823547,0
42.6581907961,-70.5993699569,1
42.0316483593,-71.2286327966,1
41.9185794192,-70.7986521442,0
42.0826328283,-71.4853538509,0
42.45326,-71.0800183333,1
42.4489633333,-72.8045883333,1
42.03898333,-70.917105,0
42.5054968226,-71.1712093227,0
42.1885755658,-72.8151303437,0
42.2860194444,-71.2440638889,0
42.22364667,-71.58538833,1
42.0732367098,-70.2062610457,1
42.425850151,-71.6591032254,0
42.244235,-72.64785,0
42.4818183333,-71.3620833333,0
42.27327365,-71.08764399,0
42.0883747176,-71.2475388659,1
42.0941400575,-71.6273718328,0
42.2901086299,-71.8397441134,0
42.4287548,-72.6691602,0
41.37635,-70.4593883333,0
42.5867516196,-70.767848709,0
42.3549403782,-72.5498523561,0
42.6131875328,-71.4911126994,0
41.928105,-70.0621028333,1
41.8718363683,-70.0085676895,1
42.0271094866,-70.9227006054,0
42.3248387007,-71.5808702736,1
42.3401527405,-71.0769958496,0
42.2479368953,-71.1301164329,0
42.0672527778,-71.1051833333,1
42.2491619941,-71.7850491444,0
42.4162203285,-71.4454693901,0
42.3968887186,-71.1698935876,0
42.2512878901,-71.1122112413,0
42.3669835367,-71.448558094,0
42.081325531,-70.6899185181,0
42.0784048143,-70.2169862247,1
42.2969125275,-71.8836382683,1
42.2800103472,-71.1308812071,0
41.912175,-71.3798666667,0
42.2488116667,-71.4561783333,0
42.2032166971,-71.3995108847,0
41.3869533333,-70.5927966667,0
42.2666244507,-72.4552841187,0
42.067931702,-70.7192000002,0
42.2456833333,-71.407815,0
42.2808587974,-71.8247893821,0
42.6277568116,-71.5391734494,0
42.5038722063,-71.6281615472,0
41.9129116667,-69.97918,0
42.405871593,-71.3294799998,1
42.0522875558,-71.1199832592,0
42.1595840454,-71.6790771484,1
41.790195,-69.9860616667,1
42.3769364116,-71.0288258269,0
42.6300245102,-70.8447769407,1
42.0787103409,-70.220293937,1
42.537062997,-71.5007814579,0
42.257775,-71.0044111111,1
41.9564037158,-70.7851028558,0
42.3782215418,-72.4710529638,1
42.5411322809,-71.3165989025,1
42.2675839722,-72.6644,1
42.4237287606,-71.1891005561,1
42.6551783333,-73.2037666667,0
41.6897199671,-71.1412516056,0
42.0646941997,-71.0905695,1
42.202977881,-71.0088423944,0
42.39398,-71.3138116667,0
42.447125,-71.15180283,0
42.6350729785,-70.9050683575,0
42.0687050064,-70.1989825442,1
42.161604094,-71.1911557691,0
42.387355,-72.3735583333,0
41.6555744974,-70.1248703814,1
41.6939926147,-71.1251373291,1
41.7208697958,-70.2317773951,0
41.3474166667,-70.6527166667,0
42.4656618889,-71.2545677778,0
42.7905666667,-70.939705,0
42.3124010088,-71.0350280233,1
42.117680157,-72.0110087994,0
42.157075,-73.0825416667,0
42.2214000439,-72.1790089772,0
41.8823544206,-69.995196241,1
42.091055083,-73.2672298327,0
42.07948238,-70.05709805,0
42.154204745,-71.709578909,0
42.570675,-72.4061133333,0
42.254748546,-71.838256045,1
42.1790777778,-71.1617305556,0
42.2821708722,-71.0264288542,0
42.261590617,-70.8452800136,0
42.335495,-71.7874916667,1
42.2380828667,-71.6114214567,0
42.420805,-72.2303,0
42.6754766871,-70.8771658177,0
42.08732,-72.125633,1
42.4124916453,-73.3129655258,0
42.06863,-70.194795,1
42.36862167,-72.08867783,0
42.2180166667,-71.2166277778,1
42.4225156382,-71.1436800957,0
42.36944425,-71.34214386,1
42.0715661797,-73.1300354088,1
41.6321716667,-70.3023533333,1
42.4253202033,-71.3723699362,0
41.8379466667,-69.96768,1
41.8029238334,-70.6689777469,0
42.5639260004,-71.1792245371,1
41.3983375778,-70.5390584841,0
42.8120157381,-70.8591589113,0
42.15897783,-72.87127833,0
42.3389383333,-72.5324633333,1
42.23361761,-70.76014099,0
42.6145362893,-71.6374660257,0
42.2335222687,-71.4041925155,0
42.2540558111,-71.0635644608,0
42.2895555556,-71.1435555556,0
42.3051166667,-71.6146233333,0
42.4007833333,-71.13325,1
41.7555044638,-70.7645615191,0
42.2488006135,-71.8017810701,0
42.2159957668,-73.2597970963,0
42.437651,-71.343873,0
42.265407,-71.040075,0
41.9779415448,-70.6902692452,0
42.6123759896,-70.6666230877,0
42.4661084684,-72.3991377466,0
42.4792016667,-72.25037,0
42.6457243377,-72.7474281192,0
42.4758586334,-72.3466401268,0
42.2950283333,-71.3025883333,1
42.652778,-71.168029,1
42.5018206146,-71.4488751814,0
41.373875,-70.026475,0
42.4491477222,-71.1100135556,0
42.64261423,-70.799195054,1
42.5960345474,-71.5301972442,1
42.1993780796,-73.3778196988,1
42.1968552936,-71.2385268789,0
42.6441116667,-72.731025,0
42.1789552868,-72.7004265954,1
42.3822272849,-71.0729808547,0
42.3771100333,-73.3278031647,0
41.6238555556,-70.5434111111,0
42.2749450322,-71.9604997912,0
42.549068858,-71.1654553749,0
41.3929120857,-70.6520936602,0
42.3201809015,-71.3031742632,1
42.4309894018,-71.1499662505,1
42.1355528333,-72.859405,0
42.0283235062,-71.2076065641,1
42.7147742854,-70.7897147595,0
42.43035,-72.537528,0
41.7090180475,-70.324559872,1
42.07337372,-73.20233988,0
41.4624207,-70.6024416,0
42.4855916667,-73.3004533333,0
42.6299235584,-71.1280191522,0
42.2065166667,-71.4549333333,0
42.2480169722,-70.9012869722,0
42.132929,-71.152233,0
42.4989266667,-72.2536166667,0
42.4082326704,-71.5359820145,0
42.6644820821,-70.7516557945,0
42.8474219,-70.9096117997,0
42.53451619,-70.902854,0
42.3850537829,-71.9966844644,0
42.2456366667,-71.0903695,0
42.3304007758,-71.5481747417,1
42.595875,-71.530625,1
41.6361055556,-70.5824527778,0
42.16743833,-72.05748617,0
42.0879387629,-72.4946956336,1
42.8602424997,-70.9110098,1
42.8357097588,-70.818541046,1
42.5806454672,-70.7665507902,0
42.230828,-71.20922,0
41.3423696719,-70.7306174934,0
41.8589454558,-69.9865018083,0
42.4461351894,-71.4750930202,0
41.8367726557,-71.1132805422,1
42.6265746091,-70.7174745304,0
41.9503320175,-71.2819023058,0
42.7911376953,-71.0836029053,0
42.209675,-71.51689167,0
42.3019162107,-71.3281919893,0
42.6206321716,-72.0757217407,0
41.6636966667,-69.9912716667,0
42.1915601672,-71.5136827533,0
42.4644201915,-71.6095733643,0
42.4807816667,-71.3803016667,0
42.3092333333,-72.33348,0
42.1655805,-71.04312783,0
42.2197965331,-71.504074358,0
42.1032858946,-72.721876593,1
42.2510424808,-70.8596250415,0
41.6383028567,-70.5546695893,0
42.6500359504,-71.1664629555,1
42.069549761,-71.250110297,0
42.0794555,-70.21885,1
42.4331283333,-71.7613216667,0
42.513427,-71.31644,0
41.3371380227,-70.2995429188,0
42.4360722537,-71.0804435984,1
42.6448314,-72.39626515,0
42.2268580169,-72.6802655117,0
42.1355907061,-71.6011557542,0
42.0794055,-70.2195666667,1
42.1828643303,-73.274252373,0
41.7380716667,-70.679145,1
42.2917813969,-72.656147593,0
42.4583777146,-71.30335448,1
42.48165,-71.1520695,0
41.913295,-70.8285216667,0
42.37286667,-71.05191117,0
42.854656,-70.95724,0
42.5975988346,-70.9621791935,0
41.6531007805,-70.986674665,0
42.3357817946,-71.1346865485,0
42.7410953916,-70.962197686,1
42.5690583333,-71.8770916667,0
42.2547942072,-71.8381138879,1
42.6215726,-73.1192858,0
42.2245916667,-71.074075,0
42.5754115032,-71.994930273,0
42.0602003043,-71.0384520155,1
42.4996403,-71.2318273,0
42.3273783333,-72.5296033333,1
42.2026017011,-71.0958700996,0
42.2376073,-70.84174614,0
42.2789805556,-71.141525,0
42.3200565577,-71.0458352222,0
41.9920543065,-70.7007094908,1
42.0728327254,-70.2073402297,1
42.3196662383,-71.4040388997,1
42.2308233333,-71.4085283333,0
42.3544916667,-71.3979716667,0
42.4341414126,-71.1383781138,0
42.23787,-71.58387,0
41.3214116907,-69.9923212212,0
42.3702540322,-71.4100012449,0
42.4844665527,-71.1103515625,0
41.696233819,-69.9686282277,0
41.52812,-71.0329278333,1
42.4069290161,-72.4335098267,0
41.5920651554,-70.8337977156,1
41.6995704358,-70.3555061249,0
42.2679481506,-70.9217681885,0
42.25574483,-71.13945079,0
42.1802249937,-70.8019995689,1
42.4479866667,-71.561295,0
42.3214382997,-72.6246991,0
42.4945915111,-71.2124483488,0
41.7889304429,-70.6359141008,0
42.2285583333,-71.7651666667,0
41.7422820907,-70.4208972307,0
42.2654533333,-73.2105116667,0
42.348945,-72.3971833333,0
42.4483951176,-71.793336766,0
42.3580998549,-71.4259031591,0
41.5276570043,-70.6587445548,1
42.0652666667,-73.2955033333,0
42.2853613071,-71.5328394641,0
42.2168407642,-70.794717595,0
42.57016167,-70.819695,0
42.052734375,-70.1846923828,1
42.1061388333,-70.8119966667,1
42.506855,-71.0751195,0
42.3269666667,-71.1061555,0
41.83515,-70.8682916667,0
42.5655103993,-72.7254136769,0
42.5414050364,-71.6330810395,1
42.2211,-70.8685533333,1
42.0768496424,-70.2174646407,1
41.84423,-70.540475,0
42.5862716667,-71.5001916667,1
42.6331745468,-70.6813156843,1
42.3552366667,-72.6420883333,0
42.438056461,-71.0620577261,0
42.5609883333,-71.0223695,1
42.6028049018,-71.6182343684,0
41.311115,-69.9829299722,0
42.4655647978,-71.968874163,0
42.2994383333,-71.8065416667,0
42.0670045649,-70.1931873436,1
42.6421,-71.4662033333,0
42.3858281448,-73.3239018917,1
42.6278033333,-71.5882716667,0
42.3177701317,-71.0059127212,1
41.9741533333,-70.0018388833,0
42.3619003734,-71.1159021501,0
41.39455,-70.5162283333,0
41.5200416667,-71.0095972222,0
42.155773,-71.7024143,0
42.6064716667,-72.408295,1
42.4585243923,-71.8985955496,0
42.3742347,-72.5742457997,0
42.6758666667,-72.2805866667,0
41.3539977632,-70.8063526981,0
42.086718375,-71.0632194076,0
42.3532308711,-72.6617535166,0
42.3634833333,-71.2629,1
42.0495962695,-71.2686001993,0
42.066048993,-70.1945493548,1
42.50783833,-70.89914667,0
42.2472784555,-71.77927237,0
41.3293033333,-69.9953466667,0
42.0965888333,-70.184905,0
42.4719495172,-71.4093675837,0
42.4356633333,-71.4981483333,0
42.3803099353,-71.9657723978,0
42.37652,-73.2858366667,0
42.2756583333,-72.64792,1
42.4556503296,-71.9484863281,0
42.3546909935,-71.0807984746,0
42.6803133333,-71.3514866667,0
41.733725,-71.2234138889,1
41.5814505,-70.5250860997,0
42.3368,-71.18432,0
42.39064,-70.991501,0
42.5085623056,-72.3017945833,0
42.4975367077,-71.5495028627,0
42.3021067653,-70.927838388,0
41.7260966667,-70.0062638833,0
42.0831676606,-71.0072821059,0
41.2613210539,-70.0943862006,0
42.0731055,-70.205125,1
42.20463613,-71.28173188,0
42.4777067061,-71.0684911489,1
42.2943562366,-71.7867404546,1
42.8584769189,-70.8617457697,0
42.50007,-71.448095,0
42.7835166667,-70.8984616667,0
42.0726689355,-70.2068717298,1
42.1404833333,-71.1497972222,0
42.487641956,-71.896646028,0
41.6304841997,-70.4554248997,1
42.807248858,-70.9732947841,1
41.290505,-70.09522217,0
42.6288833333,-71.1010805,0
42.8553285895,-70.9645744068,0
41.6554717646,-70.3214145697,1
42.21827,-71.191795,0
42.0792361667,-70.218475,1
42.6436757287,-70.9510929993,0
42.0734353371,-70.2063776883,1
42.582205,-71.4800866667,0
42.37942375,-70.97539821,0
42.2557444444,-71.5636611111,0
42.075475311,-70.210337738,1
42.1650472222,-73.0641166667,0
42.58957025,-72.5921728889,0
42.3777275085,-72.5731964111,0
42.5047367905,-72.4357253304,0
42.3444348264,-71.5915184256,1
42.6573574968,-70.6008434325,1
42.1845371211,-71.4186929036,1
42.2801296274,-72.1074222029,0
42.1195572522,-72.7564245389,1
42.2051383333,-71.0233916667,0
41.6547203039,-70.1694252687,1
42.5056201726,-71.4188465536,1
42.3505748473,-71.4415882621,0
42.0280433305,-70.8670102629,0
42.35036073,-71.09866809,0
42.0668334961,-71.7966918945,0
42.6484414746,-71.1294289688,0
42.2985427396,-71.0357857485,0
41.6947379608,-71.1461742803,0
42.3923723633,-71.4337697346,0
42.3560576988,-71.4187939589,0
42.3008033333,-71.3356383333,0
42.2785301882,-71.2160607065,0
42.4704495847,-71.0421206901,0
41.8811204463,-70.6559659168,0
42.0309069722,-70.855913,0
42.0104064489,-70.0685452916,1
42.27566903,-71.2904022262,0
42.3643719256,-71.2603704761,1
42.1839549998,-71.479642024,0
42.1022221667,-70.1757666667,0
42.3862781035,-72.5153349673,1
42.3681410447,-72.4254553516,0
42.2033355925,-72.6293784007,1
41.45202208,-70.55339806,0
41.7521212642,-70.477097294,0
42.0988412571,-71.6247876082,0
42.7016045793,-72.1987570021,0
42.3795383333,-72.2344366667,0
42.3216842534,-71.1075333227,0
42.099732047,-70.9964888452,0
42.3871963208,-72.8205824409,0
42.52752,-72.874955,0
42.1917164444,-72.3046884722,0
42.3591040163,-71.4493172,0
42.2053255333,-71.2341847892,0
41.7956418872,-69.9628333597,0
41.2528383333,-70.0040138833,0
41.6819416667,-70.659455,0
42.4748125,-70.92514,0
42.234147,-71.7086433997,0
42.69714175,-71.89298429,0
42.0726088233,-70.2069805013,1
42.3878003472,-71.2951839102,0
41.7046244526,-69.9651295652,0
42.4316216667,-71.178755,1
42.4112123638,-72.5187090141,1
41.6646118164,-70.1750564575,0
42.4730779597,-73.29901885,0
42.4487940473,-71.2094736973,0
41.7358357264,-70.6795224175,1
42.4739403676,-71.1675982923,0
42.550376111,-71.4890123167,0
42.34983333,-71.05716667,0
42.0783065283,-70.2210570051,1
42.5750944444,-71.9269444444,0
42.3199166043,-71.4049983291,1
42.1328060793,-73.4174715234,0
42.3497484262,-71.5372895077,1
41.897145,-70.02411667,1
42.6733825403,-71.4785201289,0
42.28878,-71.7189466667,0
42.3083120611,-71.6366976316,0
42.2401252844,-71.2817401096,1
42.6084472222,-71.0961611111,0
42.0763272309,-70.2169328301,1
42.4631616667,-70.9578466667,0
41.3494529724,-70.6137084961,0
42.2983033333,-71.0107638833,1
42.8476102464,-70.9269541875,0
42.664920996,-73.2591300572,0
41.8992843628,-70.6008682251,0
42.3815583333,-71.6061583333,0
42.0389888333,-70.6856166667,1
42.348819,-73.410497,0
42.2084704955,-73.3842462301,1
42.4038155457,-71.2100748162,0
42.3247325002,-71.0533656087,0
42.4840917712,-72.2637770713,0
42.3548164368,-72.5580596924,0
42.0694388889,-70.1970444444,1
42.7730163195,-70.7992915254,0
42.4409116667,-72.8962783333,0
41.9343177563,-70.0200797519,1
42.29758,-71.33865,0
42.503495,-72.4439083333,0
41.4523859722,-70.652545,0
41.8559111111,-70.6092083333,1
42.5852152706,-71.3678940945,1
42.302517,-71.462782,0
42.0395338731,-70.2008993498,1
42.275337841,-71.4258256933,0
42.4099266667,-71.7615866667,0
42.4952765375,-71.1635770705,0
42.0850199643,-70.8005586724,0
42.320118762,-71.4055240776,1
42.2839783039,-72.5960711483,1
42.1954612732,-71.0200500488,0
42.3524418,-71.2164445,1
42.6708374023,-70.7444915771,0
42.501008953,-71.5401747265,0
42.0665432778,-72.5384140833,0
42.3697393075,-71.5711165135,0
42.449656389,-71.0621454113,1
42.0692457372,-70.1966366167,1
42.1137555,-73.3396533333,1
42.5972175598,-71.3448486328,1
42.0434777778,-71.8277555556,1
41.9663194812,-71.0420739575,0
42.47089667,-72.55423667,0
42.0708130657,-71.7076379433,0
42.3161772981,-71.5906805993,0
42.1147909827,-71.4148988044,0
42.7667533333,-70.968405,0
42.5070633333,-71.0782466667,0
42.198199,-70.8019989997,0
42.2686827903,-71.532333456,1
42.6006283333,-70.6894383333,0
42.23764167,-71.46797167,0
42.0790301923,-70.2194576138,1
42.45935,-71.1572195,1
42.6129027778,-71.9679805556,0
41.65391667,-70.21080833,0
42.261332,-71.0764039722,0
42.103506198,-71.210306655,0
42.3422166667,-72.1459583333,0
42.0787951894,-70.2205165059,1
42.4251814681,-71.4344979602,1
42.3259315551,-71.5751089228,1
42.2693633333,-71.323775,1
42.6455926,-72.9488592997,0
42.3347698292,-71.3649184351,0
42.6526031494,-71.4559402466,0
42.65486086,-72.32400494,0
42.809005,-70.8785383333,0
42.505300177,-71.6329949188,0
42.0793777778,-70.2186527778,1
41.91994204,-70.54291209,1
41.6055034372,-70.437084585,0
42.33007,-72.53849,1
41.713445,-70.10158617,0
42.3495222222,-71.2038416667,1
42.4934533333,-71.2486633333,1
42.0728998613,-70.2073825814,1
41.6127654833,-70.5471828952,0
42.0787346964,-70.2203946996,1
42.4273681641,-72.8318252563,0
42.1121757473,-71.4028976371,0
42.3462468841,-71.5583642945,0
42.01888333,-71.29679167,0
42.21056333,-72.60318,0
42.2536,-73.40751667,0
42.3767722275,-72.5154197935,1
42.4917683333,-72.1758283333,0
42.2925196911,-71.088833101,0
41.95648085,-71.35767775,0
42.1731465635,-70.8494229242,0
42.5725666667,-70.7794716667,1
42.6388106,-71.6832489,0
42.3976192711,-71.2077771127,0
42.44576034,-71.54114721,0
41.95798,-70.6929383333,1
42.71607167,-71.10040283,0
41.9152670742,-70.646310495,1
42.28317514,-71.79239479,0
42.6232833862,-71.6427383423,1
42.4899599339,-72.4731886759,0
42.327972,-72.54305,1
42.4863638889,-71.7751861111,0
42.4052775235,-72.1282455382,0
42.5641520369,-71.179491013,1
42.283275,-71.313325,0
42.1498218997,-71.3241069,0
42.52378833,-72.64540833,0
41.45292,-70.5562216667,0
42.2100127154,-71.095391421,0
42.0564333182,-71.010430567,0
42.5956277778,-72.2169333333,0
42.4066487044,-71.1205327328,1
42.5395083333,-71.4819716667,0
42.0739138333,-70.2058633333,1
42.36488,-71.8789533333,1
42.3640011675,-73.1517112579,0
42.3485444444,-72.5040972222,0
42.0793243,-70.2188393997,1
42.6577182136,-70.9072733783,0
42.0415805064,-70.7126804125,0
42.2353476469,-71.6204138444,0
42.4777526586,-70.942634045,0
41.28447,-70.09745,0
41.7654805556,-70.6667138889,1
42.3967333333,-71.5580533333,1
42.6370011241,-73.1546199733,0
41.5264612724,-70.6734964593,1
42.3348833333,-71.3943633333,0
42.1715792582,-71.0491513085,0
42.0671471667,-70.1966466667,1
42.1610066667,-70.7687333333,0
41.6727333333,-70.0101166667,1
42.36181872,-73.22362083,0
42.4312427476,-71.1070917594,0
42.6375361111,-71.1081916667,0
42.0933028333,-71.0441583333,0
42.3437126279,-71.200287114,1
42.3105166667,-71.4585283333,0
42.64268,-70.6795116667,1
41.7405641968,-70.0884208444,0
42.4263055556,-71.0691583333,0
42.326245,-72.5332333333,1
42.4271305556,-71.1789888889,1
42.432495,-72.2166366667,0
42.339745,-71.1211305,0
42.2809616667,-71.7629783333,1
42.6051742841,-71.4336449693,1
42.0944164167,-72.5737318806,0
41.7959583333,-71.0249778333,0
42.4630444444,-72.2319944444,0
42.10534,-70.1806516667,0
42.5328183168,-71.7449048006,0
42.68746253,-70.7734020565,0
42.3443212542,-72.5669278084,0
42.3411982838,-72.1753746271,0
42.5862116667,-71.5001833333,1
41.4509633333,-70.6458683333,0
42.5720548691,-71.2629467553,1
42.4349052832,-71.0642502644,0
42.289745,-71.456055,1
41.9226458742,-70.6612421622,0
41.4351410917,-70.637769568,0
42.1487,-71.534355,0
42.3503990486,-71.3706257955,0
42.6425225013,-70.8864976795,0
42.66407891,-71.89962313,0
42.5034716667,-71.6322416667,0
42.2054610139,-71.2337314535,0
42.5775656417,-71.0722265942,0
42.2188559875,-71.1893654283,0
42.2258373113,-71.0486553982,0
42.5060833153,-72.6384605282,0
42.1862943469,-71.5675504413,0
42.4805746274,-72.3379898351,0
42.3357166667,-71.0116722167,0
42.7041,-70.9720638889,0
42.2032347579,-72.6292285323,1
42.0787260541,-70.2203299825,1
41.733786636,-70.3790623281,0
42.2735416667,-72.7743133333,0
42.42202,-71.185975,1
42.4398433333,-71.5706883333,0
42.59891333,-71.68289167,0
42.2396099443,-70.7597377648,0
42.285385949,-72.5171038397,0
42.0729598002,-70.2052313331,1
42.0366471667,-70.632095,0
42.0925088319,-70.9932493146,0
42.4561516667,-72.3857966667,0
42.6563566667,-73.11236,0
42.3801882328,-71.5858065097,0
42.3661833333,-72.423905,0
42.1109135449,-71.6090935842,0
42.5967596263,-72.1775272517,0
42.281625,-71.2500533333,0
42.6272435461,-71.1004304651,0
42.3726833333,-71.1651695,1
42.5771636506,-71.542398743,0
42.1734466667,-70.9484633333,0
41.7042925953,-70.1936296236,0
42.5100833333,-72.2881916667,0
41.35365,-70.8191383333,0
41.6769370891,-70.3555594882,0
41.78241678,-69.93577763,0
42.3125305556,-71.3276055556,1
41.9586366667,-71.32132,0
42.0080694444,-70.9569361111,0
41.7328671595,-70.2329179456,1
42.6650688044,-70.8023974047,1
41.6863638889,-70.4640888889,0
41.7546889885,-71.01125828,0
42.0781207015,-70.2211287768,1
41.5774833333,-70.6316533333,0
41.34833,-70.8284133333,0
42.40348833,-71.65695833,0
42.1208067768,-70.8782333545,0
42.5308990479,-71.3519744873,0
42.3500833333,-71.7090616667,1
42.2948854775,-73.375725791,0
42.0677945904,-71.052444468,0
42.319992538,-71.4036760182,1
42.2039812524,-71.4233629313,0
42.2698579692,-70.9999054185,0
41.5978150184,-70.6459090683,1
42.6553565496,-70.8622250379,1
42.0839501685,-72.6614214421,0
42.4633550028,-70.851555,0
42.4270941163,-71.1351213047,0
42.4886416667,-71.27015,1
42.5551821851,-71.3679601311,0
41.8653076468,-70.9216785338,0
42.10898883,-72.77652833,0
42.6375083333,-71.5523083333,0
42.4450077601,-71.1232339723,0
42.5522880554,-71.4766769409,0
42.2890083333,-71.614,0
41.7599033333,-70.0754305,0
41.6141485112,-69.9858080149,0
42.3772416667,-71.06125,0
42.6920916667,-71.228645,0
42.3699095762,-72.5120758624,1
42.247025,-73.4432366667,1
42.5953314315,-70.6537976226,0
42.7060616667,-73.1197583333,0
42.3875884,-71.485811,0
42.6388138889,-70.8970388889,0
42.5231227554,-71.1950765724,0
42.5006273483,-71.1164866437,0
42.07385696,-70.2051508456,1
42.0442324413,-70.214757487,1
42.3202833333,-70.9257283333,0
41.38105,-70.4782866667,0
42.7014694444,-72.7757944444,0
42.3456088,-71.1768428,0
42.5352972222,-71.1060555556,0
42.6136156697,-73.2457413808,1
42.3994966667,-72.3950583333,0
42.4411293292,-71.3473257265,0
42.6413,-71.55145333,0
42.67241073,-71.33474086,0
41.6540397778,-70.9959081057,0
42.0712263619,-72.1501275832,0
42.6519944444,-71.2312055556,1
42.5372969457,-71.2312782592,0
42.1949883333,-71.552405,0
41.92751198,-71.14031179,1
42.2673124,-71.5350693,1
42.6336328823,-70.6144091114,0
42.589325,-71.3264166667,0
42.1836745808,-72.2103222755,0
42.2491683333,-71.4125583333,0
42.3449137544,-71.4020182036,0
42.1040733333,-70.7130333333,0
41.2455635071,-70.0007171631,0
42.34393333,-71.86889667,0
41.619422,-71.000286,0
42.110437,-71.048983,0
42.5464966667,-71.3700116667,0
42.2848972452,-71.2834657722,1
42.3921699524,-71.0484924316,0
41.6516555556,-70.2034805556,0
42.3797438133,-71.7834465151,0
42.1396005694,-71.5074098363,1
42.5916289828,-71.5989574463,0
42.6394148766,-70.5757926777,0
41.2696075439,-70.1278839111,0
41.3476366667,-70.6614383333,0
41.3394995857,-70.7239617171,0
42.0265111111,-70.6901305556,0
42.623183,-70.897534,0
42.2174769258,-71.158362776,0
42.3168340747,-71.1170623551,0
42.3261033333,-71.18145,1
42.1264190674,-71.6377334595,0
42.5202913955,-70.9207379167,0
42.4736993852,-71.6478201433,0
42.4355569444,-71.3105530556,0
42.3385314941,-72.4723739624,1
42.2745133333,-71.8698966667,0
42.2812004011,-71.9602415453,0
41.4087829292,-70.4491779744,0
42.2653728535,-72.7900678915,0
42.560025,-71.3768916667,0
42.0832624,-72.2754529,0
42.2898142382,-72.6449113523,0
41.9167326,-70.5727366,0
42.2197426876,-72.540325304,0
42.0256305,-71.0853888333,0
42.2856712341,-71.1560668945,0
42.3046083333,-72.3786866667,0
42.1546535414,-72.673732936,0
42.4200566667,-72.8876833333,0
42.30173833,-72.58906667,1
42.3617419542,-71.2838929182,1
42.76832,-71.0293111667,0
42.2256017003,-70.7591629028,0
42.5747377659,-70.7776795328,1
42.5158477918,-71.0567647048,0
41.96644034,-71.17916519,1
42.7066670955,-73.211089057,1
41.9931121535,-70.7000282151,1
42.37489,-72.2425883333,0
42.6892798489,-73.0237365567,0
42.3601833333,-71.0730133333,0
41.8945507844,-70.0203108788,1
42.4942666667,-72.5334333333,0
42.2007383333,-73.36782,1
42.0954181668,-71.0199021691,0
42.4583505908,-71.9429832575,0
42.436705,-71.3299033333,1
42.2043982564,-72.6269044897,1
42.2123083333,-73.176505,0
42.6904737857,-72.9232550506,0
41.8418020455,-70.5321423306,0
42.4675266667,-72.15963,0
42.0806564,-70.935599,0
42.5970533333,-72.4441566667,0
42.3600965878,-72.9510840588,0
42.368568668,-71.1310497659,0
41.7926378583,-70.6345110725,0
42.5871966667,-72.600455,0
42.5219603582,-71.4280126244,0
42.461648774,-71.2718178704,1
42.1334993668,-70.7165627206,0
42.2565888889,-71.1182972222,0
42.2282916667,-72.1868533333,0
41.7777381986,-70.7639845088,0
42.1305757721,-71.8786580761,0
42.3213305556,-72.2935444444,0
41.4509666667,-70.641975,0
41.9521083333,-71.0001861111,0
42.33316167,-73.31447833,1
42.3877914383,-71.124151315,1
42.56962,-73.20485,0
42.3791110824,-71.5724522035,1
41.9644418715,-71.2956635831,0
41.8579710795,-70.5274320468,1
42.5016896055,-72.3081843742,0
42.6146348868,-72.6204367536,0
42.6605133333,-72.0021133333,0
42.6344754,-71.1586414,0
42.3251342773,-71.2447814941,0
42.4272564602,-71.123980874,0
41.7145414107,-70.3680109978,0
42.458286862,-72.8980441707,1
42.0366394841,-72.5938085302,0
42.5236168318,-70.9256059584,0
42.7976065677,-70.8223018219,0
41.9491366667,-70.6295866667,0
42.072454,-70.206835,1
42.3773401532,-71.4815240599,0
41.7541666667,-70.7975,0
42.350465,-72.3998883333,0
42.6198383333,-71.1366971667,1
42.59748533,-72.17498221,0
42.3422366667,-72.662895,0
42.3393209722,-72.6127149722,0
42.1153416667,-70.7417666667,1
42.208789116,-73.3735106885,1
42.5404549344,-72.9671724581,0
42.0568861728,-73.1270666667,0
42.1431202974,-70.782187875,0
41.8985782997,-71.1839015,0
42.239059,-71.262489,0
42.0643721667,-72.57138,0
41.9156757105,-71.2641206034,0
42.19557167,-71.49541333,0
42.505537071,-72.6466212781,0
42.43385833,-71.13024167,0
42.2299527778,-71.1269083333,0
41.9606583333,-71.25322,0
42.0623062,-70.2430293,1
42.10603,-70.155525,0
41.651750136,-70.9617589441,0
42.3552304798,-71.0788357767,0
42.4650666667,-72.38186,0
42.470812318,-71.3114626555,0
42.2070770264,-73.2938156128,0
42.3198046374,-71.403889486,1
42.6219416314,-72.2197190123,0
41.5057,-71.10060833,0
42.7067312412,-71.1491415092,0
41.8699886045,-71.0918621813,0
42.7403298906,-70.8456759621,0
42.1215007997,-70.7825717997,0
41.5982740033,-70.8301357691,1
41.6379761252,-70.2200459501,1
42.3387202994,-71.070847325,0
42.2913420702,-71.1143201077,0
41.9121239997,-70.6836978,0
42.7506015034,-71.0715353128,0
42.0694100904,-71.5938286298,0
42.4218333333,-72.83663,0
42.4947240633,-70.856010981,1
42.3789666667,-71.0484778333,0
42.3961247,-72.515951,1
42.2033281417,-72.6294109225,1
42.3196659798,-71.4039982464,1
41.9011642406,-70.6242506577,0
42.0626118985,-71.0887956619,1
42.2474666667,-71.1635138333,0
42.1885194444,-71.0947888889,0
42.2981578452,-73.2640293866,0
42.547690961,-71.7708205522,0
42.432505,-71.1132583333,0
42.5044521153,-72.377629997,0
42.1030860833,-71.0216903611,0
42.2740361111,-71.8036638889,0
42.4821283333,-71.511345,1
42.1483453378,-72.0806782503,0
42.472885647,-72.1619563155,0
42.2921966667,-71.2191083333,1
42.1699418421,-71.8776035894,1
42.3472781944,-71.4950017778,0
41.8955555556,-70.7455555556,0
42.3655757787,-71.265925735,1
42.1535083333,-73.3627616667,0
41.6478006555,-70.4638769709,0
42.67829167,-71.49315,0
42.38045,-72.4133,0
42.2705760143,-72.6928405192,0
42.0577166667,-73.35115,1
42.0765442944,-70.2174491541,1
42.0401931346,-72.6035279441,0
42.3248333333,-71.21495,1
42.31285,-71.5844722222,0
41.8991277778,-69.9649027778,0
42.4025831238,-71.1848888174,1
42.61805,-71.5719383333,0
42.2234277778,-71.1977777778,0
42.2943533333,-71.8250116667,0
42.68032833,-72.65437167,0
42.5,-70.89,0
41.3578503152,-70.7223964907,0
42.3510122393,-71.3296566904,0
41.9046666667,-70.0030972222,1
42.6413043539,-71.2874635309,0
42.7232933044,-72.4767456055,0
42.5924972383,-70.6445269651,0
42.0306964812,-70.081018549,1
42.5601504713,-71.3408094209,0
42.0517135213,-70.184751654,1
42.6596888889,-70.6005305556,1
42.53004526,-71.5587305074,0
42.1366721667,-70.83757,0
41.5734583333,-70.9487,0
42.7907794,-70.9983326,0
41.9142166667,-69.9714027778,0
42.2938740264,-71.3035055149,1
42.2729162671,-71.7832448305,0
42.73068667,-70.97011667,1
42.4374593934,-71.2176372931,1
42.251,-70.7942972222,0
42.0773678796,-70.6452763858,0
42.5237616667,-72.3350583333,0
42.0780643825,-70.220993377,1
41.7317197121,-70.0902176276,0
42.1855219128,-71.0715889559,0
42.5633333333,-70.8030555556,0
42.19611143,-70.93345118,0
42.3143046573,-71.4112923754,1
42.0720125032,-70.2084735267,1
42.2501411438,-71.1223831177,0
42.5069235354,-71.5295579724,0
42.268777,-71.217236,0
41.9426472222,-70.8749527778,0
42.352897644,-71.8542175293,1
42.3749608,-71.2494595,1
42.248005,-72.6613916667,0
41.73904251,-71.17253452,0
41.3380050659,-70.8272705078,0
42.4706916667,-71.0787916667,1
42.4631883997,-71.8581791997,0
42.3870977686,-71.5710251215,1
42.4603166667,-71.92575,0
42.0153999329,-71.3424758911,0
42.0377,-70.7098,0
42.5063552856,-72.6302108765,0
42.6399305979,-71.6585578769,0
42.4769988216,-71.638538031,0
41.9440283333,-69.9837416667,0
42.6248016667,-72.9080666667,0
42.1711588895,-71.6393413696,0
42.71582506,-73.26637175,0
41.4518329892,-70.6022117402,0
42.618255,-72.52346667,0
42.0805604997,-72.5849618,0
42.1081477995,-71.9116649876,0
42.4546291058,-71.2274561044,0
42.3545954043,-71.8857297205,0
42.1962194444,-71.0397194444,0
42.5946826794,-71.2627666164,0
42.3494746236,-71.5374665335,1
41.6110491282,-70.5210363865,0
42.0068333333,-70.8066116667,0
42.4155883333,-71.4929883333,0
42.4406083333,-73.2407833333,0
42.67940855,-72.00439132,0
42.0476277778,-70.2187416667,1
41.7466305556,-70.1986055556,0
42.3547182392,-70.960594178,0
42.1556814155,-71.4020015673,0
42.256311048,-73.3511801452,0
42.298201417,-71.2076840848,1
42.713225,-71.075875,0
42.073117905,-70.2069113825,1
42.0559652778,-71.0776205556,1
42.6257416667,-72.4203933333,0
42.0731456525,-70.2064782796,1
42.79784722,-71.04925979,0
41.7397154009,-70.3794086912,0
42.1675890261,-70.7688629227,0
42.2179735406,-71.4446732496,0
42.3977669462,-72.5225378043,1
42.3120633333,-71.3066783333,1
42.25584167,-71.40006333,0
42.2580966667,-71.4416666667,1
42.6230416667,-72.3775916667,0
42.11499148,-73.18832891,0
42.2669722222,-71.701525,1
41.5277088802,-70.6586867307,1
42.0127125286,-70.8747944461,0
41.4447639722,-70.6273539722,0
42.65838122,-72.32615697,0
41.9865951538,-70.9537887573,0
42.65453009,-70.89620977,0
41.5735633333,-70.9661033333,0
42.5092,-73.198633,0
42.241775,-71.1136472222,1
42.496593863,-71.1661160343,0
42.3009486737,-72.2404333949,0
42.241825,-71.13745,0
42.67576771,-72.38976821,0
42.7174652898,-73.1930523472,1
42.0796416948,-70.2177341837,1
42.4178487151,-71.1612505405,0
42.1129695,-72.54805,0
42.0657817321,-71.3898297866,0
42.3073916667,-71.7035833333,0
42.292576,-71.761465,0
42.269935191,-71.1412614503,1
42.6574383333,-70.70755,1
42.6587713537,-70.963590878,0
42.1064528333,-73.4385533333,0
42.1924633333,-71.4540333333,0
42.2518439618,-72.3371852903,0
41.5142434784,-71.0154055239,0
42.214905764,-70.7800007333,0
42.5947976557,-71.457035881,1
42.0366544685,-71.0289637596,0
42.1506292301,-72.7394985312,0
41.8476341667,-71.1119177778,0
42.4777251035,-71.2279564746,1
41.955414128,-71.3617193351,0
42.2779416667,-72.3512033333,0
41.7027866667,-70.317755,1
42.092343,-71.152346,0
42.4041777778,-71.1502694444,1
42.0522519543,-70.1840916067,1
42.0782195,-70.2208416667,1
42.5890197754,-70.7832641602,0
41.687572974,-70.3992927077,0
42.3786833333,-71.834825,0
42.2203828577,-71.3427382186,0
42.292305599,-71.0691552703,0
42.7385527778,-73.1828166667,1
42.7179166667,-71.1166027778,0
42.076645,-70.217565,1
42.5039972222,-71.7958916667,0
42.66187582,-73.16486564,0
41.2788112751,-70.1883510447,0
42.0758919837,-71.1936374289,0
42.4251060486,-71.8751449585,1
42.1738884496,-72.1041951316,0
42.234400969,-71.5531225881,0
42.0782614223,-70.2210266065,1
41.72812,-70.514345,0
42.67737165,-72.3334735,0
41.7136083333,-69.946045,0
42.3960216667,-71.0848471667,0
42.3981573363,-72.5273171733,1
42.4139522195,-71.4618786932,0
41.7527720666,-69.966762666,0
42.6401858917,-72.2821552092,0
42.44717,-71.1016695,0
41.6155264302,-69.9854745146,0
42.5182138889,-71.5076638889,0
42.1620055,-73.1767716667,0
42.49033,-71.0068688889,0
42.4134545573,-71.5107345819,1
42.2609466455,-71.0530053355,0
41.648442,-70.4811383,0
42.0421429661,-70.7270655247,0
42.3613375751,-72.4305098469,0
42.1257388333,-72.0760416667,0
42.3923138889,-72.8808833333,0
42.1954033333,-71.0260388333,0
42.7174633333,-70.9569166667,0
42.3389133333,-70.8954466667,0
42.3966278229,-71.3998381179,1
41.7356383333,-70.19252,1
42.43002,-71.18138,1
42.2635108098,-72.6367411689,0
42.1019638333,-72.545805,1
42.0938765,-71.6238455,0
42.4708041157,-71.4585387222,0
42.3248514464,-71.2142721149,1
41.6903633074,-70.2973842159,0
42.4268033775,-72.9298940208,0
42.3393427581,-71.0698490077,0
42.5809168012,-72.4862195179,0
42.3869466667,-71.1077333333,1
42.3210798508,-71.4052660555,1
42.3310203552,-72.5747375488,0
42.4526533333,-71.8169033333,1
42.366199,-71.263939,1
42.3196823619,-71.4040253517,1
41.6162633333,-70.5822366667,1
42.5892388053,-71.1017393647,0
42.3275185,-72.5431581,1
42.065175,-71.135025,0
42.4645933333,-72.7184216667,0
42.41626,-72.3522883333,0
41.8863760897,-70.6518925538,0
42.188384889,-73.3694766218,1
41.76579667,-69.941955,0
42.2819377073,-72.3928658074,0
42.0549738215,-72.57708797,1
42.2451013483,-71.9603216088,0
42.4530419571,-71.0821374189,1
41.79908333,-70.0375055,0
42.520795,-72.40387,0
41.4069379722,-70.6031349722,0
42.0570556277,-70.1042633144,1
42.5237171632,-71.4393240866,0
42.1794880821,-71.1733138423,0
42.8129666667,-70.87053,0
42.4494383333,-71.268395,1
42.35693191,-71.38119099,0
42.4442583333,-72.1221611667,0
42.2806936263,-71.0857989909,0
42.1475072541,-70.7913155482,0
42.42,-73.0,0
41.9121166667,-70.551345,0
42.3197587212,-71.4048051478,1
42.4680399657,-71.503291176,0
42.4484013501,-72.3995743729,0
41.3264377322,-70.7505736314,0
42.2029948158,-72.628512725,1
42.6753477397,-72.3208833845,0
42.271062,-71.2535479722,0
42.3391,-72.534155,1
42.2420173232,-73.1740324572,0
42.3986966667,-71.0012361117,0
42.7323333333,-71.0428305556,0
42.2835443728,-72.6206176356,0
41.6338793445,-70.8926962455,0
42.6259533333,-70.79042,1
42.210400295,-71.1439907891,0
42.28914667,-72.21231167,0
42.5198594765,-71.0339336715,0
42.5328558187,-72.900413887,0
42.1108444444,-70.9386916667,0
42.2214566404,-70.9598449432,1
42.606,-71.755,0
41.729625,-71.1679216667,0
42.2472116667,-70.9854666667,0
42.1220450941,-72.2939538883,0
42.5133793997,-71.1029462997,0
42.4012833333,-71.2038944444,0
42.3641986,-71.2622444,1
42.2797840825,-72.349175434,0
42.4807466667,-71.23442,1
42.7174743022,-72.5530646719,0
42.19726,-73.33462,0
42.5774433333,-73.232025,0
42.3212616667,-70.9888166667,0
42.4591391177,-72.5598877147,0
41.9345530603,-70.7196445992,0
41.6812558069,-70.0360875183,0
41.7376098633,-71.1585464478,0
41.6568966667,-70.6157916667,1
42.1031581243,-72.1583068224,0
42.7077041757,-73.1862375153,1
41.663737542,-70.0794877763,1
42.2226179896,-72.6084145739,0
42.4222803815,-70.9134035592,0
42.4994666667,-72.4183166667,0
42.0874721667,-71.021325,0
42.0533805556,-71.3587166667,0
42.2218876,-71.701706,1
42.0781879669,-70.2208948505,1
42.0305532223,-70.8633685151,0
42.3642883333,-71.262405,1
42.4785822491,-71.2583258562,0
42.4068139156,-71.3268632185,1
42.6574466667,-71.6644833333,0
42.67255,-70.954895,1
42.0336914063,-72.5684509277,0
42.0004784893,-70.7192467722,0
42.5965116667,-71.2348116667,0
42.09965,-72.57668333,0
41.9356176,-70.6373588,0
42.0787210535,-70.2204497125,1
41.8938689861,-69.9622461141,0
41.7605380324,-70.1133690713,0
42.3194651916,-71.4060388553,1
42.3003,-71.270745,1
42.2693233,-72.35785812,0
42.3635865,-72.4819585,0
41.6597616667,-69.95606,0
42.3536103115,-71.2433661568,0
42.330105,-71.0877305,0
42.319917,-71.405509,1
42.3514416667,-72.709945,0
42.52668,-70.8691812,1
42.3817209997,-71.7715213997,0
41.720905304,-70.2266769409,0
42.0788195,-70.22035333,1
42.2960521169,-71.7135003437,0
42.345195,-72.3826516667,0
42.471275,-71.5424883333,1
42.6999843782,-73.2255354872,0
42.3720709495,-71.3024247128,0
42.2948727,-71.1056623,0
42.3857916667,-72.7376638889,0
42.81895,-70.8712383333,0
42.3960633333,-71.1012638333,0
42.6451333333,-72.9309305556,0
42.6724383333,-71.1414638333,0
42.2795399722,-72.472942,0
41.849002144,-70.6236488907,0
41.6543666667,-70.1338111667,1
42.1397770339,-71.4121449085,0
42.2748755602,-71.2321046083,0
42.6594871153,-70.6004981697,1
42.4153021113,-73.0189346466,0
42.2594074863,-71.3971997425,0
42.2650130464,-72.6671653449,1
42.0088666667,-70.0717,1
42.2868240638,-73.3436754566,0
42.4479577114,-71.2663853493,1
41.7383283333,-70.37046,0
42.2784533333,-71.192345,0
42.3453763954,-70.9555154921,0
41.97617669,-71.33873086,0
42.0747305,-71.358605,1
42.2029507222,-72.4486709167,0
41.755225,-70.492225,1
42.6130176949,-70.891520033,1
42.4420300477,-71.1441986282,0
42.6803766667,-72.155855,0
42.4281497414,-71.0518030373,0
42.5094001463,-71.0687109018,0
42.0788793333,-71.0591548153,0
42.4140737812,-71.474313742,1
42.3522044635,-72.4105178976,0
42.2196107088,-71.5696179194,1
42.374421,-71.106365,0
42.4185676137,-71.2396702474,1
41.2624729722,-70.020244,0
41.647405,-70.28915,0
42.3415946939,-72.2345315569,0
42.470725,-71.0571055,1
42.40842,-72.5419216667,0
42.2867133333,-72.5636233333,0
42.3746909743,-72.4913789868,1
42.0632866667,-70.2304516667,0
42.4278333333,-71.824975,1
42.8347422453,-70.9057598558,0
42.18394,-71.863592,0
42.6176716667,-71.4921883333,0
42.525245,-72.3629383333,0
42.3712716667,-71.4627833333,0
42.3068866667,-72.5342116667,0
42.0195458503,-71.2027272268,0
42.6671786667,-71.5184734722,0
42.3647633333,-71.8816533333,1
42.37861145,-71.10256733,0
42.4895883333,-72.6056283333,1
42.5944032203,-71.5534773022,1
42.6348336136,-71.2856035882,0
42.0782194764,-70.2208744547,1
41.8561527563,-70.7814178434,0
42.63045892,-70.84409344,1
42.066283397,-70.1942728355,1
42.0748166667,-70.209305,1
41.6556283333,-70.1235666667,1
42.5329880055,-71.273720562,0
41.9140501263,-70.5719659156,0
42.0617286114,-70.2176290007,1
42.237305,-71.50048,0
42.2287292536,-71.633857502,0
41.891788,-70.539535,1
42.34608833,-72.68569167,0
42.0737005194,-70.2059372162,1
42.0211535,-71.1420665,0
41.651189507,-70.1484785094,1
42.2452648727,-71.7606226355,1
42.6189321001,-71.1930286803,0
41.66852,-70.3244866667,0
42.482274114,-73.1576101981,0
42.3263702393,-71.1205749512,0
41.69821358,-70.47531115,0
42.4193716667,-72.537405,0
41.7415088,-71.1440393,0
42.4486188731,-71.390761938,0
42.3834278,-71.4161725,0
42.3675466667,-71.0993333333,0
42.196731,-71.1045,0
42.4783854265,-73.239053199,0
42.174523,-71.275291,0
41.2889333333,-70.1189416667,0
42.1118929,-72.0913829997,0
42.0810724793,-71.908752315,0
41.6623533333,-70.3687533333,0
42.06983812,-70.25001576,0
42.5997913122,-72.1522310866,0
42.6451563259,-70.8210018608,0
42.4874513776,-71.3937670262,1
42.2740716721,-71.63225494,1
42.4102318083,-71.0908559535,0
42.4236971373,-71.5549256965,1
42.0314403665,-71.4041950631,0
42.0782141777,-70.2209098374,1
41.2891642,-70.0725527997,0
42.0658307115,-71.1717625171,0
42.3059165689,-71.1901999194,1
42.3617630005,-71.0798416138,0
42.3512611389,-72.5629959106,0
42.4676883333,-71.0905305,0
42.375992653,-70.9916397575,0
42.4322803597,-72.222097435,0
42.2384833333,-71.27568,1
42.0321721667,-70.0610721667,0
41.8733333333,-70.7883333333,0
41.5397177681,-70.0085910692,0
42.3205717077,-71.052169092,0
42.5283730478,-71.7313555527,1
42.503305,-72.2527233333,0
42.61066167,-71.13829167,1
42.3336334229,-73.0819549561,0
42.1341103,-71.5569141,0
42.6567546336,-70.5981515926,1
42.6177043587,-72.291211037,0
41.9738283474,-71.2962151744,0
42.2132583333,-73.3908388889,1
42.29622,-71.4968033333,0
42.3286006628,-72.5383687015,1
42.0556017669,-70.1166707132,1
41.7153444444,-70.0226277778,0
42.536255,-71.0273138333,1
42.6696783333,-71.2214666667,1
42.31408,-71.7410283333,0
42.2944116667,-71.19223,0
42.3562587494,-72.6591271356,0
42.3962235578,-71.0806122422,0
42.5992861137,-70.8645033568,0
42.4387130944,-72.9392131563,1
41.51072344,-71.0176420212,0
42.1817692124,-70.7365357876,0
42.281601861,-71.8565736778,0
42.39854918,-71.74503474,0
42.3509166667,-71.1257861111,0
42.2886616667,-71.9883416667,0
42.2302153356,-70.9963256478,0
42.3301866667,-72.6295783333,1
41.545096159,-70.0126683553,0
42.650875,-71.6155466667,1
42.627330725,-71.3530327823,0
42.5900298661,-71.4747836421,0
42.420995,-71.7284616667,0
42.4764183333,-72.330285,0
42.6004151157,-71.4231357398,0
41.6519283333,-70.1547166667,1
41.42249908,-70.57117819,0
42.2502628881,-71.1875820668,0
42.3581162666,-71.3691505176,0
42.6661616667,-70.8203366667,0
42.064934,-71.1473610001,0
42.29648333,-70.885855,0
42.3135169167,-71.8133475,0
42.0779663602,-70.2190218761,1
42.0762844843,-70.2173375711,1
42.6442816667,-71.3789183333,0
42.3228926932,-71.0829033931,0
41.8309216667,-71.275095,0
42.4992811894,-70.9578329852,0
42.3370556276,-72.4689380975,1
42.4814281458,-71.0874250531,0
42.4299336831,-71.3942405955,0
42.6520166667,-71.2312472222,1
42.6514399296,-70.6936121409,0
42.38027394,-73.05725535,0
42.431745,-72.5348583333,0
41.362476,-70.5352563,0
42.4511888889,-71.8473944444,1
42.3712884821,-71.0304859468,0
42.074035,-70.2052613,1
42.6152688,-71.3873803,0
41.8276565001,-70.6287201105,0
41.8563418524,-70.6769987885,0
41.5615903049,-70.5030274189,1
42.083797665,-71.3801868352,0
42.2264583938,-71.5133875357,0
42.354457872,-71.1659651623,1
42.6662100398,-71.1241281226,0
42.0139777833,-72.80912,0
41.7689383333,-71.1248695,0
42.3113880079,-71.1170300076,0
41.9326722222,-70.8627194444,0
42.5546875,-71.6686248779,0
42.012499,-70.869492,0
42.2233356902,-71.1330134713,0
42.54155,-72.3332216667,0
41.3060379028,-70.251373291,0
42.0844789921,-71.568412101,0
41.9739190068,-70.8989954501,1
42.0787390768,-70.220350209,1
42.1254630992,-71.1937387045,0
42.6912783333,-70.7790966667,0
42.8493375711,-70.861729025,0
42.8173333333,-70.9284583333,0
42.2265283333,-71.1889633333,0
42.077636181,-70.2173757037,1
41.6806401711,-70.5337118074,0
42.0788277235,-70.2183246779,1
42.0996483663,-71.1416968703,0
42.0733849258,-70.2060822241,1
42.5873700161,-71.9775977428,0
42.6403972243,-73.034700671,0
42.31256285,-71.4101207471,1
42.363262355,-71.2617721926,1
42.3368866111,-71.3407636667,0
42.46732167,-72.38670333,0
42.611356066,-71.321695599,0
42.6058577219,-71.3960620214,1
42.7636533333,-70.9991633333,0
42.2992283333,-71.4370333333,0
42.5581867579,-70.8621415616,0
42.5050315903,-73.0368824944,0
42.4299166667,-71.1814716667,1
42.246498,-71.268777,0
42.5136979835,-71.2999274615,0
42.3333001361,-71.8710891002,0
42.1284980774,-72.4783935547,0
41.9862258216,-70.0764075706,1
42.69201862,-71.54981649,0
42.2539466667,-71.1936633333,0
42.4135844478,-71.3987101614,0
42.4261633333,-71.4723966667,1
42.388825,-71.2172383333,0
42.24177,-72.63004,0
42.2745333333,-71.012075,0
42.487624833,-71.393779601,1
42.6435789,-71.3112026,0
42.35293,-71.147074,0
42.2116638919,-71.2688159038,0
42.3663166667,-71.2613216667,1
42.6609543944,-71.708232675,0
42.3333840581,-71.5683757443,1
42.0636706123,-71.1620845253,0
42.0354805,-70.16674667,0
42.4610783333,-70.89608,0
42.2892616667,-71.0398721667,0
42.0584616509,-70.1744654729,1
42.406380809,-70.9972286092,0
42.6311225891,-72.0833740234,1
42.3510966667,-71.0896528333,0
42.29064312,-71.1835243,0
42.0792822298,-70.2187262509,1
42.463799476,-70.9858663852,0
42.3583648611,-72.8863935556,0
42.6232757568,-71.6432571411,1
42.1349094925,-70.7596142597,0
41.6468978666,-70.4500690516,0
42.2333942753,-71.0357422839,0
42.2763344273,-73.3046632447,0
42.7042722222,-70.9717472222,0
42.1473770142,-71.0626525879,0
41.7349567997,-70.6732422997,1
42.6242633333,-71.5184166667,0
42.482721292,-71.5110285806,1
41.4513893127,-70.5824966431,0
42.0793945,-70.21923,1
42.45331426,-72.2222207,0
42.4602852405,-72.8942859684,1
42.28101,-71.177035,1
42.2503005,-71.1383058,0
41.993202763,-71.2397391991,0
42.282322,-71.375799,0
42.6473616264,-71.2751412004,0
42.822395,-70.9638966667,0
42.470495,-71.1653583333,0
42.2858092,-71.9001123,0
41.5725026184,-70.6261436414,0
42.1649048776,-71.1509406872,1
41.9769052,-71.3126433,0
41.73957,-70.626205,0
42.034006482,-71.0239193962,0
42.1053487528,-71.5363806736,0
42.5796366667,-71.4827333333,0
42.4605505022,-71.3199179498,1
42.4536939893,-71.2383527667,0
42.2254972902,-72.3085786971,0
42.4735828513,-72.3347283348,0
42.1466583099,-72.0600181818,0
42.1377296838,-72.1075462793,0
41.7095461492,-70.0835601646,0
42.3589733333,-72.5133983333,0
41.8541666667,-69.9772222222,0
42.338688,-71.5298538,1
42.4970772418,-71.4441936947,0
42.0784319826,-70.2185781363,1
42.34398333,-72.64858833,0
42.36038908,-73.21200142,0
42.6266376721,-72.7231665329,0
41.87168833,-70.00585278,1
42.1802018686,-70.8018922806,1
41.9440161902,-70.6305440236,0
41.3055532433,-70.7657368495,0
42.128115971,-73.2499909449,0
41.73253946,-70.9280984636,0
42.718425,-71.0715721667,0
42.3152204623,-71.2129956274,0
42.5716542777,-71.0872480864,0
42.4152866667,-72.5328916667,0
42.8324628059,-70.8180648165,1
41.2654083333,-70.132275,0
41.5698972222,-70.6112944444,0
42.3348296883,-71.0098497067,0
42.273975322,-71.6321962572,1
42.5940183556,-71.5533005903,1
42.3607533333,-72.4244533333,0
42.4442073631,-72.1464398155,0
42.2376302511,-71.3269128184,0
41.5843505145,-70.5779745889,0
42.6301383333,-71.1474,1
42.3084369722,-72.6160919722,0
42.6425533333,-71.3361716667,0
41.2613186939,-70.0838653886,0
42.323444,-72.662857,0
42.3229230833,-71.1095885556,0
42.0058528113,-71.3597896867,0
42.2836133333,-72.391875,0
41.5231074196,-70.6678347364,1
42.0524140929,-71.1189322919,0
42.375883746,-72.238954316,0
42.6058383333,-72.093375,0
41.8574950391,-71.1079889403,0
42.5625179722,-73.1614359722,0
42.508945,-72.28247,0
42.2763044167,-72.4645122778,0
42.4398705355,-71.063990031,0
42.5029390958,-71.4901051764,0
42.2836914063,-71.0572433472,0
42.1207679925,-71.4808210403,0
42.3661411791,-71.4936934834,1
42.4622763461,-71.592523316,0
42.6531877954,-71.1293629382,0
42.3209661147,-73.1388995424,0
42.5641497373,-71.1794560637,1
42.1299783333,-71.3727566667,1
41.6405409225,-70.2134275809,1
42.2033432917,-72.6293814182,1
42.0791363934,-70.2185205346,1
41.92443833,-69.97657833,1
42.1984980252,-71.9706442719,0
42.360175,-71.5334388889,0
42.7017091401,-71.1072902475,0
42.429429388,-71.2046672762,0
42.5860310252,-72.6203775778,0
42.3123829722,-71.4350749722,1
41.968625,-70.6446083333,0
42.07751615,-70.8965632,0
42.63213,-71.6326366667,0
42.4773352314,-72.168714786,0
42.128326416,-72.1335830688,0
42.1273998428,-71.5306453407,0
42.0999472222,-71.6770388889,1
42.1096094741,-72.5771045893,0
42.6514034031,-72.7388940803,0
42.6276537229,-70.9187521797,0
42.4005283333,-71.6814333333,0
42.23891683,-71.7701708082,1
42.735751845,-71.2181663141,0
41.5134896654,-70.9995602652,0
42.4885224167,-71.267006299,1
42.4526857317,-71.0816009755,1
42.2133622175,-71.0722502225,0
42.3755866667,-72.0105222167,0
42.0423006,-70.8099942,0
42.6546476,-71.1677497,1
41.8085377342,-69.9556534678,1
42.4569476245,-71.9079565354,0
42.0729889507,-70.2069776159,1
42.2062716667,-72.3183533333,0
42.2667111111,-71.0966333333,0
42.3014065634,-72.7126000822,0
42.4619028792,-71.0656872881,0
42.00283055,-71.29917167,1
42.7146732911,-70.7824377993,0
42.2315644501,-71.1372319981,0
41.6395492554,-70.2351608276,0
41.9734206745,-70.0217083097,0
42.3675083333,-71.2585133333,1
42.22145,-70.9358583333,1
42.4295004869,-71.4204189372,1
42.3769071911,-72.5503154236,0
41.7670606224,-69.9769055069,1
42.4752222222,-71.3147722222,0
42.2565143504,-71.087664105,1
42.605045,-71.5847783333,0
42.64267,-70.6795716667,1
42.3429866667,-72.5214616667,0
42.0682124685,-71.6322419358,0
41.9020519546,-71.3095314056,0
42.3828887939,-73.2989654541,0
42.592705,-72.5959866667,0
42.42202,-71.6614216667,0
42.1563198594,-71.0348008247,1
41.62267393,-70.4342140919,1
42.4059737,-71.0734009,0
41.9635693905,-70.9167767243,0
42.1751728307,-71.0516405788,0
42.3516959759,-72.4891022343,1
42.42197,-71.2682883333,1
41.2428383333,-70.0934971667,0
42.7189178822,-72.6784580185,0
41.4917308219,-71.0391161218,0
42.0801057702,-71.2101598879,0
42.339175,-71.2552116667,1
42.2330827991,-72.6182835101,0
42.616268158,-71.3995895386,1
42.1576881409,-70.8462524414,0
42.3173067092,-71.4754682566,0
42.1004792466,-72.6813384891,0
41.51543,-71.1131528333,0
42.608525,-70.70127167,0
42.1866138889,-70.9990222222,0
42.2760530219,-71.2901066963,0
42.0830977819,-70.6812287795,0
42.2387416667,-71.5740133333,0
42.5818074766,-71.1607444958,1
42.1013908386,-72.6970901489,0
42.8199565883,-70.9363955901,0
42.78213,-70.9572366667,0
42.6812216667,-70.7570033333,0
42.3300628012,-71.5506504712,1
42.15251117,-71.93496667,0
42.678575,-72.1509166667,0
42.41363,-71.66648,0
41.59582901,-70.902885437,0
42.266645,-72.61567833,0
42.4879846559,-70.9347549551,0
42.2741968882,-71.2472820937,0
42.4905179321,-71.8220442161,0
42.4413904874,-71.8572000135,1
42.2382388889,-71.8064888889,0
42.242484461,-71.5320982498,0
42.0585947119,-70.1142963091,1
42.4812822594,-71.4629329741,0
42.8079083333,-70.8656166667,0
42.289120512,-71.7693220451,0
42.2990811214,-73.2473650422,0
42.1991662994,-70.7162397369,0
42.4027105388,-71.4607210486,1
42.4780657202,-71.048085699,0
42.3841819763,-71.9466171265,0
41.9966366667,-70.7299116667,0
42.2970339144,-70.9310441372,0
42.1165143051,-72.6832953617,0
42.258975,-72.5714116667,1
42.1958805556,-72.6513055556,0
41.3486345,-70.0077471997,0
42.3445866667,-71.0679778333,0
41.9464355918,-70.6915941253,1
41.9817733765,-71.3399276733,0
42.6727519526,-71.5141581738,0
42.1650168859,-73.4079958499,0
42.5997526368,-71.1813902647,1
42.20473,-70.97873,0
42.1788333333,-72.675665,0
42.6779178624,-72.9482568429,0
41.7240064664,-71.206785684,0
42.5004616667,-72.5379416667,0
41.6371194444,-70.6194388889,0
42.4152777778,-71.1865194444,1
42.1540721667,-72.47725,0
42.250498,-72.382834,0
41.693183624,-69.9452928454,0
42.6355760089,-70.6426592736,1
41.69523667,-71.04121383,0
42.38287833,-70.98003333,0
42.0624453752,-70.1913711056,1
42.4286783333,-71.1818466667,1
42.5110466667,-71.19562,0
42.33643798,-73.18838307,0
42.34657,-72.03527783,0
42.5708383333,-72.3987583333,0
41.9403616667,-70.0525888333,1
42.4286111111,-72.5375,0
42.2764229101,-71.0565149412,0
42.57995403,-71.45594125,1
42.0322092688,-70.9333620954,0
42.629555,-72.1467133333,0
42.4685637108,-71.1675072158,0
42.3256963562,-71.3217125427,0
42.0791555,-70.2192083333,1
42.3940116667,-71.0987166667,0
41.7376711127,-71.1588947763,0
41.71228,-70.37024667,0
42.1202353125,-72.5304449538,0
42.3501083333,-71.361965,0
42.2565796143,-72.1568700671,0
42.3419056444,-71.1008860787,0
42.4090066667,-71.1393783333,0
42.63451167,-71.20764167,0
41.2741583193,-70.1904878575,0
42.3481068841,-72.603532343,0
42.67230333,-73.25772167,0
42.0680716313,-71.1417368761,0
42.537755,-73.063485,0
42.46592833,-71.23754167,0
42.3598589605,-71.1450992525,0
42.1732912,-71.6379081997,0
42.3121533875,-71.8339524738,0
42.0276503987,-70.671856612,0
41.7002400421,-70.0357009554,0
42.0436670114,-70.1921130717,1
42.65239469,-71.37397041,0
41.736027458,-70.1934299329,1
42.3363566667,-73.1355216667,0
42.51720213,-72.21271261,0
42.3782529632,-71.4472986601,1
42.0799577976,-70.2188801765,1
42.0787088814,-70.2202175591,1
41.6965026855,-70.1885147095,0
42.3754159015,-72.2160945833,0
42.2373783333,-71.4911583333,0
42.442825,-71.39058,0
42.4651666667,-71.3426366667,1
42.4654367241,-71.2083456773,0
41.8430166667,-71.2696616667,0
41.6461970884,-70.3361801061,0
42.77988217,-70.9460144065,0
41.8218703257,-70.9023009702,0
41.9362194444,-71.3693694444,0
41.729,-70.427545,0
42.2672345722,-71.7730681692,0
42.1088028333,-70.1432333333,0
41.775710333,-70.5216687928,1
41.9385185242,-71.1077194214,0
42.1262639571,-70.7704080641,0
42.51606067,-71.4004553,0
42.0462937292,-70.2182540438,1
42.05795,-70.1761166667,1
41.751284577,-70.6219816417,1
42.2604759997,-71.1220763,0
42.37359473,-71.62678995,0
42.4848556519,-71.1026763916,0
42.7696688303,-71.1092758987,1
42.2947119722,-72.418232,0
42.6173521813,-71.5496560604,0
42.27815,-71.133775,0
42.06323333,-72.69727167,0
42.0511582029,-70.2016635799,1
42.5895916667,-70.652305,0
42.1574554222,-72.2896120256,0
42.0386916667,-72.59732,0
42.6862125052,-70.7838024676,0
42.3270368111,-72.5276397901,1
42.6396966667,-71.1359861667,1
41.7570311782,-70.117944808,0
42.22272833,-71.46364667,0
42.06845,-70.2112583333,1
42.1844583333,-71.85897,0
41.8764388889,-70.5368638889,0
42.485145,-70.9131,0
42.2858971311,-71.5816725232,0
42.8377633683,-70.9017426707,0
42.1527220042,-72.8146938833,0
42.3146166667,-71.2226033333,0
42.4667124234,-72.9521044716,0
42.6323916667,-71.222825,1
42.5163033279,-70.8912233078,0
42.4262349729,-71.3065962908,1
42.3198106321,-71.403885037,1
42.5052559795,-70.9172608518,0
42.3963943261,-71.1748170949,0
42.5352413377,-71.1979799241,0
42.0487116667,-72.969655,0
42.0655153,-71.0902712,1
42.45361,-71.4563466667,0
42.5637433333,-72.6804316667,0
42.4322775757,-71.2937528577,0
41.66297,-70.09545,0
42.2346716667,-70.914755,0
42.26495,-71.0123833333,0
42.2959289766,-72.3069925265,0
42.3703484336,-71.077532331,0
41.57939167,-70.457725,0
42.0894813538,-71.0568389893,0
42.33145202,-71.31676513,0
42.5894948363,-70.6598732165,0
42.5366633333,-72.590645,0
42.3583192428,-71.5962263494,1
41.6994883333,-70.30548,0
42.2727166667,-71.813295,0
42.6867229106,-73.1174421491,0
42.4011408333,-71.7875248889,0
42.4687783996,-71.1301895226,0
42.4776416667,-71.0687028333,1
42.3643083333,-73.3014216667,0
42.54853,-70.8650883333,0
42.5875,-72.2111111111,0
42.1390391012,-70.7015957479,0
42.518425,-71.0563888333,0
41.6262454167,-70.8066824265,0
42.5968333333,-72.55033,1
42.1962738037,-73.2558517456,0
42.6908950806,-71.2690582275,0
42.1943419722,-71.196476,0
42.2603529046,-71.2571376004,0
42.4602082852,-72.8944676458,1
42.6300503088,-70.8448071316,1
42.3987803275,-71.1299914441,1
42.2982946921,-71.1316429589,0
42.3203716667,-72.5346533333,1
42.63079,-71.5229583333,0
42.5803533333,-70.8202666667,0
42.2015583333,-71.065575,0
41.3455812028,-70.6866943092,0
42.0323695484,-70.9277044751,0
42.4746002583,-72.1605432686,0
42.0732272474,-70.2062670656,1
42.246461861,-70.8864888226,0
42.4254232358,-70.9844829425,0
42.4721037371,-72.3430738625,0
41.7188835144,-70.0322952271,0
42.3362366667,-72.6750333333,1
42.3438102348,-71.0601107776,0
42.0693449243,-70.1975256356,1
42.0486754412,-71.5319625351,0
42.54193,-73.23565,0
42.2692116667,-71.5085133333,0
41.9932903273,-70.7075497771,1
42.2682885154,-71.0398313458,0
42.0990388434,-71.2109278481,0
42.1787164691,-72.6383785119,0
42.3128493978,-71.9494337734,0
42.0309272496,-70.9231199731,0
42.3419283333,-71.0827333333,0
42.1725603412,-71.6538139142,0
42.5149055556,-71.3298805556,1
42.27608,-71.29074667,0
42.6857133333,-71.0719833333,0
42.4386216667,-70.9709916667,0
42.4523479801,-71.911278999,0
42.199956,-71.215355,0
42.5481083333,-73.2675833333,0
42.1869290667,-71.7307796237,0
42.63760444,-72.16631473,0
42.0090620839,-70.8797088604,0
42.5261583333,-72.3293633333,0
42.416575,-71.29728667,0
42.65752042,-71.33237185,0
41.7704479548,-70.0475086808,0
42.514325,-72.4300783333,0
42.0959321041,-72.5946335338,0
42.6549895062,-71.1225471861,0
42.6034216576,-70.9032923545,1
42.5893133333,-70.8988716667,0
41.5862028,-70.934694,1
42.404605,-71.0258111667,0
42.33102,-71.7989583333,0
42.10559268,-73.05451123,0
42.573875,-70.730255,0
42.3390441149,-72.5347968973,1
42.6174616667,-71.1046611667,0
42.1970202914,-71.3739394583,0
42.2762361111,-71.1963583333,0
42.0736656189,-70.2063980103,1
42.4470816667,-72.1853933333,0
42.1792563,-73.2120526,1
41.9223021168,-70.7835732735,0
42.337095869,-71.3286269291,0
42.1044888333,-72.5734466667,0
42.0734215,-70.2058201,1
42.107875,-71.1364222222,1
42.7671585083,-71.0347595215,0
42.461955,-71.36773,0
42.5841745544,-70.6588164535,0
42.0795568167,-71.9103643465,0
42.0952202483,-71.3879618071,1
42.2231593,-71.8448311,1
42.62581,-71.55786,0
42.283853513,-71.1906974763,0
42.2268368543,-72.5873904065,0
42.8070304663,-70.9736824172,1
42.1744616667,-73.2015666667,0
42.66800914,-72.31750892,0
42.0535764179,-70.9232936569,0
41.8824195862,-69.9941558838,1
42.4703186565,-72.0924714022,0
42.0664709648,-70.1944620017,1
41.8908410834,-70.8085858232,0
42.13135283,-71.442855,0
42.35823833,-71.05957783,0
41.533745,-70.6678616667,1
42.0856528333,-71.719125,0
42.1935956,-70.9678531997,0
42.2825526149,-71.1122480846,0
42.5443277778,-73.0257,0
42.2651666667,-73.30918,0
42.4565326988,-72.8941593579,1
42.4902,-71.8797383333,1
42.6170755971,-71.2471948191,0
41.6760692309,-70.1489908611,0
42.805155,-70.9319533333,0
42.625,-70.9353633333,0
42.4744551346,-71.3403332237,0
42.258502,-72.7484879722,0
42.605432847,-71.3898806032,1
41.5851866667,-70.5670383333,0
42.50498167,-70.83235,0
42.1140855952,-71.4026497073,0
42.27653849,-72.34163911,0
41.2694083333,-70.1099611667,0
42.51344667,-71.27179667,0
41.6313283333,-70.3010866667,1
42.0731306852,-70.2068073608,1
42.340549661,-71.6563431848,0
42.2203232162,-71.7850344593,0
42.1390266418,-71.8792877197,0
42.35357,-70.8920666667,0
42.383025505,-71.0300453031,0
42.4278440557,-71.1627668174,0
42.4934872275,-71.3803596001,1
42.1509634,-72.1190146997,1
41.351784,-70.8010799722,0
41.9460216667,-71.37133,0
42.3900454296,-71.2313602965,0
41.77995,-70.7637633333,0
42.6607991429,-71.3397182781,0
42.5731977084,-71.0805534999,0
42.0845028333,-71.21132,0
41.856842,-70.0051299722,1
42.4807616667,-71.41568,0
41.449257,-70.925438,0
42.7648058707,-70.8431489021,1
42.5776173429,-71.428310667,0
41.9281288307,-70.6134613229,0
42.2808833614,-71.1196652055,0
42.5577926636,-71.6937484741,0
42.0787326282,-70.2203789629,1
42.28437,-71.0419221667,0
41.5954754549,-70.6355002686,1
41.6602300018,-70.124238301,1
41.9932551543,-70.6993300793,1
41.3651283333,-70.0190195,0
41.7602769938,-70.8007519786,0
42.5796384009,-71.5097905008,1
42.6462839797,-70.9177025312,0
42.3439266746,-71.0216393385,0
42.1214908796,-72.6018941925,1
42.2042616667,-71.0191028333,0
41.6975904697,-70.2883149755,0
42.6501090106,-71.3316154185,0
41.3496689722,-70.4867639722,0
42.1082290744,-71.6584322858,0
41.9547864602,-70.6563087702,1
42.3535957336,-71.2016601563,1
42.2952461243,-72.638168335,0
42.3952833333,-71.4821383333,0
41.5299387804,-71.0651305177,1
42.3383872176,-71.0114538297,0
42.3123083333,-71.2748416667,0
42.0859528333,-71.1985866667,1
42.2486416667,-71.74803,1
42.5076466667,-71.3275216667,1
42.5747305939,-71.4302443536,0
42.179173042,-71.9309420672,1
42.6906659827,-72.8968024347,0
42.25883833,-70.87763833,1
42.637295,-70.5968866667,0
42.1241445,-71.6364366667,0
42.2243126617,-71.0555680095,0
42.05125,-72.7664027778,1
42.3500865539,-72.1956937703,0
42.3946059574,-71.4942719042,0
42.6547194444,-70.6052555556,1
42.1254136878,-71.1981424841,0
42.3536599922,-71.3776931077,0
42.4903851422,-71.0307093245,0
42.43948456,-71.53084399,0
42.331613704,-71.3617757583,0
42.0792278333,-70.2197283333,1
41.3791690233,-70.4669856238,0
42.1829416667,-71.0925666667,0
42.3493537,-71.7792187,0
42.2121676586,-71.6708642521,0
42.376245,-71.647195,0
41.9906083333,-70.9697716667,0
41.6098513875,-70.5718374252,0
41.9632993344,-71.345491728,0
41.4466385869,-70.6373224393,0
42.36168718,-72.26246117,0
42.3435861316,-72.2278322805,0
41.4293219722,-70.602269,0
42.2720625664,-71.975994643,0
42.3243682876,-72.5288310258,1
42.3441801413,-72.0245762488,0
41.4854668268,-71.035628381,0
42.4566650391,-72.7919464111,0
42.37262246,-71.62583569,0
42.8282166667,-70.9293833333,0
42.3970397968,-71.6731479103,0
42.2286516667,-71.436,0
42.4872722222,-71.6312138889,0
42.5017602528,-72.8149916545,0
41.6726957459,-70.5422931398,0
42.1397507406,-71.2684672992,0
42.60762,-72.5418466667,0
42.07228598,-73.21007676,0
42.732446,-73.032814,0
42.4948428898,-71.775783822,0
42.4547579669,-71.1218586546,1
42.6067355,-71.6141643,0
42.4159458188,-71.5260644448,0
42.499225,-71.54096167,0
42.2511111097,-71.333922602,1
42.3642513659,-71.2624869935,1
42.5187777778,-70.9035916667,0
42.3654283333,-73.30137,0
42.39581465,-72.5206875,1
42.43827,-71.1177221667,0
42.716548057,-71.1539092241,0
42.077082,-71.151621,0
42.61083333,-71.078125,0
42.320919914,-71.0483852353,0
42.5003572,-72.6393597,0
41.9632065257,-71.3730523251,0
42.0441344138,-70.1052556529,1
41.9020783333,-70.0715333333,0
42.4928398132,-73.2992172241,0
41.2568056798,-70.1416429932,0
42.0203502684,-70.8641338348,0
42.1001064108,-72.5744091047,0
42.447028,-72.5104639722,0
42.3970383333,-71.5152133333,0
42.0659360583,-71.9474446962,0
41.390645,-70.0481945,0
42.1737066341,-73.1907473132,0
42.38614,-72.2333883333,0
41.68977689,-70.01191699,0
42.20364,-71.4625476,0
42.07935,-70.21888,1
42.1885389722,-71.198729,0
42.629975,-71.3938833333,0
42.4590518654,-71.395508944,0
42.3245458864,-71.0798333149,0
41.7395027778,-70.8396833333,0
42.0714907,-70.8092074,0
41.4686402,-70.6058361,0
42.0784011142,-70.2211650883,1
41.5632452169,-70.614711219,0
42.620045,-71.298705,1
42.6803366667,-70.7445233333,0
41.9728491146,-70.8740776347,0
42.4312216667,-71.0497971667,0
42.0779,-70.2203055556,1
42.0698966944,-70.1960449167,1
41.5232966667,-70.663405,1
42.2174586137,-70.8682711001,1
42.5943540418,-70.8231731504,0
42.4098707596,-72.5053857453,1
42.519284872,-72.6993821137,1
42.3735845036,-71.4818734269,0
42.0739496387,-70.2054604143,1
42.2960970515,-71.5186512582,0
42.308274738,-71.3795730144,0
42.7273255813,-70.7862639357,0
41.2610163126,-69.9619031287,0
42.694785112,-70.8069657342,0
42.3513666667,-72.5881555556,1
42.4628055867,-70.9813570976,0
42.23268,-72.6879283333,0
42.660841434,-71.5101196911,0
42.2029083333,-70.7572633333,0
42.2079166667,-71.0028083333,0
42.3183708056,-72.2053375,0
42.315119911,-71.3894226775,0
42.3415516667,-71.1099183333,0
42.503137,-72.5230329722,0
41.515675,-71.0205694444,0
42.6296673271,-70.842756629,1
42.328095,-72.539485,1
42.528911049,-72.547419457,1
42.3542633333,-71.1302333333,0
42.45593032,-72.22985946,0
42.532045,-72.5233166667,0
42.0426008225,-71.0892632287,1
42.4081876987,-71.2205907682,0
42.2820366667,-71.6074833333,0
42.601822,-71.988628,0
42.5402866667,-71.4306633333,0
42.3332722222,-71.1490777778,0
41.89022417,-71.05588073,0
42.71528833,-71.09978617,0
42.1313055,-72.5478883333,0
42.2905555556,-71.8186111111,0
42.1334111677,-71.2524683798,1
41.808434,-71.3369972,0
41.8768194444,-70.6408194444,0
42.1000833333,-73.1763616667,0
42.0802528333,-72.6937466667,0
42.4133122123,-72.5088764139,1
42.50435333,-70.90815833,0
41.9911472222,-71.1558916667,0
42.575396624,-71.064596613,0
42.4292889927,-71.2790439523,1
42.3281822205,-73.2896499634,0
42.357025,-71.47554,0
42.0295436086,-71.2918522954,1
42.2226577645,-71.1805479803,0
42.433225,-72.37973,0
42.8293533333,-70.9238283333,0
42.2661482357,-70.8473722917,0
42.8286206441,-70.8182588598,1
42.6107213,-71.0713977,0
41.9684232964,-71.289900465,0
41.2905369737,-70.2502316585,0
42.2619228667,-71.7537318382,1
42.6458416667,-72.625965,0
42.6918812617,-71.762216467,0
41.50176667,-71.1208945,0
42.6105254423,-73.1559084356,0
42.4772153519,-71.3302735984,0
41.9561292598,-70.0768375513,0
42.04345,-70.214395,1
42.5673892549,-72.2185456582,0
42.5398367335,-72.7644871755,0
42.3316443517,-71.9941111749,0
42.263016586,-73.2733510106,0
42.0630528333,-71.5864333333,0
42.1293893394,-72.4077841043,0
42.4252583313,-71.3763525527,0
42.56395333,-70.77075833,0
42.1495746,-71.6623584997,0
42.624309,-73.134375,1
42.5020933333,-71.6222916667,0
41.6210666667,-70.4327916667,1
42.6319379587,-70.7235389383,0
42.058205742,-72.2625984108,0
42.354095,-71.498925,0
41.9895306123,-70.9770563571,0
42.513675,-72.31128,0
42.3938172393,-73.2423273325,0
41.887779,-70.5591739997,0
42.1005361667,-72.59295,0
42.254275,-71.6531916667,1
42.195927,-71.501312,0
42.7009466667,-73.1532888333,0
42.7647975019,-71.0490409657,1
42.3022194444,-71.1511777778,0
42.4959195049,-72.3196185428,0
42.4023716667,-71.0839383333,0
42.3588978919,-71.0933993385,0
42.8498195947,-70.8184888426,0
42.3534366667,-72.5549383333,0
42.0779948887,-70.2354586921,0
42.3497339722,-71.149293,0
42.1522677427,-71.6445013818,0
42.078749515,-70.2202283588,1
41.841645,-69.9728466667,1
42.2406045848,-70.9306734712,0
42.5674283333,-73.1512138333,0
42.24547084,-73.25381859,0
42.54400759,-71.37455732,0
42.3644294212,-71.2377638507,1
42.715149019,-71.1736727413,0
42.330556,-72.522453,1
42.4102388889,-72.5826111111,1
42.0728962834,-70.2070020899,1
42.4419333008,-71.5598337223,0
42.1795541997,-71.8696786997,0
42.2261616667,-73.4122,0
42.0337009364,-70.9275737916,0
42.2612074262,-71.5933754159,0
41.6238627742,-70.8608708884,1
42.665925,-72.4838116667,1
42.286429337,-71.2580661734,0
42.1316881997,-71.5440193997,0
42.66578333,-70.733995,0
42.0781708088,-70.2213643876,1
42.5802297746,-71.5416709041,0
42.64178,-70.592395,0
42.5113499722,-71.9340055556,0
42.1165733245,-73.4160602363,0
42.8430739937,-71.0160878237,0
41.6093034111,-70.5352448021,0
42.6056718,-71.20233353,0
42.2901071379,-71.0238362495,0
41.62000333,-70.644495,1
42.0782007209,-70.2209582676,1
42.0217390696,-70.880314805,1
41.2784614563,-70.0247192383,0
42.4430758,-71.9618071997,0
42.5527383333,-70.9593666667,0
42.518905,-72.4508883333,0
42.3687400087,-71.0396137472,0
42.4020569499,-71.0997669798,0
42.1599055,-71.14705,1
41.6980058791,-70.2510234596,0
42.7146381472,-72.4426879583,0
42.46548333,-71.13912217,0
42.6520055556,-71.2312222222,1
42.1704149722,-72.6594319722,0
42.4042433333,-71.49759,0
42.6388466667,-72.491675,0
42.167385445,-71.6513590759,0
42.399862893,-72.938349098,0
42.5893979833,-71.0514747195,0
42.59037,-71.7877666667,0
42.8016441468,-70.932243212,0
42.212125,-70.9261083333,0
42.620893051,-71.5040381626,0
42.28328522,-71.88204435,0
42.3865016667,-71.228655,0
42.481221,-73.178922,0
42.2955430491,-72.3025336794,0
41.8031928021,-69.9357915442,0
42.0730938931,-70.6589093726,0
42.0510194408,-70.1960998401,1
42.1801786804,-70.8020961285,1
42.5228940342,-71.3985997986,0
42.2884166667,-72.7328716667,0
42.3468972427,-71.1368820441,0
42.4331893087,-73.1168453164,0
41.6840216667,-70.0181583333,0
42.0997399722,-71.6199179722,0
42.46593,-70.902795,0
42.4507694066,-73.2665342011,0
42.674477738,-71.4280975863,0
42.4892,-71.0844083333,0
42.6730505406,-70.5737718355,0
42.3299530171,-72.5333824754,1
42.14608429,-72.61970128,1
42.627502,-72.33350469,0
42.0787318959,-70.2203277362,1
41.9124779804,-70.5772556551,0
42.4327383333,-71.0253,0
42.5374789071,-72.4889964425,0
42.4687916667,-71.0075527833,1
42.78768667,-70.9488,0
42.6027912414,-71.5176520497,0
42.6013361111,-71.4166111111,0
42.4280266173,-70.9329337777,0
42.2742543441,-73.1093020991,0
42.3483039722,-71.853994,1
42.2288998761,-71.4211545911,0
41.3344083333,-70.8257616667,0
42.3869247186,-70.9722664991,0
42.0722055,-70.9330533333,0
41.9478383333,-69.992645,0
42.5029053897,-72.5597621608,0
42.2334194484,-71.1890188377,0
42.428198003,-71.7067731745,0
42.5492483333,-72.2154166667,0
42.351,-71.365735,0
42.4006883333,-72.64505,0
42.63716167,-71.28556167,0
42.3223466158,-71.0436859801,0
42.3397506,-71.0860245,0
41.7379011041,-70.4173036444,0
42.4357162974,-71.0806421094,1
42.7814039,-71.0679188,1
41.5599802914,-69.9939936507,1
42.2364090756,-71.0358758458,0
42.2186783333,-71.1176388333,1
42.4415954303,-71.106425069,0
42.0862208773,-71.5694507026,0
42.4366493212,-72.5226537342,1
42.3634439847,-71.1062653922,0
42.4384922541,-72.0506410838,0
42.1684835422,-71.014451293,0
42.4925944444,-71.4187388889,0
42.5357471221,-71.1119735521,0
42.1541583333,-71.1545763889,1
42.1655654907,-72.7663269043,0
42.22459667,-71.504295,0
42.4683109722,-73.1519499722,0
42.3779814997,-72.5856593997,1
42.551335093,-72.5017055869,0
42.2082481159,-72.5626820309,0
42.2663105833,-72.3318761944,0
41.3441507,-70.77880151,0
42.0636769722,-71.709557,0
42.3781866667,-72.5111383333,1
41.6720866667,-69.966575,0
42.078800874,-70.2204467007,1
42.3398628235,-71.1171417236,0
42.2587618215,-72.8624513,0
42.3322173792,-71.4988931778,0
42.36865372,-71.85877028,0
42.2439037938,-71.9668019924,0
41.7167930603,-71.1571655273,1
42.599575,-72.993775,0
42.4480541546,-71.6856236598,0
42.86232734,-70.9490349,0
42.3510479281,-71.2184582783,1
42.0209106937,-70.6148878857,0
42.670495,-70.62483333,1
41.6326329331,-70.8875489327,0
42.35926333,-71.25679667,1
42.0817028333,-71.2735883333,0
41.8582416667,-69.9528883333,1
42.2845116667,-72.7193083333,1
41.9385083333,-70.786775,0
42.1097043192,-73.4307352143,0
41.2827146536,-69.9639502262,0
42.6069037597,-71.4880169289,0
41.77005,-69.985695,1
42.25874,-70.874256,1
42.1308361667,-71.346275,0
42.3386797961,-71.158760431,0
42.4085687103,-71.2519540252,0
42.2370191819,-71.9561227826,0
42.20934785,-70.7327577,0
42.0426180177,-71.189429462,0
42.4425582886,-71.1834335327,0
42.0592028333,-71.01665555,0
42.1866838109,-71.1957372928,0
42.4046583333,-71.4413916667,1
42.3399503321,-72.6524760577,0
41.967733,-70.67382,0
42.054525,-71.357425,0
42.0773106307,-70.7833240883,0
42.3028588939,-71.2479970756,0
42.0897466667,-72.6610516667,0
41.8644533333,-70.0076972167,1
41.928459717,-70.062322482,1
42.4267581591,-73.1890659463,0
41.782925,-70.56733667,0
42.0787390768,-70.2203421624,1
42.3867716667,-71.2195666667,0
42.0788922217,-70.2196361117,1
42.4196783333,-71.0469805,0
41.8734633333,-70.98873,0
42.356883628,-71.4404902343,0
42.505887079,-71.4898053241,0
41.75078667,-69.93737,0
42.0285051254,-70.8989710961,1
42.1857588767,-70.9480853006,0
42.1093666667,-71.21138,0
42.1933015405,-73.3662881469,1
41.3910143,-70.5032635,0
42.0578828151,-70.2559458236,0
42.58770734,-72.61796877,0
42.1116235997,-72.1043446622,1
42.5466783333,-71.2808833333,0
42.4317600416,-71.5047541615,0
42.327575,-71.0475528333,0
42.8175866667,-71.1300195,0
42.2097032472,-71.1259040236,0
42.2032944444,-72.629375,1
42.536055,-72.17561333,0
42.4368286725,-72.5222728999,1
42.3046414794,-71.0898315393,1
42.6777677052,-71.2928483205,0
41.6410866667,-70.464455,0
42.3383916667,-71.0202333333,0
42.1486663818,-72.729598999,0
42.6902925427,-71.1491133333,0
41.7069816589,-70.7700653076,1
41.772510731,-70.0751893552,0
42.40328333,-71.61762167,0
42.1118671787,-72.3763978109,0
42.52930598,-72.1839729,0
42.68243333,-71.45735833,0
42.1652090376,-70.7186565512,1
42.3870686173,-71.5710458386,1
42.4451694444,-73.0831,0
42.3748172108,-70.9695059639,0
42.1082762217,-70.7203913333,0
42.61333411,-71.88787945,0
42.1978566346,-71.6816199055,0
42.3821379324,-71.1922565343,0
42.3356877,-71.04919062,0
42.646355,-71.151275,0
42.254325,-71.5685138889,0
42.63293,-71.6568433333,0
42.4010333333,-71.3634277778,0
42.3546309722,-71.1481909722,0
42.3805583333,-71.1398166667,1
42.6966299722,-73.1077509722,1
42.5529777778,-71.1954805556,1
42.24984667,-71.494775,0
42.6695616667,-72.96508,0
42.0656361667,-70.192695,1
42.17448333,-71.16251383,0
42.4424204823,-71.4983263443,0
42.641725,-70.9111722222,0
41.9073921813,-70.0170670603,1
42.4587083333,-71.3945166667,0
42.0794,-70.21878,1
41.5429522441,-70.6042396012,0
42.4406503296,-71.517024709,1
42.3993944703,-71.4212462493,0
41.4361133333,-70.6118166667,0
42.0498954715,-72.2660853833,0
42.4056966667,-72.400305,0
41.7430008199,-70.2234089628,0
42.2983083333,-71.9824616667,0
42.4584451389,-71.0084223211,0
41.7881383333,-70.0128111167,1
41.8449517612,-70.5315969196,0
42.4461521158,-72.4923965086,0
42.69476254,-71.21176038,0
42.2449014523,-73.0614979473,0
42.4028219445,-71.0381016365,0
42.5958640349,-70.6659920618,0
42.3026511725,-71.1424272694,0
42.7769801006,-70.9570905372,0
42.1879789722,-71.7560419722,1
42.3628120088,-71.2612311915,1
42.3970938705,-71.2514019012,0
42.3812679045,-71.5498828687,1
42.6224782969,-70.6585565954,0
42.4047,-72.4881583333,0
42.298625,-72.3326027778,0
42.0468138889,-70.2181694444,1
42.45554667,-71.67321667,0
42.498675722,-71.1779782956,0
42.3778816667,-72.2479216667,0
42.2395633333,-72.633715,0
42.0779721667,-70.2175366667,1
42.1173502179,-71.7475400773,0
42.2230513823,-72.4240207635,0
42.2931314915,-71.4340175972,0
42.2898666667,-72.7852383333,0
42.3699179581,-71.2188807425,1
42.6559710539,-70.6155578386,1
41.6257516537,-70.8954614569,0
42.5593185278,-71.5818328611,1
41.351210114,-70.7384208877,0
42.2184716667,-71.2816916667,0
42.073802,-70.205562,1
42.7386585183,-70.916677309,0
42.1569445,-72.0612721667,0
42.2454633333,-71.0321666667,0
41.364528,-70.509827,0
42.0730816573,-71.6404788662,0
42.4883655476,-70.9281466549,0
42.0873933,-70.7672056,0
42.4856616667,-72.424745,0
42.2089199155,-73.3819552029,1
42.4133729722,-71.970584,0
42.2901716667,-71.4840166667,1
42.258205,-71.1289361667,0
42.3807249545,-71.0867303611,0
42.6679283333,-70.8738466667,0
42.5600484841,-70.9950578213,0
42.3645701463,-71.6199018806,0
42.0873874706,-70.732456483,0
42.338901076,-71.1272985098,0
42.4088595,-71.324698,1
42.6346466667,-70.920175,0
42.3297743407,-71.142582167,0
42.40979289,-71.30584781,0
42.198601794,-71.8961490053,1
42.1911801681,-71.0560624323,0
42.377616184,-71.113178081,0
42.61085,-71.220375,0
42.3027616667,-72.6735,0
42.4294241244,-71.2477817328,1
42.0129361167,-71.0155027833,1
42.0317939722,-70.8865019722,0
41.7703494718,-70.6000244245,0
42.61113,-70.672845,0
42.3732206118,-72.0062451667,0
42.6157264709,-71.4174041748,0
42.3184383195,-71.2497890555,0
42.2972416667,-71.1255111111,0
42.6496333333,-72.2091683333,0
41.64125,-71.1230861111,0
41.6976513993,-70.2391682376,0
41.75289639,-70.01123718,0
42.0991888333,-71.3883133333,1
42.1247596741,-72.4884719849,0
42.5251163543,-71.613086639,0
42.5099137529,-71.4736706103,0
42.3215916667,-71.4277416667,0
41.6134252414,-70.9140031412,0
42.23195,-71.4367683333,0
42.0017856997,-70.7184196997,0
42.2423863263,-72.3324071545,0
42.2682004323,-70.921573036,0
42.5426510339,-72.5270517555,0
42.4048002739,-71.1179065166,1
42.7761667325,-70.9874597326,0
42.2986863301,-71.2572459372,0
42.2059012291,-70.9727811813,0
42.2156916667,-72.5839616667,0
41.9923216942,-70.7048274144,1
41.6801755465,-70.3389860748,0
42.0465471667,-72.2625666667,0
41.9614843699,-71.3288989664,0
41.6632067172,-70.347346589,0
42.0619993194,-71.1507544652,0
42.5490787009,-72.7642592699,0
42.5778833333,-72.2488194444,1
41.7369694444,-70.4842611111,0
42.2867362,-71.8968004997,0
42.0929138333,-70.7217716667,0
42.33925,-71.57853,1
41.8824203007,-69.9947948206,1
42.0782190669,-70.2201578407,1
42.1216136,-71.6715143,0
42.1534427886,-70.7867658511,0
42.1874983321,-71.2384720132,0
42.5961450028,-71.4631116667,1
42.2622109722,-71.5132761043,0
42.4396216667,-71.3576883333,0
42.2215589961,-73.1242127875,0
42.7923013921,-70.8053944371,0
42.6308964401,-71.1596528652,0
42.653506992,-71.1657577754,1
42.285448,-71.3538593,0
41.26373754,-70.0973782782,0
41.5990722222,-70.5545666667,0
42.0865778333,-72.5168916667,0
42.4706570794,-71.0575483028,1
42.5799305556,-71.0234610833,0
42.655649904,-70.6027388544,1
42.330072,-72.53852,1
42.3923888889,-71.2518555556,0
42.5447870859,-71.474779956,0
42.3033203656,-73.3828815202,0
42.0794361667,-70.2192083333,1
42.4389374818,-73.2006297351,0
42.4505712321,-71.7517764693,0
42.537195,-72.2720383333,0
42.0954576409,-72.5879897929,0
42.4464674112,-71.4754854342,0
41.6940571983,-69.9925393336,0
41.33976167,-70.74890833,0
42.222280296,-71.0595246367,0
42.3114866667,-71.05645,0
41.293838501,-70.1802749634,0
42.27196167,-71.51366333,0
42.4514412005,-72.3611473056,0
42.4279333333,-73.2341138889,1
42.6250267233,-70.624818779,0
41.9421770681,-71.3001384666,0
42.0550333333,-70.1306138333,1
41.8570601893,-70.6652319941,0
41.5432783333,-70.6166083333,0
42.10065,-73.0332638333,0
42.2800366667,-72.355025,0
42.0335666111,-72.1718138333,0
42.326351635,-72.5408766427,1
42.2999338723,-71.4680950364,0
42.2594610981,-71.264971774,0
41.92913,-70.626305,0
41.9997833333,-70.0782222222,1
42.5043857053,-71.4773334879,0
42.21359375,-72.2633025556,0
42.22316334,-71.84484722,1
42.2591389,-72.0933611,0
42.0798305,-71.4007716667,0
42.0375369,-72.8475796,0
42.4053175439,-72.5362303108,0
42.5590583653,-71.0537623142,0
42.0664258214,-70.1924869757,1
42.077960999,-70.2178899194,1
42.3227914456,-71.1595051714,0
42.3100766207,-71.3722092847,0
42.3643583333,-71.2623833333,1
42.0780966713,-70.2210350907,1
42.0680627997,-71.2410236997,0
42.180255,-70.97252,1
42.4041533333,-71.666175,0
41.92463,-70.5495,1
42.3143161167,-71.5888452671,0
42.6773817977,-72.9502855987,0
41.6286916667,-70.5085666667,1
42.1121028333,-70.1526111667,0
41.2689166667,-70.0376138333,0
42.6773619752,-70.6376611059,0
42.31253,-71.1355361667,0
41.6387672442,-70.5545439236,0
42.4384817299,-71.1582445887,1
42.585175,-71.3678966667,1
41.852725,-70.84195,0
42.4408283333,-72.491775,0
41.6939150693,-70.0013992764,0
41.8416889014,-70.6032935758,0
42.6788520261,-71.8166814968,1
42.4727235619,-71.6155399583,0
42.0764370352,-70.217285268,1
41.2588616667,-70.0977695,0
42.191292566,-71.0188942793,0
41.63230896,-70.9541091919,0
42.065697024,-70.1926872996,1
42.2796283333,-72.35488,0
42.6497785032,-72.0946079801,0
41.919205,-70.98223,1
42.3675022389,-71.2587205151,1
42.523360246,-70.8823567108,0
42.6518363953,-71.3218994141,0
42.2755050659,-72.4037322998,0
42.1354934506,-71.141018531,0
42.4841466667,-71.5738666667,1
41.94206167,-71.285705,0
42.5381359226,-72.0510715899,0
42.243293,-71.034186,0
41.5223216667,-71.010415,0
42.45787911,-71.92183325,0
42.3183472222,-71.1745222222,0
42.0267959722,-70.718737,0
42.12061569,-70.6771997933,0
42.280033176,-70.8964195374,0
42.0782141598,-70.220751261,1
42.4173516149,-71.1310488917,0
41.6401216667,-70.371605,1
42.2682833333,-71.6656033333,0
42.2521933333,-72.3400466667,0
42.0783583333,-70.22103,1
42.2020268484,-70.7317329524,0
41.3002718496,-70.0074635088,0
42.70932,-73.0630111667,0
41.3853272098,-70.6323434293,0
42.6449317932,-72.4727554321,0
42.4714633333,-72.24062,0
42.218553973,-71.0949759199,0
42.5188983333,-72.3085866667,0
41.7422866667,-70.6729666667,1
42.3141421803,-71.4124548991,1
42.6557994111,-72.5640575939,0
42.199325,-71.1222833333,1
42.0446938283,-70.1946695521,1
42.5641824526,-71.1794491102,1
42.1107945,-71.17575,0
42.5641255098,-71.1794466816,1
42.5641664722,-71.1795170244,1
41.689195,-70.5913033333,0
42.00866,-71.106968,1
42.6298884809,-71.2975894338,0
42.3911283333,-71.0883638333,0
41.5446401714,-70.5804827717,0
42.0587395494,-71.0510624155,0
41.66543751,-70.39549965,0
42.6717396946,-70.567204915,0
42.5592393,-71.3331357,0
42.3903903775,-71.0505605199,0
42.3028838158,-71.0330244899,0
42.3602633333,-71.0889805,0
42.537675,-71.2972555556,0
41.6313583333,-70.3011383333,1
42.63448,-71.5162366667,0
42.6949875762,-70.79408108,1
42.6029387529,-71.2526309545,1
42.3165083333,-71.2276833333,0
42.4644683333,-72.2559366667,0
42.4879833333,-73.256225,0
42.2111793,-71.1571985,0
42.3304043761,-71.1139609644,0
42.3196342086,-71.4040368139,1
42.5366589055,-71.4992331528,0
42.45327,-71.0800778333,1
42.2253895997,-70.7525468997,0
42.6815153,-70.9460590997,0
42.4800147485,-73.2542276437,0
42.17416,-72.546035,0
42.1304892515,-70.8866662874,0
42.0927324007,-72.1678328422,0
42.3961105347,-71.1125030518,0
42.3472947657,-71.1139138948,0
42.27326,-73.319743,0
42.6410678558,-72.2821249218,0
42.0568,-73.1314083333,0
42.8282877997,-71.0411153,0
42.8075666667,-70.9748383333,1
42.1930985061,-71.7497504763,1
42.3111633333,-73.1234805,0
42.6511845264,-70.8429489643,1
41.3393197116,-70.7292345633,0
42.14745479,-72.68954462,0
42.4659672065,-71.4118370144,0
42.7137016667,-72.4926183333,0
41.6773333333,-70.39972,0
42.193395,-71.1226361667,1
42.2936096191,-71.1391677856,0
42.28215,-71.1293721667,0
42.68286,-72.111195,0
41.8213428444,-70.0039611384,1
42.1309187391,-72.4523403748,0
42.558485,-72.3827266667,0
42.7027747734,-71.1292649154,0
42.3056781292,-71.8403957226,0
42.4120116667,-71.0230861667,0
42.3028945923,-71.9316177368,0
42.519845,-71.444805,0
42.2355161997,-71.0530696997,1
42.5752638889,-71.93445,0
42.3825450833,-73.3023392778,0
41.8362201849,-69.9779851563,1
42.1790643258,-73.1634132564,0
42.115406,-70.150948,0
41.653195,-70.1973716667,0
42.6953157462,-71.1042826345,0
42.6502732,-72.3231597,0
41.7261361111,-70.6741888889,1
42.0763252257,-70.2135256456,1
42.6078147888,-70.9223937988,0
42.3784361111,-71.48075,0
42.55514439,-70.85485645,0
42.64872548,-72.31812385,0
42.4423444444,-71.8545722222,1
42.4136305181,-71.0440111663,0
41.8943281824,-69.9933958885,1
42.6046839599,-71.0578011216,0
42.3196768725,-71.4040357973,1
42.4639461695,-71.545666414,1
42.3558303976,-72.2312319363,0
42.4761919722,-72.3501739722,0
42.2758424299,-70.8621416344,0
42.0781512167,-70.2210096097,1
42.0620257658,-70.1454033221,1
42.4393919732,-71.101818522,0
42.1079633186,-72.4708755797,0
42.329984,-72.538427,1
41.3501049722,-70.4775309722,0
42.1438666667,-72.0631333333,0
42.1091317437,-71.3200544906,0
41.9981010015,-71.0676867808,0
41.6403783333,-70.2135866667,1
42.0781186784,-70.221128873,1
42.4278333333,-71.8249583333,1
42.5286433333,-72.4917216667,0
42.5770140533,-72.2625667845,0
41.9199473379,-70.5446163565,1
42.3076743324,-70.901841129,0
42.63276211,-71.57226674,0
41.8338169488,-69.9437643987,0
42.6867133783,-70.9679827083,0
42.2289258265,-71.4008208889,0
41.8,-70.56,0
42.2666780975,-71.4213794948,0
42.2275409343,-70.9994770959,0
42.3492541461,-71.4270204402,0
41.9065966667,-71.320305,0
42.5136111111,-71.4252555556,0
42.208886756,-73.3817434265,1
42.4472614319,-71.454499899,0
41.735573,-70.1927829444,1
42.6643466667,-72.5476216667,0
42.5641500793,-71.1794465093,1
41.3478781252,-70.7081982236,0
42.3968785619,-71.5240160624,0
42.0384166667,-70.0662083333,0
41.70982,-70.4662383333,0
42.5583730032,-71.1402032094,0
42.0879745483,-73.1815032959,0
42.1782549704,-71.5526184999,0
41.6705606054,-70.4798385787,0
42.501955,-72.533745,0
42.7250857664,-70.9983737022,1
42.0729851389,-70.7927215,0
42.4904812997,-71.5228479,1
42.2608449823,-71.4555407901,1
41.7165024841,-71.1569801008,1
42.3256670962,-71.1096033401,0
42.1382055,-70.6915366667,0
41.2243,-70.8069,0
42.4528079769,-70.9874179122,0
42.2471819102,-71.3892999664,0
42.3170991,-71.161933,0
42.0178945,-71.1969966667,0
42.662097884,-70.9541069218,0
42.5642461397,-71.1795530618,1
42.2929222222,-71.1961055556,0
42.2646121718,-72.6961325315,0
42.6467883333,-72.6752466667,0
41.92178333,-70.69953833,0
41.7450449913,-70.6128609112,0
42.2195552077,-70.9163618088,0
41.5857980552,-70.9354998122,1
42.3309511307,-71.4192850516,1
42.0989685059,-71.1649551392,0
42.0386285462,-70.7542618364,0
42.2883,-72.308945,0
42.37411,-72.32802,0
41.7858726218,-70.6301431616,0
42.4157111111,-71.095925,0
42.0083440781,-70.9658888839,0
42.6864688701,-72.0372856022,0
42.6280691605,-71.9154997543,1
42.26900833,-73.32685833,0
42.32018218,-71.84295741,0
42.4607172002,-71.6223284098,1
42.3125305176,-72.7345809937,0
42.3319934,-71.020122,0
42.29027,-71.0873195,0
42.5018966728,-72.3101366667,0
42.2969611371,-71.3415267965,0
42.5442275969,-72.8248451997,1
42.0512166667,-72.7663944444,1
42.2474915642,-72.437926625,1
42.3714366667,-71.1146166667,0
42.3239,-72.5356,1
42.72078,-72.5992283333,0
41.6863033333,-69.9474716667,0
41.8251663696,-70.9846937643,0
42.29284142,-71.18287338,0
42.0488471667,-72.5445633333,0
42.6876236928,-70.6185874701,0
42.6183624268,-71.6165008545,0
42.2897657968,-71.1519713461,0
41.9631359908,-71.0007242711,0
42.078704865,-70.2203142864,1
42.5526060828,-70.8891534829,1
42.1358971667,-73.172905,0
42.4381292816,-71.5667626177,0
42.0733466184,-70.2061932426,1
42.36260333,-71.05831117,0
42.0664914824,-70.1943983408,1
42.1518177,-71.4631569997,1
42.0725278333,-70.2066283333,1
42.3640883333,-71.2622966667,1
42.0742016581,-70.2052253996,1
42.51799967,-72.53236911,1
41.7701829355,-70.0488439058,0
42.1744181997,-71.6996438997,0
42.0923916667,-70.94307,0
42.4257666667,-72.55397,0
42.861787,-70.978052,0
41.9221252772,-70.5489989147,1
42.4033940211,-71.0791218561,0
41.9886281155,-70.9715564736,0
42.6296783333,-70.662405,0
42.4694649722,-70.8995409722,0
42.35546875,-72.5051193237,0
42.6801452637,-70.7585830688,0
41.5276593767,-70.9852783662,0
42.7475144444,-71.0488581609,0
42.5515269955,-71.43221991,0
42.0568861341,-70.2166666836,1
42.7696816667,-70.99119,0
42.5292092063,-71.4349840618,0
42.5441512271,-70.9959072212,0
42.065311,-71.5110384997,0
42.414024,-73.312387,0
42.2064851776,-71.1878521085,0
41.4300691093,-70.6690991017,0
42.2193742823,-71.2015092094,0
41.551129,-70.631983,0
42.0663215886,-71.1043745539,1
42.0737944444,-70.2056111111,1
42.0857028165,-70.7878807356,1
42.4039188126,-71.7895080132,0
42.3998053433,-72.148385719,0
41.9615550893,-70.6696941862,0
42.265899,-71.273997,0
42.238692424,-71.962149949,0
42.605372197,-71.5700679459,0
42.3245519992,-71.6332040929,0
41.5441665649,-70.6008300781,0
42.0786646031,-70.2205216307,1
42.4158173954,-71.1338550516,0
41.7184278,-71.1242722,0
42.07574167,-70.21751333,1
42.3865570921,-71.1085046618,1
42.7391638898,-70.7967326406,0
41.3721379915,-70.7533683255,0
42.5094716667,-72.7042416667,0
42.217358728,-71.630185973,0
42.0741160608,-70.2055188463,1
42.4808635882,-71.3287254784,0
42.0787165396,-70.2203935472,1
42.1434112296,-72.4420342015,1
42.248588562,-71.1697387695,0
41.3050333333,-70.0226138333,0
42.30906108,-72.37345741,0
41.3533866667,-70.730745,0
42.5705736127,-71.202972679,0
41.9797749,-70.746557,0
42.47320333,-73.16217783,0
42.0716778333,-73.2419883333,1
42.5096698932,-71.1887922697,0
42.549399,-72.468309,0
41.6639895769,-71.1511945885,0
41.4674386968,-70.5699262232,0
41.5940816527,-70.6447019801,1
42.54187,-70.89138,0
42.5775866667,-72.8941216667,0
42.4774166667,-71.3236466667,0
42.4904077947,-71.3260625259,0
42.3027533333,-70.882775,0
42.2475611111,-71.0468277778,1
42.1770575068,-71.1853430041,1
42.3992483333,-72.4272616667,0
41.6995866667,-70.4514783333,0
42.07398,-70.238893,0
42.4241301431,-71.0261199426,0
42.4723138889,-72.3099527778,0
42.6258049011,-71.4533843994,0
42.6529166667,-71.0133527833,0
41.87735,-70.5790416667,0
42.3032148539,-71.3909035921,0
42.2927569275,-71.2626058236,0
42.0789280213,-70.2198783227,1
42.3402166667,-71.2297216667,0
42.65965179,-72.31590025,0
41.80822833,-71.114175,0
42.6678606519,-71.1817309042,0
41.2851874827,-70.105742994,0
42.2078041747,-71.6216457492,1
41.9682003085,-71.339302037,0
42.4626277778,-71.6376138889,0
42.4391449545,-72.2879300906,0
42.268260006,-70.9978246842,0
42.093883,-71.620529,0
42.806947712,-70.9736012648,1
42.5135683333,-71.404885,0
42.2033651475,-72.6293613017,1
42.40476,-72.2557039722,0
42.3978666667,-71.7861222222,0
42.0400223027,-70.07527198,0
41.57198,-70.63423,0
42.85947495,-70.9331846,0
42.286775,-71.53267833,0
42.288995,-71.2802116667,1
42.1289928505,-72.4498602725,0
42.327187,-72.527651,1
41.9359415875,-70.9226328086,0
42.3425229702,-70.8930063861,0
41.4417318162,-70.6094150898,0
42.09341383,-72.58602167,0
42.2753366667,-71.83068,0
41.5542472698,-70.6504521534,0
42.7422881149,-71.067041944,0
42.1903833014,-73.2334214497,0
42.3454802301,-71.0741081286,0
42.1534,-71.2593,1
42.0765641031,-70.2153238182,1
42.4138360414,-71.513347174,1
42.5859156327,-72.3162904847,1
42.1905166667,-71.0732583333,0
42.27283667,-71.68908667,1
42.0831333333,-73.3845883333,0
42.0609055,-70.1134195,1
42.49349667,-71.24859667,1
42.31183833,-71.10527783,0
42.1883337182,-71.1999243664,0
41.9350366667,-70.7133416667,0
42.3378901086,-71.3946954658,0
41.9874311751,-70.737066345,1
42.1035881831,-71.1879902583,1
42.2042263943,-71.42380787,0
42.8000216667,-70.8594583333,1
42.4517833333,-72.4134833333,0
42.3030646844,-71.1616272926,0
41.3528702169,-70.6158706767,0
41.880245,-70.8919949722,0
42.0802494167,-70.218301749,1
42.080075,-70.17032,0
42.424060821,-71.6116708547,0
41.724725,-70.6594916667,0
42.2729859757,-73.196878408,0
41.279561,-70.1810925,0
41.3343392847,-70.293373763,0
42.4534735525,-71.1079949141,0
42.4213024565,-71.1060790412,0
41.2493317114,-70.0847791653,0
42.2330555556,-71.0808333333,0
42.2048614268,-70.7389666761,0
41.616845,-70.432305,1
42.2625482496,-71.976339134,0
42.6309283333,-70.919005,0
42.5782051,-71.53658612,0
42.4354,-71.2005889722,0
42.1095447752,-72.3141763273,0
42.1918417497,-72.2855327151,0
42.2231533333,-71.1673666667,0
42.6897715904,-70.6365535725,1
42.6717415048,-70.5733255576,0
42.70913,-71.2073583333,0
42.574725,-71.575395,0
42.271736145,-71.362197876,0
41.6890496884,-70.3796808431,0
42.2157166667,-71.034125,0
42.0582128315,-71.5509192367,0
42.7028555556,-71.9981694444,0
42.44474,-71.4540466667,0
41.2394493997,-70.0096013997,0
42.3453929648,-71.0833789408,0
42.5648418619,-71.1802814867,1
42.6718783333,-72.6418966667,0
42.5140620555,-71.7377930126,0
42.3955915875,-71.1562237735,0
42.5744543618,-70.9665590152,0
42.5153833333,-71.3067916667,0
42.4249216667,-71.4752633333,1
42.3633116667,-71.2612383333,1
42.3680860883,-71.2579051538,1
42.4828737523,-71.0362890614,0
42.0760628125,-72.6258799657,0
42.3130858022,-73.1411532488,0
42.1506695,-73.2551116667,0
42.622187,-72.292818,0
42.470615,-72.4747616667,0
42.5845777778,-71.9497388889,0
42.3831421584,-72.5164805353,1
42.382624,-73.298968,0
42.33640379,-71.40160435,0
42.712395,-72.1853616667,0
42.8631019592,-70.9740447998,0
42.3921189,-72.5196653,1
42.0635871887,-71.5877761841,0
42.2473837101,-71.7042229966,0
42.3974116667,-71.2212833333,1
42.5455270848,-72.1296236851,0
42.3829833333,-71.0928805,0
42.36658,-71.9871833333,1
42.5045678965,-71.1533011921,1
42.5016252664,-71.504225289,1
42.290228398,-71.1290020792,0
42.7888433333,-70.9093966667,0
42.57782,-72.8858033333,0
41.9375261693,-71.2978064832,0
42.4228244462,-71.1563244649,0
42.3174517945,-71.2055592365,0
42.2581706477,-72.6715414724,1
42.320782,-73.1424149722,0
42.0497648877,-73.3453861151,0
41.6785452243,-69.9414473265,0
42.470825,-71.4040777778,0
41.2613716395,-70.0626274198,0
42.375599,-71.529228,1
42.0793703133,-70.2190959659,1
41.99180229,-70.90568806,0
42.6824,-72.1222566667,0
42.1507416667,-72.0633695,0
42.6555196,-72.32501813,0
42.5155033333,-72.3073083333,0
42.2984166667,-71.230995,0
42.245715007,-71.952823482,0
42.47589767,-71.64361437,0
42.2658348083,-71.0844421387,0
42.4778392697,-71.9185218836,0
42.363159,-72.65362,0
41.7991386782,-71.0908425474,1
42.073032171,-70.2081992493,1
42.2941091885,-70.8838151166,0
42.4121394904,-72.0236635696,0
42.417397,-71.134873,0
42.78643,-71.09204167,0
42.0584526507,-71.9173544959,0
41.6281283333,-70.3796833333,1
42.0727779382,-70.2067959677,1
42.6548835826,-71.2814479337,0
42.4891166667,-71.516625,1
42.4034944444,-71.6684722222,0
41.525054234,-71.0195396115,0
42.2671006542,-71.0644809528,1
42.4008369446,-71.3631744385,0
42.573148,-72.520357,1
42.141248681,-72.0611747981,0
42.0362433333,-70.19494,1
42.279087684,-71.8345787489,0
41.7490773997,-70.5057304,0
42.3648,-71.0989083333,0
42.2695116667,-71.432495,0
42.0792833333,-70.219475,1
42.4497586068,-71.6700612,0
42.3237333333,-71.250275,0
42.3721943714,-72.2188322259,0
41.921843,-70.5490548,1
42.4369566667,-71.5004733333,0
41.8239553387,-69.9402553156,0
42.0788331941,-70.2196004688,1
42.0792680828,-70.219170097,1
42.10056,-72.32926,0
42.3823550804,-72.5306054444,0
42.6589116455,-70.9222880658,0
42.3063055556,-71.7010666667,0
42.2254232966,-71.7381043766,0
42.260827067,-71.9457756253,0
42.6501312755,-72.2095183812,0
42.5652301135,-72.728468945,0
42.1648277,-71.2503218,1
42.677641,-72.187748,0
42.3240618462,-72.5288289153,1
42.3696716667,-71.1073916667,0
41.7449076269,-70.7212951447,0
42.144879,-71.587209,0
42.4256528,-70.925781,0
41.4338113368,-70.6040696987,0
42.2091949673,-73.3720157314,1
42.4628116667,-72.247575,0
41.68832,-69.951095,0
42.0788020997,-70.2201620997,1
42.0245663445,-71.3319958601,0
42.4795583333,-71.4196883333,0
42.4625950691,-71.6453955321,0
42.0377205556,-70.7916166667,0
42.5939611497,-72.0020997357,0
42.3459638889,-71.6132666667,0
42.1044311523,-72.5857162476,0
42.2712388889,-71.0065722222,0
42.1416690425,-70.6998667805,0
42.40055,-71.580475,1
42.396196296,-71.9658109159,1
42.625078,-70.896161,0
42.2265667937,-73.3406232709,0
42.2440601872,-71.2354476771,0
42.0549910969,-71.0773068804,1
42.2059922326,-71.6525537193,0
42.2253044,-71.4207142,0
42.1277166667,-72.8069083333,0
42.4825033333,-70.923875,0
42.4448837133,-71.2546909261,0
42.5256828559,-70.9723357308,0
42.4352316667,-72.0510266667,0
42.1950611111,-73.3680027778,1
42.3821533333,-72.4141916667,0
42.271,-71.854775,0
42.4706497192,-73.2476425171,0
42.3757316667,-71.4696616667,0
42.59185,-70.65963,0
42.66175833,-70.63642167,0
41.8951252899,-70.7974083125,0
42.4356415889,-71.1222626278,0
41.2748116667,-70.2124716667,0
42.2788534278,-71.9565363938,0
42.2943505901,-71.6263861673,1
42.4891282426,-72.4835842475,0
42.2437147018,-73.1698707144,0
42.4377738882,-70.9826660156,0
42.2541608917,-71.1537992843,1
42.3701991487,-72.2371888865,0
41.2517916667,-70.0837388333,0
42.8071783333,-70.9734716667,1
41.4554154489,-70.5603790459,0
42.6858009094,-71.1060648339,1
42.28993667,-71.05401667,0
41.2677283333,-70.17298,0
42.4132637506,-71.5102705151,1
42.2147202542,-70.9786201017,0
41.4226583333,-70.9283833333,0
42.3675616667,-71.0560528333,0
41.7607561094,-70.1192203537,0
42.5607525458,-71.6404610127,0
42.5594966667,-72.713905,0
42.4441220123,-71.1679688309,0
42.2147366667,-71.20137,0
41.27143,-70.0930416667,0
42.4714389575,-71.5423342135,1
41.7122026976,-71.1348361431,1
42.1412129611,-72.3021014058,0
42.484295,-70.866745,0
41.3982181943,-70.5083027088,0
42.8489616667,-70.9463283333,0
41.8805204658,-69.9582404551,0
42.312362,-71.4350539722,1
42.170135498,-71.7124099731,0
42.233723576,-71.237055053,0
42.2353133889,-72.0544128333,0
42.2715824335,-71.8234346556,0
42.3871383333,-71.1081388333,1
42.3636911465,-71.2616763293,1
42.2703667778,-72.3376351667,0
42.4528383333,-72.9759916667,0
42.51912925,-71.3507985556,0
42.3717061524,-72.2421483044,0
42.6664194444,-71.3697444444,0
42.4361666667,-71.4463283333,0
42.59538667,-71.59936333,0
42.2488833333,-72.5629194444,0
42.4096444444,-72.7198638889,0
42.2241083333,-70.9113083333,0
42.1910195435,-70.7196186616,0
42.4735626704,-71.4785888478,1
42.2764955,-71.277027,0
42.1947966667,-73.4538416667,0
41.9758337416,-71.3217357919,0
42.1041666667,-71.0433333333,0
42.35075,-72.5622333333,0
41.58522,-70.6411366667,1
42.6883427723,-70.633839056,1
42.4711383333,-70.8860166667,0
42.2617797852,-72.3745269775,0
42.1433806531,-70.7352571835,0
42.4251459204,-71.5281853912,1
42.0783666667,-70.2182216667,1
42.079475,-70.219495,1
42.4084305556,-71.2087972222,0
42.70807167,-71.08866117,0
42.4170227051,-71.1564865112,0
42.4482033333,-71.1553888333,0
42.5442164066,-71.4940017556,0
42.4957661358,-73.17463696,0
42.0774694444,-70.7734833333,0
42.4757825722,-72.5124750822,0
42.331895,-71.5664366667,1
42.1690844,-70.95687297,0
42.4110810244,-71.4549474434,0
42.6523722222,-71.2300361111,1
42.6978958025,-72.3191859168,0
42.681572,-72.471963,0
41.7731133333,-70.8472216667,1
42.0437445,-70.216125,1
41.9151393313,-71.2623447403,0
41.305913662,-70.2687069129,0
42.4383468628,-73.2295684814,0
42.1001495186,-70.9337679926,1
42.3107616667,-71.7950966667,1
41.8430533333,-69.9752716667,1
41.8415833333,-69.972375,1
42.4612126555,-71.5310930951,0
42.24779927,-73.25678211,0
42.408229454,-71.3497169413,1
42.1703083333,-71.939195,0
42.5319,-71.5204,1
42.2271215699,-71.5992234537,0
42.17520602,-70.73413153,0
42.5896216667,-71.47248,0
42.0053491323,-71.2393879519,0
42.4763058522,-71.331965527,0
42.08773,-70.7119166667,0
42.2834277778,-71.1370777778,0
42.2378607,-70.8563285,0
42.3485814331,-71.5204898391,0
42.56903,-70.8451216667,1
42.1770633333,-70.7422633333,0
42.6178966667,-72.147775,0
42.55253667,-72.59973,0
42.663500486,-71.4458421898,0
42.0741,-71.917375,0
42.0784817658,-70.2208166777,1
42.3114616667,-71.3419416667,0
42.3458583333,-72.499275,0
42.7383215903,-73.0807215887,0
42.5857783333,-71.2986833333,0
42.5391416667,-70.6804966667,0
42.0728305556,-70.2081055556,1
42.319632634,-71.4040173155,1
41.7202055556,-70.0460861111,0
42.4323271547,-71.4853392685,1
42.3251847025,-71.0991610587,0
42.2587769582,-71.7287636921,0
42.5265554677,-73.2778555277,0
42.48767,-73.1136416667,0
42.5274035759,-73.0593647586,0
42.4389390598,-70.9386449307,0
42.6998280065,-70.8751365915,0
42.2495633333,-71.1317888333,0
42.3462199644,-72.6123032965,0
42.5022,-72.286475,0
42.305575,-72.2399972222,0
42.312877655,-72.2413482666,0
42.5349605872,-72.7451538129,0
42.265925,-71.249925,0
42.6467950626,-71.0886734986,0
42.0778137094,-70.2188858762,1
42.34165168,-73.22738464,0
41.5611216667,-70.6491916667,0
42.1146583333,-72.7919616667,0
42.29662,-71.4228283333,0
41.5942552588,-71.0578676144,0
42.293240648,-71.0588882743,0
42.2229147484,-71.585446121,1
42.45663,-71.0090166667,0
42.4825102603,-70.9288383555,0
42.2033780622,-72.6293988526,1
42.2802019481,-72.2844302282,0
41.9639360188,-70.8963951096,0
42.6325999294,-72.9400302564,0
42.45583667,-71.29308333,1
42.3535599629,-71.4254021711,0
42.0606695,-70.6473616667,0
41.6874943287,-69.9785428887,0
42.1856193985,-71.6938512576,0
41.4136359722,-70.5831479722,0
42.3566151094,-71.4207264165,0
41.639795954,-70.6509103473,1
42.34098,-71.42865,0
42.5498634205,-70.8773856238,0
41.88366496,-70.97966875,0
42.41883,-71.36081,0
42.2287102556,-73.1479875372,0
42.3636109722,-72.436722,0
42.4798416667,-72.7137466667,0
42.1244861111,-71.3954166667,0
41.7468127872,-70.4185145428,0
42.0499166667,-70.1937116667,1
42.3195432064,-71.2820374314,1
42.5578633333,-71.34008,0
42.4204816285,-71.6610397423,0
41.7783135085,-70.0004917011,1
42.5856444444,-71.9049,0
42.3526383333,-71.0751111667,0
41.7745946977,-70.0235449718,0
42.248805,-70.9441,0
42.4041783333,-72.39004,0
42.3582992554,-71.1148529053,0
42.2276280924,-70.7593131438,0
42.574302902,-72.7310452258,0
42.0665393962,-70.1940771945,1
42.59267,-72.6901783333,1
42.3608755279,-72.495241324,0
42.327366,-72.5434086473,1
42.3638216667,-71.2627033333,1
41.73153,-70.7738633333,0
42.383136387,-71.4663016997,0
42.319853,-71.405484,1
42.652560743,-71.1676193664,1
42.3082093004,-71.6115167151,0
42.072820423,-70.2066857196,1
42.0004522081,-70.9999884081,0
42.5501022222,-71.7718887222,0
42.5942653051,-71.5533770854,1
42.2478866667,-72.8655033333,1
42.3011963058,-72.5895940977,1
41.66640962,-71.1375221,0
42.6279133333,-71.0683361667,0
41.9581900427,-70.8776303856,0
42.4512481689,-73.2635726929,0
42.5703217054,-71.1011590798,0
41.500947,-70.701882,0
41.753516421,-70.7404275044,1
42.07939366,-70.2191162212,1
42.282289,-71.380202,0
42.705955,-71.14813883,0
42.25258119,-72.54186748,0
42.2706416667,-71.1959305556,0
41.5521967728,-70.6152147712,0
42.5777976509,-71.4245365273,0
42.3283883333,-71.618805,1
42.6022540382,-72.6019449463,0
41.4024916667,-70.5349116667,0
42.5761972222,-73.1444694444,0
42.31897,-71.1288528333,0
42.6366888889,-70.8971805556,0
42.1496127487,-71.4896747466,1
42.476098,-71.9017329722,0
42.3065109253,-72.4368591309,0
42.068226,-73.059995,0
41.3089793611,-70.7748281667,0
41.4952419186,-71.0378370442,0
42.0354919434,-70.1685562134,0
42.48513,-71.0312278333,0
42.6670883333,-72.1102633333,0
42.598815918,-72.6060333252,0
41.3678786796,-70.6665225573,0
42.2151646637,-70.7496118918,1
42.28027,-71.2399,0
42.1645278333,-71.1283416667,0
42.2809666667,-71.1393055556,0
42.1848159722,-71.7709109722,0
42.55316667,-72.06945833,0
42.6261292028,-72.8818989918,0
41.8635803585,-70.9938717085,0
41.5155183415,-70.6554295537,0
41.3976240205,-70.6789553818,0
41.5845064037,-70.8295572803,1
42.5852916667,-71.3679416667,1
42.4138194333,-72.1962912694,0
42.6367150974,-71.6558389523,0
42.4293766667,-71.45964,0
41.74672833,-70.43531667,0
42.2858282372,-71.3563431953,0
42.066960018,-70.1937448606,1
42.2043616667,-72.607445,0
41.4574704943,-70.5706582363,0
42.3297714526,-71.1127141758,0
42.4246716667,-71.0067277833,0
42.35868,-72.5412216667,0
41.9551678364,-70.743301435,0
42.4649883333,-72.5567783333,0
41.265745,-70.072425,0
41.7575216667,-70.0949638333,1
42.3143742688,-71.4113286822,1
42.0763980292,-70.9161712503,0
42.4576416016,-72.5796737671,0
41.4463916551,-70.6481570006,0
41.7028198242,-70.317779541,1
42.2940103197,-71.8978697063,0
41.541725,-70.6229466667,0
42.4591283333,-71.473855,0
42.4508838309,-71.5076248628,0
42.48092165,-71.21351668,0
41.62472,-70.6267333333,0
42.3637143143,-71.5100780403,0
42.4006005086,-71.7284762002,0
41.8922222222,-70.7241666667,0
42.5493722708,-73.2305531233,0
42.3164066444,-71.1062166549,0
42.1735716667,-71.59858,0
42.5499883333,-72.4527133333,1
42.3837641129,-72.5335173143,0
42.5198487204,-70.7821296807,0
42.0742441,-70.6892037,0
41.9266650137,-71.3697550446,1
42.502215,-72.2804566667,0
41.9313011701,-70.0388051435,1
42.28948864,-71.7263049,0
41.7710574624,-70.7578544878,0
42.2535583333,-72.573745,1
42.6320643485,-71.5836180308,0
42.592129606,-73.1968009643,0
42.35647744,-73.20736205,0
42.6212564484,-71.1224385258,0
41.6709916,-69.9479434997,1
42.4201150997,-70.9337148,0
42.0971715821,-70.830616951,0
42.4806133333,-73.2511883333,0
42.4592955573,-71.0802194587,1
42.594864,-70.9666179722,0
42.6013627893,-72.5815428793,0
42.0375002269,-71.2090327219,0
42.1461791992,-71.1047821045,0
42.4835662842,-71.0278930664,0
42.2800722222,-71.219825,0
42.429875,-72.4923033333,0
41.4474830218,-70.6580073734,0
42.5017883333,-71.19275,0
42.3895414593,-71.3446949982,1
42.6391554466,-71.6747749461,0
42.1931381145,-71.4597094029,0
42.37188,-71.2919216667,0
42.2767885693,-71.0114018619,0
41.6222486123,-70.5591479568,0
42.0614283207,-71.6780840519,0
41.2884255214,-70.2484714987,0
42.6741533333,-71.707725,0
42.6152673819,-71.9345239922,1
42.3712783333,-71.1232221667,0
41.73911,-71.171831,0
42.0741777979,-70.2053121641,1
41.7224666667,-69.9972216667,0
42.6637047229,-71.6336510177,1
42.44482,-71.6303866667,0
41.882421,-69.995172,1
42.2160964553,-71.6293671448,0
42.2342633333,-71.0333166667,0
42.2510180441,-73.3595809713,0
42.3097474795,-71.2022779137,0
42.2429366667,-71.7647333333,1
42.5037088675,-71.9349653252,0
41.7357596239,-70.1932163081,1
41.3164633333,-70.0334333333,0
42.0784305,-70.2192,1
42.23790585,-73.30412822,0
42.648545,-71.3194666667,0
42.3074527778,-71.1789777778,1
42.419455,-72.484095,1
42.4343373627,-71.1945834791,0
42.0903778,-71.3752006,0
42.6160083333,-71.17363,0
42.4795103772,-70.885119103,0
42.2169,-71.5155416667,0
42.119075,-72.764205,1
42.6982043,-71.6056961,0
42.4527888138,-71.5530022234,0
42.3850166667,-71.0853111667,0
42.46806465,-72.1483611,0
42.5823481448,-72.484792918,0
42.1144971206,-70.9779618295,0
42.276855,-71.2623283333,0
41.2990643167,-70.0938940315,0
42.6812804105,-70.9294878146,0
42.2767888889,-71.8483277778,0
42.7162866667,-73.2069383333,0
42.0787100716,-70.2203673137,1
42.2154579163,-72.6303939819,0
42.3481243415,-71.4955765942,0
42.45793,-70.9919666667,0
42.3823559855,-71.2059098108,1
42.3712628562,-71.0352637991,0
42.3650286329,-71.8788020137,1
42.4210722924,-70.9966929187,0
42.314503,-72.203978,0
42.1764292281,-72.0704108571,1
42.1929352304,-71.2286289637,0
42.4401671275,-71.5352419896,0
42.5292545932,-71.1909911043,0
42.484014,-72.356594,0
42.3480700236,-71.2437709328,0
41.9907333333,-70.961975,0
42.7061617428,-72.3644147827,0
42.0791028333,-70.1647195,0
41.769375,-70.487305,0
42.2886976249,-71.6134530897,0
42.4520833333,-71.40747,1
42.3703883333,-71.5453866667,1
42.4102993221,-71.3269029773,1
42.4350919722,-72.688004,0
42.0511178021,-70.2016631608,1
42.6822792,-71.605371,0
42.6798051177,-72.3797242542,0
41.8792563,-71.31595135,0
42.17357,-71.815575,0
41.9479027778,-71.0915111111,1
42.71545456,-72.3856753,0
42.3588751583,-72.1423304826,0
42.1293805,-71.3890133333,0
41.4156939127,-70.5625681723,0
42.6637664679,-71.5158848008,0
42.2671166667,-71.1196528333,0
42.2393371764,-70.9849150929,0
41.6553462518,-69.9637859704,0
42.0114587712,-70.8774536848,0
42.30330333,-70.90992833,0
42.7483023759,-70.8454203252,0
42.4044133333,-71.3073883333,0
42.0891421759,-72.648554407,1
42.134550631,-72.2423125058,0
42.4468880747,-71.5548120439,0
42.354250164,-71.1894191591,1
41.901386261,-70.8012542725,0
42.0782850707,-70.2210418493,1
41.9887889349,-70.7036116639,1
42.26983085,-71.8479139,0
41.5470443389,-70.594671945,0
42.0399483226,-71.679878483,0
42.2439116667,-72.269325,0
42.091175,-71.0284361667,0
42.5572066667,-72.5195916667,0
42.421128,-72.047944,0
42.54041084,-72.70379263,0
41.6114966667,-70.2654033333,0
42.3956111111,-72.8186944444,0
41.75245126,-70.02553509,0
41.6251734684,-70.910534983,0
42.6729781246,-71.1050418186,0
42.0527574464,-71.2195067594,0
42.008081,-70.556946,0
42.0786166667,-71.21392,0
42.6209222971,-72.7693234045,0
42.3198492215,-71.1202967347,0
41.9879458025,-71.3608678803,0
42.3348,-71.1045221667,0
42.4375853084,-72.077349655,0
42.0786861111,-70.2198111111,1
42.70852822,-70.80093502,0
42.0528916667,-70.18338,1
42.3503567051,-71.2165327659,1
42.0427805,-70.21485,1
42.4414919588,-71.1178597508,0
42.5962716667,-70.9759216667,0
42.0952083333,-70.7136305556,0
42.59978,-71.65142,1
42.00423055,-70.8083716667,0
41.9346559095,-70.0399231911,1
42.4240997946,-71.1607144867,0
41.8881916667,-70.7744916667,0
41.6681069722,-70.0689069722,1
42.054534424,-72.5970829422,0
41.4500086773,-70.566101853,0
42.5340212478,-72.5644497746,0
42.7413160445,-70.9621361313,1
41.8086298904,-70.9107778578,0
42.3613891602,-71.1383361816,0
42.3962966667,-70.9935083333,0
42.435897,-72.860446,0
42.53128,-71.19238333,0
41.5469465022,-70.5976529768,0
42.51137272,-71.11472468,0
42.3661791845,-70.8692698873,0
42.2872716667,-71.1902383333,0
41.3113897112,-69.9978663963,0
42.101158821,-71.6244803979,0
42.4983,-71.4523883333,0
42.1070625,-71.1259823,1
42.6036847195,-70.9318133095,0
42.4026191,-71.1846533,1
42.392022,-71.0952571,0
41.80303,-70.0061333333,1
42.295463025,-72.6413677569,0
42.0547923882,-72.2435102628,0
42.5709106185,-72.4061007165,0
42.3538173866,-71.5959107601,1
42.3250233315,-72.5408738852,1
42.0765113386,-70.2171931064,1
42.3445954454,-72.6683772324,0
42.6337722222,-70.8977555556,0
42.0739055,-72.579225,0
42.799322751,-70.8468409761,0
42.3264258878,-72.5410328061,1
42.3273649201,-71.2274346586,0
42.3936880688,-71.1968370527,0
42.6672981394,-72.8953834623,0
42.363368313,-72.5213308812,0
42.52247976,-72.29736288,1
42.3522716667,-71.2270366667,1
42.7008383333,-71.2037283333,0
42.2911527778,-71.0483027778,0
42.29948,-71.0791028333,0
42.03515625,-71.4660415649,0
41.9120729186,-71.2829269891,1
41.35018,-70.7364583333,0
41.3914194444,-70.5054611111,0
41.6041749722,-70.650895,1
42.2148493801,-71.8838663035,0
42.2832718417,-71.1512734804,0
41.7899366667,-70.526755,0
42.6473524562,-73.0472744443,0
42.2750083333,-71.30535,1
42.2138169276,-71.474174724,1
42.5526858698,-72.7563329248,0
42.2271888889,-71.1342555556,0
41.751358,-70.710716,1
42.2856608086,-71.5498603558,0
42.3099783333,-71.281975,0
42.74150425,-71.06823922,0
42.4214666735,-72.4219028406,0
41.6566011915,-71.0790934414,0
42.3806266667,-72.3312733333,0
42.44380333,-71.39482167,0
42.6395928699,-70.6405022738,1
42.2162138889,-71.2337638889,1
42.0513805,-72.592155,0
41.744866072,-69.9295792371,0
42.2378444444,-71.1590166667,1
42.4003768712,-72.5214474282,1
42.062181028,-72.2775061056,0
41.7538414001,-70.1162414551,0
42.2889168794,-72.6847558749,0
42.4465329,-73.2187258,0
42.5711056,-70.8665005,0
41.9772104737,-71.2006962992,0
42.0671650811,-70.1937137193,1
42.665375,-71.548295,0
41.9077777778,-71.1208333333,0
42.3005413054,-71.1628074645,0
42.534145,-72.190895,0
42.2836200893,-70.8715894606,0
42.6540616667,-71.2007616667,0
42.6467995819,-72.2443267268,1
42.08154559,-71.15505073,0
42.8156089227,-70.9312178168,0
42.7715805556,-71.0396555556,0
41.8689036953,-70.8633010089,0
42.077673322,-72.4699208356,1
42.6291528484,-71.4819590547,0
42.0908203125,-71.4122695923,0
41.9467666667,-70.6273033333,0
42.39727,-72.5203633333,1
42.52709989,-72.93012896,0
42.4392616667,-71.7421716667,0
42.3628742765,-71.0496957682,0
42.65851995,-72.32322541,0
41.3797616667,-70.7243333333,0
42.0423122551,-71.4760959148,0
42.6451296412,-71.3663898447,0
42.0622410322,-70.2172002647,1
42.3474063223,-72.2311129421,0
42.5927815113,-70.6510049041,0
41.64803,-70.8264916667,0
42.6614639766,-71.1400138055,1
42.0499472111,-70.1830576153,1
42.0786863548,-70.2203831309,1
42.19255768,-71.8132248,0
42.0791859395,-70.2216575436,1
41.9855583333,-71.1849133333,0
42.5826805556,-71.91945,0
42.3267033333,-71.2359466667,0
42.0710870997,-73.4340878,0
42.2637222631,-72.6962864586,0
42.5634450193,-71.2949306347,1
42.034248,-72.600119,0
42.4659165894,-71.9133617675,0
42.0692583333,-72.4019027778,0
42.0793256997,-70.2186082997,1
42.4242833333,-72.18902,0
42.85741036,-70.9330001,0
42.08389717,-70.95003667,1
41.5854457942,-70.8276212263,1
42.0729455684,-70.2061348114,1
42.3286305556,-71.2103944444,1
42.1905637273,-72.6726678553,0
42.177028656,-71.5442352295,0
42.5427025922,-72.8265034357,1
42.1250721667,-71.410745,0
41.75433,-70.15699717,1
42.538734436,-71.5627365112,1
42.0728855954,-70.2070273785,1
42.2088911834,-73.3750777692,1
42.1487674,-71.8707156,0
41.2883716667,-70.1278221667,0
42.334051,-71.648071,0
42.6662788391,-72.20728302,0
42.0728581732,-70.2069815375,1
42.7045116661,-71.0255805,1
42.2629830793,-71.0259907714,0
42.46913,-71.6322366667,0
42.0739552514,-70.2050230762,1
42.7644428,-71.0756981,0
41.45475,-70.5678916667,0
42.537879,-71.529955,0
42.2239383333,-71.1324,0
42.1962283333,-71.2056366667,0
41.8374231,-71.1344811,0
42.36058,-71.12625,0
42.6755513995,-72.1125953357,0
42.2793277778,-71.1453638889,0
41.7565166667,-71.2135383333,1
42.4958616667,-71.884605,1
42.2680629722,-71.799087,0
42.544086026,-72.8255183121,1
42.4199133333,-72.5476216667,0
42.1468618407,-70.754685783,0
42.382590516,-72.2297581383,0
41.8956533333,-69.9636533333,0
42.0002379382,-71.3042275451,1
42.438335069,-71.0404268412,1
42.5655570429,-70.9828839451,0
41.3941666667,-70.5044444444,0
42.5669030556,-71.6556510329,0
42.2673878,-71.6651891,0
42.5676635,-71.1989097997,0
42.0075527833,-70.6037,0
42.1689355622,-71.1370091086,0
42.2615231327,-72.1851133421,0
41.8752809829,-70.008152425,1
42.293205,-72.6492833333,0
42.5231208801,-71.7520675659,0
42.5653004134,-71.3448281028,0
42.0536219722,-71.1643459722,0
42.72557,-70.6508416667,0
42.3036583333,-71.0117111167,1
42.6875055556,-71.3535888889,0
42.3009670297,-71.0368208885,0
41.6160280535,-70.6436898073,1
42.4450641271,-71.0899897865,0
42.6039551667,-72.5951597778,0
42.5068183333,-72.33643,0
41.9829425449,-71.2447033358,0
42.0297234174,-72.798035033,0
42.439649,-72.426899,0
41.5254038843,-70.6725505055,1
42.2090525377,-71.7813394732,0
42.0743867043,-72.0939754279,0
42.0735375634,-70.2063638542,1
42.1326305,-73.30448,0
42.4097455634,-71.7757659164,0
41.3073116667,-69.9800716667,0
42.2444259611,-72.5791407649,0
42.2669929997,-71.8325071997,0
42.5897975,-71.0910964,0
42.3199641944,-71.4048604543,1
42.5161416667,-70.9828194444,0
42.5851666667,-71.367905,1
42.847992105,-71.0316221896,0
42.16827,-71.349305,1
41.7228537314,-70.5588470321,0
42.0914858869,-70.8964900831,0
42.4316883333,-71.0692221667,0
42.1749166667,-71.0715638889,1
42.24847641,-70.91245857,0
42.5192069796,-71.3869254723,0
42.0742815595,-71.5554519266,0
42.3713128915,-71.2571384758,1
42.4520866667,-72.97307,0
41.6559535353,-70.1237223294,1
42.30388831,-71.59756929,0
42.2684594617,-71.0106196628,0
41.77834856,-70.4906173679,0
41.9951156639,-71.200331754,1
42.6772370198,-70.6513082426,0
41.6544343002,-70.2499696612,0
42.2190335527,-71.6125565267,0
42.2658911351,-70.8790221144,1
42.35783333,-71.502205,0
42.0757472222,-70.2118694444,1
42.1606333569,-71.160055254,1
42.6251237594,-71.6005311385,0
42.5768466667,-71.226455,1
41.6972472822,-70.3717791662,0
42.6347833333,-70.9158866667,0
42.05553733,-72.96623307,0
42.2609666519,-71.4558124142,1
41.927855,-70.055725,1
42.448372656,-71.4349130895,0
42.0678638333,-70.9554883333,0
42.2624601547,-72.6687129975,1
42.1488805,-71.78975,0
41.5323033333,-71.01002,0
42.1676266548,-71.1905242763,0
42.1188955054,-71.3897659165,0
42.1466565936,-71.2268871905,0
42.4174357967,-71.3183167802,0
42.0786678845,-70.2203666026,1
42.2948869579,-71.9753802915,0
42.4936146441,-72.192956188,0
42.6035601873,-70.9028174869,1
41.6590116667,-70.372545,0
42.0814290147,-71.0242132707,0
42.505975,-71.0522166667,0
41.452482,-70.562661,0
42.2076701858,-71.6589449492,0
42.3310552738,-71.4192517973,1
41.62885,-71.066025,0
42.37815,-71.5146033333,1
41.3488609722,-70.488605,0
41.6639246241,-70.1118233761,0
42.1464945,-71.5367883333,0
42.4530946318,-72.1843061977,0
42.58618833,-71.50052,1
42.5755211714,-71.6888787063,1
41.7046793527,-69.9465991862,0
42.5964816667,-72.2394933333,0
41.5242494994,-70.6686019711,1
42.0848833333,-72.6696,0
42.0666097551,-70.1945658114,1
42.6459291112,-71.3637404978,0
42.44077833,-71.56712167,0
42.2576761111,-71.5230486667,0
42.3543582544,-71.3450184081,1
42.3640933622,-71.2613290216,1
42.4231805556,-72.5005916667,1
41.621843,-70.537972,0
42.0757471667,-72.0609445,0
42.3737866667,-72.5608883333,0
42.5792139488,-72.5012462404,0
42.4939830911,-71.2501134623,1
42.0723865138,-70.2078575443,1
42.68304608,-72.33661246,0
42.6467922155,-71.4801895298,1
42.3676280212,-71.1236963981,0
42.1208674844,-71.2130054368,1
42.4975082866,-71.5517739892,0
41.6228351433,-70.5356851267,0
42.129916,-71.5521586,0
41.9415350835,-71.2867590305,0
42.4096652426,-71.3272240798,1
42.29672325,-72.4362339167,0
42.6477601899,-71.1191717565,0
41.62561167,-70.53523833,0
41.8953416706,-70.9082776308,0
42.7438999669,-70.8522301923,0
42.3568275668,-71.5208730679,0
42.074126,-70.20659,1
42.3946120189,-72.4250120215,0
42.0781803243,-70.2209064172,1
42.680487,-72.982392,0
42.2699139722,-72.472114,0
42.1025988737,-71.3777511112,1
42.09765,-71.1701666667,0
42.80633833,-70.91275,0
41.2778383333,-70.0958555,0
42.449127749,-71.2148283543,0
42.2794792,-72.8232412,0
42.0520361111,-73.2246472222,1
41.6053033997,-70.6468315,1
42.1735393955,-73.3069266938,0
41.8649963849,-70.6655481086,0
42.7080471678,-72.4606599921,0
42.2247047122,-71.0507985224,0
42.3485966667,-72.6004116667,0
42.5940323756,-71.5533605328,1
42.2905391884,-71.5307476727,0
42.38252167,-71.42851333,0
42.4599349682,-71.6763784115,0
42.2954198951,-71.2996335515,1
42.2802716667,-71.227075,0
42.234582,-71.558317,0
41.3265353843,-70.7940362546,0
42.55280823,-72.67846777,0
42.3661883333,-71.2646783333,1
42.3196630049,-71.4040271542,1
41.5324654,-71.0062171,0
42.6311866667,-72.0012583333,0
42.2809571806,-71.0313329907,0
42.0772312627,-70.2183283554,1
42.4569383333,-72.6804116667,0
42.3660611111,-71.2020861111,0
41.5670826902,-70.5948476456,0
42.4257992217,-71.2164020325,0
42.451315,-72.385655,0
41.6078206052,-70.5728771715,0
42.3205245271,-71.4066665334,1
41.72868,-70.421525,0
42.2503163384,-71.0968208778,0
41.61692,-70.435905,1
41.8449216857,-70.0053798253,0
42.5251347745,-71.8358346376,0
42.0792117945,-70.2202991756,1
42.6506519729,-70.6024370511,1
42.0788013269,-70.217869212,1
42.3459320516,-71.4054975752,0
42.2063533333,-72.568305,0
42.6251138889,-70.7073222222,0
42.5424761522,-71.0390642034,0
42.7327909722,-73.0321409722,0
42.6511616667,-71.3142466667,0
41.3585755688,-70.6375096321,0
41.9931119665,-70.7000189219,1
41.9930973231,-70.7000655641,1
42.7025383333,-72.9565366667,0
42.369329,-73.19332,0
41.7351450107,-70.3845849686,0
41.5881972222,-70.4869777778,0
41.2824919628,-70.1082129275,0
42.0361949502,-71.5464261174,1
42.6708816353,-71.5062732888,0
42.0590137225,-71.1629432347,0
42.2508567,-71.799999,0
42.4382194444,-71.1064055556,0
42.5601483346,-72.042234928,0
42.0792971667,-70.2185366667,1
41.33848,-70.75624167,0
42.04745,-70.8134833333,0
42.7121811,-71.0825653,0
42.4092140198,-73.2410202026,0
42.3720285752,-72.2692344865,0
42.6019292884,-70.6560776476,0
42.0726666667,-71.1745527778,0
42.355234209,-71.1283510395,0
42.712658641,-70.7791137072,0
42.4879937097,-71.4744703485,1
42.4979,-71.625635,0
41.87334321,-70.99173992,0
42.2845156937,-72.7738296875,1
42.4611666667,-71.4503966667,0
42.40157,-70.9892116667,0
42.3630738785,-71.2618704323,1
42.67654167,-70.93702833,0
42.2598256453,-70.8758965527,1
41.7632611111,-70.1060416667,0
42.647845,-70.8997366667,0
42.1274028333,-71.1161638333,0
41.6379666667,-70.6175916667,0
42.2972610171,-71.6088303224,0
42.5623511249,-71.2090497321,0
42.0780835785,-70.2213647187,1
42.3249409433,-72.5339048316,1
42.0705126653,-73.2111927867,0
42.295395,-71.0659555,0
42.0740350007,-70.2052612603,1
42.3779300093,-71.1541138333,0
42.0791490449,-70.2199359611,1
42.1079060481,-73.2409323543,1
42.283602,-71.727511,0
42.4505138889,-71.4429833333,0
42.3296833419,-72.5345599651,1
42.344541,-73.1332,0
42.2541383333,-71.6405416667,1
41.872784554,-70.8011391982,1
41.8431635,-69.9452957,1
42.07930633,-70.2193483783,1
42.1564528333,-70.8806533333,0
42.0807017063,-70.2195669349,1
42.1916160583,-72.6305160522,0
42.0730310798,-70.2065438287,1
42.3375084084,-71.4560873061,0
42.3309792138,-71.4190414474,1
42.1537945,-71.247505,1
42.3468883333,-71.1061333333,0
42.0877125905,-72.4949779361,1
42.3103099328,-72.616576301,0
42.370047248,-71.1842851528,0
41.7354910319,-70.1929217638,1
42.607515,-72.61896,0
42.3626236001,-71.1123705,0
41.9864237759,-70.9724227926,0
42.4631,-72.1611,0
42.2311633085,-73.3672311733,0
42.52562,-71.18489167,0
42.2793713033,-72.2605945687,1
42.1370610104,-71.5468076617,0
42.099469,-71.913761,0
42.5642235048,-71.179467528,1
42.5200784712,-71.0478712069,0
42.6620201032,-70.916697312,0
42.2876543013,-70.9471609817,0
42.0814583333,-73.4332138889,0
41.6943108267,-70.3689215955,0
42.3135616667,-71.22467,0
41.9644910293,-70.6415121314,0
41.3728972222,-70.6586833333,0
42.2684547936,-70.9189652105,0
42.0691137374,-71.1500014789,0
42.3673484002,-71.4446024892,0
42.3633616667,-71.2613666667,1
42.5656166667,-72.3992783333,0
42.6361083333,-73.1919066667,0
42.1714079722,-71.025243,0
42.7743144576,-71.1715842463,0
42.4655757164,-71.2189381197,0
42.4615611111,-71.647425,0
42.8341831152,-70.9142405486,0
42.5534833333,-71.1690966667,0
42.3111781845,-71.1088921935,0
42.4720383333,-71.6541583333,0
42.34935,-71.0657055,0
41.9518507217,-70.8724002814,0
42.078856,-70.2201699722,1
42.707470284,-73.0889023305,0
42.2248816667,-71.3481,0
41.60825,-70.4062583333,0
42.4456079446,-71.1084708429,0
41.3776782944,-70.5057886209,0
42.4841083333,-71.4855333333,0
42.6811763427,-71.3586680137,0
42.0477383443,-71.6189123132,0
42.6868667858,-70.6317971659,1
42.1274692718,-71.8783560986,0
42.3754214409,-71.5026160265,0
42.1690857733,-71.4344403894,0
42.3772222222,-72.5133333333,1
42.13416679,-71.15289653,0
42.4014817305,-70.981459952,0
42.3763116667,-73.1493528333,0
42.1209945,-72.7630616667,1
42.1261888333,-71.1863633333,0
42.3523203873,-72.6752538005,1
42.6322111111,-71.9548833333,0
42.0850660187,-71.627024822,0
42.1986262301,-73.3581226107,1
41.8398388889,-70.69325,1
42.371965,-71.4645916667,0
42.1959645815,-71.4294090885,1
42.0650657701,-71.8260983978,0
42.6876257277,-70.6192703479,0
42.485705,-71.3465633333,0
42.5344089033,-72.2102570906,1
42.2993354797,-72.5186691284,0
41.9078777778,-70.0175611111,1
42.172423,-72.547842,0
42.4681416667,-70.8883027778,0
42.6434717905,-70.6274448243,1
42.2619776727,-70.9750150144,0
41.9358728997,-70.5659385997,1
42.4162565079,-71.1583768576,0
42.1435506893,-70.7602518797,0
42.8694664531,-70.9274127182,0
42.3269216667,-71.2700283333,0
42.603725,-70.9990466667,1
42.2800978425,-71.8397462915,0
41.8339080811,-71.1593551636,0
42.4058283333,-71.1707383333,1
42.4235760231,-71.082936326,0
42.41528,-71.5615533333,1
42.66521381,-72.3206003,0
41.9025335442,-70.7585543626,0
42.6424916667,-71.3409583333,0
42.5036739722,-70.9534869722,0
42.16974519,-72.6299248,0
42.375361,-71.1790948,0
42.50909325,-70.86956908,0
42.0787440538,-70.2203341158,1
42.590978255,-71.5169089131,1
42.0840324202,-71.1170089841,0
42.1259083333,-71.8000416667,0
41.681575,-69.978195,0
42.46815,-71.955346,0
42.1806787747,-71.3890350983,1
42.777245,-70.9463966667,0
42.419145,-71.1186055,1
41.6749534607,-70.1352844238,0
42.1535697096,-71.0469028988,0
42.0784500254,-70.2200130746,1
42.336908388,-71.1358471402,0
42.0788358977,-70.2201747884,1
42.3074308228,-72.2224344096,0
42.6032087512,-70.8961293276,1
42.6832455472,-70.7768199618,0
42.0497749722,-70.187224,1
41.709663432,-70.2752092209,1
42.03665,-70.727575,0
42.367015,-71.0831299722,0
42.6463957961,-71.3217350634,0
42.4910605875,-71.0660574937,0
42.1810333333,-71.5615916667,0
41.7067773114,-70.5637176956,0
42.3331077338,-72.6713100448,1
42.5813166966,-71.5341201162,0
42.556915,-72.67984,0
42.3159456685,-71.2954424786,1
42.0731611667,-70.2064966667,1
42.4373966903,-70.9374082001,0
42.2960383333,-71.30973,1
42.4354166667,-72.706995,0
41.7427177429,-70.6915740967,0
42.0488361667,-70.667005,1
41.96033,-70.00971945,0
42.207955,-70.7181166667,0
42.1367890411,-72.4507890243,0
42.358552169,-71.1303193382,0
42.491825,-70.9261116667,0
42.6590919495,-71.3476028442,0
42.2980011223,-71.0985651535,0
42.4891361111,-71.7673166667,0
42.3497632292,-72.6525354669,0
41.296497345,-70.0099716187,0
42.506691,-72.718016,1
42.6475235308,-72.1229284723,0
41.2929095,-70.0391898,0
42.28873833,-71.28966333,1
42.0103075234,-71.2069323515,1
42.2103611111,-71.0924694444,0
42.0930014302,-70.6467521936,0
42.3040111111,-71.1494833333,0
42.5035783333,-73.108175,0
42.19507,-73.3686366667,1
42.1005071,-71.0925121,0
42.2155945888,-71.1680517533,0
42.1813461079,-70.9351771697,0
42.087687669,-70.6763918911,0
42.6454597883,-70.925632085,0
42.36594,-71.265297,1
42.1603222657,-71.8043349311,0
42.0787413525,-70.2203565396,1
42.3795472222,-73.3851694444,1
42.0504519856,-71.2396728527,0
42.0785861667,-70.220445,1
42.5237873898,-71.3822965496,0
41.8484839975,-70.7192700683,0
42.34179667,-71.38818333,0
42.3097297094,-71.3125239936,1
42.3159940308,-71.1042143405,0
42.5133592389,-70.9458181389,0
41.9198737958,-70.5432588561,1
42.6175216667,-71.6018916667,0
42.3782229722,-72.442177,0
42.3383278271,-71.9941222416,0
42.4259425446,-71.1081994325,0
42.17386982,-71.01934791,0
42.5515796571,-71.775994124,0
42.0725055556,-70.2076722222,1
42.4255033333,-71.4737083333,1
42.4583082152,-71.1336606857,0
41.5965416667,-70.47045,1
42.520317,-72.50594,0
42.373894448,-72.7033106792,0
42.0782579338,-70.2210880209,1
42.4185782565,-71.0950721512,0
42.28847754,-71.19616909,0
42.6579483333,-72.1074566667,0
42.0455165772,-70.2143443169,1
42.29838539,-71.15272348,0
42.2974133333,-72.7221533333,0
41.8980633333,-70.0699528333,0
42.4898,-71.2688289722,1
42.3330367209,-71.5053118694,0
41.6862093156,-70.8830906823,0
41.6872779722,-70.9084009722,1
42.3475554166,-71.565244412,0
41.9263181209,-71.2912056814,0
42.1922,-73.0490721667,0
42.5862466667,-71.4999783333,1
42.261125,-72.336302,0
42.6306163193,-70.8437711012,1
42.3568554083,-71.0654015077,0
42.1006359099,-72.0458150796,0
42.4217648898,-71.1625865848,0
42.3295762647,-71.812624298,0
42.4456554026,-71.1763208572,0
41.6745511727,-70.0905081783,0
42.64977,-72.2148816667,0
42.184097,-72.655645,0
42.3191449722,-72.427862,0
42.4352939722,-71.5411619722,0
42.3833576897,-71.167231977,1
42.2390994222,-70.8140547423,1
42.6527941297,-70.8045656607,0
42.6035466667,-70.9988716667,1
42.4781990051,-70.8808670044,0
42.157953,-71.544558,0
42.2632966667,-71.1291361667,0
42.2742531833,-71.6324406012,1
42.5792583,-71.4378411,0
42.3883533333,-71.2198783333,0
42.71982,-70.9858633333,0
41.655655,-70.36491333,0
42.3638200404,-71.0870257313,0
42.2708075108,-71.6111255051,0
42.68333,-71.1179583333,0
41.6286577918,-70.3776022978,1
41.9527537095,-70.8214121919,1
42.4066887351,-71.7967657667,0
42.1306563,-70.9161551,0
42.6333116667,-72.1376516667,0
42.3226049167,-71.1266721111,0
42.5651852461,-71.790721044,0
42.2889547341,-71.0955157991,0
41.8328660886,-70.5428228562,1
42.32727754,-72.53270161,1
42.0732638333,-70.2056416667,1
42.2915260459,-72.6950170845,0
42.531585,-72.280685,0
41.8567482778,-69.9704804722,0
41.5245783333,-70.67057,1
42.623924475,-72.4601377174,1
42.7331783333,-73.0811166667,0
42.2253738648,-71.4336769398,0
42.1550588276,-71.3735149748,0
42.1090425335,-70.7693091674,1
41.689005,-70.7293466667,0
42.4243555354,-71.1288885075,0
42.41938,-72.7440866667,0
42.6344600672,-72.977182523,0
42.48943,-70.8942633333,0
42.0784916667,-70.2203883333,1
42.21090137,-71.86068635,0
42.4613876343,-72.7919464111,0
42.0791647158,-70.2199723679,1
42.5397222222,-71.0947694444,1
41.5790033333,-70.9701216667,0
41.7043385531,-71.0532813124,0
42.2577833333,-71.0044027778,1
41.329441513,-69.9975889642,0
42.40068,-71.6802216667,0
41.7128514758,-70.1924972717,0
42.3266088852,-70.9243475568,0
42.0668416667,-70.1930166667,1
42.4350666667,-71.8740216667,0
42.219790821,-71.4608325531,0
42.4428788705,-71.2780415713,0
42.350575,-71.3086083333,0
42.0903482102,-71.0753265303,0
42.08934717,-73.426675,0
42.6766033333,-72.179465,0
42.2092736933,-71.6800070791,0
42.5391716667,-73.0608583333,0
41.6720416667,-70.0270221667,1
42.1098062,-71.8794062,1
41.5943593889,-70.5063578128,0
42.54015333,-72.65812833,0
41.9856033333,-71.0708083333,0
42.4568317971,-71.4609073196,0
42.2977611111,-71.1076972222,0
41.63335,-71.00688055,0
42.5008333333,-72.5616666667,0
42.64009244,-72.11677159,0
42.327355,-72.5434159674,1
41.396225,-70.51342,0
42.2487503112,-71.9762021552,0
42.4511083333,-71.040825,0
42.551844164,-70.8378667307,1
42.726955,-70.8066533333,0
42.3419656951,-72.3711387332,0
42.1583559132,-71.5312081017,0
42.0986221667,-72.711395,0
42.4365730286,-72.7983474731,0
42.0527320056,-70.1887750626,1
42.2678260803,-72.4114608765,0
41.5604216667,-70.6315083333,0
42.0995236199,-70.9331484023,1
42.7067876514,-72.8841424082,0
42.823400785,-70.8198277652,1
42.44125333,-71.23336667,1
42.4214683993,-71.0277154955,0
42.4011150779,-70.9786291726,0
42.6157640091,-70.6512402345,0
42.1329800082,-71.2175188959,0
42.2357648293,-72.2328062855,0
41.76908,-69.939545,0
42.4899916667,-71.4182483333,0
41.5204752091,-70.9997954799,0
41.954748837,-70.022950199,0
42.3685875542,-72.5640935961,0
42.44225,-71.4268883333,0
42.4951783333,-71.4187966667,0
42.3399283333,-71.1391833333,0
42.0787107354,-70.2203401606,1
42.54968819,-71.54520576,0
42.2453,-71.4592583333,0
42.5440939306,-72.8254753968,1
42.5089116667,-71.37587,0
42.5067890639,-72.3749173815,0
42.4251333333,-71.79335,0
42.37394195,-70.98618397,0
42.3275383873,-71.053904492,0
42.7180555556,-73.2186111111,0
41.6233408776,-70.9002719498,0
41.9060149959,-70.7823421072,0
42.3778533333,-71.4027216667,0
42.3652033333,-71.2603383333,1
42.45201299,-71.13459338,0
42.4777107853,-71.0684949764,1
42.4123211122,-72.4799947733,1
42.1921216667,-71.4796,0
41.5986733261,-70.5712871485,0
42.577667067,-71.9679749431,0
42.0251317508,-71.852611804,0
42.4766633471,-73.2658372788,0
42.0663445,-70.1949466667,1
41.90422,-70.79170333,0
42.6132283333,-71.2848666667,1
42.3080866255,-71.0906671267,1
42.8137314601,-70.8218177837,0
42.5940449258,-71.5533195434,1
42.311255,-71.6547616667,0
42.2160234492,-71.9416045212,0
42.2146928131,-71.433275279,0
42.695835,-72.1173816667,0
42.4355862564,-71.0816090181,1
42.4068833333,-71.67225,0
42.759488392,-70.8053868326,0
42.2486416667,-70.9362716667,0
42.6094887391,-71.5752313736,0
41.6563646084,-70.2604629546,0
42.1521489823,-73.422864795,1
41.353309,-70.832884,0
42.1822166667,-71.4429033333,0
42.6361833333,-71.5279583333,0
42.6876720172,-70.6322974808,1
42.29803,-71.1480945,0
41.7368324268,-70.8000136026,0
42.6324416667,-70.7236472222,0
42.33432566,-72.53394118,1
41.349082,-70.4984129722,0
42.0069472167,-72.80233,0
42.0548363632,-71.604751423,0
41.5675499162,-70.4829554099,1
41.748445,-69.9650283333,0
42.6935966667,-72.803375,0
42.0295502667,-71.2919221852,1
42.65619,-72.945075,0
42.3814933333,-72.711295,0
42.74460333,-70.81961167,0
42.0567944444,-70.0890527778,0
42.0735055,-70.2060783333,1
42.2989055556,-71.1238416667,0
41.8519417683,-70.595344305,0
41.8306832723,-71.2363209974,1
42.3623660259,-71.3596165439,0
41.9673,-70.7451633333,0
42.3049382033,-72.2243535519,0
42.5090281941,-71.0447436741,0
42.0798861667,-71.4007116667,0
42.7088687818,-70.8032891516,0
42.15959912,-72.6287104,0
42.449558819,-71.0620488601,1
41.9304916667,-70.0638833333,1
42.0647077,-72.4043712,0
41.7389773,-70.3810184,0
42.1001375778,-70.9338725987,1
42.2688108118,-71.8157554418,0
41.7117833333,-70.3923116667,0
42.3979633333,-71.8603216667,0
42.667595,-71.8975,0
42.37392562,-72.22931818,0
41.6372006417,-70.3414658804,1
42.27649813,-71.8432667,0
42.2275529243,-71.0654913728,0
42.043475,-70.21582,1
41.8279426209,-69.9481232345,0
42.4707533333,-72.5849383333,1
42.6946482752,-71.2453396977,0
42.5176565295,-71.0430148026,0
42.302495,-71.1231528333,0
42.7167111111,-71.0167583333,0
41.9174755222,-71.3721505925,0
42.8505366667,-70.9343033333,0
42.1293410842,-71.7138178957,0
41.7832120182,-70.0359236822,0
42.231895,-71.212425,0
42.1413916667,-72.8409366667,0
42.62128053,-70.65578768,0
41.8553431565,-71.333299214,0
42.3757858342,-72.0338865091,0
42.3444364426,-71.6925337538,0
42.7079886798,-71.0880109837,0
42.288989,-73.1814999722,0
42.3154390212,-73.1347314226,0
42.0733337402,-73.0152740479,0
42.6388666667,-70.988395,1
42.7230529722,-71.1874084444,0
42.1902088479,-71.1054293811,0
41.7224943686,-70.7594300799,1
42.561128,-71.5416568,0
42.2037132151,-70.9014765532,0
42.8314853507,-70.9160614853,0
42.0624425,-70.1913712,1
42.3465466667,-71.274305,1
42.0794672033,-71.0598689844,0
42.65944,-72.10689,0
42.1442848521,-72.682480292,0
42.61976103,-71.99917165,0
42.355861757,-70.9676016402,0
42.4869822571,-71.15537446,0
42.027051994,-71.1804554398,0
42.4895199722,-71.0862429722,0
42.0665277778,-70.1941305556,1
42.7157466667,-72.1248483333,0
42.4903983118,-72.5190155407,0
42.3145483333,-73.0004183333,0
42.339255,-71.0425028333,0
42.3395788278,-71.1666492624,0
42.7448416441,-71.031937407,0
42.42809667,-71.20191167,0
41.5758133333,-70.408875,0
41.9803214764,-71.1416293055,0
42.5949399127,-71.3827428874,0
42.6454416667,-72.6233016667,0
42.0538767929,-70.1822455445,1
42.233295,-72.6651166667,0
42.6835546056,-71.4112509076,0
42.3484190476,-71.164733693,1
42.2967910767,-72.4729156494,0
41.5497946646,-71.1052898225,0
42.0366647691,-70.9705653264,0
42.3877033333,-72.3787916667,0
42.283725,-71.22995,0
41.775429039,-70.506125082,1
42.303855,-72.4641316667,0
42.0999962784,-70.9343366209,1
42.15915083,-73.11251732,0
42.1107563495,-71.957278041,0
42.6164633333,-72.7581866667,0
42.6054498135,-71.5698361863,0
42.6205216351,-72.4788370728,0
42.2672435271,-71.0644487498,1
42.564249372,-70.805062247,0
41.9162835321,-70.6449024752,1
42.072931523,-70.2070302799,1
42.3672861111,-71.0700305556,0
42.3321925006,-71.1604610081,0
42.6027819722,-71.1082729722,0
41.5058305556,-71.0244,0
41.9652511,-70.6417097,0
42.3544124731,-71.0361976526,0
42.3038855179,-71.1108224623,0
42.6131581069,-72.0201725178,0
42.5839030034,-70.71519962,1
42.3124197484,-70.9516106657,0
42.621158863,-72.7212124669,0
41.9200583333,-70.543145,1
41.61570833,-71.05998883,0
42.54729,-72.2109016667,0
42.719604671,-72.9192670249,0
42.6003339842,-72.7479477722,0
42.1033028333,-71.1652138333,0
42.1847819722,-71.7708959722,0
41.2677600304,-70.0907671916,0
42.3439802642,-71.4336825952,0
42.5398058491,-73.2565667108,0
42.3970813467,-71.0886686626,0
42.6863389119,-73.0885551121,0
42.3226013184,-73.085319519,0
42.4356916728,-72.5419466667,0
42.3197500647,-71.1983148182,0
42.450920105,-72.5057830811,0
42.4099349722,-72.613172,0
41.7776292285,-70.0001113902,1
42.5543027778,-71.7551027778,0
42.203307031,-72.6293820888,1
42.5199077977,-73.2265164145,0
42.2929574021,-71.1645222879,0
41.942445,-70.0166027833,1
42.0872916667,-71.1768444444,1
42.6155083333,-71.4480533333,1
42.4529390458,-71.0820193989,1
42.286688403,-71.6697837113,0
42.0578083333,-70.17633,1
42.8173163093,-70.8711206908,0
42.2374462177,-72.646932873,0
42.0540280235,-72.2637227692,0
41.9501006138,-71.3056948409,0
42.0590194641,-71.6275675502,0
41.7087616667,-70.2585666667,0
42.3310113,-71.129783,0
42.565496,-71.571387,0
42.1070424733,-72.0866960467,0
42.34756125,-72.2257729722,0
42.6253585815,-72.4770355225,0
42.6352447738,-70.6033654667,0
42.3655383333,-71.257745,1
42.2759166667,-71.3897633333,0
42.39132,-71.00298333,0
42.33105,-71.1967472222,1
42.0122618544,-70.6831079949,0
42.2753799444,-72.6277294444,0
42.0633024322,-71.3160919926,0
41.9725585735,-71.3698312794,0
42.3592833333,-70.9697116667,0
42.0736322929,-70.2061415818,1
42.4193506232,-71.05505517,0
42.4320133333,-72.39073,0
42.3741633333,-72.248605,0
42.3526714652,-71.5086890975,0
42.0793549347,-70.2187802983,1
42.3923516667,-72.032695,0
42.342501053,-71.8097017911,0
42.20758,-70.9426716667,0
42.3277778,-72.5394444444,1
41.7014026119,-70.3543555336,0
42.4764695251,-71.959290436,0
42.4103722222,-71.1174777778,1
42.3158333333,-72.9953783333,0
41.6218227883,-70.3702509262,1
41.39904249,-70.5452824664,0
42.0470974843,-71.6165852938,0
41.5601783333,-70.6249466667,0
42.4985576462,-71.4100044705,0
41.9876222222,-70.7891222222,0
41.9136283333,-70.6705066667,0
42.38212,-70.9991133333,0
42.0825739769,-73.362014346,0
41.8780089231,-69.9884556702,1
41.6834263411,-69.9374255911,0
42.5874297917,-72.5872730336,0
42.1072881284,-71.3183582036,0
42.6372004208,-71.9076040015,0
42.3631558763,-72.2318426229,0
42.0785842917,-71.3108637917,0
42.2033277778,-72.6294166667,1
42.4737277778,-72.2789138889,0
42.1400028333,-73.184945,0
42.2998149707,-71.5083579338,0
42.4369278581,-72.5386704949,0
42.2430777308,-71.4670598879,0
42.28058833,-71.02220833,0
42.2334749722,-70.9878819722,0
42.6587261899,-70.6300274049,0
42.3878212016,-71.1458463509,1
42.5573843446,-71.9754387261,1
41.7726844286,-70.029429338,0
42.65211333,-70.90677,0
42.3002009186,-71.6540622722,0
42.1697,-71.2754,0
41.8206966667,-70.9229883333,0
41.926869,-71.3697789722,1
42.673255,-72.00455555,0
41.9377439759,-71.1045477158,0
42.553794,-72.919825,0
41.9954216667,-70.0295638333,1
42.6532056721,-71.0130015676,0
42.6151133333,-72.4944633333,0
42.3845220124,-71.0115273581,0
42.6838917311,-72.1796341826,0
42.590116,-72.724924,0
42.30617115,-72.52518263,0
42.135911,-71.151777,0
42.8418336954,-70.9399272627,0
42.5083369024,-71.4914705885,0
42.1310580123,-72.1864236519,0
42.52656199,-70.94456734,0
42.2474033333,-71.716805,0
41.528405,-70.669975,1
42.0787342149,-70.2201517255,1
42.3297233582,-71.0458297729,0
42.399285569,-71.5833309665,1
42.555195,-71.3356383333,0
42.0737083333,-70.2089,1
41.8181376,-69.9595967997,0
42.4569666667,-73.2274166667,0
42.3906166667,-71.9459,0
42.0684361667,-73.1111528333,0
42.7125434503,-72.3428467279,1
42.3309279106,-71.4189349195,1
42.05835,-70.176405,1
42.1983693611,-72.2831288333,0
42.5641600077,-71.1794745633,1
42.062018,-71.110822,1
42.2888115439,-71.5104794882,1
42.3744583333,-71.3596033333,0
42.3470248265,-71.550935377,0
42.076859322,-70.2154317934,1
41.864718689,-71.1054980146,0
42.4014566796,-71.8467400206,1
42.1724970345,-70.8549405634,0
42.2810922997,-71.7602487,1
42.5374,-72.6039366667,0
42.0919498126,-71.0646510128,0
42.3615416667,-71.4639133333,0
42.5360366667,-72.103345,0
41.3926883333,-70.5345383333,0
42.5167049468,-70.9123075661,0
41.7778380174,-70.6413207808,0
42.51302167,-71.274895,0
42.5969217,-71.4424412,0
42.2762116667,-71.0698388333,0
42.41787,-71.4445283333,0
42.8343182,-70.8184189,1
42.60217,-71.6167016667,0
41.7454571137,-70.4682757793,0
41.4560456947,-70.6138659641,0
42.315497,-72.4760739722,0
41.6988107996,-70.2486442067,0
42.63392,-71.5587,0
42.6225395203,-73.0060272217,0
42.1776866667,-73.240875,0
42.4376555556,-71.1165361111,0
42.2155374493,-73.3459127375,0
42.4030952454,-71.3716812134,0
42.0848055028,-73.36837,0
42.4756000529,-73.283092279,1
41.97085833,-70.68464667,0
42.6651109132,-73.2562814016,0
42.0497028333,-70.1871333333,1
42.236255,-71.2218033333,0
42.44816667,-71.0723805,1
42.4132461163,-71.5092292881,1
42.4086982154,-72.7417647981,0
42.5262794495,-71.7492675781,0
42.7450252021,-70.8262207753,0
42.3059937698,-73.0700750649,0
41.777425664,-70.0001634657,1
42.0727607528,-70.2072744577,1
42.4646216667,-72.3808666667,0
41.26847,-70.0116666667,0
42.2890392489,-72.6193181413,0
42.361966,-71.02499,0
42.3012616667,-70.9350966667,0
42.14086117,-70.87901333,0
42.2906383333,-71.1708833333,0
42.2190172971,-71.1890759972,0
41.6507045948,-70.5778143012,0
41.6283643141,-70.8740655637,0
42.0782399625,-70.2206845295,1
42.2328288761,-71.4033041815,0
42.6482666667,-71.548395,0
42.506154,-73.316935,0
42.3738703454,-71.1161409697,0
41.8065989516,-71.2503783088,0
41.7087023081,-70.2766897983,1
42.582061196,-71.4370520612,0
41.6311683333,-70.9150066667,0
42.2351133333,-71.7879716667,0
42.2996333333,-70.9275366667,0
42.319634,-71.404075,1
42.6529366667,-72.5471333333,0
42.33163,-72.53135,1
42.5641702748,-71.1794743394,1
42.3151330416,-72.6506458474,1
42.063808,-70.860542,0
42.3053897611,-71.0887570628,1
42.3003313551,-71.0392233264,0
42.5579619258,-72.3023171992,0
42.2121589917,-71.1045135968,0
42.5232670696,-71.0869342109,0
42.2031583333,-71.2275083333,0
42.4504666667,-73.1887583333,0
42.2829660341,-71.3706509726,0
42.3627883333,-72.45375,0
42.1529416667,-71.6175472222,0
42.2168297461,-70.7901287545,0
42.54446256,-70.9176886706,0
42.59061167,-70.987495,0
42.331855,-71.44165,0
42.680945,-70.89177,0
42.0623454997,-73.3355309995,0
42.440737207,-72.2064977136,0
42.031925,-71.25093833,0
42.3311468667,-71.4184162904,1
42.2019276184,-71.7752396688,0
42.4825116667,-71.7836066667,0
42.42543,-71.056151,0
42.4915567195,-71.0385798577,0
42.1631055,-70.84735,0
41.5493629722,-70.949584,0
42.6648142236,-70.643364396,0
42.36802,-71.2587883333,1
41.500525365,-71.0398758575,0
42.364055,-71.26297,1
42.13536614,-71.1960786699,0
42.0643,-71.3790888889,0
42.288075591,-71.2679253555,0
42.0795161973,-70.2193017691,1
42.3359,-72.5531,0
41.7004884134,-70.0386014537,0
42.3467314507,-71.1112134863,0
42.0783065219,-70.2208349292,1
42.5403328333,-71.1104034718,0
41.616325,-70.4354466667,1
42.5135383333,-70.8626633333,0
42.020830804,-70.036099242,0
42.4508466667,-72.5058933333,0
41.7061825728,-70.2992508754,0
42.0907707751,-71.2643555882,0
42.4524005782,-71.4771537949,0
41.9460555556,-70.8734,0
42.1062611667,-73.1388388333,0
42.6389367718,-71.2858093504,0
41.9221094745,-71.2443872541,0
42.6398658752,-71.2965927124,0
42.2368774414,-70.9877471924,0
41.7836744892,-69.9662728274,1
42.35258,-71.1384805,0
42.6023650964,-72.6018947372,0
42.5835083333,-72.5529416667,0
41.5706287691,-70.6069458649,0
42.5080583333,-71.6229,0
42.68026715,-72.33709225,0
42.3662081445,-71.0340925837,0
42.4016633333,-72.6541633333,0
42.093953,-70.7063883333,0
42.3607562436,-71.0956053716,0
42.0731048593,-70.2071733598,1
41.37123,-70.6588216667,0
42.67019449,-72.32792837,0
42.6193013738,-72.7104980959,0
42.5180850544,-71.8778445572,1
42.0787991801,-70.2199528762,1
41.6425216667,-69.9573883333,0
42.5608931576,-71.102815117,0
42.2494522983,-71.5628046915,0
42.1160031623,-71.6025121138,0
42.2837421856,-71.8578751774,0
42.5954055786,-72.5838165283,0
42.073650851,-70.2057490752,1
42.8114803486,-70.8587873968,0
42.7809216667,-70.9939716667,0
42.3651176188,-71.0183313489,0
41.3973718077,-70.538520366,0
41.28862,-69.98040833,0
42.478471035,-72.607623674,0
42.1115221667,-70.1588666667,0
42.3691498041,-71.265245401,1
42.3719686946,-71.5519018863,1
42.1386689,-70.94661,1
42.2951202229,-71.1842729981,0
42.3812888949,-71.635360074,0
42.361260739,-71.3659441077,0
42.0111166667,-71.1775805556,1
41.3948666667,-70.5145116667,0
41.2888033333,-70.1579138333,0
42.301595,-72.6996616667,1
42.4094839839,-71.7042017297,1
42.51783,-71.4124616667,0
42.1253471667,-70.9197783333,0
42.5585485958,-71.2339703926,0
42.73512,-70.7905416667,0
42.2297810232,-71.0028007464,0
42.6417533333,-72.9415966667,0
42.1257858276,-73.4292526245,0
42.3305999353,-73.3657101542,1
42.4819568036,-71.1053624335,0
42.175308,-72.9819439722,0
42.5062333333,-72.1815766667,0
42.4805918903,-71.1758806184,0
42.6359258885,-71.4826914465,0
42.3105899191,-71.9310029142,0
41.6461027321,-70.6118027587,0
42.47473667,-70.95908333,0
42.0547528333,-70.1837166667,1
42.2556533006,-71.5627715187,0
42.451742,-71.561155,0
41.9784705514,-71.3095745838,0
41.3934852318,-70.6611735515,0
42.6473799048,-71.3064611592,0
42.4994666728,-71.367255,1
42.3330124194,-71.579182797,1
42.6947222222,-71.725,0
42.589065301,-71.5843331478,0
42.679605,-72.1103783333,0
42.531395,-73.06841383,0
42.6103830112,-70.6631121353,0
42.5902709961,-72.6043167114,0
42.6966083333,-70.5318083333,0
41.544334,-69.989847,0
42.4945,-71.28305,1
42.7060118458,-70.8181292564,0
41.26030833,-70.11926383,0
41.2965069319,-70.0415392834,0
42.4176450925,-71.6507318616,0
42.1331417119,-73.1687547936,0
42.4843351717,-73.1628543511,0
42.356340471,-71.4186390747,0
42.4243806532,-71.178903468,1
41.3974633458,-70.7044029207,0
41.6816464128,-70.117803812,1
42.498825,-72.2129683333,0
42.0289528333,-70.8590083333,0
42.3262429635,-71.2337375388,0
42.3318451941,-71.5619637206,1
41.7674928066,-70.0940196589,0
42.5697097778,-72.0029678345,0
42.5583860553,-70.9358385159,0
42.119835,-71.117793,0
42.0780760417,-70.2208702507,1
42.3200333333,-71.0533445,0
42.2770915534,-71.8344047377,0
42.4366911438,-71.0191992295,0
42.2583987873,-71.7869870737,0
42.088024987,-71.995831293,0
42.5035614358,-71.4860120954,0
41.3445268,-70.7202798,0
42.1145555,-72.03598883,0
42.3630826279,-71.2605370984,1
42.3414616667,-72.3840166667,0
41.420459,-70.550351,0
42.4575795,-71.68939251,0
41.79213,-69.9397133333,1
42.58703377,-71.11278003,0
42.5884868985,-71.1123722792,0
42.5608361111,-71.1845166667,1
41.9014166667,-71.0685111667,0
42.3986654024,-71.5780787052,1
42.23053981,-71.16664838,0
42.2965626,-72.565582227,0
42.341864,-72.487667,0
42.3781682361,-72.470921957,1
41.5736815785,-70.5709572205,0
42.7025216667,-70.77603,1
42.2292606375,-72.5845593905,0
41.68625851,-70.20592503,0
42.592125,-72.5997783333,0
42.0741333889,-70.2051954395,1
42.2031166667,-70.94632,0
42.3151783333,-71.0555888333,0
42.3994707655,-71.5203952789,0
42.4589577151,-71.6484764601,0
42.60405,-72.7322916667,1
41.3665928025,-70.6150767082,0
42.0726860769,-70.2071852816,1
42.6747379782,-70.6454952906,0
42.3733240692,-71.0574189295,0
41.2883398379,-70.0051543862,0
42.27851,-71.025034,0
42.26100333,-71.42020333,0
42.4755466667,-71.33823,0
42.060296,-71.356876,0
42.527027,-71.631681,0
42.609512,-71.2228,0
42.6930283333,-70.5279466667,0
42.2277033333,-71.408165,0
42.2952533333,-71.0302583333,0
42.4967527651,-70.9728302275,1
42.5086044312,-72.4209386305,0
41.3664119722,-70.7454259722,0
41.6154937774,-70.3714246075,1
42.5152364723,-71.1736419503,1
42.25407,-72.3359983333,0
42.082225,-72.0507888333,0
42.0697662204,-70.1956691666,1
42.363488976,-71.2617182607,1
41.9479216667,-70.7942283333,0
42.8564655938,-70.957786218,0
42.4281316667,-72.21654,0
42.20525,-71.1355138333,0
42.3759732205,-71.9209142889,1
41.9326092978,-70.065721141,1
42.7052133333,-72.494055,0
42.2983093262,-71.0107574463,1
42.3670667739,-70.9676686184,0
42.5096041206,-71.6313945131,0
42.4673058655,-71.7748338171,0
41.7685365748,-70.0876874864,0
41.824999565,-70.6481934783,0
42.1294843201,-71.15540639,0
42.5112116667,-70.845825,0
42.3068305556,-71.3628777778,0
42.11475,-70.1470489999,0
42.183248,-71.363672,1
41.274,-70.2055,0
41.2895084142,-69.9677190828,0
42.3512207691,-71.4884399904,0
41.4671275714,-70.6024033209,0
41.3583323282,-70.533318231,0
42.4545777778,-71.193375,0
41.9895247452,-71.2713554986,0
42.2594216667,-72.1028666667,0
42.3740116667,-71.2779,1
42.59868,-71.560905,1
42.1248555556,-72.6229138889,0
42.3676011742,-71.2587255426,1
42.388761226,-73.2996381459,0
42.6534842575,-71.1656572312,1
42.2935812976,-71.1335190318,0
42.1374166667,-71.9696366667,0
42.0484635026,-70.1892976253,1
42.2839916667,-71.2355716667,0
42.2163373552,-71.7154423323,0
42.5771522522,-72.0566482544,0
42.5490604477,-70.8736987469,0
42.1224861667,-72.7701716667,1
41.9018083333,-71.317725,0
42.2040799,-70.8473876,0
42.0579611667,-70.1759866667,1
42.2773895264,-70.9539489746,0
42.1713573753,-71.7188481706,0
42.2130166667,-71.0183721667,0
42.2696283333,-71.2934716667,0
42.3602991647,-72.1612758829,0
42.0799419,-70.219717,1
42.5876116667,-72.0821445,0
42.6597807758,-73.2173030503,0
41.7042706569,-70.2717959567,1
42.6021777778,-70.9342027778,0
42.2185083333,-72.0461888889,1
42.0680166667,-70.121155,0
41.6314071772,-71.0073289687,0
42.3216780556,-71.1609883333,0
42.4603006779,-71.2586796939,0
41.8601913452,-69.9822463989,0
42.2112468968,-71.1731525804,0
42.0728028333,-70.20285,1
41.81143,-71.23912,0
42.0529416667,-70.1834333333,1
42.4227016094,-71.3868148998,0
42.4543738398,-71.6825907015,0
42.1607083333,-71.5282133333,0
42.5750409572,-71.7929730087,0
41.51684,-70.677366,0
42.51302,-71.398025,0
41.5276083333,-70.6708666667,1
42.6212820045,-71.558788754,0
41.2850883333,-70.0513445,0
42.2374716667,-71.4605416667,0
42.3030038328,-73.2806499302,1
42.3394889832,-72.5508880615,0
42.3085533333,-71.7427,0
42.7402216667,-73.206,0
42.3306653534,-71.0153609666,0
42.2637833333,-70.8719783333,1
42.1044166667,-70.165825,0
42.6639133333,-71.23932,0
42.0488056601,-70.208908394,1
41.2752835172,-70.114228465,0
42.3535883333,-72.6770633333,1
41.661798,-69.945508,0
42.2648116667,-71.613275,0
42.7561149597,-70.9237747192,0
42.2211416667,-71.3025638889,0
42.35992,-72.5229333333,0
42.4707646804,-72.9351468757,0
42.43328,-71.394425,0
42.5320675419,-72.3097397597,0
42.7072906355,-70.9575690624,0
42.28809667,-71.525605,0
42.0887056693,-71.0700379065,0
41.6900884788,-69.9369118078,0
42.43858,-70.98448,0
42.2528114167,-72.0654678333,0
42.3688866667,-71.1098861667,0
42.1256186997,-71.1728597997,1
42.0884357,-72.55475,0
42.2809995024,-71.355201004,0
42.8324718098,-70.9086546752,0
41.6869993,-71.164128,0
42.4382583333,-71.0405416667,1
42.4925189449,-71.0170240215,0
42.1199309491,-70.9079386637,0
42.0787331044,-70.2203180225,1
42.2455056225,-73.4405266866,1
42.1426145548,-71.3739996758,0
42.252995,-71.7303916667,0
42.4933173428,-70.8405268306,1
41.3814349672,-70.7394473834,0
42.0495462184,-70.0716513921,0
41.9144337296,-70.6482328731,1
42.0590153,-71.0806276,1
41.938595,-71.2581416667,1
42.6317328973,-70.9206312506,0
41.7073695066,-69.970459704,0
42.69723712,-72.29374588,0
42.1263666667,-71.2007366667,0
42.5289216667,-71.4771883333,0
42.1499840232,-72.6714367792,0
41.9454282984,-71.2988159106,0
42.289709,-73.316119,1
42.5564388889,-72.5776444444,0
42.4165940407,-71.0321968179,0
42.8511916667,-70.9624166667,0
42.150985728,-72.0603177944,0
42.2006116667,-70.996345,0
42.2693444444,-71.0299694444,0
42.5879393992,-73.0885247623,1
42.3309096483,-71.6326588697,0
42.352848182,-71.9270509163,0
42.36169655,-73.15934481,0
42.4262676876,-71.675939705,0
42.2620741,-71.2903538,0
42.2149222222,-71.3794138889,0
42.1856326377,-73.183231596,0
42.5012638889,-72.3315277778,0
42.3005813005,-73.3354002284,0
42.1126353974,-71.6043618322,0
42.1854,-71.2496,0
42.3661616667,-71.4564283333,0
42.0794172351,-70.2187722542,1
42.4792033333,-70.9730133333,0
42.0786638526,-70.2212103381,1
42.1934688468,-71.2121015953,0
42.6098583333,-71.44085,1
42.3525304439,-71.4003730974,0
42.4802416455,-71.488530862,0
41.5842333333,-70.5122555556,0
42.6045934384,-72.216340676,1
42.5312559,-71.2221563,1
42.4718011781,-71.3055517998,0
42.628955334,-70.962821141,0
42.1763762087,-70.8820858598,0
41.6634202028,-70.3615364936,0
42.0987555,-72.59117833,0
42.3926930083,-73.2945261577,0
42.30656788,-73.1387431,0
42.2151570954,-71.816208819,0
42.2906407142,-71.3773254982,0
41.3422638889,-70.7110722222,0
42.3559014047,-71.4299422826,0
42.6055055556,-71.7546083333,0
42.6270166667,-72.1407,0
42.56986926,-72.7377678,0
42.675986202,-71.7784107104,0
42.4707946777,-72.4120788574,0
41.997382175,-70.8598640096,0
42.5627206024,-72.7339600821,0
42.1813121569,-71.6908039637,0
41.8386399933,-71.0583937448,0
42.248805,-73.119025,0
42.0525888889,-73.4109916667,0
42.7978466728,-70.87835,0
42.6434884669,-70.9002190389,0
41.28554167,-70.1625445,0
42.4365716667,-72.4875866667,0
42.4445038196,-72.5804102071,0
42.0644614567,-70.1573000942,0
42.3629795521,-71.0503057456,0
42.0532316667,-70.0804583333,0
41.6804261,-70.9364418,0
42.128525,-71.7967383333,0
42.5939340232,-71.5877502202,0
42.3196509434,-71.4040344667,1
42.2666865559,-72.5849546079,1
42.11196117,-70.67191333,0
42.4394243843,-71.3439351003,0
42.1532386355,-71.1757414789,0
42.273353907,-72.4180730042,0
41.5117770585,-71.0115296896,0
42.5316916667,-71.471275,0
42.6395,-71.21262167,0
42.5641807536,-71.1794582788,1
42.2101107706,-71.4221779817,0
42.273781,-71.0252724722,0
42.587125,-71.95145,0
42.5643627644,-71.1797633333,1
42.0130427136,-71.2285122649,0
42.3157833333,-71.2976,1
42.1818177826,-71.1037012654,0
42.2164122076,-71.8474593867,1
42.2694866667,-72.704155,0
42.193795,-71.1257695,1
42.168545,-73.4773633333,0
42.4622175754,-71.1109694583,1
42.3276996573,-72.68254783,1
42.3916066667,-72.3446016667,0
42.0756,-70.7985666667,0
42.664013405,-70.8508330189,0
42.660196921,-70.6005034144,1
42.5341327357,-72.5462097275,1
42.49913735,-70.9200916,0
42.2844199722,-71.1627569722,0
41.3995363894,-70.7233693035,0
42.4671936035,-71.4919052124,0
42.5641753978,-71.1794814074,1
42.6626959796,-71.2498606154,0
41.58558794,-69.988425591,0
42.550085,-72.943245,0
42.0735781261,-70.2062991813,1
42.0331633813,-70.8414857038,1
42.2752303062,-71.0582153142,0
41.8035666667,-69.9861366667,0
42.4386044847,-71.1961985518,0
41.88152,-70.0014633333,1
42.5329161762,-71.4418793098,0
42.5218379405,-70.8915451728,0
42.6768133333,-71.3577583333,0
42.5755706,-72.04317499,0
41.80223228,-70.55621573,0
42.3519882891,-71.2430542492,0
42.3782111944,-72.2058217227,0
42.2573392,-70.821587,0
42.2007652,-71.1924879347,0
42.0777758803,-70.21776437,1
42.560405,-72.39861333,0
42.1430516114,-71.0020156347,1
42.30481934,-71.06362402,0
41.9445996306,-70.0768625736,0
42.220575,-72.502815,0
41.7520166667,-71.1417805556,1
42.5743783333,-71.3943166667,0
41.6076965332,-70.912399292,0
41.9207912193,-71.2307419928,0
42.7507027778,-70.7993416667,0
42.0312829083,-70.9545202554,1
42.5798819722,-70.8832079722,1
42.4356803549,-71.5379725904,0
42.4138532679,-71.0528161749,0
42.42328185,-70.9845179,0
42.6294911421,-70.7682505257,0
42.45495942,-71.3889778,0
42.443004842,-71.1131735054,0
42.6316433333,-72.8728983333,0
42.3154199695,-71.3674727911,0
42.4954888889,-71.6045888889,0
42.0780824045,-70.2217658121,1
42.240639334,-72.6950987645,0
42.472205,-73.2642883333,0
42.42792833,-70.923295,0
41.6694833333,-70.02665,1
42.5758883333,-72.5894083333,0
42.06457358,-73.00719978,0
42.2097983333,-71.1133666667,0
42.2462701267,-71.4893619674,0
42.4540467535,-71.3757581208,1
42.656995,-70.8987416667,0
42.49762719,-71.0791402787,1
42.35461,-72.6325266667,0
42.05733333,-70.13666667,1
41.6288870859,-70.803731502,0
42.310067513,-71.1110390812,0
42.7033988394,-72.3176743385,0
41.727895,-70.5172716667,0
42.4006811582,-71.4245764311,0
42.204965,-72.6617033333,0
42.471645386,-70.893282909,0
42.4984397888,-71.5859985352,0
42.3043777553,-72.3113895141,0
42.3130324632,-71.4107926447,1
41.3334027778,-70.3010194444,0
42.282105,-71.344955,0
42.0433195,-70.1929866667,1
42.551,-71.3787083333,0
41.780255,-69.89299667,0
42.0604849271,-71.9084376727,0
41.3107916667,-70.2650833333,0
41.9938983629,-70.7030799241,1
42.0314948776,-70.7197542804,0
42.0442371608,-70.1045128678,1
42.0490979132,-70.6448092257,1
42.34137,-71.037572,0
42.3688849582,-71.2565895965,1
41.52968,-71.013275,0
42.3201048796,-71.4054837598,1
42.4188166667,-70.9063416667,0
42.248599581,-71.6084621377,1
41.7210416667,-70.3967966667,0
42.6585083333,-71.3559555556,0
42.0791914044,-70.2183354575,1
42.3035380411,-71.998367576,0
42.6708966667,-72.3376216667,0
42.0781924591,-70.2207076157,1
42.4649966667,-71.1468945,0
42.4636928877,-73.2459611726,0
42.4776929116,-71.0683764949,1
42.3244373355,-72.519312948,1
42.4491194444,-71.4808527778,0
41.67641073,-69.9351228309,0
42.2320797807,-71.4979520627,0
42.30964583,-73.34634435,0
41.7308082151,-70.2288874218,1
41.6678466797,-70.1602630615,0
42.4750366667,-72.739425,0
41.6374740601,-70.5680847168,0
42.6441783333,-72.4325416667,1
42.0435402481,-72.5922134208,0
42.07577217,-70.21751333,1
42.6278264874,-71.3787641129,0
42.2783,-71.0316083333,0
42.3641883333,-71.2623883333,1
42.3170831472,-72.2913679024,0
42.26692,-71.81752,0
42.4259283,-71.3039469,1
41.7721823974,-70.488243313,0
42.454545,-71.3361283333,0
41.6561345795,-70.1235582765,1
42.2645635396,-73.3091485059,0
41.2466133333,-70.0960695,0
42.53192833,-71.57505,0
41.9016476078,-70.7362251929,0
42.1661317141,-71.6640612677,0
42.0665652062,-70.1945162981,1
42.6138083333,-71.3673083333,0
41.7420283333,-70.6608116667,0
42.3052720857,-72.6291877905,0
42.3135032654,-71.7163543701,0
42.0808788808,-71.6199071613,0
42.4491277977,-71.0717329862,1
41.9928466667,-70.7491083333,0
42.3296116667,-71.373405,0
42.0583305,-71.077325,1
42.4714166667,-72.8848416667,0
42.0738259792,-70.2056407671,1
42.68112604,-72.33131387,0
42.2930111111,-72.595575,0
42.1312853891,-71.2131248796,0
42.389289819,-70.9698695849,0
42.6639483333,-72.17203,0
41.6314133333,-71.0527195,0
42.4365357225,-71.1263173362,0
42.1605333333,-71.6059083333,0
42.413687,-71.510463,1
42.2787944444,-71.7807611111,0
42.4114195258,-71.431495389,0
42.411129,-71.082902,0
42.355246279,-71.5588387102,1
42.4494602538,-71.1527515948,0
42.3775383333,-72.22908,0
42.08085,-70.2210166667,1
42.2701934771,-71.1866698042,0
41.31321667,-70.01544167,0
42.0074666667,-70.8412333333,0
42.3389124718,-72.5625491095,0
42.0474051041,-71.2125307177,0
42.64611629,-71.95035992,0
41.856951,-71.08191145,0
42.3526737036,-71.6294012591,0
41.944837855,-70.6738970397,1
42.75783,-70.8921666667,0
42.5612119267,-71.5403418474,0
42.1074861667,-72.7641616667,0
42.3344631,-71.0237913997,0
42.3948033333,-71.25415,0
41.9177632,-70.7522998997,0
41.5542083333,-70.6416027778,0
42.3761558533,-71.1173171997,0
42.290472,-70.970182,0
42.821755,-70.96038,0
42.610139153,-71.1091119704,0
42.5720678225,-72.6816927694,0
42.3527219722,-71.1196039722,0
42.459593313,-71.2408092429,0
42.18557,-73.1069111667,1
41.8512235367,-70.6078438551,1
42.4117042045,-71.1586748465,0
42.184382,-71.658297,0
42.449975,-71.4556416667,0
41.5612951493,-70.6142569129,0
42.5042266846,-72.9015884399,0
41.5921546756,-70.8168818594,0
42.1315776604,-71.1403682549,0
42.46575333,-70.95195,0
42.4869980277,-72.2598106673,0
41.6097754799,-70.5728413258,0
42.66624652,-72.32789482,0
42.3281259949,-71.1930561438,1
41.6245216667,-70.6213916667,0
41.6309387723,-70.9521064179,0
42.6092674728,-72.5573631131,0
42.41016333,-71.69080333,0
42.6059792487,-71.3960395862,1
42.6276551589,-70.6266503895,0
42.3451948063,-71.5579348225,0
42.29997,-71.3139883333,1
41.6836677,-70.9197012,0
42.0793138333,-70.2189333333,1
41.68728096,-70.00068163,0
42.5007139127,-71.3115582866,0
42.361968119,-73.1971014151,0
42.3773185768,-71.0722088814,0
41.8365883333,-69.97532,1
42.6638678278,-72.9744615,0
41.9963833333,-71.1224278333,1
42.0873051993,-71.397251509,0
41.682975,-70.21457833,0
41.7998151198,-69.9515164232,1
42.3294410706,-71.1697998047,0
42.6373466667,-70.880355,0
42.68942998,-72.40064469,0
42.279675,-72.5317383333,1
42.3994409088,-72.2230329071,0
42.3357800162,-71.0342303944,0
42.4690765837,-72.7541108012,0
42.3646513638,-71.2644789774,1
42.2852583333,-71.14785,0
41.6027631518,-69.9742071112,0
42.4067366667,-71.6545916667,0
42.2563851206,-70.8131043893,0
42.3036863,-71.63647326,0
42.7095684257,-70.7847026273,0
41.8859116667,-70.58168,0
42.2863597953,-72.3214845608,0
42.4823186228,-72.3300506136,0
42.16481,-72.86233,0
42.1700172424,-72.7182846069,0
42.0769546076,-72.5672797985,1
42.4416596,-71.2013612,0
42.4449972222,-70.9392305556,0
42.4625296016,-72.2455853892,0
41.7594967447,-69.9344348456,0
42.0788450623,-70.2200371085,1
42.18382,-72.68905,0
42.3828480779,-71.4839576487,0
41.9078849939,-70.5678702505,0
42.5516166621,-71.3947952188,0
42.0304416667,-71.8932716667,0
42.1051008206,-71.3137701341,0
42.6282381997,-71.7325472997,1
42.1110696458,-71.6091428948,0
41.8634616667,-70.5397716667,0
42.6142420077,-72.982161269,0
42.2126732575,-70.7726542935,0
42.7487222222,-70.9406055556,0
42.2907507595,-72.6472502408,0
42.07092217,-71.74062167,0
42.185173724,-71.6822040911,0
42.3593607093,-71.3672948008,0
41.6556703862,-69.9670806725,0
42.4625545745,-71.8912625322,0
41.6168216667,-70.4355,1
41.6356783333,-70.629805,0
42.3061606692,-72.3228067429,0
42.0649916667,-72.1265111667,0
42.2447583333,-70.9247583333,0
42.0555113443,-71.5522059426,0
42.5132850367,-70.9904631885,0
41.32559667,-70.815955,0
41.7243036754,-70.131740708,1
42.0724954033,-70.2078996276,1
42.1896527,-71.450321,0
42.2368517913,-72.8756501778,0
42.2839033333,-71.3505383333,0
42.0728920332,-70.2068364763,1
42.6616713045,-70.6814017426,0
42.4307552778,-71.3182869444,0
42.6533216667,-72.2596483333,0
42.184777,-71.252157,0
42.7216833333,-73.2622966667,0
42.0560251824,-71.3479915544,0
42.5061527778,-71.249625,0
42.323238914,-71.3279470267,0
42.0466703643,-71.6513221991,0
42.25417,-71.36557833,0
41.4321928475,-70.6973357277,0
42.5108394504,-71.206130755,0
42.51440432,-72.21301758,0
42.5170216667,-71.0377166667,0
41.6148986816,-70.9164962769,0
42.494292534,-71.7480505352,0
42.387518,-71.19454,0
42.5029905545,-71.4626659231,0
42.2979786695,-71.1815022002,0
41.8185616667,-71.0950388333,0
42.2877711,-72.3384970216,0
42.5368283333,-72.4961416667,0
42.0882777778,-73.4376388889,0
42.63622575,-71.5646287,0
42.0784152226,-70.2180889521,1
42.065929,-71.1901215,0
42.1352111667,-72.8012783333,0
42.441194058,-71.0972030061,0
42.0892933713,-70.8839139782,0
42.3103916667,-71.1225277778,0
42.1058523822,-72.0540809303,0
42.3131107184,-71.4127792532,1
41.2747916667,-70.1407555,0
42.0785762914,-70.2204270771,1
42.053915603,-70.1823628906,1
42.5930883333,-72.4942233333,0
42.4132794866,-72.5175443664,1
42.1356971667,-73.24273,0
42.0671154896,-70.1938498292,1
42.6390166881,-70.9163067865,0
42.5852346328,-71.3675899991,1
42.0811583333,-70.22003,1
42.2119731,-71.6915833979,0
42.07113582,-70.78197281,0
42.7317204633,-73.2136378321,0
41.9758375997,-71.0490403,0
42.1507570086,-71.9831563411,0
42.7903990255,-70.8111806087,0
42.281095,-72.3379366667,0
42.5620783333,-72.32148,1
42.4719866667,-70.99578,0
42.49906,-72.4193933333,0
42.700866214,-72.8858358041,0
42.3411972898,-71.133079244,0
42.053986,-71.7045669722,0
42.0321548432,-70.0507652181,0
42.3100661748,-71.2570731047,1
42.643860727,-71.2970030671,0
42.8119685446,-70.8576164783,0
42.4750175545,-73.1889151583,0
41.4766729722,-70.6152469722,0
42.438875,-71.45132,0
42.47686167,-73.23577833,0
42.3021888733,-71.4337005615,0
42.0769592408,-70.217432992,1
42.2591461985,-71.6000295877,0
41.7647166667,-70.0546638333,0
42.4299809791,-71.0922716937,1
42.6279955794,-72.1423668205,0
42.6956164054,-72.3776478362,0
42.5207116667,-71.0834805,0
42.3072466667,-72.61553,0
42.6143533333,-72.3530416667,0
41.5262033333,-70.67298,1
42.5426642,-70.8768408,0
42.1944094997,-71.6842177997,0
42.5944283333,-71.5742866667,0
42.8067666728,-70.9731,1
42.0319583333,-71.2284,1
41.76609227,-70.05936039,0
42.5687109679,-71.5676822887,0
42.3012355423,-71.1595600471,0
42.0781379824,-70.2210335949,1
42.0794553054,-70.2190776791,1
42.5943242871,-71.5533999798,1
42.5641612669,-71.1795341545,1
42.2044082399,-72.6268972834,1
42.405536,-70.731253,0
41.6384433711,-70.3176378069,0
42.3734222659,-73.3516446501,0
42.0090675824,-70.8769545195,0
42.3690253035,-71.1449939894,1
42.615955,-70.7812416667,0
42.3440334013,-71.0452756012,0
42.3244194,-72.5396917,1
42.37494518,-70.97610171,0
42.7547569277,-70.8021274168,0
42.2401119027,-71.2816850411,1
42.3455543333,-70.9552078056,0
42.2050301607,-70.9310346377,0
42.6941668009,-70.8387534638,0
42.2939196671,-72.652987427,0
42.0679725007,-70.1942642304,1
42.1212076758,-73.0494622886,0
42.1905416667,-72.576875,0
42.57538667,-73.30111667,0
42.3600379,-71.43790451,0
42.6410262081,-71.1485433834,0
41.6159866667,-70.6435916667,1
42.453047284,-71.5225446504,0
42.3835205709,-72.5167993829,1
42.4236341101,-71.2095976084,0
42.4568346481,-72.8938320746,1
42.6652590143,-70.7560644169,0
42.2389033333,-71.77005,1
42.401395,-72.4039533333,0
41.9964604717,-71.3192960018,0
41.7361741605,-71.0253615026,0
42.07042217,-70.20062167,1
41.9971005638,-70.948937697,0
42.4970684514,-70.8761225721,0
42.3309579236,-71.4192636044,1
42.5104333333,-70.85382,0
41.7762707727,-70.5985974893,0
42.5571202822,-71.1140057445,0
42.330933015,-71.418896017,1
42.4054033333,-71.2282116667,0
41.8319944868,-69.9443773872,0
42.5870014754,-71.5951583725,0
41.2849807739,-70.2359466553,0
42.0726939798,-70.2072946416,1
42.264021582,-72.4754917567,0
42.226381,-73.2822409722,0
42.24850881,-71.17529388,0
42.281655351,-71.2568107344,0
42.4132638994,-71.5103279703,1
42.2880855809,-73.1813699835,0
41.9202416667,-70.5411383333,1
41.6052835677,-70.5898842748,0
42.3186018,-72.6221737,0
42.3932431097,-72.5734198093,0
42.3157583333,-71.2976,1
42.131005,-72.464605,1
41.633445,-70.5533916667,0
42.7793366667,-70.8771833333,0
42.2528424254,-71.099156281,0
42.3567817966,-71.11481376,0
42.601872,-71.539903,0
42.0324134863,-70.9554730942,1
42.388595,-71.9583283333,0
42.252625,-73.0599361667,0
42.5600083333,-73.158875,0
42.3827166728,-72.55223,0
42.45353,-72.6801916667,0
41.91999,-70.5431406,1
42.5421916667,-72.26242,0
41.524838009,-70.6670902949,1
42.284171502,-71.7185668715,0
42.188445,-72.8840633333,0
42.23102,-70.8769533333,0
41.2921533333,-70.1702633333,0
42.6076890461,-71.1000605208,0
42.3719320863,-71.7217774021,0
42.3690082987,-72.511574957,1
42.1740461653,-71.1399614812,0
42.2288305556,-71.1472194444,0
42.4631078027,-71.237038116,0
42.4011616667,-72.4267583333,0
42.473205,-71.941925,0
42.3939652968,-71.1969808662,0
41.7741353001,-70.5137162744,1
