observation_id,observed_on,latitude,longitude,positional_accuracy,quality_grade,taxon_id,taxon_name,common_name,coordinates_obscured,uri
367513,2013-08-16,42.14608429,-72.61970128,10.0,research,42069,Vulpes vulpes,Red Fox,False,http://www.inaturalist.org/observations/367513
390940,2013-09-07,42.074126,-70.20659,5.0,research,42069,Vulpes vulpes,Red Fox,False,http://www.inaturalist.org/observations/390940
1341532,2015-03-19,42.4058283333,-71.1707383333,,research,42069,Vulpes vulpes,Red Fox,False,http://www.inaturalist.org/observations/1341532
1848890,2015-07-31,42.05835,-70.176405,100.0,research,42069,Vulpes vulpes,Red Fox,False,http://www.inaturalist.org/observations/1848890
1955765,2015-09-17,41.88152,-70.0014633333,,research,42069,Vulpes vulpes,Red Fox,False,http://www.inaturalist.org/observations/1955765
2476391,2015-12-12,42.062018,-71.110822,200.0,research,126770,Vulpes vulpes fulva,Eastern American Red Fox,False,http://www.inaturalist.org/observations/2476391
3160848,2016-05-08,42.624309,-73.134375,24.0,research,42069,Vulpes vulpes,Red Fox,False,http://www.inaturalist.org/observations/3160848
3532462,2015-06-28,41.6286916667,-70.5085666667,,research,42069,Vulpes vulpes,Red Fox,False,http://www.inaturalist.org/observations/3532462
3557947,2016-06-26,42.2757781623,-72.9732255266,5.0,research,126770,Vulpes vulpes fulva,Eastern American Red Fox,False,http://www.inaturalist.org/observations/3557947
3622190,2016-07-04,41.6816464128,-70.117803812,50.0,research,126770,Vulpes vulpes fulva,Eastern American Red Fox,False,http://www.inaturalist.org/observations/3622190
4501887,2014-09-09,42.6032087512,-70.8961293276,69.0,research,42069,Vulpes vulpes,Red Fox,False,http://www.inaturalist.org/observations/4501887
4648411,2016-11-27,42.52247976,-72.29736288,10.0,research,42069,Vulpes vulpes,Red Fox,False,http://www.inaturalist.org/observations/4648411
4963486,2016-04-09,41.5978150184,-70.6459090683,97.0,research,42069,Vulpes vulpes,Red Fox,False,https://www.inaturalist.org/observations/4963486
5051959,2013-08-15,41.6160280535,-70.6436898073,19.0,research,42069,Vulpes vulpes,Red Fox,False,https://www.inaturalist.org/observations/5051959
5452722,2017-01-14,42.3245592945,-72.537926137,8.0,research,42069,Vulpes vulpes,Red Fox,False,https://www.inaturalist.org/observations/5452722
5509786,2016-12-28,42.3246961263,-72.537911385,4.0,research,42069,Vulpes vulpes,Red Fox,False,https://www.inaturalist.org/observations/5509786
5510066,2017-02-26,42.3244373355,-72.519312948,2.0,research,42069,Vulpes vulpes,Red Fox,False,https://www.inaturalist.org/observations/5510066
5510481,2016-10-28,42.3275318481,-72.527213394,4.0,research,42069,Vulpes vulpes,Red Fox,False,https://www.inaturalist.org/observations/5510481
5514995,2016-09-16,42.3299530171,-72.5333824754,8.0,research,42069,Vulpes vulpes,Red Fox,False,https://www.inaturalist.org/observations/5514995
5515000,2016-11-10,42.3286006628,-72.5383687015,61.0,research,42069,Vulpes vulpes,Red Fox,False,https://www.inaturalist.org/observations/5515000
5515002,2016-10-29,42.3250233315,-72.5408738852,15.0,research,42069,Vulpes vulpes,Red Fox,False,https://www.inaturalist.org/observations/5515002
5525155,2016-12-25,42.3296833419,-72.5345599651,8.0,research,42069,Vulpes vulpes,Red Fox,False,https://www.inaturalist.org/observations/5525155
5532758,2017-03-22,42.327187,-72.527651,3.0,research,42069,Vulpes vulpes,Red Fox,False,https://www.inaturalist.org/observations/5532758
5773663,2017-04-14,41.9547866248,-70.6563109159,4.0,research,42069,Vulpes vulpes,Red Fox,False,https://www.inaturalist.org/observations/5773663
5773664,2017-04-14,41.9547864602,-70.6563087702,1.0,research,42069,Vulpes vulpes,Red Fox,False,https://www.inaturalist.org/observations/5773664
6115783,2017-05-06,42.0799577976,-70.2188801765,31.0,research,42069,Vulpes vulpes,Red Fox,False,https://www.inaturalist.org/observations/6115783
6287104,2017-05-10,41.8945507844,-70.0203108788,8.0,research,42069,Vulpes vulpes,Red Fox,False,https://www.inaturalist.org/observations/6287104
6287804,2017-05-12,41.8752809829,-70.008152425,4.0,research,42069,Vulpes vulpes,Red Fox,False,https://www.inaturalist.org/observations/6287804
6351441,2017-05-24,42.3249409433,-72.5339048316,40.0,research,42069,Vulpes vulpes,Red Fox,False,https://www.inaturalist.org/observations/6351441
6490553,2017-06-02,42.3273783333,-72.5296033333,,research,42069,Vulpes vulpes,Red Fox,False,https://www.inaturalist.org/observations/6490553
6543839,2017-06-03,42.326245,-72.5332333333,,research,42069,Vulpes vulpes,Red Fox,False,https://www.inaturalist.org/observations/6543839
6722234,2017-06-15,42.5817533333,-71.1860666667,,research,42069,Vulpes vulpes,Red Fox,False,https://www.inaturalist.org/observations/6722234
6752294,2017-06-12,42.3270368111,-72.5276397901,124.0,research,42069,Vulpes vulpes,Red Fox,False,https://www.inaturalist.org/observations/6752294
6923231,2017-07-04,42.1390612918,-70.944838547,46.0,research,42069,Vulpes vulpes,Red Fox,False,https://www.inaturalist.org/observations/6923231
7155520,2017-07-22,41.6159866667,-70.6435916667,,research,42069,Vulpes vulpes,Red Fox,False,https://www.inaturalist.org/observations/7155520
7701113,2017-08-29,41.9346559095,-70.0399231911,5.0,research,42069,Vulpes vulpes,Red Fox,False,https://www.inaturalist.org/observations/7701113
7759129,2017-08-30,42.1209945,-72.7630616667,,research,42069,Vulpes vulpes,Red Fox,False,https://www.inaturalist.org/observations/7759129
7943198,2017-09-15,41.6948583333,-70.6212,,research,42069,Vulpes vulpes,Red Fox,False,https://www.inaturalist.org/observations/7943198
8838777,2017-11-17,41.9198737958,-70.5432588561,112.0,research,42069,Vulpes vulpes,Red Fox,False,https://www.inaturalist.org/observations/8838777
9396915,2017-11-03,42.326351635,-72.5408766427,19.0,research,42069,Vulpes vulpes,Red Fox,False,https://www.inaturalist.org/observations/9396915
9396918,2017-11-10,42.327355,-72.5434159674,8.0,research,42069,Vulpes vulpes,Red Fox,False,https://www.inaturalist.org/observations/9396918
9396919,2017-11-15,42.327366,-72.5434086473,31.0,research,42069,Vulpes vulpes,Red Fox,False,https://www.inaturalist.org/observations/9396919
9397214,2017-11-13,42.3264258878,-72.5410328061,15.0,research,42069,Vulpes vulpes,Red Fox,False,https://www.inaturalist.org/observations/9397214
9511059,2017-11-11,42.0626118985,-71.0887956619,61.0,research,42069,Vulpes vulpes,Red Fox,False,https://www.inaturalist.org/observations/9511059
9511142,2017-11-13,42.0552038033,-71.0816931725,31.0,research,42069,Vulpes vulpes,Red Fox,False,https://www.inaturalist.org/observations/9511142
9566072,2018-01-22,42.63045892,-70.84409344,10.0,research,42069,Vulpes vulpes,Red Fox,False,https://www.inaturalist.org/observations/9566072
9732642,2018-02-01,42.6306163193,-70.8437711012,244.0,research,42069,Vulpes vulpes,Red Fox,False,https://www.inaturalist.org/observations/9732642
9873033,2018-01-22,42.327972,-72.54305,4.0,research,42069,Vulpes vulpes,Red Fox,False,https://www.inaturalist.org/observations/9873033
9874874,2018-01-03,42.330556,-72.522453,4.0,research,42069,Vulpes vulpes,Red Fox,False,https://www.inaturalist.org/observations/9874874
9920691,2017-09-12,42.0891421759,-72.648554407,87.0,research,42069,Vulpes vulpes,Red Fox,False,https://www.inaturalist.org/observations/9920691
10394602,2013-07-16,42.4133313,-71.5097057,249.0,research,42069,Vulpes vulpes,Red Fox,False,https://www.inaturalist.org/observations/10394602
10585129,2018-03-06,42.3275185,-72.5431581,,research,42069,Vulpes vulpes,Red Fox,False,https://www.inaturalist.org/observations/10585129
10635368,2018-04-05,41.533745,-70.6678616667,165.0,research,42069,Vulpes vulpes,Red Fox,False,https://www.inaturalist.org/observations/10635368
10778811,2014-10-12,42.590978255,-71.5169089131,1.0,research,42069,Vulpes vulpes,Red Fox,False,https://www.inaturalist.org/observations/10778811
11179265,2018-04-19,42.33432566,-72.53394118,9.0,research,42069,Vulpes vulpes,Red Fox,False,https://www.inaturalist.org/observations/11179265
11349399,2018-04-17,42.33163,-72.53135,,research,42069,Vulpes vulpes,Red Fox,False,https://www.inaturalist.org/observations/11349399
11448258,2016-10-10,42.0859528333,-71.1985866667,5.0,research,42069,Vulpes vulpes,Red Fox,False,https://www.inaturalist.org/observations/11448258
11532811,2018-04-20,42.4592955573,-71.0802194587,22.0,research,42069,Vulpes vulpes,Red Fox,False,https://www.inaturalist.org/observations/11532811
11686723,2018-04-27,42.6296673271,-70.842756629,18.0,research,42069,Vulpes vulpes,Red Fox,False,https://www.inaturalist.org/observations/11686723
11891635,2018-04-30,41.9221252772,-70.5489989147,65.0,research,42069,Vulpes vulpes,Red Fox,False,https://www.inaturalist.org/observations/11891635
12037686,2018-05-02,42.32727754,-72.53270161,9.0,research,42069,Vulpes vulpes,Red Fox,False,https://www.inaturalist.org/observations/12037686
12399982,2016-02-16,42.6198383333,-71.1366971667,10.0,research,42069,Vulpes vulpes,Red Fox,False,https://www.inaturalist.org/observations/12399982
12653914,2018-05-20,42.4807466667,-71.23442,10.0,research,42069,Vulpes vulpes,Red Fox,False,https://www.inaturalist.org/observations/12653914
12858445,2018-05-27,42.3367666667,-71.7406166667,16.0,research,42069,Vulpes vulpes,Red Fox,False,https://www.inaturalist.org/observations/12858445
12903897,2018-05-25,41.5262033333,-70.67298,65.0,research,42069,Vulpes vulpes,Red Fox,False,https://www.inaturalist.org/observations/12903897
13671476,2018-06-22,41.7626383333,-70.619355,6.0,research,42069,Vulpes vulpes,Red Fox,False,https://www.inaturalist.org/observations/13671476
13885085,2013-01-17,42.4132461163,-71.5092292881,141.0,research,42069,Vulpes vulpes,Red Fox,False,https://www.inaturalist.org/observations/13885085
13964670,2018-07-01,41.7069816589,-70.7700653076,,research,42069,Vulpes vulpes,Red Fox,False,https://www.inaturalist.org/observations/13964670
14312582,2018-07-13,42.0088666667,-70.0717,65.0,research,42069,Vulpes vulpes,Red Fox,False,https://www.inaturalist.org/observations/14312582
14810696,2018-03-31,42.1061388333,-70.8119966667,10.0,research,42069,Vulpes vulpes,Red Fox,False,https://www.inaturalist.org/observations/14810696
14870355,2018-07-25,42.0559652778,-71.0776205556,,research,42069,Vulpes vulpes,Red Fox,False,https://www.inaturalist.org/observations/14870355
15839710,2018-08-23,41.91994204,-70.54291209,8.0,research,42069,Vulpes vulpes,Red Fox,False,https://www.inaturalist.org/observations/15839710
16035437,2014-06-21,41.882421,-69.995172,,research,42069,Vulpes vulpes,Red Fox,False,https://www.inaturalist.org/observations/16035437
17425310,2018-06-15,42.1396005694,-71.5074098363,2.0,research,42069,Vulpes vulpes,Red Fox,False,https://www.inaturalist.org/observations/17425310
17501926,2018-10-14,42.551844164,-70.8378667307,105.0,research,42069,Vulpes vulpes,Red Fox,False,https://www.inaturalist.org/observations/17501926
17694543,2018-01-27,42.4134545573,-71.5107345819,2.0,research,42069,Vulpes vulpes,Red Fox,False,https://www.inaturalist.org/observations/17694543
17832873,2018-09-21,42.328095,-72.539485,,research,42069,Vulpes vulpes,Red Fox,False,https://www.inaturalist.org/observations/17832873
17850263,2018-10-04,42.3277778,-72.5394444444,5.0,research,42069,Vulpes vulpes,Red Fox,False,https://www.inaturalist.org/observations/17850263
17995644,2018-10-31,42.3240618462,-72.5288289153,96.0,research,42069,Vulpes vulpes,Red Fox,False,https://www.inaturalist.org/observations/17995644
18092752,2018-10-30,42.629581378,-70.8429208516,15.0,research,42069,Vulpes vulpes,Red Fox,False,https://www.inaturalist.org/observations/18092752
18226313,2018-11-07,42.3763283333,-71.1395945,10.0,research,42069,Vulpes vulpes,Red Fox,False,https://www.inaturalist.org/observations/18226313
18288210,2018-10-31,42.3243682876,-72.5288310258,99.0,research,42069,Vulpes vulpes,Red Fox,False,https://www.inaturalist.org/observations/18288210
18336958,2018-11-05,42.4406503296,-71.517024709,31.0,research,42069,Vulpes vulpes,Red Fox,False,https://www.inaturalist.org/observations/18336958
18410328,2013-07-24,41.7670606224,-69.9769055069,31.0,research,42069,Vulpes vulpes,Red Fox,False,https://www.inaturalist.org/observations/18410328
18631292,2018-11-06,42.3288,-72.5387,,research,42069,Vulpes vulpes,Red Fox,False,https://www.inaturalist.org/observations/18631292
19237949,2018-12-24,42.4027105388,-71.4607210486,15.0,research,42069,Vulpes vulpes,Red Fox,False,https://www.inaturalist.org/observations/19237949
19331038,2018-12-30,41.921843,-70.5490548,187.0,research,42069,Vulpes vulpes,Red Fox,False,https://www.inaturalist.org/observations/19331038
19333676,2018-12-30,42.4138360414,-71.513347174,4.0,research,42069,Vulpes vulpes,Red Fox,False,https://www.inaturalist.org/observations/19333676
19474960,2018-12-16,42.4748805911,-70.9100645688,5.0,research,42069,Vulpes vulpes,Red Fox,False,https://www.inaturalist.org/observations/19474960
19657254,2019-01-15,42.4096652426,-71.3272240798,8.0,research,42069,Vulpes vulpes,Red Fox,False,https://www.inaturalist.org/observations/19657254
20078285,2019-01-31,41.5276570043,-70.6587445548,8.0,research,42069,Vulpes vulpes,Red Fox,False,https://www.inaturalist.org/observations/20078285
20127661,2019-02-05,42.4323271547,-71.4853392685,3.0,research,42069,Vulpes vulpes,Red Fox,False,https://www.inaturalist.org/observations/20127661
20279073,2019-02-11,41.5277088802,-70.6586867307,10.0,research,126770,Vulpes vulpes fulva,Eastern American Red Fox,False,https://www.inaturalist.org/observations/20279073
20438780,2017-06-29,42.4013178252,-71.1889026027,12.0,research,126770,Vulpes vulpes fulva,Eastern American Red Fox,False,https://www.inaturalist.org/observations/20438780
20827352,2019-02-28,41.9200583333,-70.543145,5.0,research,42069,Vulpes vulpes,Red Fox,False,https://www.inaturalist.org/observations/20827352
21227201,2018-07-10,42.3248333333,-71.21495,65.0,research,42069,Vulpes vulpes,Red Fox,False,https://www.inaturalist.org/observations/21227201
21227207,2018-08-26,42.3248514464,-71.2142721149,65.0,research,42069,Vulpes vulpes,Red Fox,False,https://www.inaturalist.org/observations/21227207
21298592,2019-03-16,42.00866,-71.106968,12.0,research,42069,Vulpes vulpes,Red Fox,False,https://www.inaturalist.org/observations/21298592
21356381,2019-03-18,42.413687,-71.510463,3.0,research,42069,Vulpes vulpes,Red Fox,False,https://www.inaturalist.org/observations/21356381
21480680,2019-03-22,42.4236971373,-71.5549256965,22.0,research,42069,Vulpes vulpes,Red Fox,False,https://www.inaturalist.org/observations/21480680
21615291,2019-03-25,42.6051742841,-71.4336449693,22.0,research,42069,Vulpes vulpes,Red Fox,False,https://www.inaturalist.org/observations/21615291
21661788,2019-03-27,42.0712426376,-73.1296773332,30.0,research,42069,Vulpes vulpes,Red Fox,False,https://www.inaturalist.org/observations/21661788
21905439,2019-04-02,42.0715661797,-73.1300354088,8.0,research,42069,Vulpes vulpes,Red Fox,False,https://www.inaturalist.org/observations/21905439
22328445,2019-04-11,42.6301383333,-71.1474,5.0,research,42069,Vulpes vulpes,Red Fox,False,https://www.inaturalist.org/observations/22328445
22475546,2019-04-14,42.0549910969,-71.0773068804,,research,42069,Vulpes vulpes,Red Fox,False,https://www.inaturalist.org/observations/22475546
22709342,2019-04-16,42.1208674844,-71.2130054368,61.0,research,42069,Vulpes vulpes,Red Fox,False,https://www.inaturalist.org/observations/22709342
22993021,2018-12-17,42.2983033333,-71.0107638833,5.0,research,42069,Vulpes vulpes,Red Fox,False,https://www.inaturalist.org/observations/22993021
23251000,2019-04-20,42.0602003043,-71.0384520155,37.0,research,42069,Vulpes vulpes,Red Fox,False,https://www.inaturalist.org/observations/23251000
23900534,2019-04-28,42.3966278229,-71.3998381179,72.0,research,42069,Vulpes vulpes,Red Fox,False,https://www.inaturalist.org/observations/23900534
24222291,2019-04-19,42.289745,-71.456055,30.0,research,42069,Vulpes vulpes,Red Fox,False,https://www.inaturalist.org/observations/24222291
24360121,2019-05-02,42.4360722537,-71.0804435984,10.0,research,42069,Vulpes vulpes,Red Fox,False,https://www.inaturalist.org/observations/24360121
24406266,2019-05-02,42.3675083333,-71.2585133333,65.0,research,42069,Vulpes vulpes,Red Fox,False,https://www.inaturalist.org/observations/24406266
24462251,2018-12-24,41.5299387804,-71.0651305177,22.0,research,42069,Vulpes vulpes,Red Fox,False,https://www.inaturalist.org/observations/24462251
24582660,2019-05-05,42.3385314941,-72.4723739624,,research,42069,Vulpes vulpes,Red Fox,False,https://www.inaturalist.org/observations/24582660
24764292,2019-04-23,42.0590153,-71.0806276,167.0,research,42069,Vulpes vulpes,Red Fox,False,https://www.inaturalist.org/observations/24764292
25514014,2019-05-21,41.9266650137,-71.3697550446,17.0,research,42069,Vulpes vulpes,Red Fox,False,https://www.inaturalist.org/observations/25514014
25526868,2019-05-21,42.4622175754,-71.1109694583,16.0,research,42069,Vulpes vulpes,Red Fox,False,https://www.inaturalist.org/observations/25526868
26034918,2016-05-10,42.7125434503,-72.3428467279,26.0,research,42069,Vulpes vulpes,Red Fox,False,https://www.inaturalist.org/observations/26034918
26081959,2019-05-30,42.36658,-71.9871833333,,research,42069,Vulpes vulpes,Red Fox,False,https://www.inaturalist.org/observations/26081959
26129012,2019-05-31,42.5341327357,-72.5462097275,19.0,research,42069,Vulpes vulpes,Red Fox,False,https://www.inaturalist.org/observations/26129012
26222532,2019-05-29,42.3391,-72.534155,6.0,research,42069,Vulpes vulpes,Red Fox,False,https://www.inaturalist.org/observations/26222532
26261016,2019-06-02,42.64261423,-70.799195054,117.0,research,42069,Vulpes vulpes,Red Fox,False,https://www.inaturalist.org/observations/26261016
26379349,2019-06-04,41.663737542,-70.0794877763,65.0,research,42069,Vulpes vulpes,Red Fox,False,https://www.inaturalist.org/observations/26379349
26585119,2019-05-28,42.6883427723,-70.633839056,,research,42069,Vulpes vulpes,Red Fox,False,https://www.inaturalist.org/observations/26585119
27063026,2019-06-15,42.36944425,-71.34214386,8.0,research,126770,Vulpes vulpes fulva,Eastern American Red Fox,False,https://www.inaturalist.org/observations/27063026
27352468,2019-06-20,41.777425664,-70.0001634657,6.0,research,42069,Vulpes vulpes,Red Fox,False,https://www.inaturalist.org/observations/27352468
27364322,2019-03-19,42.3484190476,-71.164733693,33.0,research,42069,Vulpes vulpes,Red Fox,False,https://www.inaturalist.org/observations/27364322
27718042,2019-06-25,42.0433195,-70.1929866667,5.0,research,42069,Vulpes vulpes,Red Fox,False,https://www.inaturalist.org/observations/27718042
27837009,2016-01-16,42.0499472111,-70.1830576153,240.0,research,42069,Vulpes vulpes,Red Fox,False,https://www.inaturalist.org/observations/27837009
27949303,2019-06-30,42.3036583333,-71.0117111167,5.0,research,42069,Vulpes vulpes,Red Fox,False,https://www.inaturalist.org/observations/27949303
28526356,2019-07-09,41.524838009,-70.6670902949,5.0,research,42069,Vulpes vulpes,Red Fox,False,https://www.inaturalist.org/observations/28526356
28563315,2019-07-09,41.77005,-69.985695,65.0,research,42069,Vulpes vulpes,Red Fox,False,https://www.inaturalist.org/observations/28563315
28729175,2019-07-12,42.7312067815,-70.869926333,8.0,research,42069,Vulpes vulpes,Red Fox,False,https://www.inaturalist.org/observations/28729175
29084932,2019-04-18,42.4967527651,-70.9728302275,68.0,research,42069,Vulpes vulpes,Red Fox,False,https://www.inaturalist.org/observations/29084932
29752715,2019-07-28,42.2214566404,-70.9598449432,5.0,research,42069,Vulpes vulpes,Red Fox,False,https://www.inaturalist.org/observations/29752715
29847404,2019-07-30,42.3389383333,-72.5324633333,5.0,research,42069,Vulpes vulpes,Red Fox,False,https://www.inaturalist.org/observations/29847404
30116029,2019-08-03,42.3390441149,-72.5347968973,66.0,research,42069,Vulpes vulpes,Red Fox,False,https://www.inaturalist.org/observations/30116029
30389218,2016-07-31,41.7836744892,-69.9662728274,20.0,research,42069,Vulpes vulpes,Red Fox,False,https://www.inaturalist.org/observations/30389218
30849676,2019-08-14,41.5232966667,-70.663405,165.0,research,42069,Vulpes vulpes,Red Fox,False,https://www.inaturalist.org/observations/30849676
31114342,2019-07-22,42.6058577219,-71.3960620214,24.0,research,42069,Vulpes vulpes,Red Fox,False,https://www.inaturalist.org/observations/31114342
31451102,2015-01-10,42.4026191,-71.1846533,173.0,research,42069,Vulpes vulpes,Red Fox,False,https://www.inaturalist.org/observations/31451102
31588526,2019-08-24,42.3812679045,-71.5498828687,8.0,research,42069,Vulpes vulpes,Red Fox,False,https://www.inaturalist.org/observations/31588526
31878898,2019-08-31,42.0395338731,-70.2008993498,6.0,research,42069,Vulpes vulpes,Red Fox,False,https://www.inaturalist.org/observations/31878898
32372802,2019-09-08,41.5276083333,-70.6708666667,6.0,research,42069,Vulpes vulpes,Red Fox,False,https://www.inaturalist.org/observations/32372802
32465064,2019-08-13,42.2950283333,-71.3025883333,65.0,research,42069,Vulpes vulpes,Red Fox,False,https://www.inaturalist.org/observations/32465064
32466078,2019-07-25,42.2960383333,-71.30973,5.0,research,42069,Vulpes vulpes,Red Fox,False,https://www.inaturalist.org/observations/32466078
32690540,2019-09-14,42.6059792487,-71.3960395862,28.0,research,42069,Vulpes vulpes,Red Fox,False,https://www.inaturalist.org/observations/32690540
32712165,2019-09-13,42.0362433333,-70.19494,,research,42069,Vulpes vulpes,Red Fox,False,https://www.inaturalist.org/observations/32712165
32903560,2019-09-17,42.2577833333,-71.0044027778,5.0,research,42069,Vulpes vulpes,Red Fox,False,https://www.inaturalist.org/observations/32903560
32903561,2019-09-17,42.257775,-71.0044111111,5.0,research,42069,Vulpes vulpes,Red Fox,False,https://www.inaturalist.org/observations/32903561
33047843,2016-10-13,41.755225,-70.492225,65.0,research,42069,Vulpes vulpes,Red Fox,False,https://www.inaturalist.org/observations/33047843
33596337,2019-09-29,42.2756583333,-72.64792,,research,42069,Vulpes vulpes,Red Fox,False,https://www.inaturalist.org/observations/33596337
33761976,2019-09-30,41.5231074196,-70.6678347364,4.0,research,42069,Vulpes vulpes,Red Fox,False,https://www.inaturalist.org/observations/33761976
33778760,2019-09-30,41.5245783333,-70.67057,5.0,research,42069,Vulpes vulpes,Red Fox,False,https://www.inaturalist.org/observations/33778760
33856599,2013-05-19,42.05733333,-70.13666667,,research,42069,Vulpes vulpes,Red Fox,False,https://www.inaturalist.org/observations/33856599
33916198,2019-10-04,42.4088595,-71.324698,64.0,research,42069,Vulpes vulpes,Red Fox,False,https://www.inaturalist.org/observations/33916198
34504545,2019-10-17,42.3020094871,-71.218209649,33.0,research,42069,Vulpes vulpes,Red Fox,False,https://www.inaturalist.org/observations/34504545
34509596,2019-09-30,42.321609,-72.541024,6.0,research,42069,Vulpes vulpes,Red Fox,False,https://www.inaturalist.org/observations/34509596
34877979,2019-10-25,42.2658911351,-70.8790221144,4.0,research,42069,Vulpes vulpes,Red Fox,False,https://www.inaturalist.org/observations/34877979
34880210,2019-10-25,42.3895414593,-71.3446949982,5.0,research,42069,Vulpes vulpes,Red Fox,False,https://www.inaturalist.org/observations/34880210
35143380,2019-03-13,42.0583305,-71.077325,,research,42069,Vulpes vulpes,Red Fox,False,https://www.inaturalist.org/observations/35143380
35179502,2019-10-07,42.3244194,-72.5396917,,research,42069,Vulpes vulpes,Red Fox,False,https://www.inaturalist.org/observations/35179502
35205269,2018-11-06,42.329984,-72.538427,,research,42069,Vulpes vulpes,Red Fox,False,https://www.inaturalist.org/observations/35205269
35239815,2019-09-29,42.45583667,-71.29308333,65.0,research,42069,Vulpes vulpes,Red Fox,False,https://www.inaturalist.org/observations/35239815
35324506,2019-11-02,42.5940449258,-71.5533195434,25.0,research,42069,Vulpes vulpes,Red Fox,False,https://www.inaturalist.org/observations/35324506
35324580,2019-11-04,42.5940323756,-71.5533605328,24.0,research,42069,Vulpes vulpes,Red Fox,False,https://www.inaturalist.org/observations/35324580
35493394,2019-11-09,42.5940183556,-71.5533005903,24.0,research,42069,Vulpes vulpes,Red Fox,False,https://www.inaturalist.org/observations/35493394
35717915,2019-11-03,42.327,-72.54,,research,42069,Vulpes vulpes,Red Fox,False,https://www.inaturalist.org/observations/35717915
35740867,2018-12-19,42.3268645384,-72.538363214,135.0,research,42069,Vulpes vulpes,Red Fox,False,https://www.inaturalist.org/observations/35740867
35796713,2019-09-16,42.4140737812,-71.474313742,15.0,research,42069,Vulpes vulpes,Red Fox,False,https://www.inaturalist.org/observations/35796713
36001336,2015-11-23,42.4262349729,-71.3065962908,15.0,research,42069,Vulpes vulpes,Red Fox,False,https://www.inaturalist.org/observations/36001336
36004327,2019-04-14,41.9527537095,-70.8214121919,65.0,research,42069,Vulpes vulpes,Red Fox,False,https://www.inaturalist.org/observations/36004327
36194421,2019-11-16,42.4132637506,-71.5102705151,2.0,research,42069,Vulpes vulpes,Red Fox,False,https://www.inaturalist.org/observations/36194421
36239643,2019-07-14,42.1801786804,-70.8020961285,8.0,research,42069,Vulpes vulpes,Red Fox,False,https://www.inaturalist.org/observations/36239643
36240016,2019-07-29,42.1802018686,-70.8018922806,31.0,research,42069,Vulpes vulpes,Red Fox,False,https://www.inaturalist.org/observations/36240016
36298121,2019-12-01,42.5944032203,-71.5534773022,28.0,research,42069,Vulpes vulpes,Red Fox,False,https://www.inaturalist.org/observations/36298121
36373335,2019-12-05,42.6029387529,-71.2526309545,22.0,research,42069,Vulpes vulpes,Red Fox,False,https://www.inaturalist.org/observations/36373335
36800493,2019-12-20,42.2911127825,-71.6277533663,19.0,research,42069,Vulpes vulpes,Red Fox,False,https://www.inaturalist.org/observations/36800493
36831487,2019-12-21,42.25874,-70.874256,51.0,research,42069,Vulpes vulpes,Red Fox,False,https://www.inaturalist.org/observations/36831487
36843784,2019-12-21,42.1802249937,-70.8019995689,31.0,research,42069,Vulpes vulpes,Red Fox,False,https://www.inaturalist.org/observations/36843784
37037470,2019-12-27,42.4526857317,-71.0816009755,61.0,research,126770,Vulpes vulpes fulva,Eastern American Red Fox,False,https://www.inaturalist.org/observations/37037470
37192314,2020-01-01,42.4076960984,-71.3292288804,12.0,research,42069,Vulpes vulpes,Red Fox,False,https://www.inaturalist.org/observations/37192314
37460150,2019-12-21,42.2943505901,-71.6263861673,7.0,research,42069,Vulpes vulpes,Red Fox,False,https://www.inaturalist.org/observations/37460150
37506983,2019-09-12,41.5264612724,-70.6734964593,76.0,research,42069,Vulpes vulpes,Red Fox,False,https://www.inaturalist.org/observations/37506983
37559091,2020-01-12,42.4374593934,-71.2176372931,117.0,research,42069,Vulpes vulpes,Red Fox,False,https://www.inaturalist.org/observations/37559091
37564498,2020-01-06,42.1845371211,-71.4186929036,22.0,research,42069,Vulpes vulpes,Red Fox,False,https://www.inaturalist.org/observations/37564498
37602095,2020-01-14,42.0791647158,-70.2199723679,4.0,research,42069,Vulpes vulpes,Red Fox,False,https://www.inaturalist.org/observations/37602095
37792879,2020-01-17,42.0857028165,-70.7878807356,244.0,research,42069,Vulpes vulpes,Red Fox,False,https://www.inaturalist.org/observations/37792879
37842466,2020-01-22,41.92751198,-71.14031179,12.0,research,42069,Vulpes vulpes,Red Fox,False,https://www.inaturalist.org/observations/37842466
38133836,2020-01-18,42.4132638994,-71.5103279703,2.0,research,42069,Vulpes vulpes,Red Fox,False,https://www.inaturalist.org/observations/38133836
38308581,2020-02-04,42.0442371608,-70.1045128678,4.0,research,42069,Vulpes vulpes,Red Fox,False,https://www.inaturalist.org/observations/38308581
38463742,2020-02-09,41.87168833,-70.00585278,5.0,research,42069,Vulpes vulpes,Red Fox,False,https://www.inaturalist.org/observations/38463742
38748458,2020-02-16,42.28101,-71.177035,186.0,research,42069,Vulpes vulpes,Red Fox,False,https://www.inaturalist.org/observations/38748458
39507550,2020-03-03,42.670495,-70.62483333,5.0,research,42069,Vulpes vulpes,Red Fox,False,https://www.inaturalist.org/observations/39507550
39650375,2014-02-01,42.0462937292,-70.2182540438,85.0,research,42069,Vulpes vulpes,Red Fox,False,https://www.inaturalist.org/observations/39650375
39981994,2020-03-10,42.4530419571,-71.0821374189,61.0,research,126770,Vulpes vulpes fulva,Eastern American Red Fox,False,https://www.inaturalist.org/observations/39981994
40079387,2020-03-14,41.9739190068,-70.8989954501,8.0,research,42069,Vulpes vulpes,Red Fox,False,https://www.inaturalist.org/observations/40079387
40113134,2018-08-21,41.7998151198,-69.9515164232,22.0,research,42069,Vulpes vulpes,Red Fox,False,https://www.inaturalist.org/observations/40113134
40316926,2020-03-20,42.04477217,-70.19287167,,research,42069,Vulpes vulpes,Red Fox,False,https://www.inaturalist.org/observations/40316926
40685926,2020-03-23,42.30999667,-71.25707167,10.0,research,42069,Vulpes vulpes,Red Fox,False,https://www.inaturalist.org/observations/40685926
40717690,2020-03-23,42.3100661748,-71.2570731047,52.0,research,42069,Vulpes vulpes,Red Fox,False,https://www.inaturalist.org/observations/40717690
40911329,2020-03-28,42.0624425,-70.1913712,170.0,research,42069,Vulpes vulpes,Red Fox,False,https://www.inaturalist.org/observations/40911329
40940493,2020-03-13,42.3646513638,-71.2644789774,2.0,research,42069,Vulpes vulpes,Red Fox,False,https://www.inaturalist.org/observations/40940493
41207649,2020-03-21,42.33316167,-73.31447833,,research,126770,Vulpes vulpes fulva,Eastern American Red Fox,False,https://www.inaturalist.org/observations/41207649
41258958,2020-03-25,42.4639461695,-71.545666414,8.0,research,42069,Vulpes vulpes,Red Fox,False,https://www.inaturalist.org/observations/41258958
41457004,2020-04-05,42.1299783333,-71.3727566667,,research,42069,Vulpes vulpes,Red Fox,False,https://www.inaturalist.org/observations/41457004
41588288,2020-04-04,42.4132794866,-72.5175443664,18.0,research,42069,Vulpes vulpes,Red Fox,False,https://www.inaturalist.org/observations/41588288
41814958,2020-04-10,42.58618833,-71.50052,68.0,research,42069,Vulpes vulpes,Red Fox,False,https://www.inaturalist.org/observations/41814958
41989990,2020-04-12,42.1032858946,-72.721876593,24.0,research,42069,Vulpes vulpes,Red Fox,False,https://www.inaturalist.org/observations/41989990
41999478,2020-04-12,41.62000333,-70.644495,65.0,research,42069,Vulpes vulpes,Red Fox,False,https://www.inaturalist.org/observations/41999478
42412322,2020-04-17,42.2848972452,-71.2834657722,24.0,research,42069,Vulpes vulpes,Red Fox,False,https://www.inaturalist.org/observations/42412322
42783416,2020-04-20,42.0999472222,-71.6770388889,,research,42069,Vulpes vulpes,Red Fox,False,https://www.inaturalist.org/observations/42783416
42907535,2020-04-22,42.49349667,-71.24859667,65.0,research,42069,Vulpes vulpes,Red Fox,False,https://www.inaturalist.org/observations/42907535
43485707,2020-04-25,42.0520361111,-73.2246472222,,research,42069,Vulpes vulpes,Red Fox,False,https://www.inaturalist.org/observations/43485707
43685487,2020-04-26,42.354457872,-71.1659651623,10.0,research,42069,Vulpes vulpes,Red Fox,False,https://www.inaturalist.org/observations/43685487
43740049,2020-04-26,42.2390994222,-70.8140547423,23.0,research,42069,Vulpes vulpes,Red Fox,False,https://www.inaturalist.org/observations/43740049
44321005,2020-04-29,42.5016252664,-71.504225289,61.0,research,42069,Vulpes vulpes,Red Fox,False,https://www.inaturalist.org/observations/44321005
44722070,2020-04-22,42.3370556276,-72.4689380975,13.0,research,42069,Vulpes vulpes,Red Fox,False,https://www.inaturalist.org/observations/44722070
44925634,2020-05-04,42.6696783333,-71.2214666667,,research,42069,Vulpes vulpes,Red Fox,False,https://www.inaturalist.org/observations/44925634
45070595,2020-05-05,42.4947240633,-70.856010981,172.0,research,42069,Vulpes vulpes,Red Fox,False,https://www.inaturalist.org/observations/45070595
45258388,2020-05-08,42.4295004869,-71.4204189372,65.0,research,42069,Vulpes vulpes,Red Fox,False,https://www.inaturalist.org/observations/45258388
45581325,2020-05-11,42.4863616171,-71.3150113008,,research,42069,Vulpes vulpes,Red Fox,False,https://www.inaturalist.org/observations/45581325
45719492,2020-05-10,42.3644294212,-71.2377638507,18.0,research,42069,Vulpes vulpes,Red Fox,False,https://www.inaturalist.org/observations/45719492
45766732,2020-05-13,42.4945,-71.28305,56.0,research,42069,Vulpes vulpes,Red Fox,False,https://www.inaturalist.org/observations/45766732
45800421,2020-05-12,41.528405,-70.669975,12.0,research,42069,Vulpes vulpes,Red Fox,False,https://www.inaturalist.org/observations/45800421
45805645,2020-05-13,42.07577217,-70.21751333,4.0,research,42069,Vulpes vulpes,Red Fox,False,https://www.inaturalist.org/observations/45805645
45806874,2020-05-13,42.07574167,-70.21751333,4.0,research,42069,Vulpes vulpes,Red Fox,False,https://www.inaturalist.org/observations/45806874
45842242,2018-09-09,42.5056201726,-71.4188465536,2.0,research,42069,Vulpes vulpes,Red Fox,False,https://www.inaturalist.org/observations/45842242
45871087,2017-09-03,42.3952777778,-72.7327777778,,research,42069,Vulpes vulpes,Red Fox,False,https://www.inaturalist.org/observations/45871087
46244175,2020-05-16,42.0556017669,-70.1166707132,31.0,research,42069,Vulpes vulpes,Red Fox,False,https://www.inaturalist.org/observations/46244175
46443388,2020-05-16,42.0541697919,-70.1176373471,135.0,research,42069,Vulpes vulpes,Red Fox,False,https://www.inaturalist.org/observations/46443388
46530364,2020-05-19,42.573148,-72.520357,,research,42069,Vulpes vulpes,Red Fox,False,https://www.inaturalist.org/observations/46530364
46587206,2020-05-19,42.44816667,-71.0723805,10.0,research,42069,Vulpes vulpes,Red Fox,False,https://www.inaturalist.org/observations/46587206
46659239,2020-05-20,42.3013274997,-72.5831752997,,research,42069,Vulpes vulpes,Red Fox,False,https://www.inaturalist.org/observations/46659239
46763792,2020-05-21,42.1035881831,-71.1879902583,8.0,research,42069,Vulpes vulpes,Red Fox,False,https://www.inaturalist.org/observations/46763792
47038138,2020-05-19,42.3719686946,-71.5519018863,68.0,research,42069,Vulpes vulpes,Red Fox,False,https://www.inaturalist.org/observations/47038138
47388001,2020-05-26,42.44125333,-71.23336667,41.0,research,42069,Vulpes vulpes,Red Fox,False,https://www.inaturalist.org/observations/47388001
47545495,2020-04-25,42.2229147484,-71.585446121,15.0,research,42069,Vulpes vulpes,Red Fox,False,https://www.inaturalist.org/observations/47545495
47720415,2020-05-29,42.2669722222,-71.701525,,research,42069,Vulpes vulpes,Red Fox,False,https://www.inaturalist.org/observations/47720415
48380506,2020-06-03,42.64197,-70.99659,,research,42069,Vulpes vulpes,Red Fox,False,https://www.inaturalist.org/observations/48380506
48556065,2020-06-05,42.22364667,-71.58538833,10.0,research,42069,Vulpes vulpes,Red Fox,False,https://www.inaturalist.org/observations/48556065
48680533,2020-06-06,42.07042217,-70.20062167,6.0,research,42069,Vulpes vulpes,Red Fox,False,https://www.inaturalist.org/observations/48680533
48711117,2020-03-18,42.4014566796,-71.8467400206,4.0,research,42069,Vulpes vulpes,Red Fox,False,https://www.inaturalist.org/observations/48711117
48768435,2020-06-07,42.652560743,-71.1676193664,10.0,research,42069,Vulpes vulpes,Red Fox,False,https://www.inaturalist.org/observations/48768435
48932633,2020-06-08,42.0103075234,-71.2069323515,19.0,research,42069,Vulpes vulpes,Red Fox,False,https://www.inaturalist.org/observations/48932633
49024096,2020-06-09,42.3858281448,-73.3239018917,5.0,research,42069,Vulpes vulpes,Red Fox,False,https://www.inaturalist.org/observations/49024096
49079899,2020-06-09,42.653506992,-71.1657577754,77.0,research,42069,Vulpes vulpes,Red Fox,False,https://www.inaturalist.org/observations/49079899
49181469,2019-07-20,42.2969125275,-71.8836382683,22.0,research,42069,Vulpes vulpes,Red Fox,False,https://www.inaturalist.org/observations/49181469
49185200,2020-06-10,42.0283235062,-71.2076065641,64.0,research,42069,Vulpes vulpes,Red Fox,False,https://www.inaturalist.org/observations/49185200
49228605,2020-06-10,42.4094839839,-71.7042017297,5.0,research,42069,Vulpes vulpes,Red Fox,False,https://www.inaturalist.org/observations/49228605
49290269,2019-05-14,41.5242494994,-70.6686019711,77.0,research,42069,Vulpes vulpes,Red Fox,False,https://www.inaturalist.org/observations/49290269
49298530,2020-06-08,42.6573574968,-70.6008434325,31.0,research,42069,Vulpes vulpes,Red Fox,False,https://www.inaturalist.org/observations/49298530
49451966,2020-06-13,42.30173833,-72.58906667,5.0,research,42069,Vulpes vulpes,Red Fox,False,https://www.inaturalist.org/observations/49451966
49492794,2020-05-24,42.355246279,-71.5588387102,44.0,research,42069,Vulpes vulpes,Red Fox,False,https://www.inaturalist.org/observations/49492794
49665905,2017-07-10,42.32621167,-71.56195333,,research,42069,Vulpes vulpes,Red Fox,False,https://www.inaturalist.org/observations/49665905
49760409,2020-06-15,42.3318451941,-71.5619637206,24.0,research,42069,Vulpes vulpes,Red Fox,False,https://www.inaturalist.org/observations/49760409
49772324,2020-06-15,42.5796384009,-71.5097905008,22.0,research,42069,Vulpes vulpes,Red Fox,False,https://www.inaturalist.org/observations/49772324
49847828,2020-06-16,42.4874513776,-71.3937670262,29.0,research,42069,Vulpes vulpes,Red Fox,False,https://www.inaturalist.org/observations/49847828
50393733,2020-05-26,41.9997833333,-70.0782222222,,research,42069,Vulpes vulpes,Red Fox,False,https://www.inaturalist.org/observations/50393733
50461861,2020-05-30,41.5438891274,-70.6495290589,31.0,research,42069,Vulpes vulpes,Red Fox,False,https://www.inaturalist.org/observations/50461861
50609016,2020-06-22,41.926869,-71.3697789722,,research,42069,Vulpes vulpes,Red Fox,False,https://www.inaturalist.org/observations/50609016
50769552,2020-06-01,42.3011963058,-72.5895940977,95.0,research,42069,Vulpes vulpes,Red Fox,False,https://www.inaturalist.org/observations/50769552
51150901,2020-06-27,41.8512235367,-70.6078438551,172.0,research,42069,Vulpes vulpes,Red Fox,False,https://www.inaturalist.org/observations/51150901
51212159,2020-06-28,42.260945,-72.65802,6.0,research,42069,Vulpes vulpes,Red Fox,False,https://www.inaturalist.org/observations/51212159
51483576,2020-06-30,42.0782190669,-70.2201578407,4.0,research,42069,Vulpes vulpes,Red Fox,False,https://www.inaturalist.org/observations/51483576
51510661,2020-06-03,41.639795954,-70.6509103473,13.0,research,42069,Vulpes vulpes,Red Fox,False,https://www.inaturalist.org/observations/51510661
51632595,2020-06-29,42.0441344138,-70.1052556529,2.0,research,42069,Vulpes vulpes,Red Fox,False,https://www.inaturalist.org/observations/51632595
51712516,2020-06-30,41.6238627742,-70.8608708884,22.0,research,42069,Vulpes vulpes,Red Fox,False,https://www.inaturalist.org/observations/51712516
51911598,2020-05-07,42.655649904,-70.6027388544,8.0,research,42069,Vulpes vulpes,Red Fox,False,https://www.inaturalist.org/observations/51911598
51965616,2020-07-04,42.0002379382,-71.3042275451,65.0,research,42069,Vulpes vulpes,Red Fox,False,https://www.inaturalist.org/observations/51965616
52423400,2020-07-08,42.00283055,-71.29917167,20.0,research,42069,Vulpes vulpes,Red Fox,False,https://www.inaturalist.org/observations/52423400
52677343,2020-07-11,42.28873833,-71.28966333,16.0,research,42069,Vulpes vulpes,Red Fox,False,https://www.inaturalist.org/observations/52677343
52796366,2020-07-12,41.897145,-70.02411667,5.0,research,42069,Vulpes vulpes,Red Fox,False,https://www.inaturalist.org/observations/52796366
53615606,2020-07-01,42.2954198951,-71.2996335515,10.0,research,42069,Vulpes vulpes,Red Fox,False,https://www.inaturalist.org/observations/53615606
54761879,2020-06-23,42.0788195,-70.22035333,7.0,research,42069,Vulpes vulpes,Red Fox,False,https://www.inaturalist.org/observations/54761879
54967725,2020-05-09,42.08389717,-70.95003667,30.0,research,42069,Vulpes vulpes,Red Fox,False,https://www.inaturalist.org/observations/54967725
55054065,2020-07-30,42.25883833,-70.87763833,5.0,research,42069,Vulpes vulpes,Red Fox,False,https://www.inaturalist.org/observations/55054065
55188243,2020-08-02,42.0807017063,-70.2195669349,22.0,research,42069,Vulpes vulpes,Red Fox,False,https://www.inaturalist.org/observations/55188243
55870535,2020-05-01,42.6546476,-71.1677497,186.0,research,42069,Vulpes vulpes,Red Fox,False,https://www.inaturalist.org/observations/55870535
55884483,2018-05-13,42.3717533333,-72.527855,,research,42069,Vulpes vulpes,Red Fox,False,https://www.inaturalist.org/observations/55884483
56471255,2020-08-14,42.0795161973,-70.2193017691,45.0,research,42069,Vulpes vulpes,Red Fox,False,https://www.inaturalist.org/observations/56471255
56583476,2020-08-15,41.75433,-70.15699717,8.0,research,42069,Vulpes vulpes,Red Fox,False,https://www.inaturalist.org/observations/56583476
56854385,2020-08-18,42.27283667,-71.68908667,24.0,research,42069,Vulpes vulpes,Red Fox,False,https://www.inaturalist.org/observations/56854385
56923028,2020-08-19,42.2452648727,-71.7606226355,25.0,research,42069,Vulpes vulpes,Red Fox,False,https://www.inaturalist.org/observations/56923028
57058830,2020-08-19,42.0791490449,-70.2199359611,5.0,research,42069,Vulpes vulpes,Red Fox,False,https://www.inaturalist.org/observations/57058830
57721582,2020-08-26,41.8306832723,-71.2363209974,104.0,research,42069,Vulpes vulpes,Red Fox,False,https://www.inaturalist.org/observations/57721582
57911900,2020-08-29,42.3259315551,-71.5751089228,5.0,research,42069,Vulpes vulpes,Red Fox,False,https://www.inaturalist.org/observations/57911900
58089142,2020-08-27,42.2673124,-71.5350693,169.0,research,42069,Vulpes vulpes,Red Fox,False,https://www.inaturalist.org/observations/58089142
58104450,2020-08-14,42.4294241244,-71.2477817328,131.0,research,42069,Vulpes vulpes,Red Fox,False,https://www.inaturalist.org/observations/58104450
58302032,2020-08-27,41.8085377342,-69.9556534678,170.0,research,42069,Vulpes vulpes,Red Fox,False,https://www.inaturalist.org/observations/58302032
58350696,2020-09-02,42.5411322809,-71.3165989025,1.0,research,42069,Vulpes vulpes,Red Fox,False,https://www.inaturalist.org/observations/58350696
58650543,2020-09-05,42.73068667,-70.97011667,5.0,research,42069,Vulpes vulpes,Red Fox,False,https://www.inaturalist.org/observations/58650543
58716514,2020-09-06,42.0104064489,-70.0685452916,43.0,research,42069,Vulpes vulpes,Red Fox,False,https://www.inaturalist.org/observations/58716514
58786754,2020-09-06,42.0768496424,-70.2174646407,26.0,research,42069,Vulpes vulpes,Red Fox,False,https://www.inaturalist.org/observations/58786754
58989515,2016-04-15,42.2793713033,-72.2605945687,22.0,research,42069,Vulpes vulpes,Red Fox,False,https://www.inaturalist.org/observations/58989515
59289019,2020-09-01,42.6594871153,-70.6004981697,27.0,research,42069,Vulpes vulpes,Red Fox,False,https://www.inaturalist.org/observations/59289019
59455373,2020-06-01,42.11259717,-72.65152,5.0,research,42069,Vulpes vulpes,Red Fox,False,https://www.inaturalist.org/observations/59455373
59749278,2020-09-09,42.6581907961,-70.5993699569,2.0,research,42069,Vulpes vulpes,Red Fox,False,https://www.inaturalist.org/observations/59749278
60108774,2020-09-19,42.2650130464,-72.6671653449,32.0,research,42069,Vulpes vulpes,Red Fox,False,https://www.inaturalist.org/observations/60108774
60572191,2019-07-14,42.2174586137,-70.8682711001,34.0,research,42069,Vulpes vulpes,Red Fox,False,https://www.inaturalist.org/observations/60572191
61029091,2013-08-03,42.0737005194,-70.2059372162,23.0,research,42069,Vulpes vulpes,Red Fox,False,https://www.inaturalist.org/observations/61029091
61103767,2020-03-11,42.248599581,-71.6084621377,22.0,research,42069,Vulpes vulpes,Red Fox,False,https://www.inaturalist.org/observations/61103767
61171473,2020-01-24,42.3151330416,-72.6506458474,19.0,research,42069,Vulpes vulpes,Red Fox,False,https://www.inaturalist.org/observations/61171473
61427035,2020-10-01,42.0316483593,-71.2286327966,10.0,research,42069,Vulpes vulpes,Red Fox,False,https://www.inaturalist.org/observations/61427035
61979887,2014-05-20,42.298201417,-71.2076840848,148.0,research,126770,Vulpes vulpes fulva,Eastern American Red Fox,False,https://www.inaturalist.org/observations/61979887
62056584,2020-10-07,41.92443833,-69.97657833,10.0,research,42069,Vulpes vulpes,Red Fox,False,https://www.inaturalist.org/observations/62056584
62255604,2020-10-09,42.2624601547,-72.6687129975,127.0,research,42069,Vulpes vulpes,Red Fox,False,https://www.inaturalist.org/observations/62255604
62462591,2020-09-30,42.2693633333,-71.323775,,research,42069,Vulpes vulpes,Red Fox,False,https://www.inaturalist.org/observations/62462591
62498587,2020-10-11,42.0790718883,-70.2185456217,2.0,research,42069,Vulpes vulpes,Red Fox,False,https://www.inaturalist.org/observations/62498587
62561670,2020-10-14,42.3661411791,-71.4936934834,4.0,research,42069,Vulpes vulpes,Red Fox,False,https://www.inaturalist.org/observations/62561670
62628393,2020-10-09,42.3795472222,-73.3851694444,5.0,research,42069,Vulpes vulpes,Red Fox,False,https://www.inaturalist.org/observations/62628393
62999382,2020-10-19,42.2609666519,-71.4558124142,61.0,research,42069,Vulpes vulpes,Red Fox,False,https://www.inaturalist.org/observations/62999382
63021975,2020-10-19,42.3333840581,-71.5683757443,181.0,research,42069,Vulpes vulpes,Red Fox,False,https://www.inaturalist.org/observations/63021975
63050374,2020-10-19,41.5940816527,-70.6447019801,80.0,research,42069,Vulpes vulpes,Red Fox,False,https://www.inaturalist.org/observations/63050374
63845697,2020-10-30,42.339175,-71.2552116667,,research,42069,Vulpes vulpes,Red Fox,False,https://www.inaturalist.org/observations/63845697
64171189,2020-10-26,42.6300245102,-70.8447769407,11.0,research,42069,Vulpes vulpes,Red Fox,False,https://www.inaturalist.org/observations/64171189
64330558,2020-04-07,42.0723865138,-70.2078575443,237.0,research,42069,Vulpes vulpes,Red Fox,False,https://www.inaturalist.org/observations/64330558
64962546,2020-11-15,42.6868667858,-70.6317971659,4.0,research,42069,Vulpes vulpes,Red Fox,False,https://www.inaturalist.org/observations/64962546
65349193,2020-11-21,42.52668,-70.8691812,198.0,research,42069,Vulpes vulpes,Red Fox,False,https://www.inaturalist.org/observations/65349193
65367169,2020-11-21,41.60358,-70.6345883333,5.0,research,42069,Vulpes vulpes,Red Fox,False,https://www.inaturalist.org/observations/65367169
65752391,2007-04-21,42.5573843446,-71.9754387261,31.0,research,42069,Vulpes vulpes,Red Fox,False,https://www.inaturalist.org/observations/65752391
65779803,2020-11-28,42.0762844843,-70.2173375711,14.0,research,42069,Vulpes vulpes,Red Fox,False,https://www.inaturalist.org/observations/65779803
65844584,2020-11-28,41.9046666667,-70.0030972222,5.0,research,42069,Vulpes vulpes,Red Fox,False,https://www.inaturalist.org/observations/65844584
65922068,2020-11-27,42.4851413041,-71.9367755959,26.0,research,42069,Vulpes vulpes,Red Fox,False,https://www.inaturalist.org/observations/65922068
66098845,2020-09-30,42.251205,-71.8250966667,10.0,research,42069,Vulpes vulpes,Red Fox,False,https://www.inaturalist.org/observations/66098845
66191243,2020-12-06,42.3949409,-71.5400876,17.0,research,42069,Vulpes vulpes,Red Fox,False,https://www.inaturalist.org/observations/66191243
66252893,2020-12-07,42.3300628012,-71.5506504712,24.0,research,42069,Vulpes vulpes,Red Fox,False,https://www.inaturalist.org/observations/66252893
66340033,2020-12-07,42.1521489823,-73.422864795,39.0,research,42069,Vulpes vulpes,Red Fox,False,https://www.inaturalist.org/observations/66340033
66476148,2020-11-25,42.6300503088,-70.8448071316,23.0,research,42069,Vulpes vulpes,Red Fox,False,https://www.inaturalist.org/observations/66476148
66506493,2020-12-10,42.2742531833,-71.6324406012,220.0,research,42069,Vulpes vulpes,Red Fox,False,https://www.inaturalist.org/observations/66506493
66536412,2020-12-13,42.7696688303,-71.1092758987,4.0,research,42069,Vulpes vulpes,Red Fox,False,https://www.inaturalist.org/observations/66536412
66571698,2020-12-14,42.6520055556,-71.2312222222,,research,42069,Vulpes vulpes,Red Fox,False,https://www.inaturalist.org/observations/66571698
66579358,2020-06-27,42.0517135213,-70.184751654,25.0,research,42069,Vulpes vulpes,Red Fox,False,https://www.inaturalist.org/observations/66579358
66783448,2020-12-19,42.3248387007,-71.5808702736,24.0,research,42069,Vulpes vulpes,Red Fox,False,https://www.inaturalist.org/observations/66783448
66886449,2018-07-30,42.0306964812,-70.081018549,244.0,research,42069,Vulpes vulpes,Red Fox,False,https://www.inaturalist.org/observations/66886449
66966056,2020-12-23,42.6098583333,-71.44085,,research,42069,Vulpes vulpes,Red Fox,False,https://www.inaturalist.org/observations/66966056
67006016,2020-12-24,42.2686827903,-71.532333456,181.0,research,42069,Vulpes vulpes,Red Fox,False,https://www.inaturalist.org/observations/67006016
67169350,2020-12-11,42.5943242871,-71.5533999798,55.0,research,42069,Vulpes vulpes,Red Fox,False,https://www.inaturalist.org/observations/67169350
67255186,2020-12-29,42.3833576897,-71.167231977,75.0,research,42069,Vulpes vulpes,Red Fox,False,https://www.inaturalist.org/observations/67255186
67421781,2021-01-01,42.3877914383,-71.124151315,,research,42069,Vulpes vulpes,Red Fox,False,https://www.inaturalist.org/observations/67421781
67577771,2021-01-04,42.3283883333,-71.618805,5.0,research,42069,Vulpes vulpes,Red Fox,False,https://www.inaturalist.org/observations/67577771
68063706,2021-01-14,41.6372006417,-70.3414658804,32.0,research,42069,Vulpes vulpes,Red Fox,False,https://www.inaturalist.org/observations/68063706
68162616,2021-01-16,41.928459717,-70.062322482,83.0,research,126770,Vulpes vulpes fulva,Eastern American Red Fox,False,https://www.inaturalist.org/observations/68162616
68344818,2021-01-19,42.0446938283,-70.1946695521,83.0,research,42069,Vulpes vulpes,Red Fox,False,https://www.inaturalist.org/observations/68344818
68378162,2021-01-20,41.9152670742,-70.646310495,172.0,research,42069,Vulpes vulpes,Red Fox,False,https://www.inaturalist.org/observations/68378162
68378219,2021-01-20,41.9162835321,-70.6449024752,76.0,research,126770,Vulpes vulpes fulva,Eastern American Red Fox,False,https://www.inaturalist.org/observations/68378219
68393082,2021-01-20,42.0447473597,-70.1934048906,23.0,research,42069,Vulpes vulpes,Red Fox,False,https://www.inaturalist.org/observations/68393082
68396961,2021-01-20,42.066960018,-70.1937448606,115.0,research,42069,Vulpes vulpes,Red Fox,False,https://www.inaturalist.org/observations/68396961
68465519,2021-01-22,42.4413904874,-71.8572000135,5.0,research,42069,Vulpes vulpes,Red Fox,False,https://www.inaturalist.org/observations/68465519
68606536,2020-11-22,42.254748546,-71.838256045,44.0,research,42069,Vulpes vulpes,Red Fox,False,https://www.inaturalist.org/observations/68606536
69050360,2021-02-04,42.3617419542,-71.2838929182,103.0,research,42069,Vulpes vulpes,Red Fox,False,https://www.inaturalist.org/observations/69050360
69057964,2021-01-14,42.4950931374,-71.4691847836,58.0,research,42069,Vulpes vulpes,Red Fox,False,https://www.inaturalist.org/observations/69057964
69139774,2021-01-28,42.1606333569,-71.160055254,25.0,research,42069,Vulpes vulpes,Red Fox,False,https://www.inaturalist.org/observations/69139774
69704622,2021-01-26,42.8070304663,-70.9736824172,56.0,research,42069,Vulpes vulpes,Red Fox,False,https://www.inaturalist.org/observations/69704622
69715974,2021-02-17,42.3444348264,-71.5915184256,169.0,research,42069,Vulpes vulpes,Red Fox,False,https://www.inaturalist.org/observations/69715974
69725670,2021-02-17,42.3583192428,-71.5962263494,65.0,research,42069,Vulpes vulpes,Red Fox,False,https://www.inaturalist.org/observations/69725670
69827745,2021-02-19,42.0624453752,-70.1913711056,170.0,research,42069,Vulpes vulpes,Red Fox,False,https://www.inaturalist.org/observations/69827745
69889023,2021-01-04,42.3986654024,-71.5780787052,186.0,research,126770,Vulpes vulpes fulva,Eastern American Red Fox,False,https://www.inaturalist.org/observations/69889023
69958841,2021-02-21,42.0698966944,-70.1960449167,,research,42069,Vulpes vulpes,Red Fox,False,https://www.inaturalist.org/observations/69958841
70036398,2020-12-02,42.375599,-71.529228,189.0,research,42069,Vulpes vulpes,Red Fox,False,https://www.inaturalist.org/observations/70036398
70495028,2021-03-03,42.6520166667,-71.2312472222,,research,42069,Vulpes vulpes,Red Fox,False,https://www.inaturalist.org/observations/70495028
70507573,2021-03-03,42.806947712,-70.9736012648,22.0,research,42069,Vulpes vulpes,Red Fox,False,https://www.inaturalist.org/observations/70507573
70700039,2021-02-24,42.2672435271,-71.0644487498,196.0,research,42069,Vulpes vulpes,Red Fox,False,https://www.inaturalist.org/observations/70700039
70742179,2021-03-06,41.5845064037,-70.8295572803,4.0,research,42069,Vulpes vulpes,Red Fox,False,https://www.inaturalist.org/observations/70742179
71025568,2014-11-04,41.7087023081,-70.2766897983,194.0,research,42069,Vulpes vulpes,Red Fox,False,https://www.inaturalist.org/observations/71025568
71148444,2021-03-09,42.2671006542,-71.0644809528,196.0,research,42069,Vulpes vulpes,Red Fox,False,https://www.inaturalist.org/observations/71148444
71156771,2021-03-04,42.61066167,-71.13829167,65.0,research,42069,Vulpes vulpes,Red Fox,False,https://www.inaturalist.org/observations/71156771
71211313,2021-03-14,42.3177701317,-71.0059127212,16.0,research,42069,Vulpes vulpes,Red Fox,False,https://www.inaturalist.org/observations/71211313
71357074,2021-02-25,42.338688,-71.5298538,178.0,research,42069,Vulpes vulpes,Red Fox,False,https://www.inaturalist.org/observations/71357074
71429894,2021-03-17,42.3974116667,-71.2212833333,65.0,research,42069,Vulpes vulpes,Red Fox,False,https://www.inaturalist.org/observations/71429894
71785349,2021-03-17,42.6511845264,-70.8429489643,78.0,research,42069,Vulpes vulpes,Red Fox,False,https://www.inaturalist.org/observations/71785349
71824929,2021-02-08,42.2940083264,-71.0114435574,61.0,research,42069,Vulpes vulpes,Red Fox,False,https://www.inaturalist.org/observations/71824929
71919284,2021-03-24,42.1070625,-71.1259823,180.0,research,42069,Vulpes vulpes,Red Fox,False,https://www.inaturalist.org/observations/71919284
71964556,2021-03-03,42.4708440598,-71.1883839438,7.0,research,42069,Vulpes vulpes,Red Fox,False,https://www.inaturalist.org/observations/71964556
71985129,2019-11-28,41.5254038843,-70.6725505055,111.0,research,42069,Vulpes vulpes,Red Fox,False,https://www.inaturalist.org/observations/71985129
71989195,2019-12-01,41.8780089231,-69.9884556702,76.0,research,42069,Vulpes vulpes,Red Fox,False,https://www.inaturalist.org/observations/71989195
72015159,2010-02-01,42.2196107088,-71.5696179194,46.0,research,42069,Vulpes vulpes,Red Fox,False,https://www.inaturalist.org/observations/72015159
72225898,2020-11-20,42.5045678965,-71.1533011921,22.0,research,42069,Vulpes vulpes,Red Fox,False,https://www.inaturalist.org/observations/72225898
72312325,2021-02-20,42.470725,-71.0571055,18.0,research,42069,Vulpes vulpes,Red Fox,False,https://www.inaturalist.org/observations/72312325
72715429,2021-04-02,42.0319583333,-71.2284,65.0,research,42069,Vulpes vulpes,Red Fox,False,https://www.inaturalist.org/observations/72715429
72836021,2021-03-28,42.652778,-71.168029,186.0,research,42069,Vulpes vulpes,Red Fox,False,https://www.inaturalist.org/observations/72836021
73864609,2021-04-13,42.335495,-71.7874916667,6.0,research,42069,Vulpes vulpes,Red Fox,False,https://www.inaturalist.org/observations/73864609
73897898,2021-04-13,42.519284872,-72.6993821137,15.0,research,42069,Vulpes vulpes,Red Fox,False,https://www.inaturalist.org/observations/73897898
73901879,2021-04-13,42.8075666667,-70.9748383333,5.0,research,42069,Vulpes vulpes,Red Fox,False,https://www.inaturalist.org/observations/73901879
73978414,2021-04-14,42.3330124194,-71.579182797,24.0,research,42069,Vulpes vulpes,Red Fox,False,https://www.inaturalist.org/observations/73978414
74455140,2021-04-18,42.6388666667,-70.988395,10.0,research,42069,Vulpes vulpes,Red Fox,False,https://www.inaturalist.org/observations/74455140
74581918,2021-04-19,42.0781708088,-70.2213643876,31.0,research,42069,Vulpes vulpes,Red Fox,False,https://www.inaturalist.org/observations/74581918
74799798,2021-04-20,41.8579710795,-70.5274320468,16.0,research,42069,Vulpes vulpes,Red Fox,False,https://www.inaturalist.org/observations/74799798
74928420,2021-04-23,42.3691498041,-71.265245401,65.0,research,42069,Vulpes vulpes,Red Fox,False,https://www.inaturalist.org/observations/74928420
75064945,2021-04-23,42.0784817658,-70.2208166777,160.0,research,42069,Vulpes vulpes,Red Fox,False,https://www.inaturalist.org/observations/75064945
75340974,2020-03-16,41.6872779722,-70.9084009722,,research,42069,Vulpes vulpes,Red Fox,False,https://www.inaturalist.org/observations/75340974
75357184,2021-04-24,42.0769592408,-70.217432992,2.0,research,42069,Vulpes vulpes,Red Fox,False,https://www.inaturalist.org/observations/75357184
75359068,2021-04-22,42.396196296,-71.9658109159,2.0,research,42069,Vulpes vulpes,Red Fox,False,https://www.inaturalist.org/observations/75359068
75667643,2021-04-29,42.109189438,-71.9962597642,65.0,research,42069,Vulpes vulpes,Red Fox,False,https://www.inaturalist.org/observations/75667643
76119104,2021-05-01,42.3661883333,-71.2646783333,10.0,research,42069,Vulpes vulpes,Red Fox,False,https://www.inaturalist.org/observations/76119104
76409721,2021-04-30,42.2637833333,-70.8719783333,4.0,research,42069,Vulpes vulpes,Red Fox,False,https://www.inaturalist.org/observations/76409721
76806671,2021-05-01,42.4687916667,-71.0075527833,8.0,research,42069,Vulpes vulpes,Red Fox,False,https://www.inaturalist.org/observations/76806671
77616325,2021-05-06,42.6966299722,-73.1077509722,,research,42069,Vulpes vulpes,Red Fox,False,https://www.inaturalist.org/observations/77616325
77739839,2021-05-07,42.3195432064,-71.2820374314,24.0,research,42069,Vulpes vulpes,Red Fox,False,https://www.inaturalist.org/observations/77739839
77741268,2021-05-06,42.331895,-71.5664366667,13.0,research,42069,Vulpes vulpes,Red Fox,False,https://www.inaturalist.org/observations/77741268
77799263,2021-05-07,42.5862466667,-71.4999783333,10.0,research,42069,Vulpes vulpes,Red Fox,False,https://www.inaturalist.org/observations/77799263
77831856,2021-04-26,42.2296649722,-71.8229489722,,research,42069,Vulpes vulpes,Red Fox,False,https://www.inaturalist.org/observations/77831856
77842157,2021-05-06,42.6567546336,-70.5981515926,10.0,research,42069,Vulpes vulpes,Red Fox,False,https://www.inaturalist.org/observations/77842157
78444740,2021-03-05,41.9951156639,-71.200331754,105.0,research,42069,Vulpes vulpes,Red Fox,False,https://www.inaturalist.org/observations/78444740
78447736,2021-05-08,42.4994666728,-71.367255,20.0,research,42069,Vulpes vulpes,Red Fox,False,https://www.inaturalist.org/observations/78447736
78455251,2021-05-09,42.5942653051,-71.5533770854,66.0,research,42069,Vulpes vulpes,Red Fox,False,https://www.inaturalist.org/observations/78455251
78462751,2021-05-12,42.3538173866,-71.5959107601,24.0,research,42069,Vulpes vulpes,Red Fox,False,https://www.inaturalist.org/observations/78462751
78932226,2021-05-15,42.0792833333,-70.219475,4.0,research,42069,Vulpes vulpes,Red Fox,False,https://www.inaturalist.org/observations/78932226
79222094,2021-05-17,42.216145505,-71.2178399849,41.0,research,42069,Vulpes vulpes,Red Fox,False,https://www.inaturalist.org/observations/79222094
79408178,2019-11-07,42.37815,-71.5146033333,5.0,research,42069,Vulpes vulpes,Red Fox,False,https://www.inaturalist.org/observations/79408178
80040168,2021-05-23,42.1033083333,-71.26178,10.0,research,42069,Vulpes vulpes,Red Fox,False,https://www.inaturalist.org/observations/80040168
80045624,2021-05-22,42.269935191,-71.1412614503,98.0,research,42069,Vulpes vulpes,Red Fox,False,https://www.inaturalist.org/observations/80045624
80133314,2021-05-24,42.2455056225,-73.4405266866,234.0,research,42069,Vulpes vulpes,Red Fox,False,https://www.inaturalist.org/observations/80133314
80156958,2021-05-24,41.5954754549,-70.6355002686,22.0,research,42069,Vulpes vulpes,Red Fox,False,https://www.inaturalist.org/observations/80156958
80246899,2021-05-13,42.3304007758,-71.5481747417,23.0,research,42069,Vulpes vulpes,Red Fox,False,https://www.inaturalist.org/observations/80246899
80277357,2021-05-25,42.0782195,-70.2208416667,7.0,research,42069,Vulpes vulpes,Red Fox,False,https://www.inaturalist.org/observations/80277357
80476629,2021-05-26,41.9343177563,-70.0200797519,92.0,research,42069,Vulpes vulpes,Red Fox,False,https://www.inaturalist.org/observations/80476629
80601588,2021-05-26,41.938595,-71.2581416667,65.0,research,42069,Vulpes vulpes,Red Fox,False,https://www.inaturalist.org/observations/80601588
80640847,2021-05-28,42.1789552868,-72.7004265954,67.0,research,42069,Vulpes vulpes,Red Fox,False,https://www.inaturalist.org/observations/80640847
80661865,2021-05-28,41.942445,-70.0166027833,5.0,research,42069,Vulpes vulpes,Red Fox,False,https://www.inaturalist.org/observations/80661865
80868111,2021-05-30,42.20157843,-71.72453518,6.0,research,42069,Vulpes vulpes,Red Fox,False,https://www.inaturalist.org/observations/80868111
80976160,2021-05-30,41.58522,-70.6411366667,13.0,research,42069,Vulpes vulpes,Red Fox,False,https://www.inaturalist.org/observations/80976160
81303522,2021-05-14,42.08732,-72.125633,15.0,research,42069,Vulpes vulpes,Red Fox,False,https://www.inaturalist.org/observations/81303522
81322877,2021-05-26,41.7881383333,-70.0128111167,22.0,research,42069,Vulpes vulpes,Red Fox,False,https://www.inaturalist.org/observations/81322877
81416211,2021-06-03,42.40055,-71.580475,10.0,research,42069,Vulpes vulpes,Red Fox,False,https://www.inaturalist.org/observations/81416211
81848979,2021-06-01,42.6500359504,-71.1664629555,4.0,research,42069,Vulpes vulpes,Red Fox,False,https://www.inaturalist.org/observations/81848979
81942378,2021-03-13,42.4133223194,-71.5105061304,28.0,research,42069,Vulpes vulpes,Red Fox,False,https://www.inaturalist.org/observations/81942378
82276048,2021-06-09,42.6467922155,-71.4801895298,74.0,research,42069,Vulpes vulpes,Red Fox,False,https://www.inaturalist.org/observations/82276048
82692359,2021-06-10,42.3749608,-71.2494595,13.0,research,42069,Vulpes vulpes,Red Fox,False,https://www.inaturalist.org/observations/82692359
83546883,2021-06-18,42.247025,-73.4432366667,8.0,research,42069,Vulpes vulpes,Red Fox,False,https://www.inaturalist.org/observations/83546883
84200097,2021-06-23,42.5149055556,-71.3298805556,,research,42069,Vulpes vulpes,Red Fox,False,https://www.inaturalist.org/observations/84200097
84231331,2021-06-23,42.0731611667,-70.2064966667,5.0,research,42069,Vulpes vulpes,Red Fox,False,https://www.inaturalist.org/observations/84231331
84771573,2021-06-27,42.5609883333,-71.0223695,32.0,research,42069,Vulpes vulpes,Red Fox,False,https://www.inaturalist.org/observations/84771573
84977240,2020-07-03,42.4651666667,-71.3426366667,10.0,research,42069,Vulpes vulpes,Red Fox,False,https://www.inaturalist.org/observations/84977240
85158249,2021-06-30,42.5641664722,-71.1795170244,23.0,research,42069,Vulpes vulpes,Red Fox,False,https://www.inaturalist.org/observations/85158249
85272507,2020-08-19,42.4891166667,-71.516625,8.0,research,42069,Vulpes vulpes,Red Fox,False,https://www.inaturalist.org/observations/85272507
85557884,2021-06-10,42.605432847,-71.3898806032,90.0,research,42069,Vulpes vulpes,Red Fox,False,https://www.inaturalist.org/observations/85557884
86323700,2021-06-01,42.2547942072,-71.8381138879,67.0,research,42069,Vulpes vulpes,Red Fox,False,https://www.inaturalist.org/observations/86323700
86860500,2021-07-13,41.7328671595,-70.2329179456,15.0,research,42069,Vulpes vulpes,Red Fox,False,https://www.inaturalist.org/observations/86860500
86899226,2021-07-13,42.110307435,-73.4736067057,149.0,research,42069,Vulpes vulpes,Red Fox,False,https://www.inaturalist.org/observations/86899226
86930546,2021-07-13,42.3823559855,-71.2059098108,24.0,research,42069,Vulpes vulpes,Red Fox,False,https://www.inaturalist.org/observations/86930546
87487659,2021-07-17,42.0527320056,-70.1887750626,38.0,research,42069,Vulpes vulpes,Red Fox,False,https://www.inaturalist.org/observations/87487659
87634710,2021-07-18,42.0295436086,-71.2918522954,169.0,research,42069,Vulpes vulpes,Red Fox,False,https://www.inaturalist.org/observations/87634710
88720741,2021-07-22,42.5641520369,-71.179491013,23.0,research,42069,Vulpes vulpes,Red Fox,False,https://www.inaturalist.org/observations/88720741
89141391,2021-07-29,41.6681069722,-70.0689069722,,research,42069,Vulpes vulpes,Red Fox,False,https://www.inaturalist.org/observations/89141391
89265980,2021-07-30,42.5862716667,-71.5001916667,22.0,research,42069,Vulpes vulpes,Red Fox,False,https://www.inaturalist.org/observations/89265980
89276778,2021-07-26,41.919205,-70.98223,6.0,research,42069,Vulpes vulpes,Red Fox,False,https://www.inaturalist.org/observations/89276778
89390417,2021-07-31,41.7090180475,-70.324559872,63.0,research,42069,Vulpes vulpes,Red Fox,False,https://www.inaturalist.org/observations/89390417
89403534,2021-05-29,42.2078041747,-71.6216457492,22.0,research,126770,Vulpes vulpes fulva,Eastern American Red Fox,False,https://www.inaturalist.org/observations/89403534
89404996,2021-07-31,42.1509634,-72.1190146997,,research,42069,Vulpes vulpes,Red Fox,False,https://www.inaturalist.org/observations/89404996
90340215,2021-06-26,42.487624833,-71.393779601,23.0,research,126770,Vulpes vulpes fulva,Eastern American Red Fox,False,https://www.inaturalist.org/observations/90340215
90356183,2021-05-23,42.6311225891,-72.0833740234,,research,42069,Vulpes vulpes,Red Fox,False,https://www.inaturalist.org/observations/90356183
91400636,2021-05-21,42.64268,-70.6795116667,17.0,research,42069,Vulpes vulpes,Red Fox,False,https://www.inaturalist.org/observations/91400636
91477841,2021-08-16,42.2675839722,-72.6644,,research,42069,Vulpes vulpes,Red Fox,False,https://www.inaturalist.org/observations/91477841
91681781,2021-08-18,41.6720416667,-70.0270221667,4.0,research,42069,Vulpes vulpes,Red Fox,False,https://www.inaturalist.org/observations/91681781
91779734,2018-12-17,42.2983093262,-71.0107574463,,research,42069,Vulpes vulpes,Red Fox,False,https://www.inaturalist.org/observations/91779734
92037622,2021-08-18,42.3107616667,-71.7950966667,65.0,research,42069,Vulpes vulpes,Red Fox,False,https://www.inaturalist.org/observations/92037622
92081250,2021-08-22,42.5747377659,-70.7776795328,5.0,research,42069,Vulpes vulpes,Red Fox,False,https://www.inaturalist.org/observations/92081250
92178590,2018-08-23,42.5755211714,-71.6888787063,2.0,research,42069,Vulpes vulpes,Red Fox,False,https://www.inaturalist.org/observations/92178590
92192107,2021-08-19,42.6559710539,-70.6155578386,11.0,research,42069,Vulpes vulpes,Red Fox,False,https://www.inaturalist.org/observations/92192107
92525631,2021-08-25,42.1534,-71.2593,,research,42069,Vulpes vulpes,Red Fox,False,https://www.inaturalist.org/observations/92525631
92987640,2021-08-29,42.2565143504,-71.087664105,4.0,research,42069,Vulpes vulpes,Red Fox,False,https://www.inaturalist.org/observations/92987640
93083554,2021-08-28,42.0609055,-70.1134195,8.0,research,42069,Vulpes vulpes,Red Fox,False,https://www.inaturalist.org/observations/93083554
93777618,2021-08-03,41.9862258216,-70.0764075706,49.0,research,42069,Vulpes vulpes,Red Fox,False,https://www.inaturalist.org/observations/93777618
93830900,2021-09-06,42.6858009094,-71.1060648339,16.0,research,42069,Vulpes vulpes,Red Fox,False,https://www.inaturalist.org/observations/93830900
94163984,2021-09-02,41.9305166667,-70.0298611667,5.0,research,42069,Vulpes vulpes,Red Fox,False,https://www.inaturalist.org/observations/94163984
94516948,2021-09-11,42.3690082987,-72.511574957,123.0,research,42069,Vulpes vulpes,Red Fox,False,https://www.inaturalist.org/observations/94516948
94827803,2021-09-12,42.5641600077,-71.1794745633,23.0,research,42069,Vulpes vulpes,Red Fox,False,https://www.inaturalist.org/observations/94827803
95456073,2021-09-11,42.6331745468,-70.6813156843,31.0,research,42069,Vulpes vulpes,Red Fox,False,https://www.inaturalist.org/observations/95456073
95607936,2021-09-20,42.564412203,-71.1797300509,23.0,research,42069,Vulpes vulpes,Red Fox,False,https://www.inaturalist.org/observations/95607936
96159533,2021-09-25,42.7025216667,-70.77603,5.0,research,42069,Vulpes vulpes,Red Fox,False,https://www.inaturalist.org/observations/96159533
97135196,2021-09-27,41.6554717646,-70.3214145697,65.0,research,42069,Vulpes vulpes,Red Fox,False,https://www.inaturalist.org/observations/97135196
97956478,2021-10-11,42.4367711367,-72.5223509689,50.0,research,42069,Vulpes vulpes,Red Fox,False,https://www.inaturalist.org/observations/97956478
99291916,2021-10-24,42.156888,-71.2142015,,research,42069,Vulpes vulpes,Red Fox,False,https://www.inaturalist.org/observations/99291916
100292327,2021-11-02,42.131005,-72.464605,,research,126770,Vulpes vulpes fulva,Eastern American Red Fox,False,https://www.inaturalist.org/observations/100292327
100324025,2021-05-11,42.3239,-72.5356,,research,42069,Vulpes vulpes,Red Fox,False,https://www.inaturalist.org/observations/100324025
100511529,2021-11-07,42.812544602,-70.9649875195,24.0,research,42069,Vulpes vulpes,Red Fox,False,https://www.inaturalist.org/observations/100511529
101424760,2021-11-09,42.4529390458,-71.0820193989,61.0,research,126770,Vulpes vulpes fulva,Eastern American Red Fox,False,https://www.inaturalist.org/observations/101424760
102002406,2021-11-27,42.5852152706,-71.3678940945,5.0,research,42069,Vulpes vulpes,Red Fox,False,https://www.inaturalist.org/observations/102002406
102360534,2021-12-02,41.96644034,-71.17916519,5.0,research,42069,Vulpes vulpes,Red Fox,False,https://www.inaturalist.org/observations/102360534
102395280,2021-05-06,42.1496127487,-71.4896747466,41.0,research,42069,Vulpes vulpes,Red Fox,False,https://www.inaturalist.org/observations/102395280
102408177,2021-11-25,42.623924475,-72.4601377174,126.0,research,42069,Vulpes vulpes,Red Fox,False,https://www.inaturalist.org/observations/102408177
102993533,2021-12-13,42.0511178021,-70.2016631608,5.0,research,42069,Vulpes vulpes,Red Fox,False,https://www.inaturalist.org/observations/102993533
102993544,2021-12-13,42.0511582029,-70.2016635799,5.0,research,42069,Vulpes vulpes,Red Fox,False,https://www.inaturalist.org/observations/102993544
103156538,2021-10-23,42.180255,-70.97252,65.0,research,42069,Vulpes vulpes,Red Fox,False,https://www.inaturalist.org/observations/103156538
103174781,2021-12-14,42.3437126279,-71.200287114,64.0,research,126770,Vulpes vulpes fulva,Eastern American Red Fox,False,https://www.inaturalist.org/observations/103174781
103220667,2021-12-17,42.5639260004,-71.1792245371,23.0,research,42069,Vulpes vulpes,Red Fox,False,https://www.inaturalist.org/observations/103220667
103388664,2021-12-16,42.5648418619,-71.1802814867,23.0,research,42069,Vulpes vulpes,Red Fox,False,https://www.inaturalist.org/observations/103388664
103397057,2021-12-20,42.3281259949,-71.1930561438,17.0,research,42069,Vulpes vulpes,Red Fox,False,https://www.inaturalist.org/observations/103397057
103473363,2021-12-17,42.319853,-71.405484,12.0,research,126770,Vulpes vulpes fulva,Eastern American Red Fox,False,https://www.inaturalist.org/observations/103473363
103754914,2021-12-26,42.0436670114,-70.1921130717,55.0,research,126770,Vulpes vulpes fulva,Eastern American Red Fox,False,https://www.inaturalist.org/observations/103754914
103797520,2021-12-27,42.807248858,-70.9732947841,67.0,research,42069,Vulpes vulpes,Red Fox,False,https://www.inaturalist.org/observations/103797520
103798422,2021-12-27,42.8067666728,-70.9731,20.0,research,42069,Vulpes vulpes,Red Fox,False,https://www.inaturalist.org/observations/103798422
103835585,2021-12-28,42.1116235997,-72.1043446622,31.0,research,42069,Vulpes vulpes,Red Fox,False,https://www.inaturalist.org/observations/103835585
103970434,2021-11-02,42.258975,-72.5714116667,5.0,research,42069,Vulpes vulpes,Red Fox,False,https://www.inaturalist.org/observations/103970434
104220010,2022-01-02,42.5641497373,-71.1794560637,23.0,research,42069,Vulpes vulpes,Red Fox,False,https://www.inaturalist.org/observations/104220010
104740225,2022-01-10,42.8071783333,-70.9734716667,4.0,research,42069,Vulpes vulpes,Red Fox,False,https://www.inaturalist.org/observations/104740225
104742425,2021-03-31,42.3524418,-71.2164445,182.0,research,42069,Vulpes vulpes,Red Fox,False,https://www.inaturalist.org/observations/104742425
105001138,2022-01-15,42.4041777778,-71.1502694444,,research,42069,Vulpes vulpes,Red Fox,False,https://www.inaturalist.org/observations/105001138
105323028,2021-12-08,42.6534842575,-71.1656572312,23.0,research,42069,Vulpes vulpes,Red Fox,False,https://www.inaturalist.org/observations/105323028
105477119,2022-01-23,42.3628120088,-71.2612311915,7.0,research,126770,Vulpes vulpes fulva,Eastern American Red Fox,False,https://www.inaturalist.org/observations/105477119
105643676,2022-01-26,42.6868988647,-70.6316685592,4.0,research,42069,Vulpes vulpes,Red Fox,False,https://www.inaturalist.org/observations/105643676
105660277,2022-01-27,42.5852346328,-71.3675899991,5.0,research,42069,Vulpes vulpes,Red Fox,False,https://www.inaturalist.org/observations/105660277
105904272,2022-01-30,42.319917,-71.405509,,research,42069,Vulpes vulpes,Red Fox,False,https://www.inaturalist.org/observations/105904272
106082815,2022-02-03,42.363488976,-71.2617182607,60.0,research,42069,Vulpes vulpes,Red Fox,False,https://www.inaturalist.org/observations/106082815
106377499,2022-02-07,42.3199166043,-71.4049983291,18.0,research,42069,Vulpes vulpes,Red Fox,False,https://www.inaturalist.org/observations/106377499
106381740,2021-06-15,41.5356817753,-70.6455978415,54.0,research,42069,Vulpes vulpes,Red Fox,False,https://www.inaturalist.org/observations/106381740
106728044,2017-06-12,42.2740716721,-71.63225494,202.0,research,42069,Vulpes vulpes,Red Fox,False,https://www.inaturalist.org/observations/106728044
107234983,2017-05-29,42.273975322,-71.6321962572,195.0,research,42069,Vulpes vulpes,Red Fox,False,https://www.inaturalist.org/observations/107234983
107669411,2022-02-28,42.3636911465,-71.2616763293,87.0,research,42069,Vulpes vulpes,Red Fox,False,https://www.inaturalist.org/observations/107669411
107728991,2021-12-12,42.3676011742,-71.2587255426,12.0,research,42069,Vulpes vulpes,Red Fox,False,https://www.inaturalist.org/observations/107728991
107736791,2022-03-01,42.3641986,-71.2622444,,research,42069,Vulpes vulpes,Red Fox,False,https://www.inaturalist.org/observations/107736791
107850122,2022-02-27,42.5643627644,-71.1797633333,23.0,research,42069,Vulpes vulpes,Red Fox,False,https://www.inaturalist.org/observations/107850122
107883407,2022-03-04,42.3652033333,-71.2603383333,5.0,research,42069,Vulpes vulpes,Red Fox,False,https://www.inaturalist.org/observations/107883407
107883934,2022-03-02,42.3310552738,-71.4192517973,8.0,research,42069,Vulpes vulpes,Red Fox,False,https://www.inaturalist.org/observations/107883934
108373596,2022-03-11,42.3630738785,-71.2618704323,9.0,research,42069,Vulpes vulpes,Red Fox,False,https://www.inaturalist.org/observations/108373596
108388705,2022-03-11,42.363262355,-71.2617721926,22.0,research,42069,Vulpes vulpes,Red Fox,False,https://www.inaturalist.org/observations/108388705
108394582,2022-03-11,42.0779663602,-70.2190218761,61.0,research,42069,Vulpes vulpes,Red Fox,False,https://www.inaturalist.org/observations/108394582
108540999,2022-03-13,42.3663166667,-71.2613216667,7.0,research,42069,Vulpes vulpes,Red Fox,False,https://www.inaturalist.org/observations/108540999
108622624,2022-03-14,42.0788013269,-70.217869212,15.0,research,42069,Vulpes vulpes,Red Fox,False,https://www.inaturalist.org/observations/108622624
108763977,2022-03-16,42.0772312627,-70.2183283554,61.0,research,42069,Vulpes vulpes,Red Fox,False,https://www.inaturalist.org/observations/108763977
108849363,2022-03-17,42.3633116667,-71.2612383333,30.0,research,42069,Vulpes vulpes,Red Fox,False,https://www.inaturalist.org/observations/108849363
109175198,2022-03-15,42.3680860883,-71.2579051538,65.0,research,42069,Vulpes vulpes,Red Fox,False,https://www.inaturalist.org/observations/109175198
109178993,2022-03-19,42.3311468667,-71.4184162904,61.0,research,42069,Vulpes vulpes,Red Fox,False,https://www.inaturalist.org/observations/109178993
109343507,2022-03-23,42.0780824045,-70.2217658121,31.0,research,42069,Vulpes vulpes,Red Fox,False,https://www.inaturalist.org/observations/109343507
109865715,2022-03-29,42.319634,-71.404075,6.0,research,42069,Vulpes vulpes,Red Fox,False,https://www.inaturalist.org/observations/109865715
109868482,2022-03-29,42.3205245271,-71.4066665334,15.0,research,42069,Vulpes vulpes,Red Fox,False,https://www.inaturalist.org/observations/109868482
109936679,2022-03-30,42.3198046374,-71.403889486,31.0,research,126770,Vulpes vulpes fulva,Eastern American Red Fox,False,https://www.inaturalist.org/observations/109936679
110158605,2007-03-25,42.6949875762,-70.79408108,15.0,research,42069,Vulpes vulpes,Red Fox,False,https://www.inaturalist.org/observations/110158605
110177184,2022-04-01,42.3199641944,-71.4048604543,15.0,research,42069,Vulpes vulpes,Red Fox,False,https://www.inaturalist.org/observations/110177184
110177185,2022-04-01,42.319879,-71.405472,,research,42069,Vulpes vulpes,Red Fox,False,https://www.inaturalist.org/observations/110177185
110320614,2022-04-03,42.0783583333,-70.22103,27.0,research,42069,Vulpes vulpes,Red Fox,False,https://www.inaturalist.org/observations/110320614
110342239,2022-03-25,42.073802,-70.205562,,research,42069,Vulpes vulpes,Red Fox,False,https://www.inaturalist.org/observations/110342239
110536283,2022-04-05,42.0780643825,-70.220993377,31.0,research,42069,Vulpes vulpes,Red Fox,False,https://www.inaturalist.org/observations/110536283
110762248,2022-04-04,42.364195,-71.262449,,research,42069,Vulpes vulpes,Red Fox,False,https://www.inaturalist.org/observations/110762248
110774000,2022-04-08,42.364219,-71.262503,,research,42069,Vulpes vulpes,Red Fox,False,https://www.inaturalist.org/observations/110774000
110980263,2022-04-01,41.7224943686,-70.7594300799,44.0,research,42069,Vulpes vulpes,Red Fox,False,https://www.inaturalist.org/observations/110980263
110985262,2021-07-16,41.6694833333,-70.02665,8.0,research,42069,Vulpes vulpes,Red Fox,False,https://www.inaturalist.org/observations/110985262
111054335,2022-04-08,42.3614291277,-71.2604139329,42.0,research,42069,Vulpes vulpes,Red Fox,False,https://www.inaturalist.org/observations/111054335
111166950,2022-04-12,42.3630826279,-71.2605370984,8.0,research,42069,Vulpes vulpes,Red Fox,False,https://www.inaturalist.org/observations/111166950
111188896,2022-04-12,42.3198106321,-71.403885037,15.0,research,42069,Vulpes vulpes,Red Fox,False,https://www.inaturalist.org/observations/111188896
111272764,2022-04-13,42.3640883333,-71.2622966667,13.0,research,42069,Vulpes vulpes,Red Fox,False,https://www.inaturalist.org/observations/111272764
111430575,2022-04-14,42.319632634,-71.4040173155,4.0,research,42069,Vulpes vulpes,Red Fox,False,https://www.inaturalist.org/observations/111430575
111430577,2022-04-14,42.3196823619,-71.4040253517,2.0,research,42069,Vulpes vulpes,Red Fox,False,https://www.inaturalist.org/observations/111430577
111573946,2022-04-15,42.2204083333,-70.8493583333,4.0,research,42069,Vulpes vulpes,Red Fox,False,https://www.inaturalist.org/observations/111573946
111734139,2022-04-09,42.36594,-71.265297,,research,42069,Vulpes vulpes,Red Fox,False,https://www.inaturalist.org/observations/111734139
111813882,2022-04-05,42.2608449823,-71.4555407901,15.0,research,42069,Vulpes vulpes,Red Fox,False,https://www.inaturalist.org/observations/111813882
112093120,2022-04-19,41.9199473379,-70.5446163565,9.0,research,42069,Vulpes vulpes,Red Fox,False,https://www.inaturalist.org/observations/112093120
112184796,2022-04-20,42.3642883333,-71.262405,4.0,research,42069,Vulpes vulpes,Red Fox,False,https://www.inaturalist.org/observations/112184796
112208376,2022-04-20,42.3643719256,-71.2603704761,7.0,research,42069,Vulpes vulpes,Red Fox,False,https://www.inaturalist.org/observations/112208376
112299265,2021-09-03,42.3699179581,-71.2188807425,35.0,research,42069,Vulpes vulpes,Red Fox,False,https://www.inaturalist.org/observations/112299265
112328986,2022-04-10,42.64267,-70.6795716667,12.0,research,42069,Vulpes vulpes,Red Fox,False,https://www.inaturalist.org/observations/112328986
112457257,2022-04-22,42.3640933622,-71.2613290216,35.0,research,42069,Vulpes vulpes,Red Fox,False,https://www.inaturalist.org/observations/112457257
112782873,2022-04-24,42.3632040946,-71.261888668,4.0,research,42069,Vulpes vulpes,Red Fox,False,https://www.inaturalist.org/observations/112782873
113079323,2022-04-27,42.4357162974,-71.0806421094,89.0,research,42069,Vulpes vulpes,Red Fox,False,https://www.inaturalist.org/observations/113079323
113169781,2022-04-27,42.3634833333,-71.2629,10.0,research,42069,Vulpes vulpes,Red Fox,False,https://www.inaturalist.org/observations/113169781
113475553,2022-04-27,42.3633616667,-71.2613666667,65.0,research,42069,Vulpes vulpes,Red Fox,False,https://www.inaturalist.org/observations/113475553
113625608,2022-04-29,42.3642513659,-71.2624869935,4.0,research,42069,Vulpes vulpes,Red Fox,False,https://www.inaturalist.org/observations/113625608
113642927,2022-04-29,42.3643583333,-71.2623833333,4.0,research,42069,Vulpes vulpes,Red Fox,False,https://www.inaturalist.org/observations/113642927
114181540,2022-04-30,42.5641807536,-71.1794582788,23.0,research,42069,Vulpes vulpes,Red Fox,False,https://www.inaturalist.org/observations/114181540
114214539,2022-05-01,42.3638216667,-71.2627033333,18.0,research,42069,Vulpes vulpes,Red Fox,False,https://www.inaturalist.org/observations/114214539
114355465,2022-05-01,42.411605144,-71.1826230213,9.0,research,42069,Vulpes vulpes,Red Fox,False,https://www.inaturalist.org/observations/114355465
114861806,2022-04-30,42.3641883333,-71.2623883333,6.0,research,42069,Vulpes vulpes,Red Fox,False,https://www.inaturalist.org/observations/114861806
114900719,2022-05-01,42.3131107184,-71.4127792532,4.0,research,42069,Vulpes vulpes,Red Fox,False,https://www.inaturalist.org/observations/114900719
115099481,2022-05-01,41.8559111111,-70.6092083333,4.0,research,42069,Vulpes vulpes,Red Fox,False,https://www.inaturalist.org/observations/115099481
115265906,2022-05-01,42.366299,-71.265152,,research,42069,Vulpes vulpes,Red Fox,False,https://www.inaturalist.org/observations/115265906
115277237,2022-04-30,42.366199,-71.263939,,research,42069,Vulpes vulpes,Red Fox,False,https://www.inaturalist.org/observations/115277237
115650454,2022-05-05,42.0781879669,-70.2208948505,8.0,research,42069,Vulpes vulpes,Red Fox,False,https://www.inaturalist.org/observations/115650454
115794644,2022-05-06,42.31256285,-71.4101207471,8.0,research,42069,Vulpes vulpes,Red Fox,False,https://www.inaturalist.org/observations/115794644
115794645,2022-05-06,42.3130324632,-71.4107926447,8.0,research,42069,Vulpes vulpes,Red Fox,False,https://www.inaturalist.org/observations/115794645
115794653,2022-05-06,42.3141421803,-71.4124548991,8.0,research,42069,Vulpes vulpes,Red Fox,False,https://www.inaturalist.org/observations/115794653
115805756,2022-05-06,42.3309792138,-71.4190414474,4.0,research,42069,Vulpes vulpes,Red Fox,False,https://www.inaturalist.org/observations/115805756
116121196,2022-05-06,42.3196342086,-71.4040368139,4.0,research,42069,Vulpes vulpes,Red Fox,False,https://www.inaturalist.org/observations/116121196
116178467,2021-12-19,42.4102388889,-72.5826111111,,research,42069,Vulpes vulpes,Red Fox,False,https://www.inaturalist.org/observations/116178467
116481716,2022-05-04,42.1430516114,-71.0020156347,72.0,research,42069,Vulpes vulpes,Red Fox,False,https://www.inaturalist.org/observations/116481716
116536390,2022-05-11,42.4958616667,-71.884605,4.0,research,42069,Vulpes vulpes,Red Fox,False,https://www.inaturalist.org/observations/116536390
116707789,2022-05-11,42.0788409696,-70.220281966,166.0,research,42069,Vulpes vulpes,Red Fox,False,https://www.inaturalist.org/observations/116707789
116758222,2022-05-10,42.0670045649,-70.1931873436,186.0,research,42069,Vulpes vulpes,Red Fox,False,https://www.inaturalist.org/observations/116758222
117009775,2022-05-10,42.35926333,-71.25679667,10.0,research,42069,Vulpes vulpes,Red Fox,False,https://www.inaturalist.org/observations/117009775
117438883,2022-05-17,41.9403616667,-70.0525888333,43.0,research,42069,Vulpes vulpes,Red Fox,False,https://www.inaturalist.org/observations/117438883
117671368,2022-05-16,42.3196509434,-71.4040344667,4.0,research,42069,Vulpes vulpes,Red Fox,False,https://www.inaturalist.org/observations/117671368
117671370,2022-05-17,42.3196768725,-71.4040357973,2.0,research,42069,Vulpes vulpes,Red Fox,False,https://www.inaturalist.org/observations/117671370
117671372,2022-05-18,42.3196659798,-71.4039982464,2.0,research,42069,Vulpes vulpes,Red Fox,False,https://www.inaturalist.org/observations/117671372
117671376,2022-05-16,42.3196630049,-71.4040271542,2.0,research,42069,Vulpes vulpes,Red Fox,False,https://www.inaturalist.org/observations/117671376
117717452,2022-05-17,42.3196662383,-71.4040388997,2.0,research,42069,Vulpes vulpes,Red Fox,False,https://www.inaturalist.org/observations/117717452
117807491,2022-05-19,42.4387130944,-72.9392131563,2.0,research,42069,Vulpes vulpes,Red Fox,False,https://www.inaturalist.org/observations/117807491
117910316,2022-05-19,42.319863,-71.405489,,research,42069,Vulpes vulpes,Red Fox,False,https://www.inaturalist.org/observations/117910316
118274683,2022-05-21,42.5641824526,-71.1794491102,30.0,research,42069,Vulpes vulpes,Red Fox,False,https://www.inaturalist.org/observations/118274683
118277751,2022-05-13,42.5642235048,-71.179467528,70.0,research,42069,Vulpes vulpes,Red Fox,False,https://www.inaturalist.org/observations/118277751
118307459,2022-04-26,41.8367726557,-71.1132805422,72.0,research,42069,Vulpes vulpes,Red Fox,False,https://www.inaturalist.org/observations/118307459
118325779,2022-05-20,42.6506519729,-70.6024370511,4.0,research,42069,Vulpes vulpes,Red Fox,False,https://www.inaturalist.org/observations/118325779
118718331,2022-05-25,42.1025988737,-71.3777511112,93.0,research,42069,Vulpes vulpes,Red Fox,False,https://www.inaturalist.org/observations/118718331
119122904,2022-05-27,42.45327,-71.0800778333,65.0,research,42069,Vulpes vulpes,Red Fox,False,https://www.inaturalist.org/observations/119122904
119549924,2022-05-22,42.59267,-72.6901783333,42.0,research,42069,Vulpes vulpes,Red Fox,False,https://www.inaturalist.org/observations/119549924
119567242,2022-05-31,42.4261633333,-71.4723966667,5.0,research,42069,Vulpes vulpes,Red Fox,False,https://www.inaturalist.org/observations/119567242
119693550,2022-05-31,42.3535883333,-72.6770633333,3.0,research,42069,Vulpes vulpes,Red Fox,False,https://www.inaturalist.org/observations/119693550
119713267,2022-06-01,42.4251060486,-71.8751449585,4.0,research,42069,Vulpes vulpes,Red Fox,False,https://www.inaturalist.org/observations/119713267
119964911,2022-06-02,42.8000216667,-70.8594583333,3.0,research,42069,Vulpes vulpes,Red Fox,False,https://www.inaturalist.org/observations/119964911
120250557,2022-06-04,41.790195,-69.9860616667,8.0,research,42069,Vulpes vulpes,Red Fox,False,https://www.inaturalist.org/observations/120250557
120897678,2022-06-08,42.79842,-70.8591616667,4.0,research,42069,Vulpes vulpes,Red Fox,False,https://www.inaturalist.org/observations/120897678
121005746,2022-06-08,42.3309579236,-71.4192636044,4.0,research,42069,Vulpes vulpes,Red Fox,False,https://www.inaturalist.org/observations/121005746
121005750,2022-06-08,42.3309511307,-71.4192850516,2.0,research,42069,Vulpes vulpes,Red Fox,False,https://www.inaturalist.org/observations/121005750
121318380,2022-06-11,42.3003,-71.270745,5.0,research,42069,Vulpes vulpes,Red Fox,False,https://www.inaturalist.org/observations/121318380
121325127,2022-06-11,42.0538767929,-70.1822455445,24.0,research,42069,Vulpes vulpes,Red Fox,False,https://www.inaturalist.org/observations/121325127
121751985,2022-06-14,42.2186431885,-71.1176757813,5.0,research,42069,Vulpes vulpes,Red Fox,False,https://www.inaturalist.org/observations/121751985
121899784,2022-06-14,42.320118762,-71.4055240776,2.0,research,42069,Vulpes vulpes,Red Fox,False,https://www.inaturalist.org/observations/121899784
121899785,2022-06-15,42.3201048796,-71.4054837598,2.0,research,42069,Vulpes vulpes,Red Fox,False,https://www.inaturalist.org/observations/121899785
121955368,2022-06-14,42.461648774,-71.2718178704,123.0,research,42069,Vulpes vulpes,Red Fox,False,https://www.inaturalist.org/observations/121955368
122354972,2022-06-18,41.9963833333,-71.1224278333,4.0,research,42069,Vulpes vulpes,Red Fox,False,https://www.inaturalist.org/observations/122354972
122474132,2022-06-19,42.1098062,-71.8794062,,research,42069,Vulpes vulpes,Red Fox,False,https://www.inaturalist.org/observations/122474132
122985935,2022-06-16,41.7422866667,-70.6729666667,5.0,research,42069,Vulpes vulpes,Red Fox,False,https://www.inaturalist.org/observations/122985935
123374194,2022-04-26,42.1993780796,-73.3778196988,201.0,research,42069,Vulpes vulpes,Red Fox,False,https://www.inaturalist.org/observations/123374194
123466998,2022-06-25,42.0550333333,-70.1306138333,4.0,research,42069,Vulpes vulpes,Red Fox,False,https://www.inaturalist.org/observations/123466998
123740426,2022-06-27,42.4112123638,-72.5187090141,7.0,research,42069,Vulpes vulpes,Red Fox,False,https://www.inaturalist.org/observations/123740426
123812819,2022-06-28,42.4255033333,-71.4737083333,4.0,research,42069,Vulpes vulpes,Red Fox,False,https://www.inaturalist.org/observations/123812819
124089856,2022-06-29,42.05795,-70.1761166667,3.0,research,42069,Vulpes vulpes,Red Fox,False,https://www.inaturalist.org/observations/124089856
124480504,2022-07-01,41.9144337296,-70.6482328731,40.0,research,42069,Vulpes vulpes,Red Fox,False,https://www.inaturalist.org/observations/124480504
124732025,2022-07-02,41.6403783333,-70.2135866667,4.0,research,42069,Vulpes vulpes,Red Fox,False,https://www.inaturalist.org/observations/124732025
125315813,2022-07-07,42.5997526368,-71.1813902647,24.0,research,42069,Vulpes vulpes,Red Fox,False,https://www.inaturalist.org/observations/125315813
126470576,2022-06-19,42.7045116661,-71.0255805,20.0,research,42069,Vulpes vulpes,Red Fox,False,https://www.inaturalist.org/observations/126470576
127073332,2022-07-20,42.4494383333,-71.268395,5.0,research,42069,Vulpes vulpes,Red Fox,False,https://www.inaturalist.org/observations/127073332
127106007,2022-07-19,42.3210798508,-71.4052660555,8.0,research,42069,Vulpes vulpes,Red Fox,False,https://www.inaturalist.org/observations/127106007
127247976,2021-07-17,42.0841255377,-71.0446566791,73.0,research,42069,Vulpes vulpes,Red Fox,False,https://www.inaturalist.org/observations/127247976
127388466,2022-07-21,42.18557,-73.1069111667,4.0,research,42069,Vulpes vulpes,Red Fox,False,https://www.inaturalist.org/observations/127388466
128253296,2022-07-28,42.052734375,-70.1846923828,35.0,research,42069,Vulpes vulpes,Red Fox,False,https://www.inaturalist.org/observations/128253296
129185314,2021-07-31,42.0839032394,-71.0446079392,64.0,research,42069,Vulpes vulpes,Red Fox,False,https://www.inaturalist.org/observations/129185314
129302216,2022-08-03,42.2326837997,-71.6623163997,,research,42069,Vulpes vulpes,Red Fox,False,https://www.inaturalist.org/observations/129302216
130246022,2022-08-09,42.6650688044,-70.8023974047,29.0,research,42069,Vulpes vulpes,Red Fox,False,https://www.inaturalist.org/observations/130246022
130710220,2022-08-13,42.4898,-71.2688289722,,research,42069,Vulpes vulpes,Red Fox,False,https://www.inaturalist.org/observations/130710220
130850291,2022-04-17,42.438335069,-71.0404268412,38.0,research,42069,Vulpes vulpes,Red Fox,False,https://www.inaturalist.org/observations/130850291
131618196,2022-08-15,42.4520833333,-71.40747,16.0,research,42069,Vulpes vulpes,Red Fox,False,https://www.inaturalist.org/observations/131618196
132355631,2022-08-16,42.0620257658,-70.1454033221,25.0,research,42069,Vulpes vulpes,Red Fox,False,https://www.inaturalist.org/observations/132355631
132476404,2022-08-26,41.7028198242,-70.317779541,10.0,research,42069,Vulpes vulpes,Red Fox,False,https://www.inaturalist.org/observations/132476404
132476538,2022-08-26,41.7027866667,-70.317755,5.0,research,42069,Vulpes vulpes,Red Fox,False,https://www.inaturalist.org/observations/132476538
133535074,2022-09-03,42.4939830911,-71.2501134623,21.0,research,42069,Vulpes vulpes,Red Fox,False,https://www.inaturalist.org/observations/133535074
134018246,2022-09-05,42.5641753978,-71.1794814074,22.0,research,42069,Vulpes vulpes,Red Fox,False,https://www.inaturalist.org/observations/134018246
134018505,2022-09-05,42.5641255098,-71.1794466816,23.0,research,42069,Vulpes vulpes,Red Fox,False,https://www.inaturalist.org/observations/134018505
134019549,2022-09-01,42.5641500793,-71.1794465093,23.0,research,42069,Vulpes vulpes,Red Fox,False,https://www.inaturalist.org/observations/134019549
134019662,2022-09-01,42.5641702748,-71.1794743394,23.0,research,42069,Vulpes vulpes,Red Fox,False,https://www.inaturalist.org/observations/134019662
135006303,2022-03-29,42.2089199155,-73.3819552029,2.0,research,42069,Vulpes vulpes,Red Fox,False,https://www.inaturalist.org/observations/135006303
135010290,2022-03-29,42.208886756,-73.3817434265,2.0,research,42069,Vulpes vulpes,Red Fox,False,https://www.inaturalist.org/observations/135010290
135310149,2022-08-23,42.5319,-71.5204,,research,42069,Vulpes vulpes,Red Fox,False,https://www.inaturalist.org/observations/135310149
135448142,2022-09-06,42.4886416667,-71.27015,,research,42069,Vulpes vulpes,Red Fox,False,https://www.inaturalist.org/observations/135448142
135657362,2022-07-04,41.751284577,-70.6219816417,180.0,research,42069,Vulpes vulpes,Red Fox,False,https://www.inaturalist.org/observations/135657362
135968072,2022-09-21,42.3197587212,-71.4048051478,2.0,research,42069,Vulpes vulpes,Red Fox,False,https://www.inaturalist.org/observations/135968072
136568457,2022-09-25,42.3309279106,-71.4189349195,2.0,research,42069,Vulpes vulpes,Red Fox,False,https://www.inaturalist.org/observations/136568457
136568458,2022-09-25,42.330933015,-71.418896017,2.0,research,42069,Vulpes vulpes,Red Fox,False,https://www.inaturalist.org/observations/136568458
136581333,2022-09-26,42.1214908796,-72.6018941925,79.0,research,42069,Vulpes vulpes,Red Fox,False,https://www.inaturalist.org/observations/136581333
136830337,2022-09-28,42.3987803275,-71.1299914441,46.0,research,42069,Vulpes vulpes,Red Fox,False,https://www.inaturalist.org/observations/136830337
137951433,2022-08-27,42.1764292281,-72.0704108571,89.0,research,42069,Vulpes vulpes,Red Fox,False,https://www.inaturalist.org/observations/137951433
138220720,2022-06-20,42.1563198594,-71.0348008247,45.0,research,42069,Vulpes vulpes,Red Fox,False,https://www.inaturalist.org/observations/138220720
139192116,2021-10-24,42.3921189,-72.5196653,188.0,research,42069,Vulpes vulpes,Red Fox,False,https://www.inaturalist.org/observations/139192116
139257947,2022-10-18,42.3981573363,-72.5273171733,191.0,research,42069,Vulpes vulpes,Red Fox,False,https://www.inaturalist.org/observations/139257947
139633279,2021-04-15,42.3699095762,-72.5120758624,206.0,research,126770,Vulpes vulpes fulva,Eastern American Red Fox,False,https://www.inaturalist.org/observations/139633279
139785102,2022-10-23,42.0879387629,-72.4946956336,7.0,research,42069,Vulpes vulpes,Red Fox,False,https://www.inaturalist.org/observations/139785102
140001391,2022-10-25,42.12605,-72.7847283333,15.0,research,42069,Vulpes vulpes,Red Fox,False,https://www.inaturalist.org/observations/140001391
140014896,2022-10-24,42.3143742688,-71.4113286822,4.0,research,42069,Vulpes vulpes,Red Fox,False,https://www.inaturalist.org/observations/140014896
140016412,2022-10-23,42.3143046573,-71.4112923754,2.0,research,42069,Vulpes vulpes,Red Fox,False,https://www.inaturalist.org/observations/140016412
140399708,2022-10-29,42.4046583333,-71.4413916667,4.0,research,42069,Vulpes vulpes,Red Fox,False,https://www.inaturalist.org/observations/140399708
141015941,2022-07-09,42.0793138333,-70.2189333333,4.0,research,42069,Vulpes vulpes,Red Fox,False,https://www.inaturalist.org/observations/141015941
141189660,2022-09-21,42.1933015405,-73.3662881469,57.0,research,42069,Vulpes vulpes,Red Fox,False,https://www.inaturalist.org/observations/141189660
141541829,2022-11-09,41.927855,-70.055725,11.0,research,42069,Vulpes vulpes,Red Fox,False,https://www.inaturalist.org/observations/141541829
142002348,2021-02-09,42.0802494167,-70.218301749,142.0,research,42069,Vulpes vulpes,Red Fox,False,https://www.inaturalist.org/observations/142002348
142367108,2022-11-19,41.6168216667,-70.4355,16.0,research,42069,Vulpes vulpes,Red Fox,False,https://www.inaturalist.org/observations/142367108
142557585,2022-11-11,42.6396966667,-71.1359861667,4.0,research,42069,Vulpes vulpes,Red Fox,False,https://www.inaturalist.org/observations/142557585
142853947,2022-05-06,42.4547579669,-71.1218586546,41.0,research,42069,Vulpes vulpes,Red Fox,False,https://www.inaturalist.org/observations/142853947
142995604,2022-11-26,42.364055,-71.26297,4.0,research,42069,Vulpes vulpes,Red Fox,False,https://www.inaturalist.org/observations/142995604
143240196,2022-11-25,42.5608361111,-71.1845166667,5.0,research,42069,Vulpes vulpes,Red Fox,False,https://www.inaturalist.org/observations/143240196
143280076,2022-11-28,42.536255,-71.0273138333,23.0,research,42069,Vulpes vulpes,Red Fox,False,https://www.inaturalist.org/observations/143280076
143304307,2022-10-06,42.330072,-72.53852,,research,42069,Vulpes vulpes,Red Fox,False,https://www.inaturalist.org/observations/143304307
143401846,2022-11-25,42.3655757787,-71.265925735,54.0,research,42069,Vulpes vulpes,Red Fox,False,https://www.inaturalist.org/observations/143401846
143894687,2022-11-07,42.36802,-71.2587883333,17.0,research,42069,Vulpes vulpes,Red Fox,False,https://www.inaturalist.org/observations/143894687
144106638,2022-11-26,42.3703883333,-71.5453866667,4.0,research,42069,Vulpes vulpes,Red Fox,False,https://www.inaturalist.org/observations/144106638
144184383,2022-12-11,42.301595,-72.6996616667,35.0,research,42069,Vulpes vulpes,Red Fox,False,https://www.inaturalist.org/observations/144184383
144791074,2022-12-19,42.0655153,-71.0902712,,research,42069,Vulpes vulpes,Red Fox,False,https://www.inaturalist.org/observations/144791074
145218623,2022-12-27,42.4382583333,-71.0405416667,8.0,research,42069,Vulpes vulpes,Red Fox,False,https://www.inaturalist.org/observations/145218623
145386170,2022-12-28,42.0758333333,-70.2170333333,20.0,research,42069,Vulpes vulpes,Red Fox,False,https://www.inaturalist.org/observations/145386170
145775521,2021-01-31,42.072454,-70.206835,186.0,research,42069,Vulpes vulpes,Red Fox,False,https://www.inaturalist.org/observations/145775521
146037607,2023-01-06,41.6210666667,-70.4327916667,4.0,research,42069,Vulpes vulpes,Red Fox,False,https://www.inaturalist.org/observations/146037607
146086102,2023-01-07,41.6568966667,-70.6157916667,102.0,research,42069,Vulpes vulpes,Red Fox,False,https://www.inaturalist.org/observations/146086102
146145842,2023-01-03,42.4885224167,-71.267006299,8.0,research,42069,Vulpes vulpes,Red Fox,False,https://www.inaturalist.org/observations/146145842
146248963,2023-01-09,42.6598446248,-70.6005581478,2.0,research,42069,Vulpes vulpes,Red Fox,False,https://www.inaturalist.org/observations/146248963
146400806,2022-12-05,42.05125,-72.7664027778,,research,42069,Vulpes vulpes,Red Fox,False,https://www.inaturalist.org/observations/146400806
146470073,2022-12-11,42.3170348404,-72.6440458735,53.0,research,42069,Vulpes vulpes,Red Fox,False,https://www.inaturalist.org/observations/146470073
147111805,2023-01-22,42.5818074766,-71.1607444958,25.0,research,42069,Vulpes vulpes,Red Fox,False,https://www.inaturalist.org/observations/147111805
147228564,2023-01-21,42.6897715904,-70.6365535725,22.0,research,42069,Vulpes vulpes,Red Fox,False,https://www.inaturalist.org/observations/147228564
147231123,2023-01-23,42.1079060481,-73.2409323543,192.0,research,42069,Vulpes vulpes,Red Fox,False,https://www.inaturalist.org/observations/147231123
147743418,2022-12-27,42.4279333333,-73.2341138889,,research,42069,Vulpes vulpes,Red Fox,False,https://www.inaturalist.org/observations/147743418
148386372,2023-02-09,42.043475,-70.21582,6.0,research,42069,Vulpes vulpes,Red Fox,False,https://www.inaturalist.org/observations/148386372
148536793,2023-02-10,42.408229454,-71.3497169413,2.0,research,42069,Vulpes vulpes,Red Fox,False,https://www.inaturalist.org/observations/148536793
148930302,2023-02-15,42.3194651916,-71.4060388553,4.0,research,42069,Vulpes vulpes,Red Fox,False,https://www.inaturalist.org/observations/148930302
149238607,2023-02-20,41.5426055556,-70.6591055556,,research,42069,Vulpes vulpes,Red Fox,False,https://www.inaturalist.org/observations/149238607
149468223,2023-02-22,41.61692,-70.435905,14.0,research,42069,Vulpes vulpes,Red Fox,False,https://www.inaturalist.org/observations/149468223
149557235,2023-02-24,42.6519944444,-71.2312055556,,research,42069,Vulpes vulpes,Red Fox,False,https://www.inaturalist.org/observations/149557235
149588903,2023-02-24,42.4368286725,-72.5222728999,67.0,research,42069,Vulpes vulpes,Red Fox,False,https://www.inaturalist.org/observations/149588903
149698226,2022-02-13,42.5076466667,-71.3275216667,4.0,research,42069,Vulpes vulpes,Red Fox,False,https://www.inaturalist.org/observations/149698226
150018753,2023-03-01,42.0786834795,-70.2204537557,8.0,research,42069,Vulpes vulpes,Red Fox,False,https://www.inaturalist.org/observations/150018753
150018799,2023-03-01,42.0787165396,-70.2203935472,4.0,research,42069,Vulpes vulpes,Red Fox,False,https://www.inaturalist.org/observations/150018799
150169174,2023-03-03,42.0788450623,-70.2200371085,8.0,research,42069,Vulpes vulpes,Red Fox,False,https://www.inaturalist.org/observations/150169174
150313684,2023-03-04,42.3688849582,-71.2565895965,26.0,research,42069,Vulpes vulpes,Red Fox,False,https://www.inaturalist.org/observations/150313684
150533745,2023-03-06,42.4366493212,-72.5226537342,41.0,research,42069,Vulpes vulpes,Red Fox,False,https://www.inaturalist.org/observations/150533745
150664947,2020-11-28,42.0763272309,-70.2169328301,179.0,research,42069,Vulpes vulpes,Red Fox,False,https://www.inaturalist.org/observations/150664947
150747180,2023-03-10,42.2541608917,-71.1537992843,129.0,research,42069,Vulpes vulpes,Red Fox,False,https://www.inaturalist.org/observations/150747180
150759598,2023-03-04,42.6467995819,-72.2443267268,2.0,research,42069,Vulpes vulpes,Red Fox,False,https://www.inaturalist.org/observations/150759598
151426107,2023-03-17,42.3159456685,-71.2954424786,24.0,research,42069,Vulpes vulpes,Red Fox,False,https://www.inaturalist.org/observations/151426107
151720379,2023-03-20,42.49028,-72.7725216667,12.0,research,42069,Vulpes vulpes,Red Fox,False,https://www.inaturalist.org/observations/151720379
151836467,2023-03-21,42.0646941997,-71.0905695,,research,42069,Vulpes vulpes,Red Fox,False,https://www.inaturalist.org/observations/151836467
152022359,2023-03-23,42.6152673819,-71.9345239922,6.0,research,126770,Vulpes vulpes fulva,Eastern American Red Fox,False,https://www.inaturalist.org/observations/152022359
152787192,2023-03-29,41.62267393,-70.4342140919,15.0,research,42069,Vulpes vulpes,Red Fox,False,https://www.inaturalist.org/observations/152787192
152853959,2014-01-04,41.7243036754,-70.131740708,211.0,research,42069,Vulpes vulpes,Red Fox,False,https://www.inaturalist.org/observations/152853959
153033582,2023-04-01,42.0118111167,-71.0142833333,23.0,research,126770,Vulpes vulpes fulva,Eastern American Red Fox,False,https://www.inaturalist.org/observations/153033582
153067048,2023-01-12,42.33007,-72.53849,,research,42069,Vulpes vulpes,Red Fox,False,https://www.inaturalist.org/observations/153067048
153171829,2023-04-02,42.4395866667,-71.3744133333,5.0,research,42069,Vulpes vulpes,Red Fox,False,https://www.inaturalist.org/observations/153171829
153248726,2023-04-02,42.183248,-71.363672,,research,42069,Vulpes vulpes,Red Fox,False,https://www.inaturalist.org/observations/153248726
153331747,2023-04-03,41.80303,-70.0061333333,4.0,research,42069,Vulpes vulpes,Red Fox,False,https://www.inaturalist.org/observations/153331747
153394776,2023-04-03,42.3543582544,-71.3450184081,8.0,research,42069,Vulpes vulpes,Red Fox,False,https://www.inaturalist.org/observations/153394776
153811517,2018-04-22,42.3305999353,-73.3657101542,64.0,research,42069,Vulpes vulpes,Red Fox,False,https://www.inaturalist.org/observations/153811517
153811619,2020-09-16,42.3030038328,-73.2806499302,200.0,research,42069,Vulpes vulpes,Red Fox,False,https://www.inaturalist.org/observations/153811619
153831292,2023-01-25,42.1699418421,-71.8776035894,1.0,research,42069,Vulpes vulpes,Red Fox,False,https://www.inaturalist.org/observations/153831292
153969094,2023-04-05,41.9887889349,-70.7036116639,27.0,research,42069,Vulpes vulpes,Red Fox,False,https://www.inaturalist.org/observations/153969094
154080683,2023-04-08,42.0787210535,-70.2204497125,8.0,research,42069,Vulpes vulpes,Red Fox,False,https://www.inaturalist.org/observations/154080683
154342881,2023-04-10,42.449656389,-71.0621454113,25.0,research,42069,Vulpes vulpes,Red Fox,False,https://www.inaturalist.org/observations/154342881
154347876,2023-04-10,42.449558819,-71.0620488601,25.0,research,42069,Vulpes vulpes,Red Fox,False,https://www.inaturalist.org/observations/154347876
155377008,2023-04-16,42.0787342149,-70.2201517255,2.0,research,42069,Vulpes vulpes,Red Fox,False,https://www.inaturalist.org/observations/155377008
155377009,2023-04-16,42.0787951894,-70.2205165059,2.0,research,42069,Vulpes vulpes,Red Fox,False,https://www.inaturalist.org/observations/155377009
155377010,2023-04-16,42.0787390768,-70.220350209,2.0,research,42069,Vulpes vulpes,Red Fox,False,https://www.inaturalist.org/observations/155377010
155377012,2023-04-16,42.0787440538,-70.2203341158,2.0,research,42069,Vulpes vulpes,Red Fox,False,https://www.inaturalist.org/observations/155377012
155377013,2023-04-16,42.0787390768,-70.2203421624,2.0,research,42069,Vulpes vulpes,Red Fox,False,https://www.inaturalist.org/observations/155377013
155377014,2023-04-16,42.0787331044,-70.2203180225,2.0,research,42069,Vulpes vulpes,Red Fox,False,https://www.inaturalist.org/observations/155377014
155377020,2023-04-16,42.078800874,-70.2204467007,2.0,research,42069,Vulpes vulpes,Red Fox,False,https://www.inaturalist.org/observations/155377020
156233842,2023-04-22,42.45326,-71.0800183333,,research,42069,Vulpes vulpes,Red Fox,False,https://www.inaturalist.org/observations/156233842
156353585,2022-10-27,42.2938740264,-71.3035055149,1.0,research,42069,Vulpes vulpes,Red Fox,False,https://www.inaturalist.org/observations/156353585
156595763,2023-04-25,41.7042706569,-70.2717959567,8.0,research,42069,Vulpes vulpes,Red Fox,False,https://www.inaturalist.org/observations/156595763
156664637,2023-04-08,42.0623062,-70.2430293,187.0,research,42069,Vulpes vulpes,Red Fox,False,https://www.inaturalist.org/observations/156664637
156777372,2023-04-26,41.6727333333,-70.0101166667,4.0,research,42069,Vulpes vulpes,Red Fox,False,https://www.inaturalist.org/observations/156777372
156909740,2023-04-27,42.2750083333,-71.30535,5.0,research,42069,Vulpes vulpes,Red Fox,False,https://www.inaturalist.org/observations/156909740
156913888,2023-04-27,42.4479577114,-71.2663853493,195.0,research,42069,Vulpes vulpes,Red Fox,False,https://www.inaturalist.org/observations/156913888
156981621,2023-04-27,42.0787346964,-70.2203946996,4.0,research,42069,Vulpes vulpes,Red Fox,False,https://www.inaturalist.org/observations/156981621
156981922,2023-04-27,42.0787413525,-70.2203565396,4.0,research,42069,Vulpes vulpes,Red Fox,False,https://www.inaturalist.org/observations/156981922
157218279,2023-04-28,42.5526060828,-70.8891534829,205.0,research,42069,Vulpes vulpes,Red Fox,False,https://www.inaturalist.org/observations/157218279
157563104,2023-04-28,42.3276996573,-72.68254783,186.0,research,42069,Vulpes vulpes,Red Fox,False,https://www.inaturalist.org/observations/157563104
158747989,2023-05-01,42.312362,-71.4350539722,,research,42069,Vulpes vulpes,Red Fox,False,https://www.inaturalist.org/observations/158747989
158922404,2023-04-30,42.0883747176,-71.2475388659,23.0,research,42069,Vulpes vulpes,Red Fox,False,https://www.inaturalist.org/observations/158922404
159451444,2023-05-02,42.2429366667,-71.7647333333,10.0,research,42069,Vulpes vulpes,Red Fox,False,https://www.inaturalist.org/observations/159451444
159544730,2023-05-03,42.0782141777,-70.2209098374,15.0,research,42069,Vulpes vulpes,Red Fox,False,https://www.inaturalist.org/observations/159544730
159561206,2020-08-26,42.188384889,-73.3694766218,213.0,research,42069,Vulpes vulpes,Red Fox,False,https://www.inaturalist.org/observations/159561206
160110209,2023-05-06,42.4494633422,-71.0620278333,26.0,research,42069,Vulpes vulpes,Red Fox,False,https://www.inaturalist.org/observations/160110209
160567977,2023-05-03,42.24295,-71.7648466667,10.0,research,42069,Vulpes vulpes,Red Fox,False,https://www.inaturalist.org/observations/160567977
160594622,2023-05-08,42.0731055,-70.205125,4.0,research,42069,Vulpes vulpes,Red Fox,False,https://www.inaturalist.org/observations/160594622
160657011,2023-05-08,42.0786678845,-70.2203666026,15.0,research,42069,Vulpes vulpes,Red Fox,False,https://www.inaturalist.org/observations/160657011
161011394,2023-05-10,42.1090425335,-70.7693091674,30.0,research,42069,Vulpes vulpes,Red Fox,False,https://www.inaturalist.org/observations/161011394
161520247,2023-05-01,41.9920543065,-70.7007094908,51.0,research,42069,Vulpes vulpes,Red Fox,False,https://www.inaturalist.org/observations/161520247
161712690,2023-05-13,42.595875,-71.530625,4.0,research,42069,Vulpes vulpes,Red Fox,False,https://www.inaturalist.org/observations/161712690
162195843,2022-06-04,42.289709,-73.316119,200.0,research,42069,Vulpes vulpes,Red Fox,False,https://www.inaturalist.org/observations/162195843
162891327,2023-04-30,42.5768466667,-71.226455,4.0,research,42069,Vulpes vulpes,Red Fox,False,https://www.inaturalist.org/observations/162891327
163214488,2023-05-22,42.5960345474,-71.5301972442,7.0,research,42069,Vulpes vulpes,Red Fox,False,https://www.inaturalist.org/observations/163214488
163315621,2023-05-23,42.6130176949,-70.891520033,4.0,research,42069,Vulpes vulpes,Red Fox,False,https://www.inaturalist.org/observations/163315621
165147900,2023-05-30,42.7385527778,-73.1828166667,,research,42069,Vulpes vulpes,Red Fox,False,https://www.inaturalist.org/observations/165147900
165514917,2023-06-03,42.2091949673,-73.3720157314,106.0,research,42069,Vulpes vulpes,Red Fox,False,https://www.inaturalist.org/observations/165514917
165649569,2023-06-03,42.074035,-70.2052613,167.0,research,42069,Vulpes vulpes,Red Fox,False,https://www.inaturalist.org/observations/165649569
165811906,2023-06-05,41.616325,-70.4354466667,4.0,research,42069,Vulpes vulpes,Red Fox,False,https://www.inaturalist.org/observations/165811906
166075702,2023-06-07,42.0739496387,-70.2054604143,5.0,research,42069,Vulpes vulpes,Red Fox,False,https://www.inaturalist.org/observations/166075702
166592973,2023-06-10,42.0740350007,-70.2052612603,167.0,research,42069,Vulpes vulpes,Red Fox,False,https://www.inaturalist.org/observations/166592973
166799587,2023-06-09,42.4874083333,-71.4409555556,,research,42069,Vulpes vulpes,Red Fox,False,https://www.inaturalist.org/observations/166799587
167357605,2023-06-14,42.2211,-70.8685533333,26.0,research,42069,Vulpes vulpes,Red Fox,False,https://www.inaturalist.org/observations/167357605
167521796,2023-06-06,42.4251814681,-71.4344979602,15.0,research,42069,Vulpes vulpes,Red Fox,False,https://www.inaturalist.org/observations/167521796
167641983,2023-06-15,42.279675,-72.5317383333,4.0,research,42069,Vulpes vulpes,Red Fox,False,https://www.inaturalist.org/observations/167641983
167693603,2023-05-15,42.4735626704,-71.4785888478,79.0,research,42069,Vulpes vulpes,Red Fox,False,https://www.inaturalist.org/observations/167693603
167786611,2023-06-16,42.0735055,-70.2060783333,5.0,research,42069,Vulpes vulpes,Red Fox,False,https://www.inaturalist.org/observations/167786611
168219974,2023-06-18,41.91999,-70.5431406,186.0,research,42069,Vulpes vulpes,Red Fox,False,https://www.inaturalist.org/observations/168219974
168764072,2023-06-21,42.0111166667,-71.1775805556,4.0,research,42069,Vulpes vulpes,Red Fox,False,https://www.inaturalist.org/observations/168764072
168886965,2023-06-22,42.2845116667,-72.7193083333,5.0,research,42069,Vulpes vulpes,Red Fox,False,https://www.inaturalist.org/observations/168886965
168994599,2023-06-21,41.7991386782,-71.0908425474,40.0,research,42069,Vulpes vulpes,Red Fox,False,https://www.inaturalist.org/observations/168994599
169188097,2023-06-15,42.6788520261,-71.8166814968,100.0,research,42069,Vulpes vulpes,Red Fox,False,https://www.inaturalist.org/observations/169188097
169307858,2023-06-24,42.0663445,-70.1949466667,7.0,research,42069,Vulpes vulpes,Red Fox,False,https://www.inaturalist.org/observations/169307858
169765857,2023-06-27,42.3835205709,-72.5167993829,11.0,research,42069,Vulpes vulpes,Red Fox,False,https://www.inaturalist.org/observations/169765857
169878740,2023-06-27,42.3967333333,-71.5580533333,4.0,research,42069,Vulpes vulpes,Red Fox,False,https://www.inaturalist.org/observations/169878740
170084156,2023-06-29,42.3301866667,-72.6295783333,4.0,research,42069,Vulpes vulpes,Red Fox,False,https://www.inaturalist.org/observations/170084156
170382942,2023-06-30,41.6053033997,-70.6468315,,research,42069,Vulpes vulpes,Red Fox,False,https://www.inaturalist.org/observations/170382942
171007099,2023-07-04,41.616845,-70.432305,4.0,research,42069,Vulpes vulpes,Red Fox,False,https://www.inaturalist.org/observations/171007099
171321777,2023-07-05,42.3831421584,-72.5164805353,247.0,research,42069,Vulpes vulpes,Red Fox,False,https://www.inaturalist.org/observations/171321777
171562674,2023-07-05,42.4841466667,-71.5738666667,43.0,research,42069,Vulpes vulpes,Red Fox,False,https://www.inaturalist.org/observations/171562674
171749380,2023-07-01,42.4249216667,-71.4752633333,5.0,research,42069,Vulpes vulpes,Red Fox,False,https://www.inaturalist.org/observations/171749380
171802728,2023-04-19,42.7857366434,-70.8617912391,50.0,research,42069,Vulpes vulpes,Red Fox,False,https://www.inaturalist.org/observations/171802728
172767091,2023-07-13,42.4540467535,-71.3757581208,156.0,research,42069,Vulpes vulpes,Red Fox,False,https://www.inaturalist.org/observations/172767091
173990451,2023-07-15,42.0426008225,-71.0892632287,187.0,research,42069,Vulpes vulpes,Red Fox,False,https://www.inaturalist.org/observations/173990451
175570602,2023-07-29,42.5529777778,-71.1954805556,,research,42069,Vulpes vulpes,Red Fox,False,https://www.inaturalist.org/observations/175570602
176835971,2023-08-05,42.4237287606,-71.1891005561,20.0,research,42069,Vulpes vulpes,Red Fox,False,https://www.inaturalist.org/observations/176835971
177774237,2023-08-10,42.0788020997,-70.2201620997,,research,42069,Vulpes vulpes,Red Fox,False,https://www.inaturalist.org/observations/177774237
178662514,2023-08-16,42.4271305556,-71.1789888889,,research,42069,Vulpes vulpes,Red Fox,False,https://www.inaturalist.org/observations/178662514
178699159,2023-08-15,42.208789116,-73.3735106885,82.0,research,42069,Vulpes vulpes,Red Fox,False,https://www.inaturalist.org/observations/178699159
178845588,2023-08-17,41.9931119665,-70.7000189219,23.0,research,42069,Vulpes vulpes,Red Fox,False,https://www.inaturalist.org/observations/178845588
179073963,2023-08-18,41.9930973231,-70.7000655641,23.0,research,42069,Vulpes vulpes,Red Fox,False,https://www.inaturalist.org/observations/179073963
179357059,2023-08-19,42.5839030034,-70.71519962,23.0,research,42069,Vulpes vulpes,Red Fox,False,https://www.inaturalist.org/observations/179357059
179448351,2023-08-20,42.6046476285,-72.5271924677,24.0,research,42069,Vulpes vulpes,Red Fox,False,https://www.inaturalist.org/observations/179448351
179518963,2023-08-19,42.3772222222,-72.5133333333,,research,42069,Vulpes vulpes,Red Fox,False,https://www.inaturalist.org/observations/179518963
179609940,2014-08-14,42.528911049,-72.547419457,2.0,research,42069,Vulpes vulpes,Red Fox,False,https://www.inaturalist.org/observations/179609940
179899784,2023-08-23,42.4243806532,-71.178903468,9.0,research,42069,Vulpes vulpes,Red Fox,False,https://www.inaturalist.org/observations/179899784
179976549,2023-08-24,41.9931121535,-70.7000282151,23.0,research,42069,Vulpes vulpes,Red Fox,False,https://www.inaturalist.org/observations/179976549
180601742,2023-08-28,42.2151646637,-70.7496118918,10.0,research,42069,Vulpes vulpes,Red Fox,False,https://www.inaturalist.org/observations/180601742
180985931,2023-08-30,42.428022428,-71.8271806211,4.0,research,42069,Vulpes vulpes,Red Fox,False,https://www.inaturalist.org/observations/180985931
180987017,2023-08-30,41.9932551543,-70.6993300793,28.0,research,42069,Vulpes vulpes,Red Fox,False,https://www.inaturalist.org/observations/180987017
181125476,2020-03-30,42.0570556277,-70.1042633144,15.0,research,42069,Vulpes vulpes,Red Fox,False,https://www.inaturalist.org/observations/181125476
181626387,2022-04-01,41.5982740033,-70.8301357691,122.0,research,42069,Vulpes vulpes,Red Fox,False,https://www.inaturalist.org/observations/181626387
181845687,2023-09-04,42.5620783333,-72.32148,5.0,research,42069,Vulpes vulpes,Red Fox,False,https://www.inaturalist.org/observations/181845687
181853244,2023-03-23,42.3794053446,-71.5723209081,25.0,research,42069,Vulpes vulpes,Red Fox,False,https://www.inaturalist.org/observations/181853244
182331387,2023-08-17,41.709663432,-70.2752092209,213.0,research,42069,Vulpes vulpes,Red Fox,False,https://www.inaturalist.org/observations/182331387
183019514,2023-09-12,42.0734353371,-70.2063776883,42.0,research,42069,Vulpes vulpes,Red Fox,False,https://www.inaturalist.org/observations/183019514
183320825,2023-06-29,42.0672527778,-71.1051833333,1.0,research,42069,Vulpes vulpes,Red Fox,False,https://www.inaturalist.org/observations/183320825
184038022,2023-09-19,42.42202,-71.185975,4.0,research,42069,Vulpes vulpes,Red Fox,False,https://www.inaturalist.org/observations/184038022
184172963,2023-09-20,42.0788805,-70.2201616667,2.0,research,42069,Vulpes vulpes,Red Fox,False,https://www.inaturalist.org/observations/184172963
184386252,2023-09-21,42.8602424997,-70.9110098,,research,42069,Vulpes vulpes,Red Fox,False,https://www.inaturalist.org/observations/184386252
184438401,2023-09-17,42.0768340224,-70.2170827172,20.0,research,42069,Vulpes vulpes,Red Fox,False,https://www.inaturalist.org/observations/184438401
184906812,2022-10-22,42.19507,-73.3686366667,16.0,research,42069,Vulpes vulpes,Red Fox,False,https://www.inaturalist.org/observations/184906812
185128519,2023-09-26,42.072931523,-70.2070302799,67.0,research,42069,Vulpes vulpes,Red Fox,False,https://www.inaturalist.org/observations/185128519
185285980,2023-09-28,41.7308082151,-70.2288874218,61.0,research,42069,Vulpes vulpes,Red Fox,False,https://www.inaturalist.org/observations/185285980
186088193,2023-10-03,42.3483039722,-71.853994,,research,42069,Vulpes vulpes,Red Fox,False,https://www.inaturalist.org/observations/186088193
186567104,2023-10-07,42.0734215,-70.2058201,11.0,research,42069,Vulpes vulpes,Red Fox,False,https://www.inaturalist.org/observations/186567104
186840603,2023-10-09,41.5862028,-70.934694,72.0,research,42069,Vulpes vulpes,Red Fox,False,https://www.inaturalist.org/observations/186840603
187186690,2023-08-04,42.4251459204,-71.5281853912,8.0,research,42069,Vulpes vulpes,Red Fox,False,https://www.inaturalist.org/observations/187186690
189112009,2023-10-27,42.1652090376,-70.7186565512,4.0,research,42069,Vulpes vulpes,Red Fox,False,https://www.inaturalist.org/observations/189112009
190464200,2023-11-08,42.6395928699,-70.6405022738,8.0,research,42069,Vulpes vulpes,Red Fox,False,https://www.inaturalist.org/observations/190464200
190932757,2023-11-13,42.3080866255,-71.0906671267,10.0,research,42069,Vulpes vulpes,Red Fox,False,https://www.inaturalist.org/observations/190932757
191130403,2023-11-15,42.5152364723,-71.1736419503,61.0,research,42069,Vulpes vulpes,Red Fox,False,https://www.inaturalist.org/observations/191130403
192020782,2023-11-23,42.419145,-71.1186055,34.0,research,42069,Vulpes vulpes,Red Fox,False,https://www.inaturalist.org/observations/192020782
192116986,2017-04-24,42.4933173428,-70.8405268306,2.0,research,42069,Vulpes vulpes,Red Fox,False,https://www.inaturalist.org/observations/192116986
192118337,2011-12-11,42.0455165772,-70.2143443169,8.0,research,42069,Vulpes vulpes,Red Fox,False,https://www.inaturalist.org/observations/192118337
192119267,2013-03-23,41.775429039,-70.506125082,2.0,research,42069,Vulpes vulpes,Red Fox,False,https://www.inaturalist.org/observations/192119267
192400240,2021-05-12,42.1019638333,-72.545805,4.0,research,42069,Vulpes vulpes,Red Fox,False,https://www.inaturalist.org/observations/192400240
192463952,2023-11-20,42.3125305556,-71.3276055556,9.0,research,42069,Vulpes vulpes,Red Fox,False,https://www.inaturalist.org/observations/192463952
193343054,2023-12-05,42.660196921,-70.6005034144,4.0,research,42069,Vulpes vulpes,Red Fox,False,https://www.inaturalist.org/observations/193343054
193505555,2023-12-09,42.3120633333,-71.3066783333,6.0,research,42069,Vulpes vulpes,Red Fox,False,https://www.inaturalist.org/observations/193505555
193632086,2023-12-10,42.6876720172,-70.6322974808,32.0,research,42069,Vulpes vulpes,Red Fox,False,https://www.inaturalist.org/observations/193632086
193805576,2023-12-12,42.6596888889,-70.6005305556,,research,42069,Vulpes vulpes,Red Fox,False,https://www.inaturalist.org/observations/193805576
194071202,2023-12-13,42.07939366,-70.2191162212,13.0,research,42069,Vulpes vulpes,Red Fox,False,https://www.inaturalist.org/observations/194071202
194354922,2023-07-25,42.0779,-70.2203055556,4.0,research,42069,Vulpes vulpes,Red Fox,False,https://www.inaturalist.org/observations/194354922
194356349,2023-12-19,41.5857980552,-70.9354998122,31.0,research,42069,Vulpes vulpes,Red Fox,False,https://www.inaturalist.org/observations/194356349
194677217,2023-12-21,42.3791110824,-71.5724522035,2.0,research,42069,Vulpes vulpes,Red Fox,False,https://www.inaturalist.org/observations/194677217
194800225,2023-06-10,42.07385696,-70.2051508456,15.0,research,42069,Vulpes vulpes,Red Fox,False,https://www.inaturalist.org/observations/194800225
195422389,2023-12-31,42.1879789722,-71.7560419722,,research,42069,Vulpes vulpes,Red Fox,False,https://www.inaturalist.org/observations/195422389
195677468,2024-01-02,41.8943281824,-69.9933958885,167.0,research,126770,Vulpes vulpes fulva,Eastern American Red Fox,False,https://www.inaturalist.org/observations/195677468
195897312,2024-01-05,42.3647633333,-71.8816533333,4.0,research,42069,Vulpes vulpes,Red Fox,False,https://www.inaturalist.org/observations/195897312
196205180,2024-01-09,42.4025831238,-71.1848888174,8.0,research,42069,Vulpes vulpes,Red Fox,False,https://www.inaturalist.org/observations/196205180
196751346,2024-01-15,42.3123829722,-71.4350749722,,research,42069,Vulpes vulpes,Red Fox,False,https://www.inaturalist.org/observations/196751346
196950958,2024-01-15,42.0788331941,-70.2196004688,4.0,research,42069,Vulpes vulpes,Red Fox,False,https://www.inaturalist.org/observations/196950958
196996887,2023-08-06,42.0728305556,-70.2081055556,3.0,research,42069,Vulpes vulpes,Red Fox,False,https://www.inaturalist.org/observations/196996887
197023097,2023-08-11,42.0737083333,-70.2089,4.0,research,42069,Vulpes vulpes,Red Fox,False,https://www.inaturalist.org/observations/197023097
197058228,2024-01-19,42.22316334,-71.84484722,10.0,research,42069,Vulpes vulpes,Red Fox,False,https://www.inaturalist.org/observations/197058228
197090833,2024-01-19,42.36488,-71.8789533333,4.0,research,42069,Vulpes vulpes,Red Fox,False,https://www.inaturalist.org/observations/197090833
197160000,2024-01-20,42.41528,-71.5615533333,3.0,research,42069,Vulpes vulpes,Red Fox,False,https://www.inaturalist.org/observations/197160000
197541543,2024-01-03,42.2378444444,-71.1590166667,,research,42069,Vulpes vulpes,Red Fox,False,https://www.inaturalist.org/observations/197541543
198021227,2024-01-27,42.0794172351,-70.2187722542,22.0,research,42069,Vulpes vulpes,Red Fox,False,https://www.inaturalist.org/observations/198021227
198389350,2024-02-04,42.1930985061,-71.7497504763,167.0,research,42069,Vulpes vulpes,Red Fox,False,https://www.inaturalist.org/observations/198389350
198578986,2012-06-05,41.7520166667,-71.1417805556,1.0,research,42069,Vulpes vulpes,Red Fox,False,https://www.inaturalist.org/observations/198578986
198749152,2024-02-08,42.0769546076,-72.5672797985,22.0,research,42069,Vulpes vulpes,Red Fox,False,https://www.inaturalist.org/observations/198749152
199452586,2022-05-03,42.1648277,-71.2503218,189.0,research,42069,Vulpes vulpes,Red Fox,False,https://www.inaturalist.org/observations/199452586
199453749,2021-04-22,42.6136156697,-73.2457413808,15.0,research,42069,Vulpes vulpes,Red Fox,False,https://www.inaturalist.org/observations/199453749
199455550,2023-08-26,41.6379761252,-70.2200459501,244.0,research,42069,Vulpes vulpes,Red Fox,False,https://www.inaturalist.org/observations/199455550
199754558,2024-02-18,42.354250164,-71.1894191591,15.0,research,42069,Vulpes vulpes,Red Fox,False,https://www.inaturalist.org/observations/199754558
199821945,2024-02-09,42.4185676137,-71.2396702474,35.0,research,42069,Vulpes vulpes,Red Fox,False,https://www.inaturalist.org/observations/199821945
199996591,2024-01-17,41.7741353001,-70.5137162744,213.0,research,42069,Vulpes vulpes,Red Fox,False,https://www.inaturalist.org/observations/199996591
200085087,2024-02-22,42.5862116667,-71.5001833333,4.0,research,42069,Vulpes vulpes,Red Fox,False,https://www.inaturalist.org/observations/200085087
201655837,2024-03-08,42.57995403,-71.45594125,9.0,research,42069,Vulpes vulpes,Red Fox,False,https://www.inaturalist.org/observations/201655837
201731520,2024-03-08,42.0785762914,-70.2204270771,31.0,research,42069,Vulpes vulpes,Red Fox,False,https://www.inaturalist.org/observations/201731520
201829156,2022-06-20,42.4068139156,-71.3268632185,33.0,research,42069,Vulpes vulpes,Red Fox,False,https://www.inaturalist.org/observations/201829156
202267520,2024-03-12,42.3199097269,-71.4054944233,4.0,research,42069,Vulpes vulpes,Red Fox,False,https://www.inaturalist.org/observations/202267520
202642976,2024-03-16,42.3779814997,-72.5856593997,,research,42069,Vulpes vulpes,Red Fox,False,https://www.inaturalist.org/observations/202642976
202753898,2024-03-16,42.0733466184,-70.2061932426,31.0,research,42069,Vulpes vulpes,Red Fox,False,https://www.inaturalist.org/observations/202753898
202754146,2024-03-16,42.0791363934,-70.2185205346,61.0,research,42069,Vulpes vulpes,Red Fox,False,https://www.inaturalist.org/observations/202754146
203147667,2024-03-15,42.6355760089,-70.6426592736,2.0,research,42069,Vulpes vulpes,Red Fox,False,https://www.inaturalist.org/observations/203147667
203167679,2024-03-19,42.0671154896,-70.1938498292,61.0,research,42069,Vulpes vulpes,Red Fox,False,https://www.inaturalist.org/observations/203167679
203227418,2014-02-26,42.0585947119,-70.1142963091,244.0,research,42069,Vulpes vulpes,Red Fox,False,https://www.inaturalist.org/observations/203227418
203288969,2024-03-20,41.6218227883,-70.3702509262,50.0,research,42069,Vulpes vulpes,Red Fox,False,https://www.inaturalist.org/observations/203288969
203537594,2024-03-22,42.0789280213,-70.2198783227,31.0,research,42069,Vulpes vulpes,Red Fox,False,https://www.inaturalist.org/observations/203537594
203772537,2024-03-23,42.0763252257,-70.2135256456,145.0,research,42069,Vulpes vulpes,Red Fox,False,https://www.inaturalist.org/observations/203772537
203954532,2024-03-25,42.0781186784,-70.221128873,31.0,research,42069,Vulpes vulpes,Red Fox,False,https://www.inaturalist.org/observations/203954532
204072533,2024-03-22,42.0331633813,-70.8414857038,8.0,research,42069,Vulpes vulpes,Red Fox,False,https://www.inaturalist.org/observations/204072533
204206434,2024-03-27,42.0784048143,-70.2169862247,15.0,research,42069,Vulpes vulpes,Red Fox,False,https://www.inaturalist.org/observations/204206434
204661720,2024-03-30,42.0794553054,-70.2190776791,31.0,research,42069,Vulpes vulpes,Red Fox,False,https://www.inaturalist.org/observations/204661720
205120297,2024-04-02,42.3658304,-72.5806912,,research,42069,Vulpes vulpes,Red Fox,False,https://www.inaturalist.org/observations/205120297
205535214,2022-01-27,42.3675022389,-71.2587205151,59.0,research,42069,Vulpes vulpes,Red Fox,False,https://www.inaturalist.org/observations/205535214
205587835,2024-04-05,42.0789847449,-70.2189204631,15.0,research,42069,Vulpes vulpes,Red Fox,False,https://www.inaturalist.org/observations/205587835
206096823,2024-04-08,42.6523722222,-71.2300361111,,research,42069,Vulpes vulpes,Red Fox,False,https://www.inaturalist.org/observations/206096823
206185814,2024-04-08,42.0782141598,-70.220751261,61.0,research,42069,Vulpes vulpes,Red Fox,False,https://www.inaturalist.org/observations/206185814
206507173,2024-04-09,42.0788358977,-70.2201747884,61.0,research,42069,Vulpes vulpes,Red Fox,False,https://www.inaturalist.org/observations/206507173
206596384,2024-04-11,42.2541383333,-71.6405416667,16.0,research,126770,Vulpes vulpes fulva,Eastern American Red Fox,False,https://www.inaturalist.org/observations/206596384
206988782,2024-04-08,42.2845156937,-72.7738296875,166.0,research,42069,Vulpes vulpes,Red Fox,False,https://www.inaturalist.org/observations/206988782
207283590,2024-04-13,42.0788277235,-70.2183246779,61.0,research,42069,Vulpes vulpes,Red Fox,False,https://www.inaturalist.org/observations/207283590
207598237,2024-04-15,42.1792563,-73.2120526,38.0,research,42069,Vulpes vulpes,Red Fox,False,https://www.inaturalist.org/observations/207598237
207681160,2024-04-16,42.0788177197,-70.22115043,61.0,research,42069,Vulpes vulpes,Red Fox,False,https://www.inaturalist.org/observations/207681160
208085805,2020-02-15,42.6232757568,-71.6432571411,,research,42069,Vulpes vulpes,Red Fox,False,https://www.inaturalist.org/observations/208085805
208247211,2024-04-19,42.0791859395,-70.2216575436,31.0,research,42069,Vulpes vulpes,Red Fox,False,https://www.inaturalist.org/observations/208247211
208479794,2023-05-03,42.603725,-70.9990466667,35.0,research,42069,Vulpes vulpes,Red Fox,False,https://www.inaturalist.org/observations/208479794
208483103,2023-11-14,42.6035716667,-70.99868,9.0,research,42069,Vulpes vulpes,Red Fox,False,https://www.inaturalist.org/observations/208483103
208790463,2024-04-22,41.9326092978,-70.065721141,15.0,research,42069,Vulpes vulpes,Red Fox,False,https://www.inaturalist.org/observations/208790463
208872808,2024-04-22,42.0786638526,-70.2212103381,61.0,research,42069,Vulpes vulpes,Red Fox,False,https://www.inaturalist.org/observations/208872808
208873563,2024-04-22,42.075475311,-70.210337738,31.0,research,42069,Vulpes vulpes,Red Fox,False,https://www.inaturalist.org/observations/208873563
208906359,2024-04-20,42.0577166667,-73.35115,4.0,research,42069,Vulpes vulpes,Red Fox,False,https://www.inaturalist.org/observations/208906359
209358717,2023-06-10,42.352897644,-71.8542175293,,research,42069,Vulpes vulpes,Red Fox,False,https://www.inaturalist.org/observations/209358717
209370123,2024-04-25,42.0783065219,-70.2208349292,31.0,research,42069,Vulpes vulpes,Red Fox,False,https://www.inaturalist.org/observations/209370123
210062911,2024-04-27,42.4714389575,-71.5423342135,33.0,research,42069,Vulpes vulpes,Red Fox,False,https://www.inaturalist.org/observations/210062911
210488966,2024-04-27,41.9954216667,-70.0295638333,8.0,research,42069,Vulpes vulpes,Red Fox,False,https://www.inaturalist.org/observations/210488966
210530600,2024-04-15,42.0757472222,-70.2118694444,21.0,research,42069,Vulpes vulpes,Red Fox,False,https://www.inaturalist.org/observations/210530600
211142992,2024-04-28,42.5720548691,-71.2629467553,19.0,research,42069,Vulpes vulpes,Red Fox,False,https://www.inaturalist.org/observations/211142992
211944279,2024-04-27,42.0780966713,-70.2210350907,8.0,research,42069,Vulpes vulpes,Red Fox,False,https://www.inaturalist.org/observations/211944279
211944283,2024-04-27,42.0781512167,-70.2210096097,2.0,research,42069,Vulpes vulpes,Red Fox,False,https://www.inaturalist.org/observations/211944283
212205868,2024-04-29,42.0780835785,-70.2213647187,31.0,research,42069,Vulpes vulpes,Red Fox,False,https://www.inaturalist.org/observations/212205868
212456142,2024-04-26,42.7238801445,-71.0322718793,2.0,research,42069,Vulpes vulpes,Red Fox,False,https://www.inaturalist.org/observations/212456142
213050586,2024-05-02,42.0784011142,-70.2211650883,61.0,research,42069,Vulpes vulpes,Red Fox,False,https://www.inaturalist.org/observations/213050586
213053190,2024-05-02,42.0782007209,-70.2209582676,61.0,research,42069,Vulpes vulpes,Red Fox,False,https://www.inaturalist.org/observations/213053190
213116385,2024-04-27,42.1334111677,-71.2524683798,184.0,research,42069,Vulpes vulpes,Red Fox,False,https://www.inaturalist.org/observations/213116385
213125618,2024-04-27,42.6232833862,-71.6427383423,18.0,research,42069,Vulpes vulpes,Red Fox,False,https://www.inaturalist.org/observations/213125618
213799812,2024-05-01,41.9932903273,-70.7075497771,63.0,research,42069,Vulpes vulpes,Red Fox,False,https://www.inaturalist.org/observations/213799812
213803671,2024-05-03,42.3523203873,-72.6752538005,57.0,research,42069,Vulpes vulpes,Red Fox,False,https://www.inaturalist.org/observations/213803671
214011004,2024-04-01,42.4123211122,-72.4799947733,101.0,research,42069,Vulpes vulpes,Red Fox,False,https://www.inaturalist.org/observations/214011004
214064201,2024-04-27,41.6168666667,-70.435425,11.0,research,42069,Vulpes vulpes,Red Fox,False,https://www.inaturalist.org/observations/214064201
214302885,2024-04-27,41.751358,-70.710716,,research,42069,Vulpes vulpes,Red Fox,False,https://www.inaturalist.org/observations/214302885
214682415,2024-05-07,41.872784554,-70.8011391982,31.0,research,42069,Vulpes vulpes,Red Fox,False,https://www.inaturalist.org/observations/214682415
214832172,2024-05-09,42.0782399625,-70.2206845295,31.0,research,42069,Vulpes vulpes,Red Fox,False,https://www.inaturalist.org/observations/214832172
215066169,2024-05-11,42.2888115439,-71.5104794882,22.0,research,42069,Vulpes vulpes,Red Fox,False,https://www.inaturalist.org/observations/215066169
215146943,2024-05-11,42.3097297094,-71.3125239936,14.0,research,42069,Vulpes vulpes,Red Fox,False,https://www.inaturalist.org/observations/215146943
215239820,2024-05-11,42.4904812997,-71.5228479,,research,42069,Vulpes vulpes,Red Fox,False,https://www.inaturalist.org/observations/215239820
215272449,2024-05-12,42.0872916667,-71.1768444444,,research,42069,Vulpes vulpes,Red Fox,False,https://www.inaturalist.org/observations/215272449
215605974,2024-05-13,42.4706570794,-71.0575483028,182.0,research,42069,Vulpes vulpes,Red Fox,False,https://www.inaturalist.org/observations/215605974
215625875,2024-05-13,42.0780760417,-70.2208702507,31.0,research,42069,Vulpes vulpes,Red Fox,False,https://www.inaturalist.org/observations/215625875
216015987,2024-05-14,42.0781207015,-70.2211287768,2.0,research,42069,Vulpes vulpes,Red Fox,False,https://www.inaturalist.org/observations/216015987
216015988,2024-05-14,42.0781036738,-70.2211596222,2.0,research,42069,Vulpes vulpes,Red Fox,False,https://www.inaturalist.org/observations/216015988
216015989,2024-05-14,42.0782194764,-70.2208744547,2.0,research,42069,Vulpes vulpes,Red Fox,False,https://www.inaturalist.org/observations/216015989
216115202,2024-05-04,41.6154937774,-70.3714246075,45.0,research,42069,Vulpes vulpes,Red Fox,False,https://www.inaturalist.org/observations/216115202
216197917,2024-05-16,42.5961450028,-71.4631116667,20.0,research,42069,Vulpes vulpes,Red Fox,False,https://www.inaturalist.org/observations/216197917
216433776,2024-05-17,42.0129361167,-71.0155027833,4.0,research,42069,Vulpes vulpes,Red Fox,False,https://www.inaturalist.org/observations/216433776
216636645,2024-05-18,42.4777251035,-71.2279564746,35.0,research,42069,Vulpes vulpes,Red Fox,False,https://www.inaturalist.org/observations/216636645
216777859,2024-05-18,42.4316216667,-71.178755,5.0,research,42069,Vulpes vulpes,Red Fox,False,https://www.inaturalist.org/observations/216777859
216788930,2024-05-17,42.0361949502,-71.5464261174,17.0,research,42069,Vulpes vulpes,Red Fox,False,https://www.inaturalist.org/observations/216788930
217406249,2024-05-21,42.0782579338,-70.2210880209,8.0,research,42069,Vulpes vulpes,Red Fox,False,https://www.inaturalist.org/observations/217406249
217406253,2024-05-21,42.0781803243,-70.2209064172,8.0,research,42069,Vulpes vulpes,Red Fox,False,https://www.inaturalist.org/observations/217406253
217837843,2024-02-21,42.1806787747,-71.3890350983,25.0,research,42069,Vulpes vulpes,Red Fox,False,https://www.inaturalist.org/observations/217837843
218360088,2024-05-23,42.0522519543,-70.1840916067,2.0,research,42069,Vulpes vulpes,Red Fox,False,https://www.inaturalist.org/observations/218360088
218536629,2024-05-25,41.8328660886,-70.5428228562,4.0,research,42069,Vulpes vulpes,Red Fox,False,https://www.inaturalist.org/observations/218536629
218552914,2024-05-19,42.0735375634,-70.2063638542,25.0,research,42069,Vulpes vulpes,Red Fox,False,https://www.inaturalist.org/observations/218552914
218628099,2024-05-22,42.0663215886,-71.1043745539,15.0,research,42069,Vulpes vulpes,Red Fox,False,https://www.inaturalist.org/observations/218628099
218738951,2024-05-26,41.6602300018,-70.124238301,60.0,research,42069,Vulpes vulpes,Red Fox,False,https://www.inaturalist.org/observations/218738951
218982067,2024-05-28,42.0991888333,-71.3883133333,21.0,research,42069,Vulpes vulpes,Red Fox,False,https://www.inaturalist.org/observations/218982067
220447209,2024-06-04,42.6132283333,-71.2848666667,14.0,research,42069,Vulpes vulpes,Red Fox,False,https://www.inaturalist.org/observations/220447209
221358234,2021-04-11,42.319992538,-71.4036760182,236.0,research,42069,Vulpes vulpes,Red Fox,False,https://www.inaturalist.org/observations/221358234
221457265,2024-06-08,41.6543666667,-70.1338111667,40.0,research,42069,Vulpes vulpes,Red Fox,False,https://www.inaturalist.org/observations/221457265
222419572,2024-06-13,42.0295502667,-71.2919221852,4.0,research,42069,Vulpes vulpes,Red Fox,False,https://www.inaturalist.org/observations/222419572
222613952,2024-06-14,41.7783135085,-70.0004917011,7.0,research,42069,Vulpes vulpes,Red Fox,False,https://www.inaturalist.org/observations/222613952
222638620,2024-06-12,42.5593185278,-71.5818328611,,research,42069,Vulpes vulpes,Red Fox,False,https://www.inaturalist.org/observations/222638620
222743386,2024-06-14,42.2132583333,-73.3908388889,,research,42069,Vulpes vulpes,Red Fox,False,https://www.inaturalist.org/observations/222743386
223198392,2021-11-05,41.7776292285,-70.0001113902,23.0,research,42069,Vulpes vulpes,Red Fox,False,https://www.inaturalist.org/observations/223198392
223670672,2024-06-18,41.9304916667,-70.0638833333,,research,42069,Vulpes vulpes,Red Fox,False,https://www.inaturalist.org/observations/223670672
223957173,2024-03-25,42.2084704955,-73.3842462301,108.0,research,42069,Vulpes vulpes,Red Fox,False,https://www.inaturalist.org/observations/223957173
224077781,2024-03-16,42.0799419,-70.219717,186.0,research,42069,Vulpes vulpes,Red Fox,False,https://www.inaturalist.org/observations/224077781
224082113,2024-06-20,41.6561345795,-70.1235582765,35.0,research,42069,Vulpes vulpes,Red Fox,False,https://www.inaturalist.org/observations/224082113
224082534,2024-06-20,41.6559535353,-70.1237223294,29.0,research,42069,Vulpes vulpes,Red Fox,False,https://www.inaturalist.org/observations/224082534
225125846,2024-06-15,42.0738259792,-70.2056407671,186.0,research,42069,Vulpes vulpes,Red Fox,False,https://www.inaturalist.org/observations/225125846
225637352,2024-06-23,42.0796416948,-70.2177341837,23.0,research,42069,Vulpes vulpes,Red Fox,False,https://www.inaturalist.org/observations/225637352
226527266,2024-07-01,42.1599055,-71.14705,11.0,research,42069,Vulpes vulpes,Red Fox,False,https://www.inaturalist.org/observations/226527266
226707595,2024-06-27,42.6441783333,-72.4325416667,4.0,research,42069,Vulpes vulpes,Red Fox,False,https://www.inaturalist.org/observations/226707595
226776912,2024-05-11,42.0786885677,-70.219179692,77.0,research,126770,Vulpes vulpes fulva,Eastern American Red Fox,False,https://www.inaturalist.org/observations/226776912
229991552,2024-07-17,41.6041749722,-70.650895,,research,42069,Vulpes vulpes,Red Fox,False,https://www.inaturalist.org/observations/229991552
230207894,2020-05-11,42.2581706477,-72.6715414724,216.0,research,42069,Vulpes vulpes,Red Fox,False,https://www.inaturalist.org/observations/230207894
230767055,2024-07-19,42.3331077338,-72.6713100448,13.0,research,42069,Vulpes vulpes,Red Fox,False,https://www.inaturalist.org/observations/230767055
231471776,2024-07-24,41.6321716667,-70.3023533333,20.0,research,42069,Vulpes vulpes,Red Fox,False,https://www.inaturalist.org/observations/231471776
231938996,2024-07-26,41.6313583333,-70.3011383333,17.0,research,42069,Vulpes vulpes,Red Fox,False,https://www.inaturalist.org/observations/231938996
232268932,2024-07-28,42.4707533333,-72.5849383333,2.0,research,42069,Vulpes vulpes,Red Fox,False,https://www.inaturalist.org/observations/232268932
233015413,2021-05-11,42.2901716667,-71.4840166667,10.0,research,42069,Vulpes vulpes,Red Fox,False,https://www.inaturalist.org/observations/233015413
233088130,2024-07-31,42.2088911834,-73.3750777692,238.0,research,42069,Vulpes vulpes,Red Fox,False,https://www.inaturalist.org/observations/233088130
233842412,2024-07-30,42.208487631,-73.3745755255,174.0,research,42069,Vulpes vulpes,Red Fox,False,https://www.inaturalist.org/observations/233842412
234487327,2024-08-08,42.0512166667,-72.7663944444,,research,42069,Vulpes vulpes,Red Fox,False,https://www.inaturalist.org/observations/234487327
235047473,2024-08-11,42.5798819722,-70.8832079722,,research,42069,Vulpes vulpes,Red Fox,False,https://www.inaturalist.org/observations/235047473
236311953,2024-08-17,42.5642461397,-71.1795530618,9.0,research,42069,Vulpes vulpes,Red Fox,False,https://www.inaturalist.org/observations/236311953
237186400,2024-08-20,41.6313283333,-70.3010866667,4.0,research,42069,Vulpes vulpes,Red Fox,False,https://www.inaturalist.org/observations/237186400
237215380,2024-02-03,42.1986262301,-73.3581226107,23.0,research,42069,Vulpes vulpes,Red Fox,False,https://www.inaturalist.org/observations/237215380
237250999,2024-08-22,41.9202416667,-70.5411383333,9.0,research,42069,Vulpes vulpes,Red Fox,False,https://www.inaturalist.org/observations/237250999
238335305,2024-08-24,42.0788922217,-70.2196361117,,research,42069,Vulpes vulpes,Red Fox,False,https://www.inaturalist.org/observations/238335305
238640917,2024-08-29,42.3453354748,-71.1958419532,151.0,research,42069,Vulpes vulpes,Red Fox,False,https://www.inaturalist.org/observations/238640917
239526122,2024-08-10,42.5725666667,-70.7794716667,4.0,research,42069,Vulpes vulpes,Red Fox,False,https://www.inaturalist.org/observations/239526122
239694146,2024-08-08,41.9073921813,-70.0170670603,31.0,research,42069,Vulpes vulpes,Red Fox,False,https://www.inaturalist.org/observations/239694146
239941648,2024-09-04,41.9938983629,-70.7030799241,5.0,research,42069,Vulpes vulpes,Red Fox,False,https://www.inaturalist.org/observations/239941648
240667164,2024-09-08,41.9923216942,-70.7048274144,92.0,research,126770,Vulpes vulpes fulva,Eastern American Red Fox,False,https://www.inaturalist.org/observations/240667164
240842660,2024-09-09,42.1001495186,-70.9337679926,15.0,research,42069,Vulpes vulpes,Red Fox,False,https://www.inaturalist.org/observations/240842660
241832172,2024-07-08,41.8398388889,-70.69325,,research,42069,Vulpes vulpes,Red Fox,False,https://www.inaturalist.org/observations/241832172
241943650,2024-09-14,42.0999962784,-70.9343366209,15.0,research,42069,Vulpes vulpes,Red Fox,False,https://www.inaturalist.org/observations/241943650
242517009,2022-09-17,42.4048002739,-71.1179065166,24.0,research,42069,Vulpes vulpes,Red Fox,False,https://www.inaturalist.org/observations/242517009
243110933,2024-08-14,42.39727,-72.5203633333,4.0,research,42069,Vulpes vulpes,Red Fox,False,https://www.inaturalist.org/observations/243110933
243677690,2024-09-22,41.9078777778,-70.0175611111,,research,42069,Vulpes vulpes,Red Fox,False,https://www.inaturalist.org/observations/243677690
243698179,2024-09-23,42.0792971667,-70.2185366667,5.0,research,42069,Vulpes vulpes,Red Fox,False,https://www.inaturalist.org/observations/243698179
245312779,2024-08-25,42.1001375778,-70.9338725987,15.0,research,42069,Vulpes vulpes,Red Fox,False,https://www.inaturalist.org/observations/245312779
245819365,2024-10-05,42.2231593,-71.8448311,110.0,research,42069,Vulpes vulpes,Red Fox,False,https://www.inaturalist.org/observations/245819365
246715605,2024-10-03,42.0735781261,-70.2062991813,15.0,research,42069,Vulpes vulpes,Red Fox,False,https://www.inaturalist.org/observations/246715605
246818712,2024-10-11,42.33105,-71.1967472222,,research,42069,Vulpes vulpes,Red Fox,False,https://www.inaturalist.org/observations/246818712
246846765,2024-10-11,42.0729889507,-70.2069776159,8.0,research,42069,Vulpes vulpes,Red Fox,False,https://www.inaturalist.org/observations/246846765
247380443,2024-10-14,42.0687050064,-70.1989825442,92.0,research,42069,Vulpes vulpes,Red Fox,False,https://www.inaturalist.org/observations/247380443
247797560,2024-10-17,42.3690253035,-71.1449939894,115.0,research,42069,Vulpes vulpes,Red Fox,False,https://www.inaturalist.org/observations/247797560
248105286,2024-09-30,42.0322972222,-72.3214444444,,research,42069,Vulpes vulpes,Red Fox,False,https://www.inaturalist.org/observations/248105286
248119795,2024-10-19,42.1518177,-71.4631569997,,research,42069,Vulpes vulpes,Red Fox,False,https://www.inaturalist.org/observations/248119795
248672871,2024-10-21,42.119075,-72.764205,4.0,research,42069,Vulpes vulpes,Red Fox,False,https://www.inaturalist.org/observations/248672871
248748515,2024-10-23,42.482721292,-71.5110285806,25.0,research,42069,Vulpes vulpes,Red Fox,False,https://www.inaturalist.org/observations/248748515
250478041,2024-10-19,42.4003768712,-72.5214474282,20.0,research,42069,Vulpes vulpes,Red Fox,False,https://www.inaturalist.org/observations/250478041
250990334,2024-11-08,42.241775,-71.1136472222,20.0,research,42069,Vulpes vulpes,Red Fox,False,https://www.inaturalist.org/observations/250990334
251054730,2024-05-17,42.4489633333,-72.8045883333,8.0,research,42069,Vulpes vulpes,Red Fox,False,https://www.inaturalist.org/observations/251054730
251195984,2024-11-10,42.4098707596,-72.5053857453,2.0,research,42069,Vulpes vulpes,Red Fox,False,https://www.inaturalist.org/observations/251195984
251954764,2024-11-16,42.0765113386,-70.2171931064,4.0,research,42069,Vulpes vulpes,Red Fox,False,https://www.inaturalist.org/observations/251954764
252168167,2024-11-18,41.7357596239,-70.1932163081,2.0,research,42069,Vulpes vulpes,Red Fox,False,https://www.inaturalist.org/observations/252168167
253057363,2024-11-25,41.736027458,-70.1934299329,4.0,research,42069,Vulpes vulpes,Red Fox,False,https://www.inaturalist.org/observations/253057363
253298919,2024-11-27,41.7354910319,-70.1929217638,4.0,research,42069,Vulpes vulpes,Red Fox,False,https://www.inaturalist.org/observations/253298919
253313438,2024-11-27,42.3286305556,-71.2103944444,,research,42069,Vulpes vulpes,Red Fox,False,https://www.inaturalist.org/observations/253313438
253394135,2024-11-28,41.735573,-70.1927829444,,research,42069,Vulpes vulpes,Red Fox,False,https://www.inaturalist.org/observations/253394135
253575053,2024-11-24,41.7356383333,-70.19252,14.0,research,42069,Vulpes vulpes,Red Fox,False,https://www.inaturalist.org/observations/253575053
253697258,2024-11-25,42.0764370352,-70.217285268,74.0,research,42069,Vulpes vulpes,Red Fox,False,https://www.inaturalist.org/observations/253697258
254276812,2024-12-05,42.2164122076,-71.8474593867,24.0,research,42069,Vulpes vulpes,Red Fox,False,https://www.inaturalist.org/observations/254276812
254340619,2024-12-06,42.3865570921,-71.1085046618,2.0,research,42069,Vulpes vulpes,Red Fox,False,https://www.inaturalist.org/observations/254340619
254591161,2024-11-27,42.6614639766,-71.1400138055,27.0,research,42069,Vulpes vulpes,Red Fox,False,https://www.inaturalist.org/observations/254591161
254865191,2024-12-11,42.5312559,-71.2221563,12.0,research,42069,Vulpes vulpes,Red Fox,False,https://www.inaturalist.org/observations/254865191
254886243,2024-12-12,42.5641612669,-71.1795341545,11.0,research,42069,Vulpes vulpes,Red Fox,False,https://www.inaturalist.org/observations/254886243
254944316,2024-12-12,42.2511111097,-71.333922602,8.0,research,42069,Vulpes vulpes,Red Fox,False,https://www.inaturalist.org/observations/254944316
255222213,2024-10-15,42.650875,-71.6155466667,35.0,research,42069,Vulpes vulpes,Red Fox,False,https://www.inaturalist.org/observations/255222213
255704872,2023-02-09,42.5442275969,-72.8248451997,48.0,research,42069,Vulpes vulpes,Red Fox,False,https://www.inaturalist.org/observations/255704872
256089161,2024-12-24,42.3495222222,-71.2038416667,,research,42069,Vulpes vulpes,Red Fox,False,https://www.inaturalist.org/observations/256089161
256316701,2024-12-26,42.0679725007,-70.1942642304,8.0,research,42069,Vulpes vulpes,Red Fox,False,https://www.inaturalist.org/observations/256316701
256957106,2011-05-22,42.8357097588,-70.818541046,15.0,research,42069,Vulpes vulpes,Red Fox,False,https://www.inaturalist.org/observations/256957106
257032135,2024-12-31,42.0693449243,-70.1975256356,1.0,research,42069,Vulpes vulpes,Red Fox,False,https://www.inaturalist.org/observations/257032135
257044605,2024-12-31,42.0694388889,-70.1970444444,4.0,research,42069,Vulpes vulpes,Red Fox,False,https://www.inaturalist.org/observations/257044605
257385661,2025-01-04,42.1137555,-73.3396533333,23.0,research,42069,Vulpes vulpes,Red Fox,False,https://www.inaturalist.org/observations/257385661
257454625,2025-01-05,41.9120729186,-71.2829269891,2.0,research,42069,Vulpes vulpes,Red Fox,False,https://www.inaturalist.org/observations/257454625
258166770,2025-01-11,42.6064716667,-72.408295,4.0,research,42069,Vulpes vulpes,Red Fox,False,https://www.inaturalist.org/observations/258166770
258277503,2024-07-03,42.0811583333,-70.22003,4.0,research,42069,Vulpes vulpes,Red Fox,False,https://www.inaturalist.org/observations/258277503
258747189,2025-01-17,42.43002,-71.18138,4.0,research,42069,Vulpes vulpes,Red Fox,False,https://www.inaturalist.org/observations/258747189
259028590,2025-01-20,41.891788,-70.539535,,research,42069,Vulpes vulpes,Red Fox,False,https://www.inaturalist.org/observations/259028590
259097396,2025-01-20,42.0792680828,-70.219170097,74.0,research,42069,Vulpes vulpes,Red Fox,False,https://www.inaturalist.org/observations/259097396
259480773,2025-01-24,42.0697097674,-70.1954946504,15.0,research,42069,Vulpes vulpes,Red Fox,False,https://www.inaturalist.org/observations/259480773
259589847,2025-01-25,42.4299616667,-71.1813883333,6.0,research,42069,Vulpes vulpes,Red Fox,False,https://www.inaturalist.org/observations/259589847
259599674,2025-01-25,42.5947976557,-71.457035881,35.0,research,42069,Vulpes vulpes,Red Fox,False,https://www.inaturalist.org/observations/259599674
260286135,2025-01-15,41.5854457942,-70.8276212263,15.0,research,42069,Vulpes vulpes,Red Fox,False,https://www.inaturalist.org/observations/260286135
260517100,2025-02-03,42.1770575068,-71.1853430041,75.0,research,42069,Vulpes vulpes,Red Fox,False,https://www.inaturalist.org/observations/260517100
260760849,2025-02-05,42.0716778333,-73.2419883333,9.0,research,42069,Vulpes vulpes,Red Fox,False,https://www.inaturalist.org/observations/260760849
261032951,2025-02-08,42.0728916667,-70.203445,4.0,research,42069,Vulpes vulpes,Red Fox,False,https://www.inaturalist.org/observations/261032951
261380407,2016-05-20,42.5414050364,-71.6330810395,34.0,research,42069,Vulpes vulpes,Red Fox,False,https://www.inaturalist.org/observations/261380407
261793717,2024-12-01,41.8431635,-69.9452957,187.0,research,42069,Vulpes vulpes,Red Fox,False,https://www.inaturalist.org/observations/261793717
261801846,2025-02-15,42.076645,-70.217565,,research,42069,Vulpes vulpes,Red Fox,False,https://www.inaturalist.org/observations/261801846
262063583,2025-02-17,42.405871593,-71.3294799998,6.0,research,42069,Vulpes vulpes,Red Fox,False,https://www.inaturalist.org/observations/262063583
262997513,2025-02-20,42.538734436,-71.5627365112,16.0,research,42069,Vulpes vulpes,Red Fox,False,https://www.inaturalist.org/observations/262997513
263285294,2025-02-25,42.7410953916,-70.962197686,38.0,research,42069,Vulpes vulpes,Red Fox,False,https://www.inaturalist.org/observations/263285294
263331268,2025-02-27,42.4259283,-71.3039469,38.0,research,42069,Vulpes vulpes,Red Fox,False,https://www.inaturalist.org/observations/263331268
263394384,2025-02-28,42.1805185488,-71.216197814,15.0,research,42069,Vulpes vulpes,Red Fox,False,https://www.inaturalist.org/observations/263394384
263557662,2025-03-01,42.0788774436,-70.2177185769,61.0,research,42069,Vulpes vulpes,Red Fox,False,https://www.inaturalist.org/observations/263557662
263629302,2025-03-01,42.0778137094,-70.2188858762,58.0,research,42069,Vulpes vulpes,Red Fox,False,https://www.inaturalist.org/observations/263629302
264753156,2025-02-18,42.3201809015,-71.3031742632,186.0,research,42069,Vulpes vulpes,Red Fox,False,https://www.inaturalist.org/observations/264753156
264862373,2025-03-10,42.0792117945,-70.2202991756,61.0,research,42069,Vulpes vulpes,Red Fox,False,https://www.inaturalist.org/observations/264862373
265038237,2025-03-12,42.4776416667,-71.0687028333,6.0,research,42069,Vulpes vulpes,Red Fox,False,https://www.inaturalist.org/observations/265038237
265056834,2025-03-11,42.4511888889,-71.8473944444,,research,42069,Vulpes vulpes,Red Fox,False,https://www.inaturalist.org/observations/265056834
265347374,2025-03-14,42.288995,-71.2802116667,5.0,research,42069,Vulpes vulpes,Red Fox,False,https://www.inaturalist.org/observations/265347374
265423053,2025-03-15,42.8286206441,-70.8182588598,74.0,research,42069,Vulpes vulpes,Red Fox,False,https://www.inaturalist.org/observations/265423053
265898757,2025-03-17,42.0739138333,-70.2058633333,3.0,research,42069,Vulpes vulpes,Red Fox,False,https://www.inaturalist.org/observations/265898757
266449602,2025-03-22,42.077636181,-70.2173757037,15.0,research,42069,Vulpes vulpes,Red Fox,False,https://www.inaturalist.org/observations/266449602
266733630,2025-03-24,42.2839783039,-72.5960711483,3.0,research,42069,Vulpes vulpes,Red Fox,False,https://www.inaturalist.org/observations/266733630
266798183,2025-01-16,42.5427025922,-72.8265034357,196.0,research,42069,Vulpes vulpes,Red Fox,False,https://www.inaturalist.org/observations/266798183
266966341,2025-03-25,42.0784152226,-70.2180889521,15.0,research,42069,Vulpes vulpes,Red Fox,False,https://www.inaturalist.org/observations/266966341
267273184,2025-03-27,42.0791914044,-70.2183354575,15.0,research,42069,Vulpes vulpes,Red Fox,False,https://www.inaturalist.org/observations/267273184
267423772,2025-03-28,42.2029948158,-72.628512725,47.0,research,42069,Vulpes vulpes,Red Fox,False,https://www.inaturalist.org/observations/267423772
267717881,2025-03-29,42.0728028333,-70.20285,8.0,research,42069,Vulpes vulpes,Red Fox,False,https://www.inaturalist.org/observations/267717881
267980533,2025-03-31,42.076859322,-70.2154317934,8.0,research,42069,Vulpes vulpes,Red Fox,False,https://www.inaturalist.org/observations/267980533
268628890,2025-04-04,42.254275,-71.6531916667,14.0,research,42069,Vulpes vulpes,Red Fox,False,https://www.inaturalist.org/observations/268628890
268817230,2025-04-05,42.0793549347,-70.2187802983,31.0,research,42069,Vulpes vulpes,Red Fox,False,https://www.inaturalist.org/observations/268817230
269113701,2025-04-07,42.5879393992,-73.0885247623,11.0,research,42069,Vulpes vulpes,Red Fox,False,https://www.inaturalist.org/observations/269113701
269362855,2025-04-08,42.0765641031,-70.2153238182,15.0,research,42069,Vulpes vulpes,Red Fox,False,https://www.inaturalist.org/observations/269362855
269362856,2025-04-08,42.0782614223,-70.2210266065,8.0,research,42069,Vulpes vulpes,Red Fox,False,https://www.inaturalist.org/observations/269362856
269696975,2025-04-10,42.0781924591,-70.2207076157,31.0,research,42069,Vulpes vulpes,Red Fox,False,https://www.inaturalist.org/observations/269696975
269889193,2023-04-21,42.6280691605,-71.9154997543,55.0,research,42069,Vulpes vulpes,Red Fox,False,https://www.inaturalist.org/observations/269889193
270126097,2022-12-29,42.2921966667,-71.2191083333,11.0,research,42069,Vulpes vulpes,Red Fox,False,https://www.inaturalist.org/observations/270126097
270521012,2025-04-14,42.0782850707,-70.2210418493,8.0,research,42069,Vulpes vulpes,Red Fox,False,https://www.inaturalist.org/observations/270521012
270521016,2025-04-14,42.0781444507,-70.2207635824,15.0,research,42069,Vulpes vulpes,Red Fox,False,https://www.inaturalist.org/observations/270521016
270533441,2023-05-08,42.0730971667,-70.2051383333,4.0,research,42069,Vulpes vulpes,Red Fox,False,https://www.inaturalist.org/observations/270533441
271098066,2025-04-17,42.0783065283,-70.2210570051,15.0,research,42069,Vulpes vulpes,Red Fox,False,https://www.inaturalist.org/observations/271098066
271571358,2025-04-19,42.0781379824,-70.2210335949,4.0,research,42069,Vulpes vulpes,Red Fox,False,https://www.inaturalist.org/observations/271571358
271723735,2025-04-20,42.1386689,-70.94661,38.0,research,42069,Vulpes vulpes,Red Fox,False,https://www.inaturalist.org/observations/271723735
271822360,2025-04-16,42.0568861341,-70.2166666836,4.0,research,42069,Vulpes vulpes,Red Fox,False,https://www.inaturalist.org/observations/271822360
271950793,2025-04-19,41.8415833333,-69.972375,14.0,research,42069,Vulpes vulpes,Red Fox,False,https://www.inaturalist.org/observations/271950793
272520767,2025-04-23,42.0737944444,-70.2056111111,,research,42069,Vulpes vulpes,Red Fox,False,https://www.inaturalist.org/observations/272520767
272769477,2023-12-24,42.3157833333,-71.2976,4.0,research,42069,Vulpes vulpes,Red Fox,False,https://www.inaturalist.org/observations/272769477
272772295,2022-02-05,42.3157583333,-71.2976,14.0,research,42069,Vulpes vulpes,Red Fox,False,https://www.inaturalist.org/observations/272772295
273086099,2025-04-25,42.56903,-70.8451216667,3.0,research,42069,Vulpes vulpes,Red Fox,False,https://www.inaturalist.org/observations/273086099
273550401,2025-04-25,42.2033355925,-72.6293784007,28.0,research,42069,Vulpes vulpes,Red Fox,False,https://www.inaturalist.org/observations/273550401
275522889,2025-04-28,42.2032944444,-72.629375,,research,42069,Vulpes vulpes,Red Fox,False,https://www.inaturalist.org/observations/275522889
275681174,2025-04-28,42.0389888333,-70.6856166667,15.0,research,42069,Vulpes vulpes,Red Fox,False,https://www.inaturalist.org/observations/275681174
275969084,2025-04-28,42.0442324413,-70.214757487,111.0,research,42069,Vulpes vulpes,Red Fox,False,https://www.inaturalist.org/observations/275969084
276010771,2025-04-28,42.3535957336,-71.2016601563,81.0,research,42069,Vulpes vulpes,Red Fox,False,https://www.inaturalist.org/observations/276010771
277468907,2025-05-01,42.198601794,-71.8961490053,91.0,research,42069,Vulpes vulpes,Red Fox,False,https://www.inaturalist.org/observations/277468907
277684300,2025-05-02,42.4007833333,-71.13325,,research,42069,Vulpes vulpes,Red Fox,False,https://www.inaturalist.org/observations/277684300
277762685,2025-05-02,41.6401216667,-70.371605,,research,42069,Vulpes vulpes,Red Fox,False,https://www.inaturalist.org/observations/277762685
277897000,2025-05-02,42.0733849258,-70.2060822241,15.0,research,42069,Vulpes vulpes,Red Fox,False,https://www.inaturalist.org/observations/277897000
277897001,2025-05-02,42.0741777979,-70.2053121641,4.0,research,42069,Vulpes vulpes,Red Fox,False,https://www.inaturalist.org/observations/277897001
278004461,2025-05-03,42.2032347579,-72.6292285323,19.0,research,42069,Vulpes vulpes,Red Fox,False,https://www.inaturalist.org/observations/278004461
278068625,2025-05-03,42.3767722275,-72.5154197935,13.0,research,42069,Vulpes vulpes,Red Fox,False,https://www.inaturalist.org/observations/278068625
278115534,2025-05-03,42.0748166667,-70.209305,10.0,research,42069,Vulpes vulpes,Red Fox,False,https://www.inaturalist.org/observations/278115534
278236142,2025-05-03,42.0742148122,-70.205287144,4.0,research,42069,Vulpes vulpes,Red Fox,False,https://www.inaturalist.org/observations/278236142
278988144,2025-05-06,42.4879937097,-71.4744703485,15.0,research,42069,Vulpes vulpes,Red Fox,False,https://www.inaturalist.org/observations/278988144
279094499,2025-05-06,42.0742016581,-70.2052253996,8.0,research,42069,Vulpes vulpes,Red Fox,False,https://www.inaturalist.org/observations/279094499
279328898,2025-04-02,42.3650286329,-71.8788020137,6.0,research,42069,Vulpes vulpes,Red Fox,False,https://www.inaturalist.org/observations/279328898
279361704,2025-04-20,42.0692457372,-70.1966366167,8.0,research,42069,Vulpes vulpes,Red Fox,False,https://www.inaturalist.org/observations/279361704
279609099,2025-05-08,41.775710333,-70.5216687928,8.0,research,42069,Vulpes vulpes,Red Fox,False,https://www.inaturalist.org/observations/279609099
279998480,2025-05-10,42.1595840454,-71.6790771484,4.0,research,42069,Vulpes vulpes,Red Fox,False,https://www.inaturalist.org/observations/279998480
280005492,2025-05-10,42.665925,-72.4838116667,4.0,research,42069,Vulpes vulpes,Red Fox,False,https://www.inaturalist.org/observations/280005492
280246235,2025-05-11,42.193395,-71.1226361667,3.0,research,42069,Vulpes vulpes,Red Fox,False,https://www.inaturalist.org/observations/280246235
280338263,2025-05-11,42.6034216576,-70.9032923545,104.0,research,42069,Vulpes vulpes,Red Fox,False,https://www.inaturalist.org/observations/280338263
280882566,2025-05-13,42.0666097551,-70.1945658114,15.0,research,42069,Vulpes vulpes,Red Fox,False,https://www.inaturalist.org/observations/280882566
280887033,2025-05-13,42.0741853989,-70.2052339251,4.0,research,42069,Vulpes vulpes,Red Fox,False,https://www.inaturalist.org/observations/280887033
281544648,2025-05-16,42.2809616667,-71.7629783333,8.0,research,42069,Vulpes vulpes,Red Fox,False,https://www.inaturalist.org/observations/281544648
281598089,2025-05-16,41.7167930603,-71.1571655273,29.0,research,42069,Vulpes vulpes,Red Fox,False,https://www.inaturalist.org/observations/281598089
282509029,2025-05-19,42.107875,-71.1364222222,,research,42069,Vulpes vulpes,Red Fox,False,https://www.inaturalist.org/observations/282509029
282769119,2025-05-20,42.0792822298,-70.2187262509,31.0,research,42069,Vulpes vulpes,Red Fox,False,https://www.inaturalist.org/observations/282769119
282769120,2025-05-20,42.0787088814,-70.2202175591,15.0,research,42069,Vulpes vulpes,Red Fox,False,https://www.inaturalist.org/observations/282769120
283483909,2025-05-10,42.7066670955,-73.211089057,17.0,research,126770,Vulpes vulpes fulva,Eastern American Red Fox,False,https://www.inaturalist.org/observations/283483909
283601472,2025-05-23,42.2033281417,-72.6294109225,5.0,research,42069,Vulpes vulpes,Red Fox,False,https://www.inaturalist.org/observations/283601472
283745553,2025-05-24,42.0791555,-70.2192083333,2.0,research,42069,Vulpes vulpes,Red Fox,False,https://www.inaturalist.org/observations/283745553
284091332,2025-05-25,42.6553565496,-70.8622250379,31.0,research,42069,Vulpes vulpes,Red Fox,False,https://www.inaturalist.org/observations/284091332
284310409,2025-05-24,42.2033277778,-72.6294166667,,research,42069,Vulpes vulpes,Red Fox,False,https://www.inaturalist.org/observations/284310409
284424446,2025-05-26,42.1154111667,-71.1578361667,22.0,research,42069,Vulpes vulpes,Red Fox,False,https://www.inaturalist.org/observations/284424446
284519556,2025-05-27,42.203307031,-72.6293820888,11.0,research,42069,Vulpes vulpes,Red Fox,False,https://www.inaturalist.org/observations/284519556
284705552,2025-05-27,42.0787260541,-70.2203299825,8.0,research,42069,Vulpes vulpes,Red Fox,False,https://www.inaturalist.org/observations/284705552
284941640,2025-05-28,42.1256186997,-71.1728597997,,research,42069,Vulpes vulpes,Red Fox,False,https://www.inaturalist.org/observations/284941640
285229857,2024-10-24,42.3203716667,-72.5346533333,121.0,research,42069,Vulpes vulpes,Red Fox,False,https://www.inaturalist.org/observations/285229857
285240003,2025-05-27,42.1434112296,-72.4420342015,4.0,research,42069,Vulpes vulpes,Red Fox,False,https://www.inaturalist.org/observations/285240003
285358111,2025-05-29,42.3074527778,-71.1789777778,,research,42069,Vulpes vulpes,Red Fox,False,https://www.inaturalist.org/observations/285358111
285427108,2025-05-17,42.0476277778,-70.2187416667,2.0,research,42069,Vulpes vulpes,Red Fox,False,https://www.inaturalist.org/observations/285427108
285489195,2025-05-30,42.077960999,-70.2178899194,4.0,research,42069,Vulpes vulpes,Red Fox,False,https://www.inaturalist.org/observations/285489195
285489204,2025-05-30,42.0787103409,-70.220293937,8.0,research,42069,Vulpes vulpes,Red Fox,False,https://www.inaturalist.org/observations/285489204
286131076,2025-06-01,42.0444445,-70.19197,5.0,research,42069,Vulpes vulpes,Red Fox,False,https://www.inaturalist.org/observations/286131076
286669075,2025-06-03,42.078749515,-70.2202283588,15.0,research,42069,Vulpes vulpes,Red Fox,False,https://www.inaturalist.org/observations/286669075
286671891,2025-06-03,42.0785861667,-70.220445,5.0,research,42069,Vulpes vulpes,Red Fox,False,https://www.inaturalist.org/observations/286671891
286752971,2025-06-04,42.51799967,-72.53236911,5.0,research,42069,Vulpes vulpes,Red Fox,False,https://www.inaturalist.org/observations/286752971
286769034,2025-06-04,42.2033780622,-72.6293988526,18.0,research,42069,Vulpes vulpes,Red Fox,False,https://www.inaturalist.org/observations/286769034
286769242,2025-06-03,42.2033651475,-72.6293613017,6.0,research,42069,Vulpes vulpes,Red Fox,False,https://www.inaturalist.org/observations/286769242
286769552,2025-05-28,42.2033432917,-72.6293814182,5.0,research,42069,Vulpes vulpes,Red Fox,False,https://www.inaturalist.org/observations/286769552
287178906,2025-04-21,42.5397222222,-71.0947694444,,research,42069,Vulpes vulpes,Red Fox,False,https://www.inaturalist.org/observations/287178906
288084288,2025-06-08,42.6547194444,-70.6052555556,,research,42069,Vulpes vulpes,Red Fox,False,https://www.inaturalist.org/observations/288084288
288779984,2025-06-06,42.0779721667,-70.2175366667,10.0,research,42069,Vulpes vulpes,Red Fox,False,https://www.inaturalist.org/observations/288779984
289068122,2025-06-12,42.0490979132,-70.6448092257,37.0,research,42069,Vulpes vulpes,Red Fox,False,https://www.inaturalist.org/observations/289068122
289140816,2025-06-12,42.0664914824,-70.1943983408,4.0,research,42069,Vulpes vulpes,Red Fox,False,https://www.inaturalist.org/observations/289140816
289410935,2023-07-12,42.399285569,-71.5833309665,129.0,research,42069,Vulpes vulpes,Red Fox,False,https://www.inaturalist.org/observations/289410935
289710878,2021-12-24,42.3862781035,-72.5153349673,58.0,research,42069,Vulpes vulpes,Red Fox,False,https://www.inaturalist.org/observations/289710878
289869508,2025-06-14,42.3805583333,-71.1398166667,3.0,research,42069,Vulpes vulpes,Red Fox,False,https://www.inaturalist.org/observations/289869508
289882406,2025-06-12,42.0793243,-70.2188393997,,research,42069,Vulpes vulpes,Red Fox,False,https://www.inaturalist.org/observations/289882406
290108475,2025-06-16,41.79213,-69.9397133333,20.0,research,42069,Vulpes vulpes,Red Fox,False,https://www.inaturalist.org/observations/290108475
290141306,2025-06-15,41.856842,-70.0051299722,,research,42069,Vulpes vulpes,Red Fox,False,https://www.inaturalist.org/observations/290141306
290204625,2025-06-16,41.8365883333,-69.97532,45.0,research,42069,Vulpes vulpes,Red Fox,False,https://www.inaturalist.org/observations/290204625
290330586,2025-04-02,42.0777758803,-70.21776437,128.0,research,42069,Vulpes vulpes,Red Fox,False,https://www.inaturalist.org/observations/290330586
290370792,2025-06-17,42.4299166667,-71.1814716667,5.0,research,42069,Vulpes vulpes,Red Fox,False,https://www.inaturalist.org/observations/290370792
290895583,2025-06-18,42.193795,-71.1257695,5.0,research,42069,Vulpes vulpes,Red Fox,False,https://www.inaturalist.org/observations/290895583
291443714,2025-06-20,42.0784319826,-70.2185781363,76.0,research,42069,Vulpes vulpes,Red Fox,False,https://www.inaturalist.org/observations/291443714
291987296,2025-06-22,42.0794361667,-70.2192083333,6.0,research,42069,Vulpes vulpes,Red Fox,False,https://www.inaturalist.org/observations/291987296
292603595,2025-06-24,41.6709916,-69.9479434997,,research,42069,Vulpes vulpes,Red Fox,False,https://www.inaturalist.org/observations/292603595
293097703,2024-03-19,41.944837855,-70.6738970397,92.0,research,42069,Vulpes vulpes,Red Fox,False,https://www.inaturalist.org/observations/293097703
293225831,2025-01-16,42.3740116667,-71.2779,10.0,research,42069,Vulpes vulpes,Red Fox,False,https://www.inaturalist.org/observations/293225831
294002230,2025-06-30,42.2185083333,-72.0461888889,,research,42069,Vulpes vulpes,Red Fox,False,https://www.inaturalist.org/observations/294002230
294140733,2025-06-30,42.2384833333,-71.27568,4.0,research,42069,Vulpes vulpes,Red Fox,False,https://www.inaturalist.org/observations/294140733
295198558,2025-07-04,41.7654805556,-70.6667138889,,research,42069,Vulpes vulpes,Red Fox,False,https://www.inaturalist.org/observations/295198558
295277387,2024-04-01,42.7814039,-71.0679188,189.0,research,42069,Vulpes vulpes,Red Fox,False,https://www.inaturalist.org/observations/295277387
296222222,2025-07-08,42.2810922997,-71.7602487,,research,42069,Vulpes vulpes,Red Fox,False,https://www.inaturalist.org/observations/296222222
296357245,2025-07-05,42.387495,-71.1762783333,10.0,research,42069,Vulpes vulpes,Red Fox,False,https://www.inaturalist.org/observations/296357245
296857667,2025-07-10,42.4286783333,-71.1818466667,4.0,research,42069,Vulpes vulpes,Red Fox,False,https://www.inaturalist.org/observations/296857667
297582397,2025-07-12,42.0793083333,-70.2191033333,102.0,research,42069,Vulpes vulpes,Red Fox,False,https://www.inaturalist.org/observations/297582397
297956797,2015-03-07,42.8324628059,-70.8180648165,183.0,research,42069,Vulpes vulpes,Red Fox,False,https://www.inaturalist.org/observations/297956797
298643266,2025-07-17,42.0488361667,-70.667005,8.0,research,42069,Vulpes vulpes,Red Fox,False,https://www.inaturalist.org/observations/298643266
298880818,2025-07-18,42.0312829083,-70.9545202554,3.0,research,42069,Vulpes vulpes,Red Fox,False,https://www.inaturalist.org/observations/298880818
299367089,2025-05-28,42.0529416667,-70.1834333333,3.0,research,42069,Vulpes vulpes,Red Fox,False,https://www.inaturalist.org/observations/299367089
299822144,2025-07-21,41.8974417516,-70.0192322955,24.0,research,42069,Vulpes vulpes,Red Fox,False,https://www.inaturalist.org/observations/299822144
300581826,2025-07-02,42.0497028333,-70.1871333333,5.0,research,42069,Vulpes vulpes,Red Fox,False,https://www.inaturalist.org/observations/300581826
301271918,2025-07-25,41.7358357264,-70.6795224175,12.0,research,42069,Vulpes vulpes,Red Fox,False,https://www.inaturalist.org/observations/301271918
301641545,2025-07-21,42.2355161997,-71.0530696997,,research,42069,Vulpes vulpes,Red Fox,False,https://www.inaturalist.org/observations/301641545
301710640,2025-07-26,41.928105,-70.0621028333,9.0,research,42069,Vulpes vulpes,Red Fox,False,https://www.inaturalist.org/observations/301710640
302354002,2025-07-30,42.3500833333,-71.7090616667,63.0,research,42069,Vulpes vulpes,Red Fox,False,https://www.inaturalist.org/observations/302354002
303683293,2025-08-03,42.0584616509,-70.1744654729,93.0,research,42069,Vulpes vulpes,Red Fox,False,https://www.inaturalist.org/observations/303683293
304309282,2025-08-06,42.3762361111,-71.2223666667,,research,42069,Vulpes vulpes,Red Fox,False,https://www.inaturalist.org/observations/304309282
304360570,2025-08-06,41.733725,-71.2234138889,,research,42069,Vulpes vulpes,Red Fox,False,https://www.inaturalist.org/observations/304360570
305562218,2025-08-11,42.3522716667,-71.2270366667,11.0,research,42069,Vulpes vulpes,Red Fox,False,https://www.inaturalist.org/observations/305562218
305869794,2025-08-12,42.4292889927,-71.2790439523,85.0,research,42069,Vulpes vulpes,Red Fox,False,https://www.inaturalist.org/observations/305869794
305908940,2025-08-12,41.7731133333,-70.8472216667,3.0,research,42069,Vulpes vulpes,Red Fox,False,https://www.inaturalist.org/observations/305908940
306235157,2024-10-13,42.0736656189,-70.2063980103,,research,42069,Vulpes vulpes,Red Fox,False,https://www.inaturalist.org/observations/306235157
306809593,2025-08-15,41.74305,-70.1615528333,75.0,research,42069,Vulpes vulpes,Red Fox,False,https://www.inaturalist.org/observations/306809593
307282129,2025-08-15,42.0725055556,-70.2076722222,4.0,research,42069,Vulpes vulpes,Red Fox,False,https://www.inaturalist.org/observations/307282129
307645724,2025-08-09,41.7380716667,-70.679145,7.0,research,42069,Vulpes vulpes,Red Fox,False,https://www.inaturalist.org/observations/307645724
307711167,2025-08-20,42.0324134863,-70.9554730942,7.0,research,42069,Vulpes vulpes,Red Fox,False,https://www.inaturalist.org/observations/307711167
308212037,2025-08-19,42.3510479281,-71.2184582783,20.0,research,42069,Vulpes vulpes,Red Fox,False,https://www.inaturalist.org/observations/308212037
308833605,2025-08-21,42.7114966667,-73.1898283333,4.0,research,42069,Vulpes vulpes,Red Fox,False,https://www.inaturalist.org/observations/308833605
310064800,2025-08-18,42.0617286114,-70.2176290007,28.0,research,42069,Vulpes vulpes,Red Fox,False,https://www.inaturalist.org/observations/310064800
311417175,2023-10-19,42.0790301923,-70.2194576138,15.0,research,42069,Vulpes vulpes,Red Fox,False,https://www.inaturalist.org/observations/311417175
311577331,2025-09-04,42.4895883333,-72.6056283333,4.0,research,42069,Vulpes vulpes,Red Fox,False,https://www.inaturalist.org/observations/311577331
311787354,2025-03-27,42.0784305,-70.2192,2.0,research,42069,Vulpes vulpes,Red Fox,False,https://www.inaturalist.org/observations/311787354
312058998,2025-09-05,42.0579611667,-70.1759866667,14.0,research,42069,Vulpes vulpes,Red Fox,False,https://www.inaturalist.org/observations/312058998
314224695,2025-09-03,42.387151,-71.1694609722,,research,42069,Vulpes vulpes,Red Fox,False,https://www.inaturalist.org/observations/314224695
314274023,2025-09-13,42.0792361667,-70.218475,4.0,research,42069,Vulpes vulpes,Red Fox,False,https://www.inaturalist.org/observations/314274023
314311936,2025-09-14,42.1195572522,-72.7564245389,16.0,research,42069,Vulpes vulpes,Red Fox,False,https://www.inaturalist.org/observations/314311936
314786997,2025-09-18,42.3503567051,-71.2165327659,43.0,research,42069,Vulpes vulpes,Red Fox,False,https://www.inaturalist.org/observations/314786997
316392804,2025-09-24,42.5968333333,-72.55033,10.0,research,42069,Vulpes vulpes,Red Fox,False,https://www.inaturalist.org/observations/316392804
316875568,2025-09-26,41.6547203039,-70.1694252687,39.0,research,42069,Vulpes vulpes,Red Fox,False,https://www.inaturalist.org/observations/316875568
316961264,2025-08-18,42.0622410322,-70.2172002647,8.0,research,42069,Vulpes vulpes,Red Fox,False,https://www.inaturalist.org/observations/316961264
317052016,2025-09-16,42.3202205657,-71.3032386362,42.0,research,42069,Vulpes vulpes,Red Fox,False,https://www.inaturalist.org/observations/317052016
317456688,2025-09-28,42.3869466667,-71.1077333333,5.0,research,42069,Vulpes vulpes,Red Fox,False,https://www.inaturalist.org/observations/317456688
317509475,2025-09-29,42.585175,-71.3678966667,9.0,research,42069,Vulpes vulpes,Red Fox,False,https://www.inaturalist.org/observations/317509475
318311683,2025-10-02,42.0578083333,-70.17633,24.0,research,42069,Vulpes vulpes,Red Fox,False,https://www.inaturalist.org/observations/318311683
318413923,2025-10-03,41.753516421,-70.7404275044,229.0,research,42069,Vulpes vulpes,Red Fox,False,https://www.inaturalist.org/observations/318413923
318889820,2025-10-05,42.3726833333,-71.1651695,16.0,research,42069,Vulpes vulpes,Red Fox,False,https://www.inaturalist.org/observations/318889820
319042602,2025-10-05,42.0665277778,-70.1941305556,,research,42069,Vulpes vulpes,Red Fox,False,https://www.inaturalist.org/observations/319042602
319054502,2025-10-05,42.3871383333,-71.1081388333,3.0,research,42069,Vulpes vulpes,Red Fox,False,https://www.inaturalist.org/observations/319054502
319637136,2025-10-07,42.39581465,-72.5206875,6.0,research,42069,Vulpes vulpes,Red Fox,False,https://www.inaturalist.org/observations/319637136
320430481,2025-06-01,42.5634450193,-71.2949306347,87.0,research,42069,Vulpes vulpes,Red Fox,False,https://www.inaturalist.org/observations/320430481
321146340,2025-10-15,42.2943562366,-71.7867404546,68.0,research,42069,Vulpes vulpes,Red Fox,False,https://www.inaturalist.org/observations/321146340
321486286,2025-10-17,42.2218876,-71.701706,,research,42069,Vulpes vulpes,Red Fox,False,https://www.inaturalist.org/observations/321486286
321932098,2025-10-19,42.7077041757,-73.1862375153,68.0,research,42069,Vulpes vulpes,Red Fox,False,https://www.inaturalist.org/observations/321932098
321961992,2025-10-18,42.0671471667,-70.1966466667,4.0,research,42069,Vulpes vulpes,Red Fox,False,https://www.inaturalist.org/observations/321961992
322214283,2025-10-21,41.5599802914,-69.9939936507,3.0,research,42069,Vulpes vulpes,Red Fox,False,https://www.inaturalist.org/observations/322214283
322254371,2025-10-18,42.0697662204,-70.1956691666,54.0,research,42069,Vulpes vulpes,Red Fox,False,https://www.inaturalist.org/observations/322254371
322309066,2025-10-21,42.066048993,-70.1945493548,31.0,research,42069,Vulpes vulpes,Red Fox,False,https://www.inaturalist.org/observations/322309066
322560919,2025-10-22,42.42197,-71.2682883333,4.0,research,42069,Vulpes vulpes,Red Fox,False,https://www.inaturalist.org/observations/322560919
322948082,2025-10-24,42.1224861667,-72.7701716667,8.0,research,42069,Vulpes vulpes,Red Fox,False,https://www.inaturalist.org/observations/322948082
323077199,2025-10-25,42.0665652062,-70.1945162981,8.0,research,42069,Vulpes vulpes,Red Fox,False,https://www.inaturalist.org/observations/323077199
323447079,2025-10-27,42.1790213404,-71.9304423177,15.0,research,126770,Vulpes vulpes fulva,Eastern American Red Fox,False,https://www.inaturalist.org/observations/323447079
323531200,2025-10-27,41.95798,-70.6929383333,3.0,research,42069,Vulpes vulpes,Red Fox,False,https://www.inaturalist.org/observations/323531200
323575643,2025-09-20,42.2381617801,-71.3759898558,54.0,research,42069,Vulpes vulpes,Red Fox,False,https://www.inaturalist.org/observations/323575643
323577442,2025-10-21,42.3870977686,-71.5710251215,219.0,research,42069,Vulpes vulpes,Red Fox,False,https://www.inaturalist.org/observations/323577442
323580292,2025-10-27,42.0794055,-70.2195666667,2.0,research,42069,Vulpes vulpes,Red Fox,False,https://www.inaturalist.org/observations/323580292
323977392,2025-10-27,42.4821283333,-71.511345,16.0,research,126770,Vulpes vulpes fulva,Eastern American Red Fox,False,https://www.inaturalist.org/observations/323977392
324728870,2025-11-03,41.5675623997,-70.4712949,,research,42069,Vulpes vulpes,Red Fox,False,https://www.inaturalist.org/observations/324728870
325208531,2025-09-29,42.3870686173,-71.5710458386,125.0,research,42069,Vulpes vulpes,Red Fox,False,https://www.inaturalist.org/observations/325208531
325209683,2025-11-06,42.179173042,-71.9309420672,38.0,research,126770,Vulpes vulpes fulva,Eastern American Red Fox,False,https://www.inaturalist.org/observations/325209683
325252580,2025-11-06,42.0664709648,-70.1944620017,15.0,research,42069,Vulpes vulpes,Red Fox,False,https://www.inaturalist.org/observations/325252580
325252856,2025-11-06,42.0729455684,-70.2061348114,15.0,research,42069,Vulpes vulpes,Red Fox,False,https://www.inaturalist.org/observations/325252856
325253143,2025-11-06,42.6259533333,-70.79042,18.0,research,42069,Vulpes vulpes,Red Fox,False,https://www.inaturalist.org/observations/325253143
325382595,2025-11-05,42.3261033333,-71.18145,3.0,research,42069,Vulpes vulpes,Red Fox,False,https://www.inaturalist.org/observations/325382595
325754965,2021-11-13,42.2535583333,-72.573745,4.0,research,42069,Vulpes vulpes,Red Fox,False,https://www.inaturalist.org/observations/325754965
326104816,2025-11-11,42.0664258214,-70.1924869757,8.0,research,42069,Vulpes vulpes,Red Fox,False,https://www.inaturalist.org/observations/326104816
326105252,2025-11-11,42.0727779382,-70.2067959677,8.0,research,42069,Vulpes vulpes,Red Fox,False,https://www.inaturalist.org/observations/326105252
326189857,2025-11-09,42.3124010088,-71.0350280233,4.0,research,42069,Vulpes vulpes,Red Fox,False,https://www.inaturalist.org/observations/326189857
326399717,2025-11-13,42.0728962834,-70.2070020899,8.0,research,42069,Vulpes vulpes,Red Fox,False,https://www.inaturalist.org/observations/326399717
326515972,2024-08-13,42.07935,-70.21888,4.0,research,42069,Vulpes vulpes,Red Fox,False,https://www.inaturalist.org/observations/326515972
326698851,2025-11-15,42.0731306852,-70.2068073608,8.0,research,42069,Vulpes vulpes,Red Fox,False,https://www.inaturalist.org/observations/326698851
326730581,2025-11-15,42.0793256997,-70.2186082997,,research,126770,Vulpes vulpes fulva,Eastern American Red Fox,False,https://www.inaturalist.org/observations/326730581
326808455,2025-11-15,42.0732638333,-70.2056416667,12.0,research,42069,Vulpes vulpes,Red Fox,False,https://www.inaturalist.org/observations/326808455
326824096,2024-08-29,42.419455,-72.484095,4.0,research,42069,Vulpes vulpes,Red Fox,False,https://www.inaturalist.org/observations/326824096
326887403,2022-04-11,41.6939926147,-71.1251373291,,research,42069,Vulpes vulpes,Red Fox,False,https://www.inaturalist.org/observations/326887403
326960474,2025-11-17,42.4776929116,-71.0683764949,16.0,research,42069,Vulpes vulpes,Red Fox,False,https://www.inaturalist.org/observations/326960474
327315272,2025-11-19,42.1619330796,-70.96556409,172.0,research,126770,Vulpes vulpes fulva,Eastern American Red Fox,False,https://www.inaturalist.org/observations/327315272
327439608,2025-11-20,42.0730310798,-70.2065438287,15.0,research,42069,Vulpes vulpes,Red Fox,False,https://www.inaturalist.org/observations/327439608
327441702,2025-11-20,42.0793703133,-70.2190959659,15.0,research,42069,Vulpes vulpes,Red Fox,False,https://www.inaturalist.org/observations/327441702
327563716,2025-11-21,42.0877125905,-72.4949779361,68.0,research,42069,Vulpes vulpes,Red Fox,False,https://www.inaturalist.org/observations/327563716
327616200,2025-11-21,42.3655383333,-71.257745,5.0,research,42069,Vulpes vulpes,Red Fox,False,https://www.inaturalist.org/observations/327616200
327998471,2025-10-22,42.4102993221,-71.3269029773,151.0,research,42069,Vulpes vulpes,Red Fox,False,https://www.inaturalist.org/observations/327998471
328133819,2025-11-24,42.0726860769,-70.2071852816,8.0,research,42069,Vulpes vulpes,Red Fox,False,https://www.inaturalist.org/observations/328133819
328544765,2025-11-26,42.4423444444,-71.8545722222,,research,42069,Vulpes vulpes,Red Fox,False,https://www.inaturalist.org/observations/328544765
328581985,2025-11-27,42.073650851,-70.2057490752,8.0,research,42069,Vulpes vulpes,Red Fox,False,https://www.inaturalist.org/observations/328581985
328906218,2025-11-27,42.4777067061,-71.0684911489,12.0,research,42069,Vulpes vulpes,Red Fox,False,https://www.inaturalist.org/observations/328906218
329016359,2019-04-28,42.6155083333,-71.4480533333,5.0,research,42069,Vulpes vulpes,Red Fox,False,https://www.inaturalist.org/observations/329016359
329063216,2025-11-08,42.0720125032,-70.2084735267,31.0,research,126770,Vulpes vulpes fulva,Eastern American Red Fox,False,https://www.inaturalist.org/observations/329063216
329162520,2021-07-25,42.60405,-72.7322916667,5.0,research,42069,Vulpes vulpes,Red Fox,False,https://www.inaturalist.org/observations/329162520
329267998,2025-12-01,42.4133122123,-72.5088764139,38.0,research,42069,Vulpes vulpes,Red Fox,False,https://www.inaturalist.org/observations/329267998
329403759,2023-10-24,42.0765442944,-70.2174491541,45.0,research,42069,Vulpes vulpes,Red Fox,False,https://www.inaturalist.org/observations/329403759
329505279,2025-12-04,42.0732272474,-70.2062670656,15.0,research,42069,Vulpes vulpes,Red Fox,False,https://www.inaturalist.org/observations/329505279
329505280,2025-12-04,42.066283397,-70.1942728355,8.0,research,42069,Vulpes vulpes,Red Fox,False,https://www.inaturalist.org/observations/329505280
329505281,2025-12-04,42.0728998613,-70.2073825814,15.0,research,42069,Vulpes vulpes,Red Fox,False,https://www.inaturalist.org/observations/329505281
329520543,2025-12-04,42.506691,-72.718016,,research,42069,Vulpes vulpes,Red Fox,False,https://www.inaturalist.org/observations/329520543
329590856,2025-12-05,41.7349567997,-70.6732422997,,research,42069,Vulpes vulpes,Red Fox,False,https://www.inaturalist.org/observations/329590856
329733691,2025-12-05,42.0952202483,-71.3879618071,12.0,research,42069,Vulpes vulpes,Red Fox,False,https://www.inaturalist.org/observations/329733691
329927844,2025-11-24,42.07930633,-70.2193483783,30.0,research,42069,Vulpes vulpes,Red Fox,False,https://www.inaturalist.org/observations/329927844
329995049,2025-12-06,42.6035601873,-70.9028174869,31.0,research,42069,Vulpes vulpes,Red Fox,False,https://www.inaturalist.org/observations/329995049
330167029,2025-12-09,42.0726939798,-70.2072946416,31.0,research,42069,Vulpes vulpes,Red Fox,False,https://www.inaturalist.org/observations/330167029
330229642,2025-12-07,42.2180166667,-71.2166277778,12.0,research,42069,Vulpes vulpes,Red Fox,False,https://www.inaturalist.org/observations/330229642
330253370,2025-12-10,42.5851666667,-71.367905,8.0,research,42069,Vulpes vulpes,Red Fox,False,https://www.inaturalist.org/observations/330253370
330538672,2025-12-12,41.9464355918,-70.6915941253,9.0,research,42069,Vulpes vulpes,Red Fox,False,https://www.inaturalist.org/observations/330538672
330578020,2025-12-13,42.5852916667,-71.3679416667,3.0,research,42069,Vulpes vulpes,Red Fox,False,https://www.inaturalist.org/observations/330578020
331096492,2025-12-16,42.0728327254,-70.2073402297,31.0,research,42069,Vulpes vulpes,Red Fox,False,https://www.inaturalist.org/observations/331096492
331319431,2025-11-13,42.3713128915,-71.2571384758,138.0,research,42069,Vulpes vulpes,Red Fox,False,https://www.inaturalist.org/observations/331319431
331473934,2025-12-20,42.0728581732,-70.2069815375,8.0,research,42069,Vulpes vulpes,Red Fox,False,https://www.inaturalist.org/observations/331473934
331507527,2025-12-20,42.2044082399,-72.6268972834,9.0,research,42069,Vulpes vulpes,Red Fox,False,https://www.inaturalist.org/observations/331507527
331675492,2025-12-18,42.3053897611,-71.0887570628,34.0,research,42069,Vulpes vulpes,Red Fox,False,https://www.inaturalist.org/observations/331675492
331818499,2025-12-19,42.065697024,-70.1926872996,55.0,research,42069,Vulpes vulpes,Red Fox,False,https://www.inaturalist.org/observations/331818499
331919021,2025-12-23,42.3046414794,-71.0898315393,13.0,research,42069,Vulpes vulpes,Red Fox,False,https://www.inaturalist.org/observations/331919021
331945105,2021-01-08,42.5440939306,-72.8254753968,8.0,research,42069,Vulpes vulpes,Red Fox,False,https://www.inaturalist.org/observations/331945105
331945106,2021-01-12,42.544086026,-72.8255183121,8.0,research,42069,Vulpes vulpes,Red Fox,False,https://www.inaturalist.org/observations/331945106
332166905,2025-12-26,42.2043982564,-72.6269044897,17.0,research,42069,Vulpes vulpes,Red Fox,False,https://www.inaturalist.org/observations/332166905
332186307,2025-08-15,42.0724954033,-70.2078996276,6.0,research,42069,Vulpes vulpes,Red Fox,False,https://www.inaturalist.org/observations/332186307
332296081,2025-12-24,42.4607172002,-71.6223284098,199.0,research,42069,Vulpes vulpes,Red Fox,False,https://www.inaturalist.org/observations/332296081
332355981,2025-12-27,42.073032171,-70.2081992493,4.0,research,42069,Vulpes vulpes,Red Fox,False,https://www.inaturalist.org/observations/332355981
333057362,2025-12-28,42.078856,-70.2201699722,,research,42069,Vulpes vulpes,Red Fox,False,https://www.inaturalist.org/observations/333057362
333226792,2026-01-02,42.7413160445,-70.9621361313,38.0,research,42069,Vulpes vulpes,Red Fox,False,https://www.inaturalist.org/observations/333226792
333292726,2024-04-27,42.436705,-71.3299033333,4.0,research,42069,Vulpes vulpes,Red Fox,False,https://www.inaturalist.org/observations/333292726
333307970,2026-01-03,42.3961247,-72.515951,,research,126770,Vulpes vulpes fulva,Eastern American Red Fox,False,https://www.inaturalist.org/observations/333307970
333351337,2026-01-03,42.0217390696,-70.880314805,4.0,research,42069,Vulpes vulpes,Red Fox,False,https://www.inaturalist.org/observations/333351337
333461168,2025-12-25,42.6434717905,-70.6274448243,7.0,research,42069,Vulpes vulpes,Red Fox,False,https://www.inaturalist.org/observations/333461168
333491104,2026-01-04,42.6282381997,-71.7325472997,,research,42069,Vulpes vulpes,Red Fox,False,https://www.inaturalist.org/observations/333491104
333660794,2026-01-05,42.073117905,-70.2069113825,31.0,research,42069,Vulpes vulpes,Red Fox,False,https://www.inaturalist.org/observations/333660794
334116179,2026-01-09,42.4605505022,-71.3199179498,15.0,research,42069,Vulpes vulpes,Red Fox,False,https://www.inaturalist.org/observations/334116179
334402150,2025-12-15,42.3746909743,-72.4913789868,45.0,research,42069,Vulpes vulpes,Red Fox,False,https://www.inaturalist.org/observations/334402150
334407003,2026-01-11,42.3674755,-71.2547771,38.0,research,42069,Vulpes vulpes,Red Fox,False,https://www.inaturalist.org/observations/334407003
334986330,2026-01-16,42.0727607528,-70.2072744577,8.0,research,42069,Vulpes vulpes,Red Fox,False,https://www.inaturalist.org/observations/334986330
335125614,2026-01-04,41.5920651554,-70.8337977156,54.0,research,42069,Vulpes vulpes,Red Fox,False,https://www.inaturalist.org/observations/335125614
335292587,2025-03-22,42.0794,-70.21878,3.0,research,42069,Vulpes vulpes,Red Fox,False,https://www.inaturalist.org/observations/335292587
335672394,2026-01-03,42.0285051254,-70.8989710961,15.0,research,42069,Vulpes vulpes,Red Fox,False,https://www.inaturalist.org/observations/335672394
335959815,2025-12-31,42.4491277977,-71.0717329862,118.0,research,42069,Vulpes vulpes,Red Fox,False,https://www.inaturalist.org/observations/335959815
336040988,2026-01-18,42.0995236199,-70.9331484023,4.0,research,42069,Vulpes vulpes,Red Fox,False,https://www.inaturalist.org/observations/336040988
336125302,2025-11-11,42.2840700359,-71.8081215058,66.0,research,42069,Vulpes vulpes,Red Fox,False,https://www.inaturalist.org/observations/336125302
336949217,2026-01-31,42.620045,-71.298705,4.0,research,42069,Vulpes vulpes,Red Fox,False,https://www.inaturalist.org/observations/336949217
337129520,2026-01-31,42.823400785,-70.8198277652,190.0,research,42069,Vulpes vulpes,Red Fox,False,https://www.inaturalist.org/observations/337129520
337263381,2026-02-03,42.0731456525,-70.2064782796,31.0,research,42069,Vulpes vulpes,Red Fox,False,https://www.inaturalist.org/observations/337263381
337486651,2026-02-05,42.0728920332,-70.2068364763,15.0,research,42069,Vulpes vulpes,Red Fox,False,https://www.inaturalist.org/observations/337486651
337682564,2026-02-07,41.7565166667,-71.2135383333,27.0,research,42069,Vulpes vulpes,Red Fox,False,https://www.inaturalist.org/observations/337682564
338587021,2026-02-14,42.4777107853,-71.0684949764,25.0,research,42069,Vulpes vulpes,Red Fox,False,https://www.inaturalist.org/observations/338587021
339320592,2026-01-06,42.2486416667,-71.74803,3.0,research,42069,Vulpes vulpes,Red Fox,False,https://www.inaturalist.org/observations/339320592
339473297,2026-02-20,41.8823544206,-69.995196241,74.0,research,42069,Vulpes vulpes,Red Fox,False,https://www.inaturalist.org/observations/339473297
339490636,2026-02-20,42.4355862564,-71.0816090181,4.0,research,42069,Vulpes vulpes,Red Fox,False,https://www.inaturalist.org/observations/339490636
339891307,2015-11-18,42.8343182,-70.8184189,202.0,research,42069,Vulpes vulpes,Red Fox,False,https://www.inaturalist.org/observations/339891307
340220190,2025-12-16,42.7648058707,-70.8431489021,194.0,research,42069,Vulpes vulpes,Red Fox,False,https://www.inaturalist.org/observations/340220190
340593423,2025-08-02,42.4103722222,-71.1174777778,9.0,research,42069,Vulpes vulpes,Red Fox,False,https://www.inaturalist.org/observations/340593423
340999801,2026-03-02,42.4309894018,-71.1499662505,31.0,research,42069,Vulpes vulpes,Red Fox,False,https://www.inaturalist.org/observations/340999801
341014557,2026-03-02,42.0728855954,-70.2070273785,15.0,research,42069,Vulpes vulpes,Red Fox,False,https://www.inaturalist.org/observations/341014557
341258552,2026-03-04,42.199325,-71.1222833333,5.0,research,42069,Vulpes vulpes,Red Fox,False,https://www.inaturalist.org/observations/341258552
341440610,2026-03-05,42.0736322929,-70.2061415818,4.0,research,42069,Vulpes vulpes,Red Fox,False,https://www.inaturalist.org/observations/341440610
341575324,2026-03-05,42.681655,-70.83088,14.0,research,42069,Vulpes vulpes,Red Fox,False,https://www.inaturalist.org/observations/341575324
341717895,2025-11-04,41.92463,-70.5495,14.0,research,42069,Vulpes vulpes,Red Fox,False,https://www.inaturalist.org/observations/341717895
341880545,2026-02-27,42.4583777146,-71.30335448,135.0,research,42069,Vulpes vulpes,Red Fox,False,https://www.inaturalist.org/observations/341880545
342155161,2026-03-09,42.0726088233,-70.2069805013,8.0,research,42069,Vulpes vulpes,Red Fox,False,https://www.inaturalist.org/observations/342155161
342267610,2025-06-02,41.9882283333,-70.063225,3.0,research,42069,Vulpes vulpes,Red Fox,False,https://www.inaturalist.org/observations/342267610
342769452,2026-03-13,42.59868,-71.560905,,research,42069,Vulpes vulpes,Red Fox,False,https://www.inaturalist.org/observations/342769452
342802989,2026-01-04,42.2186783333,-71.1176388333,6.0,research,42069,Vulpes vulpes,Red Fox,False,https://www.inaturalist.org/observations/342802989
342986749,2023-06-25,42.2474915642,-72.437926625,23.0,research,42069,Vulpes vulpes,Red Fox,False,https://www.inaturalist.org/observations/342986749
344431881,2018-08-20,42.077673322,-72.4699208356,3.0,research,42069,Vulpes vulpes,Red Fox,False,https://www.inaturalist.org/observations/344431881
344992110,2026-03-24,42.0725797351,-70.2072455119,31.0,research,42069,Vulpes vulpes,Red Fox,False,https://www.inaturalist.org/observations/344992110
344992111,2026-03-24,42.0787991801,-70.2199528762,31.0,research,42069,Vulpes vulpes,Red Fox,False,https://www.inaturalist.org/observations/344992111
345344955,2026-03-26,41.881764363,-69.9897483772,82.0,research,42069,Vulpes vulpes,Red Fox,False,https://www.inaturalist.org/observations/345344955
345363180,2026-03-26,42.0731048593,-70.2071733598,8.0,research,42069,Vulpes vulpes,Red Fox,False,https://www.inaturalist.org/observations/345363180
345765380,2026-03-28,42.3465466667,-71.274305,10.0,research,42069,Vulpes vulpes,Red Fox,False,https://www.inaturalist.org/observations/345765380
345937524,2026-03-29,42.0784916667,-70.2203883333,3.0,research,42069,Vulpes vulpes,Red Fox,False,https://www.inaturalist.org/observations/345937524
345939394,2026-03-29,41.6162633333,-70.5822366667,17.0,research,42069,Vulpes vulpes,Red Fox,False,https://www.inaturalist.org/observations/345939394
346247194,2026-03-30,42.0726689355,-70.2068717298,8.0,research,42069,Vulpes vulpes,Red Fox,False,https://www.inaturalist.org/observations/346247194
346435334,2026-03-31,41.8213428444,-70.0039611384,187.0,research,42069,Vulpes vulpes,Red Fox,False,https://www.inaturalist.org/observations/346435334
346682688,2026-04-01,42.0725278333,-70.2066283333,4.0,research,42069,Vulpes vulpes,Red Fox,False,https://www.inaturalist.org/observations/346682688
347117647,2026-04-03,42.1649048776,-71.1509406872,4.0,research,42069,Vulpes vulpes,Red Fox,False,https://www.inaturalist.org/observations/347117647
347379403,2026-04-04,42.072820423,-70.2066857196,31.0,research,42069,Vulpes vulpes,Red Fox,False,https://www.inaturalist.org/observations/347379403
347901304,2026-01-17,42.3977669462,-72.5225378043,61.0,research,42069,Vulpes vulpes,Red Fox,False,https://www.inaturalist.org/observations/347901304
348256350,2026-04-02,42.6035466667,-70.9988716667,3.0,research,42069,Vulpes vulpes,Red Fox,False,https://www.inaturalist.org/observations/348256350
348390501,2026-04-08,42.3878212016,-71.1458463509,25.0,research,42069,Vulpes vulpes,Red Fox,False,https://www.inaturalist.org/observations/348390501
348582155,2026-04-09,42.0787100716,-70.2203673137,8.0,research,42069,Vulpes vulpes,Red Fox,False,https://www.inaturalist.org/observations/348582155
348814295,2026-04-10,42.0732367098,-70.2062610457,8.0,research,42069,Vulpes vulpes,Red Fox,False,https://www.inaturalist.org/observations/348814295
348876507,2026-04-10,41.52812,-71.0329278333,10.0,research,42069,Vulpes vulpes,Red Fox,False,https://www.inaturalist.org/observations/348876507
349166945,2024-06-12,42.0792278333,-70.2197283333,3.0,research,42069,Vulpes vulpes,Red Fox,False,https://www.inaturalist.org/observations/349166945
349385047,2026-04-04,42.0671650811,-70.1937137193,4.0,research,42069,Vulpes vulpes,Red Fox,False,https://www.inaturalist.org/observations/349385047
349760002,2026-04-08,42.6045934384,-72.216340676,180.0,research,42069,Vulpes vulpes,Red Fox,False,https://www.inaturalist.org/observations/349760002
349819179,2026-04-13,42.23891683,-71.7701708082,23.0,research,42069,Vulpes vulpes,Red Fox,False,https://www.inaturalist.org/observations/349819179
350383810,2026-04-16,42.1541422222,-71.1547844444,,research,42069,Vulpes vulpes,Red Fox,False,https://www.inaturalist.org/observations/350383810
350402424,2026-04-16,42.0729598002,-70.2052313331,15.0,research,42069,Vulpes vulpes,Red Fox,False,https://www.inaturalist.org/observations/350402424
350411343,2026-04-16,42.0437445,-70.216125,2.0,research,42069,Vulpes vulpes,Red Fox,False,https://www.inaturalist.org/observations/350411343
350532787,2026-04-17,42.3781682361,-72.470921957,196.0,research,42069,Vulpes vulpes,Red Fox,False,https://www.inaturalist.org/observations/350532787
351593055,2026-04-20,42.4042314301,-71.1232224497,10.0,research,42069,Vulpes vulpes,Red Fox,False,https://www.inaturalist.org/observations/351593055
351595089,2026-02-19,42.5344089033,-72.2102570906,4.0,research,42069,Vulpes vulpes,Red Fox,False,https://www.inaturalist.org/observations/351595089
351835466,2026-04-21,42.0787318959,-70.2203277362,15.0,research,42069,Vulpes vulpes,Red Fox,False,https://www.inaturalist.org/observations/351835466
351835467,2026-04-21,42.0735080494,-70.20583551,15.0,research,42069,Vulpes vulpes,Red Fox,False,https://www.inaturalist.org/observations/351835467
352632888,2026-04-24,42.5180850544,-71.8778445572,181.0,research,42069,Vulpes vulpes,Red Fox,False,https://www.inaturalist.org/observations/352632888
352704194,2026-04-13,42.0793945,-70.21923,10.0,research,42069,Vulpes vulpes,Red Fox,False,https://www.inaturalist.org/observations/352704194
354588855,2026-04-25,42.2007383333,-73.36782,5.0,research,42069,Vulpes vulpes,Red Fox,False,https://www.inaturalist.org/observations/354588855
354821515,2026-04-26,42.471275,-71.5424883333,18.0,research,42069,Vulpes vulpes,Red Fox,False,https://www.inaturalist.org/observations/354821515
354913302,2026-04-26,42.3782215418,-72.4710529638,22.0,research,42069,Vulpes vulpes,Red Fox,False,https://www.inaturalist.org/observations/354913302
355719496,2026-04-26,42.2389033333,-71.77005,11.0,research,42069,Vulpes vulpes,Red Fox,False,https://www.inaturalist.org/observations/355719496
355749361,2026-04-27,42.0786863548,-70.2203831309,15.0,research,42069,Vulpes vulpes,Red Fox,False,https://www.inaturalist.org/observations/355749361
356221939,2026-04-28,42.0488056601,-70.208908394,4.0,research,42069,Vulpes vulpes,Red Fox,False,https://www.inaturalist.org/observations/356221939
356223069,2026-04-28,42.0510194408,-70.1960998401,4.0,research,42069,Vulpes vulpes,Red Fox,False,https://www.inaturalist.org/observations/356223069
356310426,2026-04-28,42.2162138889,-71.2337638889,,research,42069,Vulpes vulpes,Red Fox,False,https://www.inaturalist.org/observations/356310426
356515116,2026-01-31,41.9874311751,-70.737066345,33.0,research,126770,Vulpes vulpes fulva,Eastern American Red Fox,False,https://www.inaturalist.org/observations/356515116
356718208,2026-04-29,42.29997,-71.3139883333,13.0,research,42069,Vulpes vulpes,Red Fox,False,https://www.inaturalist.org/observations/356718208
357146530,2026-04-30,42.0530511146,-70.1836606596,31.0,research,42069,Vulpes vulpes,Red Fox,False,https://www.inaturalist.org/observations/357146530
357184489,2026-05-01,42.5972175598,-71.3448486328,,research,42069,Vulpes vulpes,Red Fox,False,https://www.inaturalist.org/observations/357184489
357270602,2026-04-28,42.7250857664,-70.9983737022,49.0,research,42069,Vulpes vulpes,Red Fox,False,https://www.inaturalist.org/observations/357270602
357370116,2026-05-01,42.078704865,-70.2203142864,15.0,research,42069,Vulpes vulpes,Red Fox,False,https://www.inaturalist.org/observations/357370116
357600291,2026-05-02,42.2394716667,-71.3715883333,4.0,research,42069,Vulpes vulpes,Red Fox,False,https://www.inaturalist.org/observations/357600291
357936893,2026-05-01,42.3059165689,-71.1901999194,14.0,research,42069,Vulpes vulpes,Red Fox,False,https://www.inaturalist.org/observations/357936893
358008143,2026-05-03,42.6637047229,-71.6336510177,8.0,research,42069,Vulpes vulpes,Red Fox,False,https://www.inaturalist.org/observations/358008143
358037431,2026-04-19,42.0468138889,-70.2181694444,,research,42069,Vulpes vulpes,Red Fox,False,https://www.inaturalist.org/observations/358037431
358881443,2026-05-06,42.3362366667,-72.6750333333,6.0,research,42069,Vulpes vulpes,Red Fox,False,https://www.inaturalist.org/observations/358881443
359019629,2024-02-04,42.0434777778,-71.8277555556,5.0,research,42069,Vulpes vulpes,Red Fox,False,https://www.inaturalist.org/observations/359019629
359221453,2026-05-07,41.9358728997,-70.5659385997,,research,42069,Vulpes vulpes,Red Fox,False,https://www.inaturalist.org/observations/359221453
359369310,2026-05-07,42.0787326282,-70.2203789629,15.0,research,42069,Vulpes vulpes,Red Fox,False,https://www.inaturalist.org/observations/359369310
359425311,2022-06-24,42.079475,-70.219495,,research,42069,Vulpes vulpes,Red Fox,False,https://www.inaturalist.org/observations/359425311
359652084,2026-05-08,42.422505,-71.3444216667,4.0,research,42069,Vulpes vulpes,Red Fox,False,https://www.inaturalist.org/observations/359652084
359921711,2026-03-03,42.3759732205,-71.9209142889,53.0,research,42069,Vulpes vulpes,Red Fox,False,https://www.inaturalist.org/observations/359921711
360908194,2026-05-09,42.0786861111,-70.2198111111,,research,42069,Vulpes vulpes,Red Fox,False,https://www.inaturalist.org/observations/360908194
360993343,2026-05-12,42.0668416667,-70.1930166667,2.0,research,42069,Vulpes vulpes,Red Fox,False,https://www.inaturalist.org/observations/360993343
361025424,2026-05-12,42.0787107354,-70.2203401606,8.0,research,42069,Vulpes vulpes,Red Fox,False,https://www.inaturalist.org/observations/361025424
362160832,2025-11-27,42.0484635026,-70.1892976253,7.0,research,42069,Vulpes vulpes,Red Fox,False,https://www.inaturalist.org/observations/362160832
363152613,2026-05-15,42.0784500254,-70.2200130746,41.0,research,42069,Vulpes vulpes,Red Fox,False,https://www.inaturalist.org/observations/363152613
363191134,2026-05-19,42.0739552514,-70.2050230762,15.0,research,42069,Vulpes vulpes,Red Fox,False,https://www.inaturalist.org/observations/363191134
363209029,2026-05-19,42.22145,-70.9358583333,14.0,research,42069,Vulpes vulpes,Red Fox,False,https://www.inaturalist.org/observations/363209029
363219920,2026-05-19,42.67255,-70.954895,19.0,research,42069,Vulpes vulpes,Red Fox,False,https://www.inaturalist.org/observations/363219920
363318691,2025-06-09,42.06863,-70.194795,98.0,research,42069,Vulpes vulpes,Red Fox,False,https://www.inaturalist.org/observations/363318691
363408904,2026-05-20,42.16827,-71.349305,4.0,research,42069,Vulpes vulpes,Red Fox,False,https://www.inaturalist.org/observations/363408904
363641202,2026-05-21,41.8824203007,-69.9947948206,59.0,research,42069,Vulpes vulpes,Red Fox,False,https://www.inaturalist.org/observations/363641202
363845563,2026-05-21,42.0741333889,-70.2051954395,8.0,research,42069,Vulpes vulpes,Red Fox,False,https://www.inaturalist.org/observations/363845563
364046222,2026-05-22,42.82303,-70.8238616667,3.0,research,42069,Vulpes vulpes,Red Fox,False,https://www.inaturalist.org/observations/364046222
364467202,2026-05-23,42.0656361667,-70.192695,2.0,research,126770,Vulpes vulpes fulva,Eastern American Red Fox,False,https://www.inaturalist.org/observations/364467202
364522595,2026-04-25,42.0528916667,-70.18338,2.0,research,42069,Vulpes vulpes,Red Fox,False,https://www.inaturalist.org/observations/364522595
364717512,2026-05-24,42.0619262708,-70.1914290475,71.0,research,42069,Vulpes vulpes,Red Fox,False,https://www.inaturalist.org/observations/364717512
364899524,2023-04-29,42.6323916667,-71.222825,5.0,research,42069,Vulpes vulpes,Red Fox,False,https://www.inaturalist.org/observations/364899524
365059133,2026-05-10,42.3513666667,-72.5881555556,,research,42069,Vulpes vulpes,Red Fox,False,https://www.inaturalist.org/observations/365059133
365136649,2026-05-25,42.0783666667,-70.2182216667,3.0,research,42069,Vulpes vulpes,Red Fox,False,https://www.inaturalist.org/observations/365136649
365389539,2026-05-22,42.0741160608,-70.2055188463,22.0,research,42069,Vulpes vulpes,Red Fox,False,https://www.inaturalist.org/observations/365389539
365479037,2020-06-24,42.6574383333,-70.70755,19.0,research,42069,Vulpes vulpes,Red Fox,False,https://www.inaturalist.org/observations/365479037
365563470,2026-05-26,42.0741629786,-70.2052102815,4.0,research,42069,Vulpes vulpes,Red Fox,False,https://www.inaturalist.org/observations/365563470
366005602,2026-05-27,42.2033157236,-72.6294152811,100.0,research,42069,Vulpes vulpes,Red Fox,False,https://www.inaturalist.org/observations/366005602
366180682,2026-05-28,42.0427805,-70.21485,10.0,research,42069,Vulpes vulpes,Red Fox,False,https://www.inaturalist.org/observations/366180682
366210660,2024-08-20,42.49762719,-71.0791402787,24.0,research,42069,Vulpes vulpes,Red Fox,False,https://www.inaturalist.org/observations/366210660
366415404,2026-05-29,42.3494746236,-71.5374665335,16.0,research,42069,Vulpes vulpes,Red Fox,False,https://www.inaturalist.org/observations/366415404
366416680,2026-05-29,42.3497484262,-71.5372895077,9.0,research,126770,Vulpes vulpes fulva,Eastern American Red Fox,False,https://www.inaturalist.org/observations/366416680
366852971,2026-01-09,42.4526533333,-71.8169033333,13.0,research,42069,Vulpes vulpes,Red Fox,False,https://www.inaturalist.org/observations/366852971
367213363,2026-05-29,42.4152777778,-71.1865194444,,research,42069,Vulpes vulpes,Red Fox,False,https://www.inaturalist.org/observations/367213363
367388765,2026-06-01,41.6281283333,-70.3796833333,6.0,research,42069,Vulpes vulpes,Red Fox,False,https://www.inaturalist.org/observations/367388765
367486276,2026-06-01,42.2619228667,-71.7537318382,159.0,research,42069,Vulpes vulpes,Red Fox,False,https://www.inaturalist.org/observations/367486276
367730079,2026-06-02,42.2475611111,-71.0468277778,,research,42069,Vulpes vulpes,Red Fox,False,https://www.inaturalist.org/observations/367730079
367992666,2026-06-02,42.3782529632,-71.4472986601,12.0,research,42069,Vulpes vulpes,Red Fox,False,https://www.inaturalist.org/observations/367992666
368303533,2026-06-04,42.1959645815,-71.4294090885,13.0,research,42069,Vulpes vulpes,Red Fox,False,https://www.inaturalist.org/observations/368303533
368396207,2026-06-04,42.45935,-71.1572195,4.0,research,42069,Vulpes vulpes,Red Fox,False,https://www.inaturalist.org/observations/368396207
368707693,2026-05-17,42.0794555,-70.21885,4.0,research,42069,Vulpes vulpes,Red Fox,False,https://www.inaturalist.org/observations/368707693
368708194,2025-07-09,42.0530278333,-70.1879283333,23.0,research,42069,Vulpes vulpes,Red Fox,False,https://www.inaturalist.org/observations/368708194
368834697,2026-06-05,41.8362201849,-69.9779851563,211.0,research,42069,Vulpes vulpes,Red Fox,False,https://www.inaturalist.org/observations/368834697
369158234,2026-06-06,41.7575216667,-70.0949638333,10.0,research,42069,Vulpes vulpes,Red Fox,False,https://www.inaturalist.org/observations/369158234
369358751,2024-11-16,42.3516959759,-72.4891022343,6.0,research,42069,Vulpes vulpes,Red Fox,False,https://www.inaturalist.org/observations/369358751
369900488,2026-06-08,42.4485428074,-71.8770323458,20.0,research,42069,Vulpes vulpes,Red Fox,False,https://www.inaturalist.org/observations/369900488
370000147,2026-06-02,41.5615903049,-70.5030274189,12.0,research,42069,Vulpes vulpes,Red Fox,False,https://www.inaturalist.org/observations/370000147
370177447,2021-05-31,42.616268158,-71.3995895386,,research,42069,Vulpes vulpes,Red Fox,False,https://www.inaturalist.org/observations/370177447
371023758,2026-06-12,42.0499166667,-70.1937116667,8.0,research,42069,Vulpes vulpes,Red Fox,False,https://www.inaturalist.org/observations/371023758
371560765,2026-06-14,41.8582416667,-69.9528883333,4.0,research,42069,Vulpes vulpes,Red Fox,False,https://www.inaturalist.org/observations/371560765
371656489,2026-06-14,42.5859156327,-72.3162904847,32.0,research,42069,Vulpes vulpes,Red Fox,False,https://www.inaturalist.org/observations/371656489
371979865,2026-05-11,42.4278333333,-71.8249583333,2.0,research,42069,Vulpes vulpes,Red Fox,False,https://www.inaturalist.org/observations/371979865
371980560,2026-05-09,42.4278333333,-71.824975,7.0,research,42069,Vulpes vulpes,Red Fox,False,https://www.inaturalist.org/observations/371980560
372041335,2026-06-15,41.8379466667,-69.96768,129.0,research,42069,Vulpes vulpes,Red Fox,False,https://www.inaturalist.org/observations/372041335
372463680,2026-06-16,41.6405409225,-70.2134275809,15.0,research,42069,Vulpes vulpes,Red Fox,False,https://www.inaturalist.org/observations/372463680
372820623,2026-06-17,42.1537945,-71.247505,5.0,research,42069,Vulpes vulpes,Red Fox,False,https://www.inaturalist.org/observations/372820623
373049392,2024-01-22,42.4706916667,-71.0787916667,,research,42069,Vulpes vulpes,Red Fox,False,https://www.inaturalist.org/observations/373049392
373880307,2026-06-21,42.5283730478,-71.7313555527,250.0,research,42069,Vulpes vulpes,Red Fox,False,https://www.inaturalist.org/observations/373880307
373955534,2026-06-21,41.6304841997,-70.4554248997,,research,42069,Vulpes vulpes,Red Fox,False,https://www.inaturalist.org/observations/373955534
374308838,2026-06-20,42.4231805556,-72.5005916667,,research,42069,Vulpes vulpes,Red Fox,False,https://www.inaturalist.org/observations/374308838
374374616,2026-06-22,42.2138169276,-71.474174724,7.0,research,42069,Vulpes vulpes,Red Fox,False,https://www.inaturalist.org/observations/374374616
374960740,2026-06-15,42.1749166667,-71.0715638889,19.0,research,42069,Vulpes vulpes,Red Fox,False,https://www.inaturalist.org/observations/374960740
375400883,2026-06-24,42.2478866667,-72.8655033333,13.0,research,42069,Vulpes vulpes,Red Fox,False,https://www.inaturalist.org/observations/375400883
375669274,2026-06-26,41.6556283333,-70.1235666667,5.0,research,42069,Vulpes vulpes,Red Fox,False,https://www.inaturalist.org/observations/375669274
375806646,2026-06-26,42.06845,-70.2112583333,5.0,research,42069,Vulpes vulpes,Red Fox,False,https://www.inaturalist.org/observations/375806646
376161988,2026-06-27,42.08085,-70.2210166667,9.0,research,42069,Vulpes vulpes,Red Fox,False,https://www.inaturalist.org/observations/376161988
376184017,2026-06-28,41.7122026976,-71.1348361431,11.0,research,42069,Vulpes vulpes,Red Fox,False,https://www.inaturalist.org/observations/376184017
376705071,2026-06-29,41.8644533333,-70.0076972167,14.0,research,42069,Vulpes vulpes,Red Fox,False,https://www.inaturalist.org/observations/376705071
376767916,2026-06-13,42.0621861667,-70.1868583333,11.0,research,42069,Vulpes vulpes,Red Fox,False,https://www.inaturalist.org/observations/376767916
376840908,2026-06-24,41.7165024841,-71.1569801008,56.0,research,42069,Vulpes vulpes,Red Fox,False,https://www.inaturalist.org/observations/376840908
378360501,2026-07-05,42.4384817299,-71.1582445887,6.0,research,42069,Vulpes vulpes,Red Fox,False,https://www.inaturalist.org/observations/378360501
378393417,2026-07-05,41.6555744974,-70.1248703814,4.0,research,42069,Vulpes vulpes,Red Fox,False,https://www.inaturalist.org/observations/378393417
379567081,2026-05-16,42.0665393962,-70.1940771945,15.0,research,42069,Vulpes vulpes,Red Fox,False,https://www.inaturalist.org/observations/379567081
379812412,2026-07-09,42.2598256453,-70.8758965527,12.0,research,42069,Vulpes vulpes,Red Fox,False,https://www.inaturalist.org/observations/379812412
379976012,2026-07-05,42.4326101476,-71.2308200826,49.0,research,42069,Vulpes vulpes,Red Fox,False,https://www.inaturalist.org/observations/379976012
380870099,2026-07-12,42.1541583333,-71.1545763889,,research,42069,Vulpes vulpes,Red Fox,False,https://www.inaturalist.org/observations/380870099
381381841,2026-07-13,42.2580966667,-71.4416666667,13.0,research,42069,Vulpes vulpes,Red Fox,False,https://www.inaturalist.org/observations/381381841
381801064,2026-07-15,42.33925,-71.57853,3.0,research,42069,Vulpes vulpes,Red Fox,False,https://www.inaturalist.org/observations/381801064
381927343,2026-07-15,41.6286577918,-70.3776022978,228.0,research,42069,Vulpes vulpes,Red Fox,False,https://www.inaturalist.org/observations/381927343
382027069,2026-07-16,42.1950611111,-73.3680027778,,research,42069,Vulpes vulpes,Red Fox,False,https://www.inaturalist.org/observations/382027069
382394929,2026-07-17,42.0547528333,-70.1837166667,4.0,research,42069,Vulpes vulpes,Red Fox,False,https://www.inaturalist.org/observations/382394929
382422675,2026-07-17,41.841645,-69.9728466667,8.0,research,42069,Vulpes vulpes,Red Fox,False,https://www.inaturalist.org/observations/382422675
382726069,2026-07-18,41.9479027778,-71.0915111111,,research,42069,Vulpes vulpes,Red Fox,False,https://www.inaturalist.org/observations/382726069
382756143,2021-07-01,42.0497749722,-70.187224,,research,42069,Vulpes vulpes,Red Fox,False,https://www.inaturalist.org/observations/382756143
383079393,2026-07-19,41.7261361111,-70.6741888889,,research,42069,Vulpes vulpes,Red Fox,False,https://www.inaturalist.org/observations/383079393
383083991,2026-07-12,42.5499883333,-72.4527133333,4.0,research,42069,Vulpes vulpes,Red Fox,False,https://www.inaturalist.org/observations/383083991
383914494,2026-06-20,41.5965416667,-70.47045,9.0,research,42069,Vulpes vulpes,Red Fox,False,https://www.inaturalist.org/observations/383914494
385292689,2026-07-26,42.0549738215,-72.57708797,23.0,research,42069,Vulpes vulpes,Red Fox,False,https://www.inaturalist.org/observations/385292689
385600913,2026-07-27,42.4066487044,-71.1205327328,25.0,research,42069,Vulpes vulpes,Red Fox,False,https://www.inaturalist.org/observations/385600913
386453758,2026-05-23,42.4902,-71.8797383333,4.0,research,42069,Vulpes vulpes,Red Fox,False,https://www.inaturalist.org/observations/386453758
386865710,2026-07-25,42.2666865559,-72.5849546079,88.0,research,42069,Vulpes vulpes,Red Fox,False,https://www.inaturalist.org/observations/386865710
386876547,2026-01-05,42.2065262045,-70.8867821994,15.0,research,42069,Vulpes vulpes,Red Fox,False,https://www.inaturalist.org/observations/386876547
387043358,2026-07-31,41.651189507,-70.1484785094,86.0,research,42069,Vulpes vulpes,Red Fox,False,https://www.inaturalist.org/observations/387043358
387313296,2026-07-31,42.5778833333,-72.2488194444,,research,42069,Vulpes vulpes,Red Fox,False,https://www.inaturalist.org/observations/387313296
387401132,2021-09-08,42.7647975019,-71.0490409657,100.0,research,42069,Vulpes vulpes,Red Fox,False,https://www.inaturalist.org/observations/387401132
387557978,2026-08-02,42.59978,-71.65142,,research,126770,Vulpes vulpes fulva,Eastern American Red Fox,False,https://www.inaturalist.org/observations/387557978
388522084,2021-05-09,42.4602852405,-72.8942859684,25.0,research,42069,Vulpes vulpes,Red Fox,False,https://www.inaturalist.org/observations/388522084
389117218,2026-08-07,42.3883333333,-71.2773583333,3.0,research,42069,Vulpes vulpes,Red Fox,False,https://www.inaturalist.org/observations/389117218
389151551,2014-03-18,42.4568346481,-72.8938320746,135.0,research,42069,Vulpes vulpes,Red Fox,False,https://www.inaturalist.org/observations/389151551
389151886,2014-03-18,42.4565326988,-72.8941593579,108.0,research,42069,Vulpes vulpes,Red Fox,False,https://www.inaturalist.org/observations/389151886
389188086,2014-03-28,42.458286862,-72.8980441707,113.0,research,42069,Vulpes vulpes,Red Fox,False,https://www.inaturalist.org/observations/389188086
389191271,2026-08-07,41.5675499162,-70.4829554099,148.0,research,42069,Vulpes vulpes,Red Fox,False,https://www.inaturalist.org/observations/389191271
389641537,2014-08-08,42.4602082852,-72.8944676458,25.0,research,42069,Vulpes vulpes,Red Fox,False,https://www.inaturalist.org/observations/389641537
389692916,2026-07-11,41.8718363683,-70.0085676895,13.0,research,42069,Vulpes vulpes,Red Fox,False,https://www.inaturalist.org/observations/389692916
390431911,2026-08-11,42.053915603,-70.1823628906,3.0,research,42069,Vulpes vulpes,Red Fox,False,https://www.inaturalist.org/observations/390431911
390542500,2026-08-12,42.4934533333,-71.2486633333,7.0,research,42069,Vulpes vulpes,Red Fox,False,https://www.inaturalist.org/observations/390542500
391847617,2026-08-11,41.8430533333,-69.9752716667,11.0,research,42069,Vulpes vulpes,Red Fox,False,https://www.inaturalist.org/observations/391847617
392556050,2026-08-18,42.0793777778,-70.2186527778,,research,42069,Vulpes vulpes,Red Fox,False,https://www.inaturalist.org/observations/392556050
392560626,2026-08-18,41.9996361111,-70.0805027778,,research,42069,Vulpes vulpes,Red Fox,False,https://www.inaturalist.org/observations/392560626
392790243,2026-08-19,41.8824195862,-69.9941558838,,research,42069,Vulpes vulpes,Red Fox,False,https://www.inaturalist.org/observations/392790243
393139915,2026-08-20,42.3781866667,-72.5111383333,6.0,research,42069,Vulpes vulpes,Red Fox,False,https://www.inaturalist.org/observations/393139915
393979632,2026-08-23,41.6519283333,-70.1547166667,3.0,research,42069,Vulpes vulpes,Red Fox,False,https://www.inaturalist.org/observations/393979632
394198209,2025-05-15,42.0786646031,-70.2205216307,100.0,research,42069,Vulpes vulpes,Red Fox,False,https://www.inaturalist.org/observations/394198209
394271700,2026-08-24,42.4756000529,-73.283092279,24.0,research,42069,Vulpes vulpes,Red Fox,False,https://www.inaturalist.org/observations/394271700
394559078,2026-08-25,41.9313011701,-70.0388051435,48.0,research,42069,Vulpes vulpes,Red Fox,False,https://www.inaturalist.org/observations/394559078
396261707,2026-08-31,42.4299809791,-71.0922716937,53.0,research,42069,Vulpes vulpes,Red Fox,False,https://www.inaturalist.org/observations/396261707
396342957,2026-09-01,42.1153416667,-70.7417666667,8.0,research,42069,Vulpes vulpes,Red Fox,False,https://www.inaturalist.org/observations/396342957
396642787,2025-01-30,42.4934872275,-71.3803596001,61.0,research,42069,Vulpes vulpes,Red Fox,False,https://www.inaturalist.org/observations/396642787
396748657,2026-08-31,41.6508437766,-70.1476171792,11.0,research,42069,Vulpes vulpes,Red Fox,False,https://www.inaturalist.org/observations/396748657
396895623,2026-09-02,42.240120407,-71.2816826169,63.0,research,42069,Vulpes vulpes,Red Fox,False,https://www.inaturalist.org/observations/396895623
396897536,2026-09-02,42.2401119027,-71.2816850411,117.0,research,42069,Vulpes vulpes,Red Fox,False,https://www.inaturalist.org/observations/396897536
396898463,2026-09-02,42.2401252844,-71.2817401096,131.0,research,42069,Vulpes vulpes,Red Fox,False,https://www.inaturalist.org/observations/396898463
397288360,2022-04-11,42.04345,-70.214395,4.0,research,42069,Vulpes vulpes,Red Fox,False,https://www.inaturalist.org/observations/397288360
398478124,2026-09-08,42.0747305,-71.358605,4.0,research,42069,Vulpes vulpes,Red Fox,False,https://www.inaturalist.org/observations/398478124
398688389,2026-09-09,42.7174652898,-73.1930523472,33.0,research,42069,Vulpes vulpes,Red Fox,False,https://www.inaturalist.org/observations/398688389
