latitude,longitude,presence,forest_fraction_250m,forest_fraction_1000m,wetland_fraction_250m,wetland_fraction_1000m,developed_fraction_250m,developed_fraction_1000m,open_water_fraction_250m,open_water_fraction_1000m,mean_impervious_250m,mean_impervious_1000m,elevation_m,mean_slope_250m,mean_slope_1000m,terrain_ruggedness_1000m,distance_to_water_m,distance_to_road_m
42.1239310472,-73.1886531344,1,0.9321266968325792,0.7592011412268188,0.06787330316742081,0.1817403708987161,0.0,0.0333808844507846,0.0,0.008273894436519259,0.0,0.14750356633380884,498.0512390136719,2.3880935682885465,2.111560856553636,14.39981940364496,203.8112964995281,593.143059689613
42.3245146377,-71.6544306579,0,0.06334841628959276,0.1920114122681883,0.5520361990950227,0.22853067047075606,0.38461538461538464,0.5711840228245364,0.0,0.0,6.276018099547511,12.322111269614837,90.1275405883789,0.47561634446397427,1.4850660048805886,7.721153932674787,14.899175528649891,3.713506657744023
42.6170755971,-71.2471948191,0,0.03167420814479638,0.05449358059914408,0.17647058823529413,0.29985734664764624,0.7828054298642534,0.6433666191155493,0.0,0.0,24.32579185520362,24.794579172610558,35.9074821472168,0.2725414597954061,0.3497422510531935,1.5275806491902724,32.71847705993621,8.01106260461075
41.7729301282,-70.5030769976,0,0.0,0.04336661911554922,0.0,0.1629101283880171,0.416289592760181,0.4841654778887304,0.583710407239819,0.2051355206847361,26.194570135746606,21.882738944365194,0.21646101772785187,0.8269175871014032,0.8585340507184531,4.404950594677645,0.0,84.68004689702781
42.37048294,-72.50522384,0,0.4253393665158371,0.14179743223965763,0.5656108597285068,0.12068473609129815,0.00904977375565611,0.5463623395149786,0.0,0.0,0.07239819004524888,17.026533523537804,56.14068603515625,0.5895903574878677,1.575664883721178,11.332402568789528,165.46886481868324,273.7517326204463
41.3055532433,-70.7657368495,0,0.00904977375565611,0.06533523537803139,0.004524886877828055,0.056490727532097,0.0,0.03052781740370899,0.8506787330316742,0.696718972895863,0.0,0.40399429386590585,-0.19032131135463715,1.4102565539177052,0.7353627489102919,6.087026706833078,0.0,204.48752051384398
42.1915601672,-71.5136827533,0,0.18099547511312217,0.602567760342368,0.17194570135746606,0.14522111269614835,0.0,0.13780313837375177,0.5656108597285068,0.0964336661911555,0.0,2.8684736091298144,107.98192596435547,1.551305271333223,2.1217612739862806,13.302948965187435,0.0,474.9995367386708
42.44109198,-72.20990942,0,0.8959276018099548,0.8465049928673324,0.00904977375565611,0.11212553495007133,0.09502262443438914,0.03737517831669044,0.0,0.0,1.081447963800905,0.3252496433666191,190.0938720703125,3.2732814498238527,3.7499360609505614,19.738485433578948,14.49284062605742,30.888030264950054
42.4634666667,-71.0726861667,0,0.0,0.07731811697574893,0.0,0.0014265335235378032,1.0,0.8981455064194008,0.0,0.02310984308131241,29.099547511312217,35.78288159771755,25.941661834716797,2.3245127966543517,1.8111317918422392,13.483232248468132,390.97348745013045,57.85522931366272
42.2673606834,-71.2142510171,1,0.06787330316742081,0.16576319543509271,0.34841628959276016,0.13380884450784594,0.583710407239819,0.6873038516405136,0.0,0.0042796005706134095,11.502262443438914,20.860199714693294,30.33962631225586,1.1213572158809901,1.5739853830178747,9.43008430803448,22.94437318180497,134.8427103287748
42.4596356165,-71.2067699432,0,0.03167420814479638,0.0884450784593438,0.00904977375565611,0.0898716119828816,0.9592760180995475,0.8199714693295292,0.0,0.0014265335235378032,22.312217194570135,18.32639087018545,61.77249526977539,0.7917220054170053,0.9591982397299781,4.103285210627004,222.81068800635583,36.2134315396708
41.6363972222,-70.5563055556,0,0.0,0.20085592011412268,0.0,0.0025677603423680455,0.0,0.14293865905848788,0.0,0.0005706134094151213,0.0,4.17774607703281,28.24610710144043,0.4684609208409152,0.5560205635766974,2.79303392947522,537.7858124660509,324.3859607895493
42.8177167141,-70.9091711988,0,0.28054298642533937,0.13495007132667616,0.09502262443438914,0.11640513552068474,0.5882352941176471,0.7232524964336662,0.0,0.0,33.90950226244344,28.576890156918687,17.77512550354004,1.6155522442808044,0.9684107079111404,5.790784967481655,28.72984752388469,114.98302708765284
42.3969707221,-71.516981115,1,0.18099547511312217,0.24108416547788872,0.5972850678733032,0.3232524964336662,0.04072398190045249,0.2932952924393723,0.0,0.013124108416547788,1.090497737556561,10.325820256776034,54.197998046875,0.13413762938743928,1.205597777447778,6.185944603043838,0.0,3.3859300462479047
42.0841016501,-71.0448819847,0,0.0,0.03138373751783167,0.0,0.04536376604850214,1.0,0.9223965763195435,0.0,0.0002853067047075606,26.895927601809955,33.07047075606277,45.55949401855469,0.7640025309146872,0.7785830946121789,4.59672907752184,397.8404034015505,25.40268549184347
42.7559916667,-71.0999305,0,0.19457013574660634,0.27075606276747505,0.0,0.014265335235378032,0.8054298642533937,0.6302425106990014,0.0,0.07960057061340942,20.194570135746606,22.0830242510699,36.77608108520508,4.243834640565607,2.981626155694722,19.35277166586757,218.4336738016299,12.550406869275276
42.394136,-72.44996,0,0.7330316742081447,0.8479315263908702,0.004524886877828055,0.05335235378031384,0.09502262443438914,0.06818830242510698,0.0,0.0,0.6425339366515838,0.5646219686162625,225.12477111816406,5.116082272975493,4.505835574643685,35.21476254113832,17.649676960355684,125.83954642666468
42.4182533333,-71.3854783333,1,0.004524886877828055,0.24165477888730386,0.3936651583710407,0.2875891583452211,0.29411764705882354,0.31041369472182595,0.0,0.002282453637660485,10.076923076923077,6.570613409415121,40.1176643371582,1.5224625829260985,1.0082471382349278,6.69550148399872,124.56874523353835,16.262122592032913
42.1652090376,-70.7186565512,0,0.0,0.005706134094151213,0.09049773755656108,0.3566333808844508,0.0,0.04022824536376605,0.502262443438914,0.5292439372325249,0.0,1.2285306704707561,1.0838032960891724,0.24198212737014024,0.3102955162799539,1.5469218638419933,5.37354093618075,684.2342537895639
42.4043045221,-72.5353815448,1,0.0,0.08273894436519258,0.2986425339366516,0.11326676176890157,0.7013574660633484,0.43880171184022826,0.0,0.0002853067047075606,33.25339366515837,14.63509272467903,47.84611511230469,0.5537882275212183,0.9205445758104527,7.779807481109677,204.5452889896454,4.146473355201894
42.7999283333,-70.8595966667,1,0.0,0.05877318116975749,0.0,0.026818830242510697,1.0,0.7209700427960057,0.0,0.1115549215406562,26.41176470588235,20.543509272467904,9.303155899047852,0.6817192455151896,0.80555379757564,5.302988899884409,26.35888601404251,20.199116666909816
42.6279648128,-71.730203703,1,0.4479638009049774,0.7432239657631954,0.5113122171945701,0.12924393723252497,0.04072398190045249,0.1101283880171184,0.0,0.0,0.7873303167420814,2.2302425106990014,129.8328094482422,1.0396102614752325,1.9486515121776222,10.352619150739432,0.0,243.89776909250313
42.1995470273,-71.758414769,1,0.49321266968325794,0.23081312410841653,0.049773755656108594,0.08815977175463624,0.4434389140271493,0.6462196861626248,0.013574660633484163,0.009985734664764621,23.79638009049774,24.709557774607703,122.55603790283203,1.9657442082568335,1.6587728841610214,10.118885986114911,197.92616207690807,27.071316407993788
42.6421,-71.4662033333,0,0.416289592760181,0.5383737517831669,0.058823529411764705,0.07218259629101284,0.5248868778280543,0.3891583452211127,0.0,0.0,11.737556561085972,6.70870185449358,84.51444244384766,3.2927504765883238,2.367609396456174,17.218939805840257,2.816019919013366,21.36821764386351
42.4719866667,-70.99578,0,0.0,0.14122681883024252,0.027149321266968326,0.012838801711840228,0.9728506787330317,0.7840228245363766,0.0,0.05877318116975749,39.126696832579185,29.274179743223964,36.094547271728516,1.0780415995244919,2.3620433996341696,11.289448823977024,139.28900820713932,1.8849194160462823
42.3734261217,-71.4041025672,1,0.7782805429864253,0.5027104136947218,0.0,0.06932952924393723,0.13122171945701358,0.3957203994293866,0.0,0.0,1.239819004524887,5.032239657631954,102.38370513916016,3.37567455152318,3.256505033975172,15.76525650569492,681.7289901457758,5.394881612667028
42.4177061563,-71.1345640553,0,0.0,0.0025677603423680455,0.0,0.003138373751783167,1.0,0.9925820256776035,0.0,0.0017118402282453639,51.9683257918552,52.80970042796006,5.346980094909668,0.5384134860084445,1.0055365092545627,5.329160996725972,236.4262338222506,9.362053348120888
42.3125371,-71.18980834,0,0.0,0.054778887303851644,0.049773755656108594,0.016833095577746076,0.9502262443438914,0.9283880171184022,0.0,0.0,23.38914027149321,28.69843081312411,34.93595886230469,0.7348168819588022,1.5738093865679696,8.261662825932124,590.8451533613429,217.52323578414988
42.2969659298,-71.88395415,1,0.6787330316742082,0.8339514978601997,0.0,0.047075606276747506,0.2669683257918552,0.11383737517831669,0.0,0.0,4.787330316742081,1.5386590584878745,332.1688537597656,3.3010397382726904,4.629035693006298,25.935880151041232,188.54138856091566,63.30259545743569
41.65391667,-70.21080833,0,0.01809954751131222,0.005991440798858773,0.07692307692307693,0.08559201141226819,0.9049773755656109,0.7951497860199714,0.0,0.11241084165477888,38.2262443438914,30.221398002853068,3.875502586364746,0.3151473997987197,0.317916369507734,1.4241967079274036,127.62299177136757,1.029237337397028
42.6265746091,-70.7174745304,0,0.6063348416289592,0.609129814550642,0.3936651583710407,0.1326676176890157,0.0,0.2456490727532097,0.0,0.0028530670470756064,0.0,6.594864479315264,24.22244644165039,1.4918157626823938,1.9341608034784814,9.279956869030903,0.0,340.3361019893826
42.583995472,-71.4984691574,1,0.10407239819004525,0.4373751783166904,0.3393665158371041,0.1463623395149786,0.5565610859728507,0.35920114122681884,0.0,0.05306704707560628,11.755656108597286,7.552353780313838,65.02619171142578,0.7534004902228237,1.8285418680623808,9.590240695199293,26.7007316795297,27.61465941700803
42.0826328283,-71.4853538509,0,0.3936651583710407,0.42425106990014266,0.19909502262443438,0.11041369472182597,0.4072398190045249,0.4445078459343795,0.0,0.0,12.55656108597285,15.099001426533524,91.25520324707031,2.1511150248021713,1.6037610524336567,9.91341629607589,151.71131043980722,0.9306279178668032
42.40811717,-71.2207205798,0,0.0,0.19115549215406563,0.0,0.07446504992867332,1.0,0.729243937232525,0.0,0.0042796005706134095,33.10407239819005,24.4,84.48957061767578,2.2441126053332656,2.4249276829613584,11.291267086048174,280.2415761450664,116.00784965724267
42.2998603268,-72.2353559504,1,0.6334841628959276,0.6450784593437946,0.15384615384615385,0.11925820256776035,0.0,0.09871611982881598,0.0,0.0,0.0,1.733808844507846,144.95733642578125,5.422480196243943,4.9146375151526644,42.281085340311726,24.627873278856473,197.1934877886414
42.6526260376,-71.4557647705,1,0.38009049773755654,0.4567760342368046,0.013574660633484163,0.15863052781740372,0.6063348416289592,0.34465049928673325,0.0,0.0011412268188302425,11.339366515837105,6.873894436519258,70.04639434814453,2.0307198452114177,1.6805550371202995,11.342440140099606,289.7012053820196,71.29831341735436
42.595875,-71.530625,0,0.6199095022624435,0.6102710413694722,0.0,0.05392296718972896,0.14479638009049775,0.1115549215406562,0.19457013574660634,0.20142653352353782,3.6199095022624435,1.6904422253922968,71.64216613769531,3.3432995283526767,1.6882808385116148,11.993389077564117,113.89937266645651,81.47658617384984
42.4521966667,-71.08065,0,0.5384615384615384,0.3486447931526391,0.0,0.012838801711840228,0.46153846153846156,0.6031383737517831,0.0,0.025962910128388018,12.389140271493213,23.673038516405136,30.095109939575195,4.991502933020465,2.7482024733862733,22.357010158324904,341.41235145416886,62.48325091989518
42.2694866667,-71.1683116667,0,0.0,0.01825962910128388,0.0,0.06105563480741798,1.0,0.8439372325249643,0.0,0.02225392296718973,54.01809954751131,42.95891583452211,34.063690185546875,0.7965523168790024,1.6806582462173871,8.929048906300002,372.5723978899916,23.231982807332486
42.3310894,-73.1126765,0,1.0,0.805135520684736,0.0,0.1500713266761769,0.0,0.03851640513552068,0.0,0.0,0.0,0.3717546362339515,490.8406677246094,2.3902396634120255,2.453704359633439,11.982991544904108,57.50192344034935,768.7564522715885
41.7422866667,-70.6729666667,0,0.03167420814479638,0.20485021398002853,0.02262443438914027,0.18088445078459345,0.4253393665158371,0.39172610556348075,0.416289592760181,0.16690442225392296,13.34841628959276,12.265049928673324,2.3211629390716553,0.6287443236995593,0.5875963307528992,2.2640321934487244,30.284038416431322,3.0034059544285028
42.726955,-70.8066533333,0,0.0,0.005420827389443652,0.0,0.16718972895863052,0.0,0.0,1.0,0.8256776034236805,0.0,0.0,-1.2358006238937378,0.012310804395612258,0.12850084006188306,0.7666462562076741,0.0,1253.1428325075058
42.5526858698,-72.7563329248,0,0.7239819004524887,0.7671897289586306,0.0,0.018830242510699,0.04072398190045249,0.09329529243937233,0.0,0.0,0.3257918552036199,0.6801711840228245,324.53289794921875,5.419865196021823,4.564432533208254,33.56307080786811,339.5304393729463,252.49536873522314
42.5488922819,-72.4479031501,0,0.5610859728506787,0.8154065620542083,0.3076923076923077,0.10242510699001427,0.013574660633484163,0.04992867332382311,0.09049773755656108,0.007417974322396576,0.26244343891402716,0.5754636233951498,296.27215576171875,2.253180063404162,3.452992243432365,18.924269621876107,0.0,240.95570211257353
42.4430758,-71.9618071997,0,0.4841628959276018,0.5977175463623395,0.5067873303167421,0.2815977175463623,0.0,0.08930099857346648,0.00904977375565611,0.005135520684736091,0.0,1.63623395149786,269.86468505859375,5.252204762058911,2.723742030117726,17.085020484263232,4.958780716083524,490.26649470553593
42.3356877,-71.04919062,0,0.0,0.0,0.0,0.0014265335235378032,1.0,0.9546362339514979,0.0,0.03138373751783167,79.27149321266968,75.60970042796006,12.4237060546875,2.2165078071692,0.9297263870946006,5.402572206446434,734.8544357167651,5.884282228234717
42.4254215885,-71.4179835096,0,0.167420814479638,0.301283880171184,0.4751131221719457,0.16062767475035664,0.3574660633484163,0.534379457917261,0.0,0.003708987161198288,4.619909502262443,7.728102710413695,62.930755615234375,0.4316674029030634,1.1882316059642855,5.695228569724795,74.66836812756245,50.285969140897556
42.7232933044,-72.4767456055,0,0.9004524886877828,0.9072753209700428,0.09954751131221719,0.03651925820256776,0.0,0.020256776034236805,0.0,0.0,0.0,0.16861626248216832,130.5579071044922,4.209082090715194,3.8331313042696347,26.716372688488196,199.7149980931169,866.1162416081479
42.25258119,-72.54186748,1,0.42081447963800905,0.2721825962910128,0.03167420814479638,0.16348074179743224,0.25339366515837103,0.2972895863052782,0.0,0.0,4.180995475113122,7.392296718972895,89.54100799560547,2.92292601483083,1.8127406345521413,8.851323148693465,498.58473532717613,29.17408673340712
42.3590727847,-72.5415731242,1,0.08144796380090498,0.14179743223965763,0.15384615384615385,0.07218259629101284,0.6968325791855203,0.4776034236804565,0.0,0.0005706134094151213,34.23529411764706,24.436804564907277,48.43141174316406,0.518984089761481,0.9153397109426775,6.460229185010754,4.486848095061842,39.7788251431192
42.0398058359,-71.6793065195,1,0.7601809954751131,0.6393723252496434,0.19909502262443438,0.14208273894436518,0.03167420814479638,0.2057061340941512,0.00904977375565611,0.0011412268188302425,0.22624434389140272,2.098145506419401,148.03179931640625,1.464514317243169,1.6990121180495754,14.34062999834492,40.335682573945164,341.37985681631795
42.70807167,-71.08866117,0,0.0,0.24764621968616263,0.0,0.04365192582025677,1.0,0.3594864479315264,0.0,0.28530670470756064,18.217194570135746,5.52867332382311,60.93790054321289,1.3715034621444562,2.1286810522248087,12.904730563549487,225.3497524220339,14.629571903752568
42.0783880722,-71.31107485,0,0.2669683257918552,0.21255349500713266,0.14027149321266968,0.17803138373751784,0.5701357466063348,0.49586305278174037,0.0,0.003994293865905849,13.633484162895927,14.502710413694722,66.22686767578125,0.5739159355700906,0.8019511115999476,3.353169653662328,120.33096506068537,12.655625871410946
42.2931314915,-71.4340175972,0,0.0,0.04051355206847361,0.049773755656108594,0.06048502139800285,0.9502262443438914,0.8482168330955777,0.0,0.04992867332382311,31.04524886877828,34.93437945791726,50.27959442138672,1.3201825900044488,1.1165409610440251,5.561354943569119,222.30221173924298,14.650512210727108
42.2437147018,-73.1698707144,0,0.9230769230769231,0.896718972895863,0.07692307692307693,0.10299572039942939,0.0,0.0002853067047075606,0.0,0.0,0.0,0.0042796005706134095,519.1116943359375,4.1171663738499715,4.1024649632927135,26.73307204157422,81.91411829920486,548.1476069196374
41.7409233436,-70.6242693024,0,0.0,0.0,0.05429864253393665,0.007132667617689016,0.7285067873303167,0.4456490727532097,0.15384615384615385,0.5255349500713267,45.502262443438916,21.69928673323823,2.7590725421905518,0.46814459597549113,0.43884088822988093,1.9794322817687293,26.604098706784626,8.480491663990165
42.7014694444,-72.7757944444,1,0.5203619909502263,0.882453637660485,0.05429864253393665,0.019400855920114122,0.19457013574660634,0.043081312410841656,0.0,0.0,1.6832579185520362,0.4322396576319544,285.20123291015625,5.801355276185557,9.588221052528008,50.696448357926286,119.87034261998973,32.95446660417865
42.270725,-71.13591117,0,0.23529411764705882,0.22510699001426535,0.0,0.03737517831669044,0.7647058823529411,0.7298145506419401,0.0,0.007417974322396576,7.04524886877828,26.42824536376605,55.06153106689453,2.2798959093449325,2.8371383553682565,16.038290032475427,267.1557693552736,176.95426159762573
41.28554167,-70.1625445,0,0.43891402714932126,0.21768901569186877,0.4660633484162896,0.23081312410841653,0.0,0.22653352353780315,0.0,0.07988587731811697,0.0,5.8810271041369475,2.513711929321289,0.4260792590715916,0.6892527964994767,3.9778188976685693,163.98463469887568,291.79424241778185
42.5949371048,-71.3832059038,0,0.27149321266968324,0.14265335235378032,0.00904977375565611,0.05249643366619115,0.669683257918552,0.8002853067047075,0.0,0.0,6.656108597285068,14.276462196861626,57.32685470581055,1.4357992425446513,1.925703687153114,12.030364081911879,58.67429736280663,3.190634507005863
42.0536733403,-70.22901575,0,0.0,0.0094151212553495,0.0,0.044793152639087015,0.0,0.008273894436519259,0.4343891402714932,0.49957203994293864,0.0,0.2524964336661912,0.19653677940368652,0.7067295499144101,0.44348531033114397,3.756880654077172,0.0,685.0364603155667
42.1555447894,-71.4468214248,1,0.09502262443438914,0.33951497860199714,0.11764705882352941,0.18002853067047075,0.7873303167420814,0.4368045649072753,0.0,0.0,13.647058823529411,9.539514978601996,83.6341552734375,0.82082291081002,1.2164496984476805,6.768298672057102,228.96175851173166,7.246129783285984
42.3628258016,-71.5411063546,0,0.16289592760180996,0.13523537803138375,0.0,0.0442225392296719,0.8371040723981901,0.7184022824536377,0.0,0.10213980028530671,22.16289592760181,22.51840228245364,112.80158996582031,3.7327791354421773,2.7661057580886506,19.324458083767183,66.67772745246492,47.56023536081559
42.6384488706,-72.8267605011,0,0.7058823529411765,0.8884450784593438,0.0,0.005991440798858773,0.01809954751131222,0.030813124108416547,0.0,0.0,0.167420814479638,0.29871611982881596,408.1259765625,4.326090613148226,7.422344099042748,47.62911874035338,485.896677625155,231.54201404396892
42.1783,-71.359955,0,0.0,0.11184022824536377,0.0,0.2893009985734665,1.0,0.5015691868758916,0.0,0.0014265335235378032,24.88235294117647,13.703566333808844,48.49392318725586,1.2284905676468982,0.9284702043098166,5.466237972008847,364.8099354373789,19.22833403164861
42.6031224942,-71.51786034,0,0.583710407239819,0.5714693295292439,0.1085972850678733,0.12553495007132667,0.27149321266968324,0.16062767475035664,0.02262443438914027,0.12867332382310984,3.18552036199095,2.3158345221112695,67.12120056152344,2.3318943333440836,1.7142299661197544,8.448055166211448,14.920532545602226,53.479411732197164
42.52358833,-71.40538,0,0.05429864253393665,0.32011412268188305,0.4660633484162896,0.21654778887303852,0.45701357466063347,0.3566333808844508,0.0,0.011982881597717546,19.352941176470587,13.032239657631955,51.88237380981445,0.2837616088013369,1.2027673541328683,7.322337440342026,4.590502931615154,126.9319150853759
42.128935,-71.197085,0,0.9864253393665159,0.6627674750356634,0.013574660633484163,0.22368045649072754,0.0,0.09443651925820257,0.0,0.0,0.0,1.2339514978601998,96.6800765991211,1.73040488090142,2.191813490132032,11.969169298194297,246.35333782471434,333.361878867645
42.141390603,-72.1145880595,1,0.5927601809954751,0.4716119828815977,0.17194570135746606,0.10841654778887304,0.17647058823529413,0.13780313837375177,0.049773755656108594,0.249358059914408,1.7149321266968325,1.9332382310984308,233.14376831054688,2.627709191598353,2.2946555336579646,9.690885934532561,130.41920905348303,25.818366052267127
42.2781325192,-72.7154091823,0,0.2669683257918552,0.4619115549215407,0.15384615384615385,0.12724679029957203,0.22624434389140272,0.1914407988587732,0.0,0.0,3.4389140271493215,3.191440798858773,55.95713424682617,1.6639352728764014,1.8667678958095033,13.20299772550975,177.69142902922195,76.35225185731417
42.459991046,-72.6411656517,1,0.06334841628959276,0.4102710413694722,0.049773755656108594,0.23281027104136948,0.19004524886877827,0.04821683309557775,0.0,0.0002853067047075606,2.9457013574660635,0.6733238231098431,59.715232849121094,2.3570975998499883,3.5095166998210403,30.031827003257607,197.75011735598687,83.05396358839135
42.40751667,-71.12815833,0,0.0,0.0,0.0,0.0008559201141226819,1.0,0.9991440798858773,0.0,0.0,75.09954751131222,63.0111269614836,17.00413703918457,2.2353576929327037,1.5516341708755919,8.383724463837973,378.64227476633704,22.7231889881219
42.8160583333,-70.8838416667,0,0.0,0.0,0.0,0.012553495007132667,1.0,0.8242510699001426,0.0,0.1629101283880171,49.02714932126697,37.42339514978602,17.09941291809082,1.8089613314784434,1.318926978541041,9.231554878598322,436.9963509749573,29.370558925019278
42.35546875,-72.5051193237,1,0.26244343891402716,0.19800285306704707,0.11312217194570136,0.26191155492154067,0.23529411764705882,0.12781740370898717,0.0,0.0,2.493212669683258,1.936376604850214,59.80157470703125,2.233986032450594,1.37637788046327,7.717447854975172,221.23578344852046,54.022580710600096
42.1085971667,-71.1895533333,0,0.01809954751131222,0.09529243937232525,0.13574660633484162,0.24764621968616263,0.8461538461538461,0.5215406562054208,0.0,0.12724679029957203,18.81900452488688,13.597432239657632,80.22872161865234,0.39608537028219426,0.6922510198015109,4.057451008475616,109.40764920167375,21.471744082089238
42.6146507471,-70.6537161052,0,0.0,0.0,0.004524886877828055,0.0005706134094151213,0.8506787330316742,0.8733238231098431,0.14479638009049775,0.12610556348074178,62.29864253393665,48.65420827389443,-0.24031560122966766,1.1335970801781,1.999848424605611,12.320392531890768,0.0,85.89269165469231
42.0930555384,-71.1757802299,0,0.13574660633484162,0.3078459343794579,0.3936651583710407,0.11526390870185449,0.11312217194570136,0.3449358059914408,0.3257918552036199,0.21569186875891583,4.0588235294117645,6.691583452211127,78.04884338378906,0.4362616551336549,0.921739449481744,4.892548477783465,0.0,247.56317228678913
42.1951004982,-72.6544065085,0,0.665158371040724,0.6271041369472182,0.08144796380090498,0.07189728958630527,0.25339366515837103,0.2990014265335235,0.0,0.0019971469329529245,14.058823529411764,10.605991440798858,127.8739242553711,2.8309497272113844,3.8605980288219213,25.675042794649233,27.47088272048774,106.44151447316219
42.1245471667,-71.1670533333,0,0.35294117647058826,0.2253922967189729,0.03619909502262444,0.18687589158345222,0.6108597285067874,0.5751783166904422,0.0,0.006276747503566334,8.226244343891402,11.869900142653352,72.78315734863281,3.4417373356333996,1.9526274053586312,13.403742433508931,405.32354215091357,23.0986246387172
42.3327304577,-71.2194318846,0,0.0,0.012838801711840228,0.0,0.04051355206847361,1.0,0.9466476462196861,0.0,0.0,21.642533936651585,19.2830242510699,33.51325607299805,0.5662035280277498,1.2020098519943707,6.105488514626866,231.79060501154552,24.436502681477428
42.3635477617,-71.3734540376,1,0.03167420814479638,0.08673323823109844,0.6923076923076923,0.503851640513552,0.2398190045248869,0.33067047075606276,0.03167420814479638,0.016547788873038517,9.212669683257918,11.30756062767475,34.73481750488281,0.30822652332982264,0.7183670254145628,3.3663683331005014,42.28851045252799,27.2622507482748
42.4740153,-72.5643919,0,0.8099547511312217,0.7962910128388017,0.0,0.0068473609129814554,0.18552036199095023,0.0898716119828816,0.0,0.02310984308131241,2.1085972850678734,1.6219686162624822,106.38204956054688,7.804146159739165,5.95736593549156,49.047880312376925,173.78018116913992,0.03570528322553218
42.2240245363,-72.2370047084,1,0.9547511312217195,0.795435092724679,0.013574660633484163,0.10727532097004279,0.03167420814479638,0.023395149786019972,0.0,0.0014265335235378032,0.27149321266968324,0.32838801711840226,218.03158569335938,8.903632408430582,6.422470983948546,30.443213290883456,218.6080163755696,6.264989346106287
42.2675013735,-71.2140141814,1,0.06787330316742081,0.16576319543509271,0.34841628959276016,0.13380884450784594,0.583710407239819,0.6873038516405136,0.0,0.0042796005706134095,11.502262443438914,20.860199714693294,31.46636962890625,1.4485138900280101,1.54952266423235,8.34905513573854,4.8442060169334376,157.4632512460885
42.3214018785,-71.4067547311,0,0.027149321266968326,0.012268188302425107,0.2081447963800905,0.04051355206847361,0.7647058823529411,0.9289586305278174,0.0,0.01825962910128388,19.14027149321267,35.41255349500713,44.960147857666016,0.556927297619838,1.0792776442459544,5.428909111587562,0.0,36.07004218558652
42.34554473,-71.81870561,0,0.5248868778280543,0.4804564907275321,0.15384615384615385,0.19400855920114124,0.3212669683257919,0.2990014265335235,0.0,0.0,4.972850678733032,7.255064194008559,241.4169921875,1.5443736165281818,2.428054591093324,15.56829080025088,110.42664606165143,69.84293243666282
42.3751061783,-72.4912376915,1,0.2986425339366516,0.16718972895863052,0.14027149321266968,0.2693295292439372,0.27149321266968324,0.2912981455064194,0.0,0.0005706134094151213,5.009049773755656,8.064479315263908,55.40458297729492,0.8322519749573719,1.121060242641756,7.8322043618099,237.70324741572824,62.41737447261192
42.2842861111,-71.1484305556,0,0.0,0.0,0.0,0.0,1.0,1.0,0.0,0.0,51.800904977375566,51.4941512125535,47.45793533325195,1.7562765541216137,2.0880427116914415,11.139467919949155,1210.5880219818412,5.709692902069729
42.5429611206,-71.0275039673,0,0.06334841628959276,0.02225392296718973,0.13574660633484162,0.08416547788873038,0.8009049773755657,0.8932952924393723,0.0,0.0002853067047075606,14.429864253393665,22.405991440798857,35.10027313232422,0.8120005102957026,1.2653134951830682,7.71067174410082,18.493454485963905,40.715228846438734
42.3459472446,-71.1120112373,0,0.0,0.0,0.0,0.002282453637660485,1.0,0.9563480741797432,0.0,0.04136947218259629,41.0,60.80485021398003,4.2884087562561035,0.6579974080051699,0.6531556249368317,4.361125165152189,7.916000627189441,91.91189425075541
42.3038333428,-71.983825,0,0.7058823529411765,0.598002853067047,0.0,0.09443651925820257,0.24434389140271492,0.17660485021398004,0.0,0.05905848787446505,2.266968325791855,2.5018544935805993,283.2254943847656,3.518713990260264,2.8215691059422134,17.47905074585132,201.8466247094581,0.23548534413653574
42.4327209228,-72.4999196549,0,0.8959276018099548,0.7121255349500714,0.10407239819004525,0.10556348074179743,0.0,0.09557774607703282,0.0,0.0,0.0,0.9295292439372326,140.66754150390625,3.1262582193409068,3.1736521624389993,13.573239764350856,156.34037819881772,267.6274784417731
42.6331745468,-70.6813156843,0,0.004524886877828055,0.029386590584878743,0.0,0.1803138373751783,0.995475113122172,0.5731811697574893,0.0,0.21169757489301,37.800904977375566,19.33009985734665,12.82231330871582,1.6142370148239438,1.5993339353563145,6.9669874667492975,56.42099972485187,11.145816415860672
42.4869822571,-71.15537446,0,0.0,0.0,0.03167420814479638,0.028530670470756064,0.9683257918552036,0.9714693295292439,0.0,0.0,41.40723981900452,41.03281027104137,33.4315299987793,0.5339433368497281,1.1670878632410997,6.247245995417466,201.77919282556664,4.76145209648252
42.3156583333,-71.1694333333,0,0.2171945701357466,0.11640513552068474,0.013574660633484163,0.04136947218259629,0.7692307692307693,0.8339514978601997,0.0,0.008273894436519259,13.850678733031675,27.12182596291013,52.78703308105469,1.013804530283022,1.0764821975539696,4.156288864260608,320.9244681527193,4.671547961644415
42.0954197071,-71.238753628,0,0.07239819004524888,0.2932952924393723,0.14479638009049775,0.20370898716119828,0.7828054298642534,0.44593437945791725,0.0,0.050784593437945794,19.153846153846153,9.99771754636234,83.65275573730469,1.8107358225552233,1.7696942961365143,7.765485505131613,129.2843576707342,39.08315674618122
42.1000833333,-73.1763616667,0,0.9728506787330317,0.844793152639087,0.02262443438914027,0.10984308131241084,0.004524886877828055,0.011697574893009986,0.0,0.03052781740370899,0.00904977375565611,0.0738944365192582,501.892578125,3.6046559601113466,2.5948493838708457,19.670992173372056,369.1170159479166,3.0021157949615187
41.77995,-70.7637633333,0,0.5701357466063348,0.44108416547788876,0.09502262443438914,0.20256776034236804,0.3167420814479638,0.3215406562054208,0.004524886877828055,0.0011412268188302425,5.0588235294117645,7.307845934379458,12.637317657470703,0.6938530137136172,0.6042109798057274,3.2274472812271977,44.500028166877236,33.78609780255084
42.4787057612,-71.2465047046,1,0.004524886877828055,0.13523537803138375,0.5972850678733032,0.1398002853067047,0.39819004524886875,0.7223965763195435,0.0,0.0,7.144796380090498,18.11783166904422,39.46247482299805,2.27821878089546,2.0686313614646936,12.434014435274724,58.6690799783521,146.8843760529168
42.2360894682,-71.0349248884,0,0.7692307692307693,0.3788873038516405,0.06787330316742081,0.052781740370898715,0.16289592760180996,0.5589158345221112,0.0,0.0017118402282453639,1.7013574660633484,23.979172610556347,38.07622528076172,2.4282332573904246,2.6787658631598137,14.585367856083126,147.6297747585797,28.66234678020748
42.47137,-71.5425883333,0,0.8144796380090498,0.5543509272467902,0.058823529411764705,0.23223965763195434,0.12669683257918551,0.19942938659058487,0.0,0.0042796005706134095,1.2941176470588236,3.995435092724679,86.86273193359375,3.3211276449342666,2.2247630568936256,12.546505286716108,105.33287837114716,34.97302512211825
42.3925133333,-71.1011666667,0,0.0,0.0,0.0,0.0,1.0,1.0,0.0,0.0,71.289592760181,73.08587731811697,25.06031608581543,2.0170500359528565,1.7542823496278153,7.814713735340153,980.7606546866596,24.006284282163517
42.4869980277,-72.2598106673,0,0.8868778280542986,0.8365192582025678,0.027149321266968326,0.15320970042796006,0.0,0.0,0.0,0.0,0.0,0.0,195.85406494140625,3.733710360359944,3.232101151251587,14.786704655780456,202.41798506003514,8.286989599006867
42.54554667,-71.55633667,1,0.4434389140271493,0.3797432239657632,0.27601809954751133,0.05734664764621969,0.27601809954751133,0.5417974322396576,0.004524886877828055,0.002282453637660485,4.886877828054299,13.12639087018545,83.49823760986328,2.08054354108755,2.0494725929314503,7.396829525233276,88.80714867641291,42.487946155502634
42.4635866667,-71.1049583333,0,0.6832579185520362,0.3594864479315264,0.0,0.018830242510699,0.3167420814479638,0.41340941512125534,0.0,0.1948644793152639,12.063348416289593,16.68530670470756,72.420654296875,3.748142167763141,1.5255681877930167,6.676744516987927,79.77318698256997,104.28337104401847
42.4159458188,-71.5260644448,0,0.334841628959276,0.23081312410841653,0.0,0.10670470756062768,0.665158371040724,0.5960057061340942,0.0,0.0034236804564907277,10.248868778280542,4.746362339514978,73.65101623535156,2.4208729894702454,1.478818243212172,8.342021749855244,138.28250743230691,0.596249453710701
42.6413682676,-72.0881555329,0,0.03167420814479638,0.4861626248216833,0.2986425339366516,0.2738944365192582,0.18552036199095023,0.105848787446505,0.4298642533936652,0.1049928673323823,3.4524886877828056,2.3203994293865904,251.03123474121094,0.36630763212607426,1.1762818075419403,5.86053631735392,0.0,45.76237086300083
42.6245283333,-71.40905,1,0.11312217194570136,0.053637660485021395,0.27601809954751133,0.19743223965763196,0.5927601809954751,0.6738944365192582,0.0,0.0019971469329529245,19.339366515837103,17.884450784593437,49.29803466796875,0.9882681093467135,0.9443074705858138,4.3627683353663365,6.90919383809151,41.97644503697611
42.1885389722,-71.198729,0,0.0,0.0,0.0,0.0,1.0,1.0,0.0,0.0,67.65610859728507,54.201141226818834,32.233890533447266,1.2257324169191628,1.3925248884486925,11.331002335364152,592.4766589844119,6.637253809338727
42.1791764091,-71.93041698,1,0.5294117647058824,0.6,0.07692307692307693,0.1500713266761769,0.33031674208144796,0.23109843081312412,0.01809954751131222,0.0017118402282453639,2.918552036199095,4.26904422253923,260.53155517578125,1.881985487833095,2.5746789326694497,11.537332200343695,86.79146160001812,124.42449315003793
42.515885,-71.341479,0,0.7194570135746606,0.6022824536376605,0.09502262443438914,0.21768901569186877,0.18099547511312217,0.14750356633380884,0.0,0.005706134094151213,3.4434389140271495,2.241654778887304,68.16084289550781,1.0114250851132878,1.2683598415116477,5.802389504411202,210.32412040962063,8.85312776482639
42.5469749529,-70.9033199182,0,0.0,0.0019971469329529245,0.01809954751131222,0.044793152639087015,0.46153846153846156,0.692154065620542,0.5203619909502263,0.2573466476462197,17.619909502262445,23.11811697574893,1.516352891921997,1.4640698431883683,1.2104448846357698,6.861358696564802,0.0,45.98608867090408
42.6902198792,-70.7727127075,0,0.11312217194570136,0.09215406562054208,0.013574660633484163,0.12410841654778887,0.0,0.04821683309557775,0.3665158371040724,0.527246790299572,0.0,0.8596291012838801,0.9084362983703613,1.7307482206594687,1.0743854111548576,8.0574551697644,38.61958429736447,695.3015421145897
42.2396099443,-70.7597377648,0,0.0,0.006276747503566334,0.04524886877828054,0.09871611982881598,0.16289592760180996,0.2502139800285307,0.7239819004524887,0.6002853067047076,11.570135746606335,7.395720399429386,-0.08437745273113251,0.6745265768575313,0.3877800282880424,2.431092198874987,0.0,127.86285028443771
42.2690980507,-70.9980816803,0,0.02262443438914027,0.005991440798858773,0.5610859728506787,0.1398002853067047,0.21266968325791855,0.42339514978602,0.167420814479638,0.425962910128388,11.760180995475114,19.723252496433666,1.4397916793823242,0.3175630474346215,0.4608864239001571,3.160303857306277,0.0,86.93466725576135
42.4898021695,-71.0027050214,0,0.8280542986425339,0.510413694721826,0.0,0.04251069900142653,0.0,0.23794579172610555,0.167420814479638,0.19029957203994294,0.0,7.190870185449358,37.44636917114258,2.3326035342009748,2.4062383964331,11.653516202897428,39.37882652510344,149.5305944439424
42.3798287761,-73.362393924,0,0.013574660633484163,0.30756062767475034,0.9321266968325792,0.3064194008559201,0.04072398190045249,0.14236804564907277,0.013574660633484163,0.003994293865905849,0.5882352941176471,2.2496433666191153,319.1774597167969,0.8506610902761514,1.9206796562281423,10.1022584803541,8.774091349938223,431.54686517448874
42.0695624236,-71.1939070133,0,0.4660633484162896,0.536376604850214,0.37104072398190047,0.22482168330955776,0.11312217194570136,0.20199714693295293,0.0,0.0025677603423680455,2.3755656108597285,3.9783166904422256,66.37010955810547,1.6756000883513928,1.4869648671656697,8.130922825837162,70.11825314677061,192.51770076198764
42.2331,-71.2419,0,0.5565610859728507,0.6590584878744651,0.17194570135746606,0.14293865905848788,0.00904977375565611,0.12239657631954351,0.24434389140271492,0.05934379457917261,0.23076923076923078,1.847360912981455,75.71562194824219,1.840900466244831,1.8606213155443523,8.206740625985773,0.0,97.58882179379727
42.604443109,-71.6173991253,1,0.5927601809954751,0.5686162624821683,0.3167420814479638,0.12639087018544937,0.08597285067873303,0.23509272467902995,0.0,0.002282453637660485,1.995475113122172,4.608559201141227,68.63092041015625,1.5709007270815705,1.3451894336097086,8.34742910496147,7.9233977230751025,141.64014641651414
42.5956277778,-72.2169333333,0,0.4117647058823529,0.32268188302425105,0.0,0.029386590584878743,0.583710407239819,0.6413694721825963,0.004524886877828055,0.0034236804564907277,15.312217194570136,23.848216833095577,185.04934692382812,3.737034494148157,4.331952125042466,28.296588443963063,30.888492115169228,82.25299451803878
42.002676,-70.717883,0,0.167420814479638,0.10527817403708987,0.3031674208144796,0.21426533523537802,0.38009049773755654,0.5164051355206848,0.0,0.1209700427960057,6.031674208144796,11.71469329529244,3.644162654876709,0.5075490138616462,1.0482459645853341,5.847192806673996,308.0901380669303,1.1809825136724958
42.5161416667,-70.9828194444,0,0.13574660633484162,0.0667617689015692,0.2579185520361991,0.08102710413694722,0.6063348416289592,0.8302425106990015,0.0,0.017403708987161197,22.787330316742082,33.97261055634807,30.117897033691406,0.6185637360158924,1.6597194091368048,7.6367135480541775,65.89418749758984,6.902906350481608
42.4455861111,-71.34095,0,0.6289592760180995,0.46990014265335234,0.0,0.07475035663338088,0.3665158371040724,0.32667617689015693,0.0,0.07960057061340942,10.746606334841628,9.960912981455063,59.85719680786133,0.7966591742056189,1.444091719878934,7.194318925372687,357.29094829904005,0.2102801423109023
42.326667,-72.539167,1,0.8009049773755657,0.4159771754636234,0.07239819004524888,0.07845934379457917,0.03167420814479638,0.19828815977175462,0.0,0.0,0.9683257918552036,5.922111269614836,67.59239959716797,1.3792734832987377,1.6065600659053216,11.027071096711191,66.72125052007134,244.09748847577595
42.539,-71.52,1,0.7692307692307693,0.42082738944365194,0.02262443438914027,0.105848787446505,0.2081447963800905,0.3971469329529244,0.0,0.0,6.294117647058823,14.146077032810272,98.07252502441406,5.200027839036171,2.681451739264035,19.762817745394138,338.494060624927,137.64167810597357
42.3226128,-71.1052537997,0,0.0,0.006562054208273894,0.0,0.0,1.0,0.9883024251069901,0.0,0.005135520684736091,73.33031674208145,60.679885877318114,18.570526123046875,1.4967042100891972,2.2260472153765596,9.46691418817568,890.4660949423039,8.795280793535659
42.3964522042,-71.395711375,0,0.4434389140271493,0.3637660485021398,0.12217194570135746,0.3472182596291013,0.39819004524886875,0.24450784593437946,0.0,0.0,13.28054298642534,6.5061340941512125,46.915462493896484,1.429194209135037,1.1769379177196846,8.105400568096226,208.22875138559183,30.638386360117988
42.45743787,-72.25136552,1,0.6108597285067874,0.6704707560627675,0.3891402714932127,0.17203994293865907,0.0,0.0,0.0,0.14008559201141227,0.0,0.0,186.1910400390625,3.5819283503389254,3.287809836956197,15.842421624716996,29.662077251295518,479.3673573754788
42.2358810929,-71.7970641162,0,0.0,0.07589158345221113,0.13574660633484162,0.02253922967189729,0.8642533936651584,0.9015691868758916,0.0,0.0,55.01809954751131,45.29272467902996,137.3587188720703,2.0962853533102166,3.9994422028005125,24.38538426888896,0.0,73.36029132361922
41.927855,-70.055725,0,0.0,0.08958630527817403,0.0,0.12039942938659058,0.5384615384615384,0.22510699001426535,0.3438914027149321,0.4847360912981455,10.923076923076923,4.2627674750356634,2.947965145111084,1.2486479775011683,0.9534373285580185,4.48574653405899,83.00325960590723,3.801810292209159
42.4413904874,-71.8572000135,0,0.4796380090497738,0.5928673323823109,0.3665158371040724,0.20399429386590584,0.11764705882352941,0.10413694721825963,0.0,0.0011412268188302425,0.5158371040723982,1.1349500713266762,239.0981903076172,3.403997330001613,3.1717936240853835,25.19240135476153,51.83336610021959,37.97638950811372
42.2419583333,-72.6607583333,1,0.13122171945701358,0.4667617689015692,0.2171945701357466,0.10128388017118402,0.5927601809954751,0.2904422253922967,0.0,0.0005706134094151213,8.665158371040723,5.793437945791726,61.76694869995117,1.1147512656847498,5.500943898771663,46.007083522525,66.02043253254698,4.500149554142803
42.261125,-72.336302,0,0.5746606334841629,0.5845934379457918,0.3393665158371041,0.09415121255349501,0.03619909502262444,0.0659058487874465,0.004524886877828055,0.0028530670470756064,0.5972850678733032,0.9300998573466477,112.98395538330078,1.3733725550502722,3.4804159363325082,19.834349678140235,90.26540504376939,148.85209447912217
42.653506992,-71.1657577754,0,0.2081447963800905,0.1614835948644793,0.013574660633484163,0.10841654778887304,0.7782805429864253,0.7015691868758915,0.0,0.003138373751783167,10.212669683257918,12.957203994293867,39.41014862060547,1.117814261164411,1.1519984966140049,6.545672787011041,28.825666827982683,4.236505779211326
42.2770174084,-73.0377059379,1,0.6108597285067874,0.8002853067047075,0.23076923076923078,0.12439372325249644,0.13122171945701358,0.061626248216833095,0.0,0.003138373751783167,0.751131221719457,0.35977175463623395,396.59112548828125,2.00158225225869,3.2806592048476606,17.21337688979663,287.2632999676417,15.636932386917678
42.329473,-72.533925,1,0.669683257918552,0.3957203994293866,0.03619909502262444,0.05335235378031384,0.013574660633484163,0.2932952924393723,0.0,0.0,0.35294117647058826,7.310984308131241,70.72598266601562,2.154800448227302,1.4627884122230013,10.343649701029978,282.2829924393528,198.25712584290855
42.3276996573,-72.68254783,1,0.4751131221719457,0.385734664764622,0.04524886877828054,0.05420827389443652,0.4796380090497738,0.5252496433666192,0.0,0.002282453637660485,9.48868778280543,13.97546362339515,81.02803039550781,1.348531818038649,2.0118432156188986,14.612017754492046,105.54350205684568,3.0714754434718285
42.703225,-73.1958611111,1,0.40271493212669685,0.1514978601997147,0.0,0.0522111269614836,0.027149321266968326,0.6342368045649073,0.0,0.0,1.2850678733031675,15.827104136947218,220.8697052001953,3.010489258985752,2.4828101112570917,15.691327779730718,273.1433118831968,257.09158768051117
42.37268,-71.5206966667,0,0.0,0.2573466476462197,0.0,0.11469329529243938,1.0,0.6194008559201141,0.0,0.007132667617689016,26.420814479638008,14.641654778887304,113.49044799804688,3.640589983395667,2.3785088110855113,17.95618990416114,325.62219268460075,36.64771182800018
42.505622,-71.418859,0,0.2579185520361991,0.27303851640513555,0.00904977375565611,0.1335235378031384,0.7330316742081447,0.5931526390870185,0.0,0.0,21.533936651583712,19.236519258202566,69.1585464477539,3.7852778011350816,2.054324870665155,9.181528606748598,222.61108875087092,29.882009162227504
42.3532666667,-71.0804888333,0,0.0,0.0,0.00904977375565611,0.0019971469329529245,0.9547511312217195,0.7218259629101283,0.03619909502262444,0.2761768901569187,63.755656108597286,52.730099857346644,2.1086232662200928,0.3264600524400168,0.2801506903424073,1.5354624040856588,127.21601396151193,0.5291691220737776
42.0873051993,-71.397251509,0,0.0,0.07332382310984308,0.0,0.056776034236804565,1.0,0.8699001426533524,0.0,0.0,41.57918552036199,32.287018544935805,101.0406265258789,1.0438560429722958,1.3916201688558818,7.264229386414063,553.5976437575113,60.52295411778615
42.2928852284,-71.3129786769,1,0.18552036199095023,0.33009985734664765,0.08597285067873303,0.02225392296718973,0.4660633484162896,0.4276747503566334,0.22171945701357465,0.20770328102710414,13.167420814479637,11.072182596291013,39.536766052246094,1.169203541490722,1.6786375152657516,11.495554369056249,0.0,207.61975945749828
42.128768242,-71.3704108568,0,0.14479638009049775,0.2079885877318117,0.07692307692307693,0.2721825962910128,0.2850678733031674,0.32895863052781743,0.0,0.07360912981455064,9.723981900452488,6.803138373751783,41.62260818481445,0.8163274866171694,0.9687577642388683,4.356267339050095,186.34563320401574,313.9550191887036
42.4931793249,-71.3707621142,1,0.2986425339366516,0.3583452211126961,0.3891402714932127,0.30156918687589157,0.2850678733031674,0.20370898716119828,0.013574660633484163,0.030242510699001426,6.638009049773756,3.9914407988587732,55.662479400634766,1.210620562784773,1.2803514045030842,9.09713563457711,25.92323309855739,38.693254776782105
42.1431202974,-70.782187875,0,0.4343891402714932,0.5035663338088445,0.38461538461538464,0.33580599144079887,0.09954751131221719,0.09700427960057062,0.06334841628959276,0.033095577746077035,0.9457013574660633,1.30641940085592,6.433889389038086,2.42889483635229,1.8260644974019737,11.389777283879829,33.70478918545439,0.8883563963161507
42.3614291277,-71.2604139329,0,0.0,0.11412268188302425,0.0,0.027960057061340943,1.0,0.6684736091298146,0.0,0.18002853067047075,62.22171945701358,26.369186875891582,30.27699851989746,2.005327411741842,1.993305829137336,14.764581178884306,419.35682542172145,8.380059413470779
42.4798416667,-72.7137466667,0,0.9683257918552036,0.9238231098430814,0.02262443438914027,0.045934379457917264,0.0,0.007988587731811698,0.00904977375565611,0.0005706134094151213,0.0,0.056776034236804565,346.7761535644531,3.1288027249108925,4.774610329914299,23.90413375602552,25.508517075158984,142.7783897685806
42.6879437366,-71.111247763,0,0.16289592760180996,0.17517831669044223,0.0,0.045934379457917264,0.48868778280542985,0.6559201141226819,0.0,0.053637660485021395,6.072398190045249,14.331526390870186,61.84632873535156,3.3780275791016323,2.448017230435472,12.22654418034605,251.73276113335172,74.32459109561664
42.4932705542,-71.3706647201,1,0.31221719457013575,0.3560627674750357,0.3665158371040724,0.29871611982881596,0.3167420814479638,0.20399429386590584,0.004524886877828055,0.030813124108416547,7.167420814479638,3.98944365192582,55.662479400634766,1.210620562784773,1.2803514045030842,9.09713563457711,25.086004075191674,31.710341145626114
42.4121712669,-71.3665042073,0,0.21266968325791855,0.2202567760342368,0.5701357466063348,0.25677603423680456,0.07692307692307693,0.37774607703281027,0.11764705882352941,0.08216833095577745,1.660633484162896,4.877888730385164,36.12693786621094,1.5773247033222408,1.0988596313770742,6.884170048824707,0.0,250.86601358817137
42.3846835314,-72.5183879212,1,0.0,0.09215406562054208,0.0,0.017118402282453638,1.0,0.8884450784593438,0.0,0.0,17.918552036199095,29.58231098430813,99.49708557128906,2.978519293029435,2.2032169703465665,13.96071120147168,513.373193495027,37.53546406768386
41.749257,-69.985943,0,0.19909502262443438,0.2810271041369472,0.0,0.03737517831669044,0.8009049773755657,0.6576319543509273,0.0,0.009985734664764621,11.959276018099548,11.134094151212553,16.1735782623291,1.1285319717394193,1.2342904086341537,5.544626112274782,324.4043824946016,44.049681342178026
42.4879,-71.2542333333,0,0.5429864253393665,0.17574893009985734,0.04524886877828054,0.06219686162624822,0.38461538461538464,0.760342368045649,0.02262443438914027,0.0014265335235378032,6.9457013574660635,16.614550641940085,49.426700592041016,1.561398770184196,1.918671570509903,15.27947783507558,122.5485127534564,86.1985173710226
42.2785466344,-71.2704883333,1,0.09502262443438914,0.29871611982881596,0.9049773755656109,0.41512125534950073,0.0,0.2664764621968616,0.0,0.0,0.0,7.109272467902996,40.20285415649414,0.4520873063340683,1.0589014076107233,4.282924350520694,14.360956295771862,156.17467158904014
42.3137742978,-72.6220063524,0,0.0,0.0282453637660485,0.02262443438914027,0.11069900142653352,0.9773755656108597,0.5677603423680456,0.0,0.0002853067047075606,34.68778280542986,25.20941512125535,34.79062271118164,0.2749603128503496,0.579063520504704,3.456414437410218,85.97769334714506,6.020047587011621
42.4667572997,-71.3104823997,1,0.167420814479638,0.15549215406562053,0.5927601809954751,0.3868758915834522,0.17647058823529413,0.30527817403708984,0.004524886877828055,0.0002853067047075606,3.3981900452488687,9.25620542082739,40.579071044921875,0.3522455221852986,0.7995281284085474,3.1978271620752827,94.62089898361951,8.707559232425483
42.2969289218,-71.7139770733,0,0.0,0.14550641940085593,0.0,0.02310984308131241,1.0,0.8313837375178317,0.0,0.0,37.710407239819006,20.59172610556348,204.14016723632812,2.0110835345236797,2.28637590452271,11.721869462468115,587.8846113075006,19.47547905159004
42.5707362778,-72.518242,0,0.4751131221719457,0.6881597717546363,0.0,0.0,0.0,0.04165477888730385,0.0,0.02710413694721826,0.0,0.9768901569186876,101.01518249511719,0.17302560391635385,0.9475126399664662,5.112728269934005,592.0049927535579,154.62106923354423
42.7226759,-71.1692723,0,0.0,0.0333808844507846,0.0,0.0025677603423680455,1.0,0.9634807417974323,0.0,0.0005706134094151213,57.40723981900452,53.84450784593438,37.092498779296875,2.44420198909963,1.7551845789125209,11.653235879414767,680.4480475216338,16.32359314232756
42.0542555,-70.11116117,0,0.5882352941176471,0.33238231098430815,0.01809954751131222,0.23880171184022825,0.02262443438914027,0.1181169757489301,0.0,0.1355206847360913,0.5158371040723982,4.000855920114122,16.575313568115234,1.2859366492820181,1.0493660054551968,6.952634388449517,332.98039529279424,1.3989777231111493
42.6279221363,-71.7291113734,1,0.4117647058823529,0.738944365192582,0.5882352941176471,0.1335235378031384,0.0,0.11098430813124108,0.0,0.0,0.0,2.1706134094151213,129.8328094482422,1.0396102614752325,1.9486515121776222,10.352619150739432,35.44092917754142,290.2721186262867
41.6226389755,-70.8570133169,0,0.0,0.0282453637660485,0.0,0.10527817403708987,0.4072398190045249,0.2918687589158345,0.5067873303167421,0.5440798858773181,9.176470588235293,7.841654778887304,0.6231080293655396,0.5396438831488051,0.4410510161872599,3.439714332848904,4.199462873203337,66.02588096298234
42.4125219137,-71.4208078758,0,0.28054298642533937,0.24165477888730386,0.01809954751131222,0.13209700427960058,0.7013574660633484,0.609129814550642,0.0,0.002282453637660485,6.298642533936651,7.847646219686163,65.67962646484375,2.2035224922838768,1.3467714140988343,9.239603790746216,204.07660655231334,45.56493601920782
42.176947014,-71.6050625545,0,0.03619909502262444,0.37774607703281027,0.0,0.06105563480741798,0.9638009049773756,0.5021398002853067,0.0,0.048787446504992865,20.257918552036198,10.995720399429386,97.26921081542969,0.7373629965668378,2.489876412908331,17.486621218939845,59.77272391504517,2.5826979252741693
41.8476341667,-71.1119177778,0,0.4117647058823529,0.2821683309557775,0.18552036199095023,0.22139800285306704,0.19909502262443438,0.39115549215406564,0.17647058823529413,0.05962910128388017,3.5972850678733033,11.23052781740371,8.191642761230469,1.052334464367979,1.1233858707251207,6.077423635394673,62.48309531981603,109.98399539978963
42.4250924071,-71.5282121357,1,0.2669683257918552,0.3863052781740371,0.22624434389140272,0.17061340941512126,0.5067873303167421,0.4362339514978602,0.0,0.005991440798858773,1.8235294117647058,5.308701854493581,67.46492767333984,0.6107912319095382,1.4565261281092587,7.271753971267062,89.30176495314112,327.55023943681545
42.0426048212,-71.1894411966,0,0.09954751131221719,0.23680456490727533,0.03167420814479638,0.2413694721825963,0.8642533936651584,0.5007132667617689,0.0,0.013124108416547788,19.20814479638009,10.78231098430813,46.58088684082031,1.0564322907125507,0.858584063968827,4.358211122606154,52.000317105425935,39.77649930649083
42.8622363896,-70.9889507037,0,0.38461538461538464,0.442225392296719,0.0,0.1514978601997147,0.23529411764705882,0.13951497860199716,0.24434389140271492,0.13780313837375177,6.199095022624435,2.799144079885877,30.592647552490234,0.3844166243141103,1.234060535288944,6.5437987912878235,61.729966080178166,9.71077880032578
42.3687748,-71.1759967,0,0.0,0.002282453637660485,0.0,0.0011412268188302425,1.0,0.9965763195435092,0.0,0.0,51.86877828054298,52.809985734664764,12.269357681274414,1.650353099402497,2.052169558547641,15.010686351611621,681.7013290223234,27.855829115599406
42.21029303,-73.3807248448,0,0.29411764705882354,0.5081312410841655,0.28054298642533937,0.12382310984308131,0.3936651583710407,0.1754636233951498,0.0,0.0025677603423680455,13.248868778280542,4.825392296718973,234.1383056640625,2.909381536588846,2.947642803548546,23.351900881748307,0.0,36.636770771849015
42.2891916667,-72.6792966667,0,0.5158371040723982,0.3971469329529244,0.01809954751131222,0.1529243937232525,0.22171945701357465,0.19087018544935805,0.0,0.0,8.248868778280542,4.339229671897289,60.079078674316406,0.8820278192204369,1.8734587556233488,9.879003632805519,68.60082146071503,46.23489505966423
42.291625,-71.830825,0,0.0,0.16547788873038516,0.01809954751131222,0.03138373751783167,0.9819004524886877,0.8025677603423681,0.0,0.0002853067047075606,32.619909502262445,19.05592011412268,192.8756561279297,2.2274864504685095,3.3263920583517352,19.555180317919877,36.62283664445771,8.129972449203748
41.8938333333,-69.98375,0,0.5339366515837104,0.5241084165477888,0.004524886877828055,0.1614835948644793,0.45701357466063347,0.30042796005706135,0.0,0.0,11.69683257918552,7.560342368045649,10.635478019714355,0.6132911796100564,0.6166480871954884,2.9705862794751194,233.91644403862486,54.56982214391312
42.4356633333,-71.4981483333,0,0.4343891402714932,0.30984308131241084,0.25339366515837103,0.2268188302425107,0.2895927601809955,0.3728958630527817,0.02262443438914027,0.006562054208273894,6.212669683257919,9.968045649072753,64.40254211425781,0.748271417369898,1.0825666807174619,5.65728834252417,14.670963738524456,32.72463950274198
42.246498,-71.268777,0,0.6018099547511312,0.45820256776034235,0.07239819004524888,0.15235378031383737,0.13574660633484162,0.3537803138373752,0.0,0.0034236804564907277,3.484162895927602,7.444507845934379,46.80046844482422,0.44113798309518343,1.661598344735142,10.925296017308769,232.8944599934151,194.8836941764263
42.3423366353,-71.2072568689,0,0.0,0.025677603423680456,0.0,0.0014265335235378032,0.9819004524886877,0.9700427960057061,0.01809954751131222,0.0028530670470756064,20.307692307692307,27.62938659058488,39.05712890625,2.300583287913325,1.8722923442125166,11.878633861707085,75.26653039796537,29.520073381906684
42.3285001568,-72.6604990787,1,0.08144796380090498,0.14008559201141227,0.08144796380090498,0.04964336661911555,0.7782805429864253,0.7848787446504993,0.0,0.0,11.02262443438914,21.08445078459344,64.2175521850586,2.900765569354851,1.9620562973534073,10.053264264640044,148.10974475373473,29.50237036455025
41.6155264302,-69.9854745146,0,0.0,0.0,0.0,0.025677603423680456,0.0,0.0,0.38461538461538464,0.7275320970042796,0.0,0.0,0.605972945690155,0.28378987463974803,0.20577085443863488,0.9157373105116295,0.0,4885.052898390719
42.4250893971,-71.5281397699,1,0.2669683257918552,0.3863052781740371,0.22624434389140272,0.17061340941512126,0.5067873303167421,0.4362339514978602,0.0,0.005991440798858773,1.8235294117647058,5.308701854493581,67.46492767333984,0.6107912319095382,1.4565261281092587,7.271753971267062,85.08524142703013,331.11128798705533
42.6449317932,-72.4727554321,0,0.15384615384615385,0.27646219686162626,0.07692307692307693,0.034807417974322394,0.17647058823529413,0.09728958630527818,0.4298642533936652,0.15035663338088445,3.429864253393665,1.7412268188302424,57.79865646362305,2.6597550752007035,2.3270617754511638,13.604095013982512,0.0,147.33076099597105
42.7079959733,-70.7710190832,0,0.0,0.0094151212553495,0.08144796380090498,0.17232524964336662,0.058823529411764705,0.019115549215406563,0.5927601809954751,0.6482168330955778,1.9864253393665159,0.5477888730385164,-0.02649392932653427,0.43260073789633696,0.26055623504661807,1.3803726237772633,53.860929661743896,174.4812569060167
42.4706033333,-71.38227,0,0.0,0.22368045649072754,0.3936651583710407,0.22425106990014265,0.45248868778280543,0.4764621968616263,0.0,0.006276747503566334,10.384615384615385,10.333808844507846,37.74760818481445,0.5293784149829284,1.0604875452474993,5.280110211611894,162.35432438529875,135.8116805977304
41.6872779722,-70.9084009722,0,0.01809954751131222,0.08644793152639087,0.004524886877828055,0.15349500713266762,0.8687782805429864,0.736376604850214,0.0,0.003708987161198288,21.031674208144796,21.446219686162625,15.534385681152344,1.7193887467817113,1.1117571603855048,7.967168541702396,154.77786989362014,18.122207327818128
41.9370994568,-70.6173477173,0,0.027149321266968326,0.11212553495007133,0.02262443438914027,0.06476462196861626,0.8506787330316742,0.555206847360913,0.09954751131221719,0.23052781740370898,17.447963800904976,9.72981455064194,9.234737396240234,2.174647498983928,1.8126445529369621,10.817674683582007,81.73175323620791,26.078864873215462
42.289120512,-71.7693220451,0,0.5429864253393665,0.15863052781740372,0.09049773755656108,0.016262482168330955,0.3665158371040724,0.7948644793152639,0.0,0.028530670470756064,7.597285067873303,32.50328102710414,162.30679321289062,4.0240681697476886,3.556146064171019,28.82278863719736,35.65814182705663,173.74865258810655
41.7095461492,-70.0835601646,0,0.013574660633484163,0.1948644793152639,0.19909502262443438,0.037089871611982884,0.3167420814479638,0.5415121255349501,0.4343891402714932,0.2122681883024251,4.601809954751131,13.297574893009985,9.508171081542969,0.8404545147770095,0.8481154400406489,3.9624682583850928,11.109815167799685,105.26557893950645
42.521145,-70.7848966667,0,0.0,0.0,0.01809954751131222,0.0017118402282453639,0.0,0.0,0.9819004524886877,0.997432239657632,0.0,0.0,-1.4934920072555542,0.08590497523362724,0.08901829379906459,0.6973919873915215,0.0,4295.542381894327
42.1190854847,-71.2059887481,0,0.6153846153846154,0.7554921540656205,0.17647058823529413,0.17517831669044223,0.09502262443438914,0.05905848787446505,0.0,0.0,0.8371040723981901,0.9018544935805991,106.65042114257812,3.245522074296135,2.923929636247119,23.360086748798214,40.868639637276665,49.983508129705015
42.6195916667,-72.718895,0,1.0,0.9335235378031383,0.0,0.015406562054208274,0.0,0.0002853067047075606,0.0,0.0,0.0,0.0019971469329529245,405.938232421875,5.652784669835569,8.556342756740861,71.05297364675886,127.26517715921948,24.1378303607784
41.35365,-70.8191383333,0,0.05429864253393665,0.26847360912981455,0.2081447963800905,0.09586305278174037,0.01809954751131222,0.09044222539229672,0.3755656108597285,0.41169757489301,0.09502262443438914,1.2527817403708987,2.325086832046509,1.6238538892949477,1.185129071080247,12.066287048415909,12.315943840685684,248.18654323195398
41.4224685,-70.5710349997,0,0.3438914027149321,0.289586305278174,0.25339366515837103,0.13922967189728958,0.38009049773755654,0.3223965763195435,0.0,0.2108416547788873,4.389140271493213,5.002853067047075,3.4320850372314453,0.9465615772759519,0.864698123990245,6.05941891448906,179.62742509688132,71.18802599554375
41.94353667,-70.05516117,0,0.07239819004524888,0.2921540656205421,0.746606334841629,0.4176890156918688,0.18099547511312217,0.2787446504992867,0.0,0.005991440798858773,1.5701357466063348,5.467047075606277,1.6105624437332153,1.4724714105891146,1.5303898873871091,7.20220024424265,0.0,5.237077215550487
42.0581840822,-72.2625449114,1,0.7375565610859729,0.7917261055634808,0.013574660633484163,0.06419400855920114,0.23529411764705882,0.07018544935805991,0.0,0.0011412268188302425,3.6923076923076925,0.9215406562054208,273.99859619140625,3.2923592453940973,3.216005722914206,17.371309257486477,154.40552302664554,112.2284624243857
42.0713799071,-70.2424123805,0,0.0,0.0,0.0,0.0659058487874465,0.0,0.0,0.6787330316742082,0.5808844507845934,0.0,0.0,1.9679967164993286,0.7573487684351281,0.33865567144128217,2.0693334833483084,0.0,356.1237098358511
42.724425,-73.1955,0,0.2850678733031674,0.2122681883024251,0.3891402714932127,0.1115549215406562,0.22171945701357465,0.6407988587731812,0.09502262443438914,0.008559201141226819,3.434389140271493,14.831098430813125,182.45166015625,1.3161760967828076,3.647772014691706,27.517340895520153,27.129765060333096,236.41584069395554
42.1402111912,-72.4517621807,1,0.5972850678733032,0.36547788873038517,0.23076923076923078,0.1891583452211127,0.0,0.38601997146932954,0.0,0.0,0.0,8.38944365192582,80.57929229736328,1.3315465072997945,1.4317809225996985,9.587257338091456,172.0327154207626,401.6427577236429
42.0587110658,-71.0727785813,0,0.4253393665158371,0.15863052781740372,0.04524886877828054,0.09101283880171183,0.5294117647058824,0.7318116975748931,0.0,0.014550641940085592,18.194570135746606,31.223680456490726,41.80204772949219,1.4241772407938744,0.6248701601221847,3.556348496908505,152.97194855623738,109.03446877125548
42.5674510116,-71.7976406674,1,0.20361990950226244,0.2844507845934379,0.0,0.005706134094151213,0.7963800904977375,0.698716119828816,0.0,0.007703281027104137,29.443438914027148,22.266191155492155,185.75039672851562,2.6547007707379136,3.3569233024389784,23.750900410416858,539.4821114454733,25.875860144488545
42.5590421444,-71.8379084812,0,0.416289592760181,0.4245363766048502,0.0,0.005991440798858773,0.583710407239819,0.5275320970042796,0.0,0.005991440798858773,18.963800904977376,15.093295292439372,252.4768524169922,5.878056768088214,4.184921931422816,26.239397205505686,434.0270926847609,9.988653176774784
42.1977195339,-71.6816169557,1,0.45701357466063347,0.2967189728958631,0.00904977375565611,0.08815977175463624,0.4751131221719457,0.49472182596291014,0.0,0.0,10.371040723981901,11.20827389443652,138.4345703125,4.217087141150144,2.98417054427666,22.72998602717158,50.5922748062034,45.70061146618928
42.1292916,-72.4667613997,1,0.3438914027149321,0.22767475035663337,0.09502262443438914,0.17146932952924393,0.5610859728506787,0.590299572039943,0.0,0.0,9.081447963800905,10.673609129814551,78.44554901123047,0.9919099726935401,0.9606559031836527,6.872205672658368,231.72930890421813,63.01513345607643
42.0835477204,-71.570206193,0,0.7828054298642534,0.6242510699001427,0.07692307692307693,0.17860199714693295,0.12669683257918551,0.1680456490727532,0.0,0.0002853067047075606,1.5294117647058822,2.523252496433666,133.05508422851562,2.1853589651414285,1.7732044095349158,6.8491833396698745,200.92277984501206,132.0496436701305
42.2378801965,-71.1146564378,0,0.05429864253393665,0.10699001426533523,0.19457013574660634,0.05848787446504993,0.751131221719457,0.8196861626248216,0.0,0.0017118402282453639,24.190045248868778,19.845078459343796,24.308940887451172,1.8751036943730055,1.898183571198702,11.007766199971917,62.431748259048234,4.665085481969589
42.0189229526,-71.2969221983,0,0.08144796380090498,0.23166904422253923,0.058823529411764705,0.18516405135520686,0.8597285067873304,0.47674750356633383,0.0,0.0992867332382311,20.30316742081448,14.773466476462197,59.77684783935547,0.8646402292957238,0.8593299878006314,4.21409341871246,213.81702963313992,43.138276471525415
42.3785057493,-72.4787268196,0,0.6289592760180995,0.5868758915834522,0.0,0.1643366619115549,0.3212669683257919,0.1920114122681883,0.0,0.0005706134094151213,6.16289592760181,2.9463623395149785,74.96138763427734,2.22762845443383,2.9040305926573935,24.37837820725649,68.97942512419358,26.139364728815206
42.67473471,-72.32307578,1,0.918552036199095,0.8034236804564907,0.08144796380090498,0.16576319543509271,0.0,0.0034236804564907277,0.0,0.021398002853067047,0.0,0.026248216833095576,244.89695739746094,4.86290297941934,3.1555535844066407,16.77570199265561,12.55357263528925,282.0498726442245
42.1044311523,-72.5857162476,0,0.0,0.0,0.0,0.0,1.0,0.9580599144079885,0.0,0.041940085592011414,75.96380090497738,67.52039942938659,30.907339096069336,2.101834835728164,1.5592901437636624,14.530425839190427,780.2489581388314,89.10102893430731
42.2304599613,-71.3991319916,0,0.27601809954751133,0.5064194008559201,0.1493212669683258,0.14236804564907277,0.058823529411764705,0.18659058487874466,0.0,0.0,0.8235294117647058,2.287018544935806,61.63206100463867,2.3113078613502664,1.8718167849329876,7.376974055983327,121.15394474695078,175.7507978853111
42.4591916667,-72.3865766667,0,1.0,0.8835948644793152,0.0,0.06818830242510698,0.0,0.033095577746077035,0.0,0.0,0.0,0.34950071326676174,186.65911865234375,3.9495088175400923,4.990029938213557,39.44483065728453,125.10260804009955,7.463747138425142
41.6364216667,-70.3403633333,0,0.0,0.0,0.013574660633484163,0.14208273894436518,0.27601809954751133,0.3218259629101284,0.334841628959276,0.4587731811697575,14.728506787330316,9.309557774607704,0.9299572706222534,0.24690941393536464,0.3489552393664258,2.092846127046727,0.0,93.14469995894504
42.6651109132,-73.2562814016,1,0.10407239819004525,0.28530670470756064,0.167420814479638,0.11726105563480742,0.058823529411764705,0.05164051355206847,0.004524886877828055,0.0002853067047075606,0.8823529411764706,0.7611982881597718,309.3963317871094,3.254391381060694,3.1021941237816484,22.893831600131502,136.27783830660607,172.55409232728434
42.5570602417,-71.6746520996,1,0.5113122171945701,0.46790299572039945,0.18099547511312217,0.16062767475035664,0.3031674208144796,0.1768901569186876,0.004524886877828055,0.1825962910128388,7.597285067873303,5.203994293865906,99.28081512451172,2.0747525533545623,1.6652295333242508,9.10295496022966,153.36287612170182,43.24843916510925
42.4786495221,-71.3484590115,0,0.24434389140271492,0.34293865905848786,0.02262443438914027,0.22853067047075606,0.4117647058823529,0.18345221112696147,0.0,0.044793152639087015,6.02262443438914,2.769472182596291,50.86041259765625,3.131381495405382,1.752175967922691,9.955881322015768,317.4776824476156,85.47677213550625
42.0825651911,-70.6744237809,0,0.29411764705882354,0.08388017118402283,0.6470588235294118,0.4490727532097004,0.058823529411764705,0.38145506419400854,0.0,0.009985734664764621,1.16289592760181,7.543223965763196,1.915627121925354,0.3195718730302217,0.9137048387252251,6.615842912213239,50.326046888083496,231.7019340357332
42.2819377073,-72.3928658074,1,0.2171945701357466,0.40285306704707563,0.3212669683257919,0.14950071326676176,0.38461538461538464,0.3606276747503566,0.0,0.0,7.235294117647059,8.642796005706135,134.9179229736328,1.8868863276273649,2.465123068405421,15.633007936018721,43.593227270326764,71.58532791211731
42.7226678739,-70.865301828,1,0.29411764705882354,0.17660485021398004,0.15384615384615385,0.4479315263908702,0.5475113122171946,0.29586305278174035,0.0,0.013409415121255349,10.832579185520363,6.538659058487874,11.027036666870117,1.091969833519845,0.7452391661694668,4.54808176206823,141.99081834550327,25.298837104388873
42.4163700291,-71.7442981712,0,0.38461538461538464,0.5001426533523537,0.06787330316742081,0.05877318116975749,0.25339366515837103,0.17089871611982882,0.2081447963800905,0.20627674750356634,3.841628959276018,2.007132667617689,138.723388671875,3.9280138325836913,3.023446112703156,19.630171241489933,2.612467318453518,43.280871063732704
42.5852235394,-72.2099650452,1,0.07239819004524888,0.369472182596291,0.07239819004524888,0.017118402282453638,0.8552036199095022,0.5751783166904422,0.0,0.03223965763195435,26.990950226244344,13.762910128388016,251.24066162109375,1.7923057252520733,3.3760045239548053,20.56040913855604,33.95805601328961,4.970836665497513
42.6617902837,-71.7003214204,1,0.2850678733031674,0.47446504992867333,0.31221719457013575,0.11868758915834522,0.37104072398190047,0.29015691868758914,0.0,0.0,23.470588235294116,11.067047075606277,85.58856964111328,0.7723241219088854,1.186348548087038,7.846739734544919,149.57848987833083,215.03934470904898
42.4150283333,-72.744575,1,0.8461538461538461,0.7925820256776034,0.0,0.0442225392296719,0.14027149321266968,0.09757489300998573,0.0,0.0,0.7285067873303167,0.7269614835948645,287.09124755859375,5.1905197758492205,5.010228437847965,28.257698197447006,617.0736121148375,61.8936607230883
42.3491383333,-73.0151138833,1,0.3031674208144796,0.6778887303851641,0.19004524886877827,0.07503566333808845,0.3167420814479638,0.09500713266761769,0.0,0.0002853067047075606,6.719457013574661,1.1101283880171184,505.3352355957031,2.8285045453039253,3.2948264829508873,23.70356624635458,92.08930136942065,27.67458198618594
42.0729851389,-70.7927215,0,0.28054298642533937,0.39885877318116975,0.5475113122171946,0.30328102710413696,0.13122171945701358,0.28017118402282454,0.0,0.0,2.1266968325791855,5.254778887303852,11.85843276977539,0.598106751512875,0.7197456117246688,5.5389314590756555,0.0,66.81950351101024
41.5548632348,-70.6488829079,0,0.08144796380090498,0.2670470756062768,0.10407239819004525,0.05820256776034237,0.7013574660633484,0.3845934379457917,0.10407239819004525,0.23423680456490728,9.203619909502262,5.415977175463623,6.8223161697387695,1.2031073287647285,1.1070289240700106,8.793760124203184,2.611853988822501,38.89339134848095
42.7717783333,-71.0869833333,0,0.0,0.0,0.0,0.0,0.8144796380090498,0.9380884450784593,0.18552036199095023,0.06191155492154066,51.69230769230769,55.277888730385165,8.687883377075195,3.219775309742685,2.819957752881941,15.430789737682892,43.31538277460563,25.213340507837355
42.6043740111,-71.6174822738,1,0.6199095022624435,0.5651925820256776,0.31221719457013575,0.12582025677603423,0.06334841628959276,0.23737517831669044,0.0,0.0025677603423680455,1.6244343891402715,4.649643366619116,68.63092041015625,1.5709007270815705,1.3451894336097086,8.34742910496147,2.8196554182024656,144.88291694972568
42.17018403,-72.62996505,0,0.03619909502262444,0.033951497860199714,0.0,0.00884450784593438,0.48868778280542985,0.7965763195435093,0.4751131221719457,0.1557774607703281,13.171945701357465,29.586875891583453,14.03649616241455,2.366024835874251,2.1654640304543467,20.691279329922207,0.0,169.3962839494924
42.4565607207,-70.972581245,0,0.0,0.0,0.0,0.06390870185449359,1.0,0.8790299572039942,0.0,0.05706134094151213,83.55203619909503,65.80542082738944,3.448354721069336,0.21578840264199156,0.4025513395260536,2.630882223552539,203.67445609306884,4.153175892200579
42.5708383333,-72.3987583333,1,0.497737556561086,0.7437945791726106,0.3574660633484163,0.14236804564907277,0.14479638009049775,0.05392296718972896,0.0,0.010556348074179744,0.746606334841629,0.46704707560627673,316.1871337890625,1.2471199741821106,2.2321401119688464,15.85801832885075,30.655410295461657,7.478931368208572
42.0716726664,-73.1301061013,1,0.4434389140271493,0.7805991440798858,0.18552036199095023,0.14807417974322395,0.1583710407239819,0.04108416547788873,0.0,0.0002853067047075606,0.755656108597285,0.20142653352353782,460.3638000488281,3.038253036628618,3.036982734932931,13.771408771447534,145.17994502199576,49.26197516005762
42.52713,-72.3368916667,0,0.746606334841629,0.8265335235378032,0.11312217194570136,0.07161198288159772,0.11764705882352941,0.04536376604850214,0.0,0.0,1.737556561085973,0.6108416547788873,260.6896057128906,2.0766031200100747,3.1019321339551054,14.518984904275536,49.30631184043675,10.80569165214157
42.8485271978,-70.9199889031,0,0.2081447963800905,0.10128388017118402,0.08597285067873303,0.05420827389443652,0.6832579185520362,0.7546362339514978,0.02262443438914027,0.08873038516405135,23.07239819004525,24.69386590584879,9.437113761901855,2.1387231273992966,1.7209911326463345,9.663419626720787,32.419379701914806,11.319614693516872
42.2263865542,-71.0528593068,0,0.9095022624434389,0.8796005706134095,0.0,0.05306704707560628,0.05429864253393665,0.029386590584878743,0.004524886877828055,0.0094151212553495,0.31221719457013575,0.4479315263908702,102.8366928100586,4.304349771142922,4.297070798592511,25.718023343720592,21.95958594112315,185.44559393881505
41.930088813,-70.0325015187,0,0.0,0.0005706134094151213,0.049773755656108594,0.12268188302425106,0.4343891402714932,0.3534950071326676,0.35294117647058826,0.44593437945791725,19.34841628959276,11.974607703281027,0.7544806003570557,0.4848002598833183,0.7627210200624049,4.288112284171064,24.993785993738953,56.63273884388321
42.03898333,-70.917105,0,0.18552036199095023,0.33295292439372326,0.2398190045248869,0.20456490727532098,0.5565610859728507,0.35463623395149785,0.0,0.0028530670470756064,10.67420814479638,8.886733238231098,21.991031646728516,1.0387394512548447,0.5826102436014767,3.6244591067517233,195.44442916107826,55.00066513630628
41.6222486123,-70.5591479568,0,0.0,0.21512125534950072,0.0,0.014835948644793153,0.995475113122172,0.5081312410841655,0.004524886877828055,0.17175463623395149,11.117647058823529,7.871897289586305,21.541698455810547,0.9471221505708171,0.8392978905785117,4.498528223465013,277.4028665575209,63.6795908304737
42.6589116455,-70.9222880658,0,0.3438914027149321,0.3383737517831669,0.33031674208144796,0.24679029957203993,0.31221719457013575,0.38773181169757487,0.0,0.0,3.914027149321267,7.392296718972895,16.05436897277832,0.2825098331348538,0.877735023660664,3.9845708244378497,43.251702144693525,90.20162345134821
41.6501666667,-70.2244111111,0,0.0,0.02310984308131241,0.38009049773755654,0.20427960057061342,0.6108597285067874,0.7081312410841655,0.00904977375565611,0.057631954350927245,32.14932126696833,27.843937232524965,1.0135051012039185,0.3250507250411817,0.2638033459357676,1.450264720005951,3.5792835071693054,34.151921753127624
42.657695,-71.6647716667,0,0.18552036199095023,0.5198288159771755,0.28054298642533937,0.08245363766048502,0.5294117647058824,0.3029957203994294,0.0,0.0034236804564907277,12.343891402714933,9.734950071326676,85.29206085205078,0.8996613335739416,1.938452980092066,13.63357744415302,37.404051822215095,58.93037246818777
42.0088666667,-70.0717,0,0.004524886877828055,0.08616262482168331,0.0,0.0912981455064194,0.995475113122172,0.7766048502139801,0.0,0.011412268188302425,22.14027149321267,19.031954350927247,19.45785140991211,1.73734747227013,2.0013530536180832,7.839911591974799,357.7388807859888,63.430517055488416
42.0659360583,-71.9474446962,0,0.38009049773755654,0.36975748930099855,0.13122171945701358,0.18744650499286733,0.13574660633484162,0.11840228245363767,0.0,0.013980028530670471,1.3122171945701357,1.1044222539229671,215.4964599609375,1.2766659307501338,1.7762626458950481,7.845500126108272,197.3283810365041,2.4405976346862754
42.2983383333,-71.1409,0,0.48868778280542985,0.10385164051355207,0.00904977375565611,0.009700427960057061,0.502262443438914,0.8858773181169758,0.0,0.0005706134094151213,13.51131221719457,29.014550641940087,53.17478561401367,1.692618196433565,1.725418548856955,10.577859133335098,105.8263523474242,75.12297615951275
42.4350349443,-71.0411619768,0,0.0,0.013409415121255349,0.0,0.0,1.0,0.9865905848787446,0.0,0.0,64.26244343891403,52.154065620542085,9.337990760803223,1.3999963871012646,1.9308038150499154,14.686948861737118,562.0017697937031,12.231096910130022
42.4756077909,-71.9190704316,1,0.5248868778280543,0.6370898716119828,0.416289592760181,0.317546362339515,0.05429864253393665,0.014265335235378032,0.0,0.007703281027104137,0.38009049773755654,0.10699001426533523,329.9150695800781,0.8962429285169292,1.7617933922821924,9.969958118383254,39.50059230836031,56.190738286403864
41.85683,-70.5310216667,0,0.6561085972850679,0.2898716119828816,0.058823529411764705,0.05734664764621969,0.16289592760180996,0.2370898716119829,0.01809954751131222,0.340941512125535,1.8959276018099547,4.572895863052782,16.517784118652344,1.3690267564484524,1.0335796947442901,6.287914883390624,128.87407822088235,3.357301986473749
42.6339783815,-70.9203684123,0,0.3574660633484163,0.3566333808844508,0.38461538461538464,0.5138373751783167,0.00904977375565611,0.07075606276747504,0.00904977375565611,0.0025677603423680455,0.2850678733031674,1.0456490727532097,21.782529830932617,1.8677616916990394,0.9175378856943873,4.198391033763093,63.573822676001036,276.4900945176357
42.3736541139,-70.9727149923,0,0.0,0.0002853067047075606,0.04524886877828054,0.04450784593437946,0.8823529411764706,0.4496433666191155,0.07239819004524888,0.45392296718972897,54.800904977375566,25.552353780313837,0.9868248105049133,0.5657065587780052,0.7425197659973455,3.423564895549374,20.900864419467883,21.9701853029542
42.4264526111,-71.533432,1,0.5384615384615384,0.34750356633380886,0.12669683257918551,0.2099857346647646,0.33031674208144796,0.41398002853067045,0.0,0.0008559201141226819,3.248868778280543,8.356062767475036,75.88640594482422,1.9504021515482455,1.0519102605194042,4.597385739190946,125.49119941824178,64.79121942159433
41.5961112976,-70.5791702271,0,0.0,0.1529243937232525,0.03167420814479638,0.07303851640513552,0.832579185520362,0.6088445078459344,0.13574660633484162,0.14265335235378032,12.782805429864254,12.598002853067047,11.755515098571777,0.9978849012066553,0.9151363499075987,3.3242450467481786,114.49776209399327,26.79843770508522
42.1594440099,-71.2140896917,0,0.027149321266968326,0.05962910128388017,0.1085972850678733,0.08758915834522112,0.8642533936651584,0.8430813124108416,0.0,0.00912981455064194,19.46153846153846,28.192296718972894,37.85576629638672,0.7309556615157521,1.3854396559893791,8.26813922363605,33.52056539402093,102.28698556615713
41.3546769905,-70.8109360164,0,0.0,0.20912981455064195,0.4660633484162896,0.11925820256776035,0.0,0.05905848787446505,0.0,0.4299572039942939,0.0,0.981169757489301,1.9820494651794434,0.9756268060457791,1.1631532499090966,10.872456305070349,24.079309871137813,2.1660453090690255
42.5599472222,-72.5825277778,0,0.7149321266968326,0.7275320970042796,0.0,0.007703281027104137,0.0,0.0362339514978602,0.027149321266968326,0.0017118402282453639,0.0,0.6679029957203995,108.57568359375,4.905117788073113,3.8812929209270624,20.582010253002956,230.4135690204975,54.003193567001325
41.7257545286,-70.6598382639,0,0.5610859728506787,0.46847360912981456,0.20361990950226244,0.08559201141226819,0.09954751131221719,0.27075606276747505,0.049773755656108594,0.11726105563480742,2.2850678733031673,4.31811697574893,4.195388317108154,0.8503365476849647,0.9267190812274794,4.112695509375534,33.555668631424126,55.148267689472895
41.9536133333,-70.7901833333,0,0.23076923076923078,0.3594864479315264,0.08144796380090498,0.275320970042796,0.5475113122171946,0.23537803138373753,0.0,0.013124108416547788,9.796380090497738,4.595149786019971,30.49220085144043,0.4757659861222382,0.7418937569963939,4.9827620979770755,190.90480890516181,5.295050319743883
42.3202833333,-70.9257283333,0,0.0,0.003994293865905849,0.13574660633484162,0.014835948644793153,0.2669683257918552,0.020827389443651926,0.46153846153846156,0.8990014265335236,5.280542986425339,0.3991440798858773,5.029146194458008,1.380087546282216,0.33554940643851655,1.8469875001619818,0.0,144.15992801302409
41.933525,-69.9786,0,0.09049773755656108,0.34293865905848786,0.03167420814479638,0.035092724679029956,0.05429864253393665,0.038801711840228244,0.37104072398190047,0.47360912981455067,1.7692307692307692,0.9537803138373752,3.4933953285217285,2.7797515702331856,1.2096881429781108,10.236676972344013,49.37356283271901,99.81000567770205
42.6837566667,-72.1720533333,0,0.6199095022624435,0.7084165477888731,0.34841628959276016,0.18345221112696147,0.03167420814479638,0.026248216833095576,0.0,0.0,0.17647058823529413,0.3269614835948645,258.9178466796875,2.4086821858908243,3.038449002917037,17.91204584208024,40.17508092385093,14.183120040937338
42.277443697,-71.9581184513,1,0.3438914027149321,0.5452211126961484,0.04524886877828054,0.06419400855920114,0.06787330316742081,0.10955777460770329,0.0,0.10042796005706134,0.19457013574660634,1.2542082738944365,321.36383056640625,4.580981589195832,3.4193619465388707,18.56338455610545,182.1672507421842,192.1469210178102
42.1297211682,-72.4546709741,1,0.1085972850678733,0.21055634807417975,0.49321266968325794,0.33580599144079887,0.2398190045248869,0.39514978601997147,0.0,0.0,1.493212669683258,7.638231098430813,78.75224304199219,0.8497308455281309,0.9512032343786953,5.307689500854016,101.92017621606793,235.0518495997543
42.3789990222,-71.6483287417,1,0.3167420814479638,0.40970042796005707,0.29411764705882354,0.1985734664764622,0.23076923076923078,0.2390870185449358,0.01809954751131222,0.0014265335235378032,6.665158371040724,5.803138373751783,79.41919708251953,1.655120394303327,2.2303874439921727,11.334682545341575,29.131929331894877,291.8263514074146
42.1483453378,-72.0806782503,1,0.6470588235294118,0.8402282453637661,0.15384615384615385,0.04907275320970043,0.08597285067873303,0.07075606276747504,0.0,0.020256776034236805,0.8280542986425339,0.8082738944365193,196.56243896484375,2.349169668713203,3.4029533151512124,18.482541356859358,137.9315996713008,248.02024639123204
42.1707722222,-71.0601583333,0,0.0,0.03281027104136947,0.0,0.09358059914407989,1.0,0.865620542082739,0.0,0.005420827389443652,36.60180995475113,31.970328102710415,64.18658447265625,0.8461095906403481,0.7672783882068404,4.8627219681237905,121.72220421121168,0.5291838744312835
42.5943995687,-71.5533353476,1,0.3936651583710407,0.4793152639087018,0.013574660633484163,0.1680456490727532,0.248868778280543,0.21426533523537802,0.0,0.002282453637660485,3.5475113122171944,3.0653352353780314,130.1871337890625,3.872944873761748,3.040091276209364,12.754016545738171,459.63674739578545,72.72610632574043
42.5017602528,-72.8149916545,0,0.9321266968325792,0.8248216833095577,0.03167420814479638,0.05905848787446505,0.00904977375565611,0.05335235378031384,0.0,0.0005706134094151213,0.049773755656108594,1.1449358059914407,461.726806640625,3.360960814192538,3.322840955216127,22.02790487383507,342.5708700609857,119.22568275964151
42.4066866667,-71.654205,1,0.7737556561085973,0.6764621968616262,0.11312217194570136,0.14693295292439373,0.11312217194570136,0.15035663338088445,0.0,0.0,0.7149321266968326,2.3534950071326675,109.166015625,2.509636073104208,2.840087682335789,19.363127575257778,31.310667017578336,83.27102651037472
42.2163373552,-71.7154423323,0,0.5746606334841629,0.5477888730385164,0.013574660633484163,0.1044222539229672,0.09049773755656108,0.2653352353780314,0.0,0.0,0.37104072398190047,6.807988587731812,165.02659606933594,3.546267002126779,2.9502496744245144,14.802000960463715,304.70964439072304,102.07749925686893
41.729625,-71.1679216667,0,0.0,0.0978601997146933,0.00904977375565611,0.030242510699001426,0.9909502262443439,0.82339514978602,0.0,0.0,57.751131221719454,35.07275320970043,43.90955352783203,1.1717355411733013,1.837798210754326,11.72849915702116,282.6816347796355,42.020225315283334
42.36295,-71.0817195,0,0.0,0.0,0.0,0.0019971469329529245,1.0,0.7146932952924394,0.0,0.2833095577746077,82.60633484162896,53.769757489301,2.5799334049224854,0.21596536518689685,0.31629596921190817,1.6435834724553608,0.0,42.355403943162834
42.5906827441,-71.0354627018,0,0.34841628959276016,0.5141226818830242,0.21266968325791855,0.22995720399429387,0.0,0.10185449358059914,0.4253393665158371,0.13095577746077033,0.0,1.3706134094151212,28.858877182006836,0.9158396721868944,1.0650732925005497,5.510352661559161,0.0,580.4059612044982
42.1841222222,-73.2365027778,1,0.19004524886877827,0.5974322396576319,0.07239819004524888,0.2065620542082739,0.248868778280543,0.07845934379457917,0.0,0.0,2.9683257918552037,0.8704707560627675,357.4033203125,2.154547122819954,3.1870633388283696,25.716079176809433,129.84187598342535,83.47773802632149
42.494292534,-71.7480505352,0,0.0,0.08644793152639087,0.02262443438914027,0.037945791726105564,0.9773755656108597,0.8621968616262482,0.0,0.010841654778887305,24.570135746606336,27.37089871611983,135.91758728027344,1.3354441928682586,2.1995696687835533,13.39422469511456,116.91133995270287,15.99180401868511
42.244701994,-71.3812584261,0,0.755656108597285,0.6639087018544936,0.06787330316742081,0.10470756062767475,0.058823529411764705,0.15805991440798858,0.0,0.0,0.6923076923076923,2.5768901569186875,79.95816040039062,2.8716008445618826,2.3662936374316503,12.37727092600714,324.43286458529894,121.213504717118
42.3891926327,-71.1863662239,0,0.12669683257918551,0.09044222539229672,0.0,0.019400855920114122,0.8733031674208145,0.8901569186875892,0.0,0.0,49.28506787330317,40.58573466476462,19.832685470581055,2.331592694850749,2.6099725201358432,18.917122298784946,726.131975436799,4.099479307140184
42.2766908918,-72.2633396035,1,0.6244343891402715,0.7061340941512125,0.02262443438914027,0.12781740370898717,0.18099547511312217,0.10527817403708987,0.0,0.0,2.3891402714932126,1.2627674750356634,203.88595581054688,2.2223175729811295,2.8333845079301816,16.430452529704407,352.2823503236725,124.16982741635718
42.574302902,-72.7310452258,0,0.9366515837104072,0.8747503566333809,0.06334841628959276,0.014835948644793153,0.0,0.04079885877318117,0.0,0.0,0.0,0.5945791726105564,279.874755859375,6.711479442519883,8.397236818751942,59.39528852360894,107.29157518736463,459.3217756534797
42.6773638004,-70.6214840075,0,0.0,0.07788873038516406,0.04072398190045249,0.011697574893009986,0.17647058823529413,0.35691868758915835,0.6742081447963801,0.517546362339515,13.660633484162895,8.264194008559201,0.9180803298950195,1.6124630866517904,1.4473113491458733,14.04405540242617,41.44053738338841,13.187268528757027
42.2065666667,-71.1209195,0,0.0,0.4644793152639087,0.0,0.00884450784593438,1.0,0.505848787446505,0.0,0.0,48.16289592760181,19.105848787446504,57.59589767456055,1.220401421930604,3.9190345914413363,30.60638511336397,255.43770869974497,15.157352294157903
42.6041183333,-71.61735,1,0.5746606334841629,0.5691868758915835,0.3212669683257919,0.1275320970042796,0.09954751131221719,0.23166904422253923,0.0,0.002282453637660485,2.4479638009049776,4.55320970042796,68.45330810546875,1.6988449739153682,1.3238338786083599,7.39688632007493,17.937831560877132,123.82814882095938
42.66187582,-73.16486564,0,1.0,0.9991440798858773,0.0,0.0,0.0,0.0008559201141226819,0.0,0.0,0.0,0.019971469329529243,745.176025390625,17.493282775665236,16.21468405418625,102.90681863568962,43.330173083052735,169.37212264272756
42.2729089722,-71.710531,0,0.20361990950226244,0.1977175463623395,0.16289592760180996,0.07674750356633381,0.6334841628959276,0.7118402282453637,0.0,0.0,16.963800904977376,24.054208273894435,148.46469116210938,2.0100030064924765,2.4925746085743725,11.432864606486547,97.22985338221139,61.36794369923195
42.0780283213,-73.140912796,0,0.6968325791855203,0.7144079885877318,0.2895927601809955,0.17803138373751784,0.013574660633484163,0.06932952924393723,0.0,0.0,0.03167420814479638,0.3817403708987161,461.20928955078125,1.3176466613392146,2.0853842262745683,8.37701034818676,190.63308388517436,8.254909160023615
42.48767,-73.1136416667,0,0.9909502262443439,0.6570613409415121,0.0,0.07817403708987161,0.00904977375565611,0.05877318116975749,0.0,0.07047075606276748,0.26244343891402716,1.5232524964336662,416.6043701171875,5.173547218004923,3.485260499054675,23.45144390570132,40.366645292086055,186.34509487078134
42.343577976,-71.4385065636,0,0.39819004524886875,0.5024251069900143,0.14479638009049775,0.07760342368045649,0.45701357466063347,0.41740370898716117,0.0,0.0,9.746606334841628,10.144365192582026,62.52445983886719,2.294041672316429,3.1312635958504362,23.55016708055243,445.3024668541809,33.33544798300914
42.335495,-71.7874916667,0,0.01809954751131222,0.1101283880171184,0.013574660633484163,0.04850213980028531,0.9683257918552036,0.8405135520684736,0.0,0.0,31.728506787330318,27.66904422253923,196.10662841796875,1.9076658854955966,2.156804773198821,9.941648211418265,92.13368999638712,18.34493415832111
42.64178,-70.592395,0,0.0,0.07075606276747504,0.08144796380090498,0.029101283880171185,0.00904977375565611,0.27931526390870187,0.7647058823529411,0.5706134094151213,0.6334841628959276,5.778601997146933,-0.331195205450058,0.652235770231846,0.8935909609448058,8.921114443918404,5.524193997981603,160.19410681490263
42.5023453922,-71.210170997,0,0.0,0.017118402282453638,0.0,0.0912981455064194,1.0,0.891583452211127,0.0,0.0,24.963800904977376,21.08530670470756,46.00973129272461,1.2976284743897954,1.3931712914897898,6.442377140020435,321.7511357403664,32.646826156713935
42.629975,-71.3938833333,0,0.07239819004524888,0.07646219686162625,0.049773755656108594,0.10271041369472182,0.8144796380090498,0.7258202567760342,0.06334841628959276,0.09443651925820257,18.239819004524886,18.38601997146933,43.15037536621094,0.921481194229192,1.040319866296254,6.150243807847248,117.03754404970596,36.07792461471056
42.3168533333,-71.0351555,0,0.0,0.0,0.049773755656108594,0.016262482168330955,0.6063348416289592,0.317546362339515,0.3438914027149321,0.6653352353780314,43.13122171945702,22.53181169757489,5.1472673416137695,1.0617303833365808,0.3965258463988705,2.7679682200865265,7.7493518193743,133.939582503601
42.2147366667,-71.20137,0,0.04072398190045249,0.15263908701854492,0.22171945701357465,0.12810271041369473,0.5610859728506787,0.6992867332382311,0.0,0.0008559201141226819,12.941176470588236,19.66647646219686,58.12689971923828,1.3554666522282717,1.5257054042156217,11.596383319826012,186.79939475483658,98.2325266368601
42.2335658713,-70.9136639783,0,0.35294117647058826,0.2405135520684736,0.01809954751131222,0.17403708987161198,0.6289592760180995,0.48530670470756065,0.0,0.09757489300998573,10.900452488687783,11.548359486447932,18.043630599975586,0.7072065614753386,1.1292158078616636,5.056734444790945,109.58892643560455,29.190301767792718
41.615077538,-70.4810356184,0,0.28054298642533937,0.3426533523537803,0.1493212669683258,0.11783166904422254,0.5475113122171946,0.5186875891583452,0.02262443438914027,0.019971469329529243,24.552036199095024,19.648787446504993,14.211706161499023,1.6327299083945876,1.0082651353274208,4.442926020824379,148.57542806471258,3.3880981857815944
42.4006893014,-71.0805234059,0,0.0,0.003994293865905849,0.0,0.029386590584878743,0.6108597285067874,0.7771754636233952,0.3891402714932127,0.18516405135520686,44.171945701357465,54.56519258202568,0.9448862075805664,0.4658327065960271,0.4812110128755723,1.815451088366337,12.483059975268082,18.09675441569399
42.3830116728,-72.5513616667,1,0.03619909502262444,0.03223965763195435,0.004524886877828055,0.2559201141226819,0.01809954751131222,0.18773181169757489,0.0,0.0,0.2398190045248869,5.582596291012838,43.5040397644043,0.27822004842257153,0.6263648193923969,3.655229949513599,276.3000017052622,254.6687165339498
42.5995333333,-71.535295,0,0.9502262443438914,0.6048502139800286,0.049773755656108594,0.1529243937232525,0.0,0.1346647646219686,0.0,0.07902995720399429,0.0,1.9997146932952925,99.07703399658203,1.392987770272955,1.852919868764856,11.086404103637719,135.57657668036677,364.78140150568873
42.6960133333,-71.88704,0,0.9864253393665159,0.8736091298145506,0.0,0.05164051355206847,0.0,0.043937232524964336,0.0,0.0008559201141226819,0.0,1.0017118402282454,403.46893310546875,11.913993774164316,7.403049165087374,50.820704318525756,119.75208068088278,436.5969747036472
42.670508433,-72.5378421675,0,0.09049773755656108,0.3977175463623395,0.00904977375565611,0.05534950071326676,0.832579185520362,0.38887303851640515,0.0,0.0002853067047075606,26.647058823529413,10.57660485021398,112.49126434326172,0.6762411831945345,2.020318884892761,12.53395198223567,0.0,39.90904959278269
42.2833713132,-71.9521839917,1,0.4841628959276018,0.6504992867332382,0.05429864253393665,0.16633380884450785,0.167420814479638,0.05848787446504993,0.0,0.0019971469329529245,1.3122171945701357,0.4328102710413695,323.01617431640625,2.872148679008893,2.921326695951552,13.08529492548421,172.14995670771032,148.23210509867715
42.6741533333,-71.707725,0,0.8687782805429864,0.3880171184022825,0.03619909502262444,0.1731811697574893,0.09502262443438914,0.41854493580599145,0.0,0.003994293865905849,4.144796380090498,13.25363766048502,93.67350006103516,0.9782269449360085,0.686714764610911,3.1597868156401825,43.414389721027796,232.40069431721597
42.6139144897,-72.0787124634,0,0.027149321266968326,0.21911554921540657,0.0,0.2,0.9728506787330317,0.5192582025677603,0.0,0.020542082738944364,35.76018099547511,16.05877318116976,273.6998291015625,1.293156899776614,1.3373450544504666,9.667847221374815,291.47410101002,7.428627720600656
42.4927386381,-71.3682409447,1,0.3212669683257919,0.4088445078459344,0.4343891402714932,0.294151212553495,0.03167420814479638,0.1783166904422254,0.20361990950226244,0.03109843081312411,0.6470588235294118,3.570898716119829,55.67564392089844,1.0105529169766085,1.318355008891807,9.568603317469096,18.15661953045408,158.70698908314398
42.4194461631,-71.1498869079,0,0.0,0.0034236804564907277,0.0,0.0005706134094151213,1.0,0.9052781740370899,0.0,0.09044222539229672,32.85067873303167,43.21597717546362,5.233519077301025,0.7606822719293747,1.491638599564025,9.912518500234722,20.562924234869676,11.591506883781538
42.493568416,-71.4248425886,1,0.5339366515837104,0.38231098430813126,0.2081447963800905,0.22082738944365193,0.2171945701357466,0.38516405135520687,0.0,0.006276747503566334,3.013574660633484,12.430527817403709,52.938114166259766,1.2095777389342761,1.560092075299434,9.959722527538569,125.75512913865991,29.584243570738096
42.0267959722,-70.718737,0,0.5746606334841629,0.3218259629101284,0.3076923076923077,0.1934379457917261,0.06787330316742081,0.32268188302425105,0.0,0.09614835948644793,0.8552036199095022,5.458202567760343,15.6336088180542,1.3690687347371848,0.9452235040411943,5.318875926402708,42.17598566041732,109.42712255842328
41.9124779804,-70.5772556551,0,0.4751131221719457,0.48245363766048505,0.0,0.04964336661911555,0.2579185520361991,0.29015691868758914,0.0,0.0025677603423680455,8.203619909502262,7.940941512125535,13.614899635314941,4.179918519763918,3.1854615532745023,31.31748745222514,4.740180164378172,104.73968705827386
42.249423434,-71.9631125271,0,0.6244343891402715,0.5403708987161199,0.3031674208144796,0.18858773181169758,0.0,0.09243937232524964,0.07239819004524888,0.005991440798858773,0.0,3.168901569186876,285.2046203613281,1.5074352551855048,2.184106971580782,9.691456460856259,22.16661412265018,639.1438588446881
42.6296466667,-71.2945116667,1,0.37104072398190047,0.03680456490727532,0.0,0.011412268188302425,0.6289592760180995,0.9403708987161198,0.0,0.011412268188302425,4.900452488687783,40.26333808844508,46.04031753540039,3.419412135901671,1.604371127710236,10.280745439995162,266.1852128449555,67.8649996474014
42.4169105411,-72.5240746458,1,0.2171945701357466,0.2721825962910128,0.01809954751131222,0.0833095577746077,0.6787330316742082,0.40970042796005707,0.0,0.010841654778887305,17.552036199095024,9.600855920114123,60.719722747802734,0.8544676955119624,1.8882312881106704,13.93355958096616,188.96494339494043,51.59469690645288
42.5068183333,-72.33643,0,0.7918552036199095,0.8,0.05429864253393665,0.007988587731811698,0.15384615384615385,0.1335235378031384,0.0,0.0,3.072398190045249,1.9378031383737517,304.472412109375,2.9143543388857305,5.010128157324179,26.2847094047744,169.957852008849,4.655197644352414
42.66758725,-72.3288302,1,1.0,0.82339514978602,0.0,0.08530670470756063,0.0,0.045934379457917264,0.0,0.020827389443651926,0.0,0.3466476462196862,308.6293029785156,3.7874768749472825,5.177070590485526,28.616891769657144,284.8733075913907,135.5554066984923
42.71584269,-73.26644786,0,1.0,0.9669044222539229,0.0,0.0,0.0,0.033095577746077035,0.0,0.0,0.0,0.32895863052781743,458.1572265625,11.329325486607283,13.492420162415316,73.81336114118531,19.693359995808535,431.6318701902735
42.1044111667,-70.1658333333,0,0.0,0.0,0.0,0.0,0.0,0.0,1.0,1.0,0.0,0.0,0.0,0.0,7.618963806459715e-09,9.880321371005129e-09,0.0,2884.0186581288226
41.9160883333,-70.628395,0,0.248868778280543,0.6048502139800286,0.0,0.04108416547788873,0.49321266968325794,0.2396576319543509,0.22171945701357465,0.05420827389443652,7.226244343891403,5.221683309557775,27.28903579711914,2.0476164710433475,1.4232965071897932,8.32621711935559,49.167476714974114,71.7282718272081
42.4384766667,-71.5690866667,0,0.7375565610859729,0.7865905848787447,0.11312217194570136,0.06647646219686162,0.1493212669683258,0.08930099857346648,0.0,0.0,1.5746606334841629,1.4459343794579174,93.9787368774414,3.2274579943809574,3.117156826440962,17.131096065052354,81.72434360249746,213.2227008782951
42.0285259761,-70.6853203308,0,0.14027149321266968,0.17118402282453637,0.01809954751131222,0.04650499286733238,0.8416289592760181,0.7783166904422254,0.0,0.0025677603423680455,7.266968325791855,11.147503566333809,8.85869312286377,0.5656856245979891,0.8537818214603755,6.013065924707956,111.14708082407516,9.79014897972971
41.9673,-70.7451633333,0,0.06334841628959276,0.47731811697574894,0.004524886877828055,0.05335235378031384,0.9321266968325792,0.4396576319543509,0.0,0.013409415121255349,22.524886877828056,10.75206847360913,47.13048553466797,1.4353136986286819,1.3926496888920061,6.266003718726779,295.4735769112478,40.86999508054882
42.2409178668,-71.023736881,0,0.0,0.051069900142653356,0.0,0.008273894436519259,1.0,0.9386590584878745,0.0,0.0017118402282453639,56.30769230769231,47.900998573466474,21.680919647216797,1.314552383670148,2.2924505691149197,11.704122389941793,385.75013978206874,7.389264182261068
42.2059222222,-72.6277694444,1,0.0,0.043081312410841656,0.0,0.0042796005706134095,1.0,0.9526390870185449,0.0,0.0,39.800904977375566,45.04564907275321,79.19445037841797,1.4971777631765255,2.580731453514952,19.841324898654136,806.1025838400363,18.744484468140477
41.6818084223,-70.8571812138,0,0.08144796380090498,0.4362339514978602,0.47058823529411764,0.36547788873038517,0.167420814479638,0.13238231098430814,0.06334841628959276,0.0068473609129814554,2.8687782805429864,1.736376604850214,7.604152202606201,0.6004645071815409,0.7024977100077064,4.408455435821424,10.960736659700475,12.563797619546618
42.395617624,-71.965840044,1,0.22624434389140272,0.47560627674750355,0.3574660633484163,0.17774607703281028,0.28054298642533937,0.2921540656205421,0.0,0.0005706134094151213,4.800904977375565,7.5338088445078455,314.03521728515625,2.1189236413069894,3.4152015682711316,16.652043683136043,80.89936397711708,152.3779879901235
42.5003572,-72.6393597,0,0.19004524886877827,0.5649072753209701,0.02262443438914027,0.03166904422253923,0.6108597285067874,0.21797432239657633,0.0,0.0,10.018099547511312,3.4165477888730384,98.69957733154297,1.9406573472985091,3.406580434545157,25.38759963085922,33.84661688778248,5.764826935332078
42.6811356997,-72.4787000997,1,0.10407239819004525,0.3455064194008559,0.4434389140271493,0.1049928673323823,0.17194570135746606,0.14407988587731813,0.0,0.10641940085592011,3.67420814479638,3.2139800285306706,62.85408020019531,1.9449828423372217,2.2425748578302955,19.657898024381353,41.098167576178035,11.974091201828088
42.6262029637,-70.719044432,0,0.4796380090497738,0.6128388017118402,0.5203619909502263,0.13580599144079886,0.0,0.2385164051355207,0.0,0.003138373751783167,0.0,6.460485021398003,24.497283935546875,1.3889402003196862,1.9910783722315264,9.485175497097007,0.0,472.805574328359
42.3916066667,-72.3446016667,0,0.6425339366515838,0.8910128388017119,0.0,0.027960057061340943,0.11764705882352941,0.030813124108416547,0.0,0.0,0.7194570135746606,0.14094151212553496,304.4970397949219,2.9114769498535757,6.5915209744211065,39.06391824589276,79.60034643820185,1.3660660277537828
41.92036333,-71.23072,0,0.19909502262443438,0.2573466476462197,0.11764705882352941,0.35463623395149785,0.6470588235294118,0.3651925820256776,0.0,0.0025677603423680455,11.221719457013574,8.552639087018544,37.28688430786133,0.48252804645276487,0.6987691286419633,4.44289314028381,60.53496061741961,6.817710279957516
41.3941666667,-70.5044444444,0,0.0,0.0002853067047075606,0.0,0.029386590584878743,0.3438914027149321,0.21569186875891583,0.5113122171945701,0.6841654778887304,12.108597285067873,8.048502139800286,1.756829023361206,0.43315881967480313,0.22475263395971698,1.5149189995696886,15.86654939293117,129.33179654614204
42.2116638919,-71.2688159038,0,0.2850678733031674,0.4613409415121255,0.28054298642533937,0.19258202567760344,0.4298642533936652,0.3403708987161198,0.0,0.0042796005706134095,7.529411764705882,5.182596291012839,70.55380249023438,0.5009808089496364,2.388524678596989,13.866113696786368,46.40048057662136,54.04431988697571
42.13536614,-71.1960786699,0,0.9004524886877828,0.6345221112696149,0.06334841628959276,0.14379457917261054,0.0,0.20427960057061342,0.0,0.0,0.0,3.6430813124108417,102.59545135498047,2.2225822799608754,2.4268169219083386,11.236382724043446,294.3778762434359,376.6592991952362
42.4582474936,-72.8982979295,1,0.9638009049773756,0.6932952924393724,0.03619909502262444,0.08559201141226819,0.0,0.15977175463623394,0.0,0.0,0.0,3.9081312410841655,368.0245361328125,4.760437385425127,4.7972417506018035,37.79644786119684,471.09688691120783,314.4939589243794
42.2276355587,-70.7593174135,0,0.0,0.0644793152639087,0.04072398190045249,0.15920114122681883,0.4298642533936652,0.4148359486447932,0.5113122171945701,0.3360912981455064,11.158371040723981,9.251925820256776,1.5831851959228516,0.24485640599717742,0.7372181154780572,3.921223407416938,11.809478672405545,42.741599059976465
42.5799305556,-71.0234610833,0,0.05429864253393665,0.1529243937232525,0.05429864253393665,0.21597717546362338,0.8914027149321267,0.62339514978602,0.0,0.0,14.538461538461538,11.710699001426534,33.3579216003418,1.288491380886161,1.2368771396612082,5.408895251108905,266.45238593915076,39.1049369803027
41.3264377322,-70.7505736314,0,0.08597285067873303,0.10099857346647646,0.03619909502262444,0.03366619115549215,0.049773755656108594,0.09728958630527818,0.4751131221719457,0.6077032810271041,0.7104072398190046,1.5768901569186875,1.148235559463501,1.3188801076967296,1.0123590085320784,9.248992677020782,49.71670578209157,46.91400254637663
41.6483612061,-70.8666305542,0,0.2579185520361991,0.17203994293865907,0.2895927601809955,0.19400855920114124,0.4253393665158371,0.5671897289586305,0.0,0.0042796005706134095,12.334841628959277,14.284165477888731,9.856715202331543,0.9373034419007359,0.7084967008711469,6.345235767687599,51.36414586622361,3.899567459884258
42.2504533333,-71.6279,0,0.16289592760180996,0.32068473609129816,0.027149321266968326,0.07360912981455064,0.7420814479638009,0.5817403708987161,0.0,0.0,10.447963800904978,11.828815977175463,147.64051818847656,2.3467194009882366,3.1233614734977158,19.45116889799484,501.1162111854739,10.46814537883967
42.1115333333,-71.795775,0,0.4343891402714932,0.3466476462196862,0.07239819004524888,0.14807417974322395,0.18552036199095023,0.17945791726105564,0.0,0.017403708987161197,1.5746606334841629,2.3081312410841655,201.5689697265625,3.7740275879508656,3.0270558903774445,24.502001051675876,7.741031217911419,10.968959788969633
42.4273681641,-72.8318252563,0,0.8687782805429864,0.7463623395149787,0.0,0.18716119828815977,0.13122171945701358,0.05335235378031384,0.0,0.003138373751783167,1.1538461538461537,0.5646219686162625,397.1462097167969,3.098139640931082,2.755736323320216,19.64616908108259,51.425743363449286,22.857146364274232
42.64009244,-72.11677159,0,0.39819004524886875,0.6590584878744651,0.6018099547511312,0.2992867332382311,0.0,0.0014265335235378032,0.0,0.02282453637660485,0.0,0.034236804564907276,254.20423889160156,1.2045768748135854,1.419917925444713,6.3751854924337374,0.0,21.615252439325925
42.3199050712,-71.4205091214,0,0.0,0.04764621968616262,0.0,0.04108416547788873,1.0,0.9004279600570614,0.0,0.010841654778887305,31.6289592760181,26.07845934379458,51.65359115600586,1.1902294777763927,1.3312270704787503,7.031737317464945,364.2590105956186,17.6102120545658
41.8764388889,-70.5368638889,0,0.027149321266968326,0.23566333808844508,0.0,0.010271041369472182,0.9728506787330317,0.44764621968616264,0.0,0.24764621968616263,25.361990950226243,10.621398002853066,13.17529296875,1.0083018101872916,1.1565755550573773,8.023146696932564,362.22525573081697,4.774794207701234
42.22888812,-71.14806875,0,0.0,0.015406562054208274,0.0,0.18231098430813125,1.0,0.8011412268188303,0.0,0.0011412268188302425,29.0,31.17432239657632,34.473297119140625,3.1272106150675714,1.3576633473845823,12.332060738927769,417.99636612820206,27.83185163185076
41.9121239997,-70.6836978,0,0.8371040723981901,0.675320970042796,0.0,0.0005706134094151213,0.00904977375565611,0.18202567760342367,0.00904977375565611,0.10156918687589159,0.167420814479638,3.987731811697575,38.35177993774414,2.2783229807721552,1.5002569171174538,9.947005166285235,7.3054470782333345,269.5235588836016
42.4386178279,-71.2369906502,0,0.09954751131221719,0.054778887303851644,0.0,0.08616262482168331,0.9004524886877828,0.854493580599144,0.0,0.00456490727532097,9.180995475113122,19.48273894436519,97.71458435058594,3.8874464287811272,1.8038436554929465,8.426439962608574,502.4560130621417,17.052823272030498
42.30583976,-73.00619651,0,0.8506787330316742,0.9497860199714693,0.058823529411764705,0.018830242510699,0.09049773755656108,0.03138373751783167,0.0,0.0,1.5610859728506787,0.3948644793152639,263.6546936035156,8.457406479513876,11.855816671798834,58.89312574633671,38.417431710697244,1231.3837778209765
41.6288870859,-70.803731502,0,0.13574660633484162,0.1486447931526391,0.19004524886877827,0.1195435092724679,0.3393665158371041,0.11583452211126961,0.18099547511312217,0.5629101283880171,8.628959276018099,2.405991440798859,0.8134385943412781,0.6167981842882142,0.39438742364334534,3.06702312437151,25.1144699970234,75.87590282872624
42.6774583333,-73.1453333333,0,1.0,0.8990014265335236,0.0,0.012268188302425107,0.0,0.0442225392296719,0.0,0.029957203994293864,0.0,0.6313837375178317,481.6766662597656,12.970222512680502,11.720573042312068,105.58026195573072,114.28455041142276,6.9939338740065375
42.383295,-72.5152966667,1,0.013574660633484163,0.11783166904422254,0.0,0.021112696148359488,0.9864253393665159,0.8582025677603423,0.0,0.0,14.334841628959277,25.36490727532097,91.55790710449219,1.2943399528210304,2.235276423000831,11.850257645971231,295.8530499875736,16.76712696179245
42.8505366667,-70.9343033333,0,0.0,0.07047075606276748,0.0,0.056776034236804565,0.9773755656108597,0.8522111269614836,0.02262443438914027,0.015121255349500713,37.64253393665158,31.592867332382312,21.013683319091797,2.2170227361719896,1.7901989226795387,11.71193207533594,98.60451216903094,18.641899286625968
41.7274887553,-70.2375350263,0,0.0,0.02368045649072753,0.05429864253393665,0.3486447931526391,0.0,0.018830242510699,0.4253393665158371,0.49814550641940086,0.0,0.30813124108416545,0.9703564643859863,0.26171999408360347,0.23936593066504103,1.386338997837201,0.0,272.85964730014945
42.6176716667,-71.4921883333,0,0.6561085972850679,0.7166904422253922,0.027149321266968326,0.10898716119828816,0.19457013574660634,0.08758915834522112,0.0,0.0002853067047075606,6.153846153846154,2.2530670470756062,119.60862731933594,4.153443522648401,2.8757066719284388,15.582343976149067,23.407628992512645,31.29969876723762
42.2335466667,-72.6647716667,1,0.25339366515837103,0.49814550641940086,0.18552036199095023,0.042225392296718976,0.5610859728506787,0.4276747503566334,0.0,0.0,13.226244343891402,9.648216833095578,67.73809051513672,4.08335631849095,4.591524532751426,44.40311777295034,73.85874870531978,11.777136282518011
41.450228,-70.6385099722,0,0.7828054298642534,0.8222539229671897,0.0,0.027389443651925822,0.2081447963800905,0.07446504992867332,0.0,0.0005706134094151213,2.176470588235294,0.7258202567760342,29.88288688659668,1.6108895964257584,1.4536589100049258,9.279828871476958,406.4106705153244,7.226082965206522
42.4707942683,-71.0429717886,0,0.09954751131221719,0.07703281027104136,0.03619909502262444,0.02767475035663338,0.8642533936651584,0.8741797432239657,0.0,0.01825962910128388,22.6289592760181,24.51440798858773,20.33717155456543,1.7101078658147932,1.8518710499268691,6.986066793371298,141.98690483586387,16.941744851461294
42.08228,-70.2034766667,0,0.0,0.0005706134094151213,0.0,0.039087018544935806,0.0,0.0042796005706134095,0.4298642533936652,0.4921540656205421,0.0,0.124679029957204,2.497213363647461,0.7065912295805891,0.5593565590717297,4.127715850507591,0.0,250.9407425796074
42.847992105,-71.0316221896,0,0.5972850678733032,0.6738944365192582,0.2669683257918552,0.07018544935805991,0.11312217194570136,0.12496433666191155,0.0,0.0034236804564907277,0.8959276018099548,1.6910128388017118,52.929779052734375,3.0250801726438445,2.672972149220164,9.8242695599621,123.91676106386865,101.13406682136026
42.64581,-72.6235816667,0,0.751131221719457,0.7206847360912981,0.0,0.08758915834522112,0.1493212669683258,0.050784593437945794,0.0,0.0008559201141226819,1.1131221719457014,0.7261055634807418,98.694091796875,8.532623123659567,6.240691473127381,49.18598462970736,252.03267903146858,3.7863240232777637
42.4213821722,-72.4803350861,1,0.5248868778280543,0.859058487874465,0.12669683257918551,0.020256776034236805,0.02262443438914027,0.050784593437945794,0.3257918552036199,0.05335235378031384,0.2171945701357466,0.4176890156918688,135.40615844726562,1.8398467765384972,3.6258175045418057,22.2077947765562,0.7098643878774087,184.57141855496548
42.3958083333,-71.0332028333,0,0.0,0.0,0.0,0.0,1.0,1.0,0.0,0.0,78.99547511312217,77.40570613409415,7.4018473625183105,1.0579625811923203,1.548922458079999,7.546896622361458,1042.4245793466248,8.065492560565726
42.4340530556,-71.3087080556,0,0.7104072398190046,0.48673323823109843,0.08597285067873303,0.09472182596291012,0.004524886877828055,0.1335235378031384,0.14027149321266968,0.1914407988587732,0.03167420814479638,1.793437945791726,79.36744689941406,2.423013889130919,2.1285442010554436,9.156542760416588,18.583748956519273,246.6900734208937
42.463404659,-71.1576708784,0,0.46153846153846156,0.17203994293865907,0.0,0.019115549215406563,0.36199095022624433,0.6453637660485021,0.1493212669683258,0.15977175463623394,8.83710407239819,21.232524964336662,41.190547943115234,6.1088699399256985,2.240549295598884,11.74417911464211,57.45909577158517,70.42620114485477
42.6126060174,-71.5711150755,1,0.02262443438914027,0.08930099857346648,0.167420814479638,0.19942938659058487,0.6923076923076923,0.4898716119828816,0.0,0.0,15.09049773755656,11.897860199714692,98.25226593017578,0.5505519257959857,1.5646443855261705,8.448578619982019,289.9905042670427,69.85157803474436
42.5976366667,-71.4141,0,0.3076923076923077,0.2804564907275321,0.0,0.13495007132667616,0.6923076923076923,0.5386590584878744,0.0,0.005991440798858773,11.828054298642535,7.931811697574893,88.56426239013672,3.5957728547927568,2.396318995409071,16.98303183062751,365.92397287316913,50.16895390968667
42.2977366728,-72.4437116667,0,0.3257918552036199,0.3788873038516405,0.004524886877828055,0.32068473609129816,0.4751131221719457,0.22082738944365193,0.0,0.003138373751783167,8.02262443438914,4.003138373751783,109.09920501708984,2.0587618164541417,1.4560300655273948,6.722569021264585,147.79994271443405,59.3129600984439
42.41000333,-71.12332783,0,0.0,0.0,0.0,0.0034236804564907277,1.0,0.9957203994293866,0.0,0.0008559201141226819,60.52036199095023,62.139514978601994,32.62887954711914,2.5951322981413307,1.5395755097085801,8.404903847041224,722.3142621683211,32.85701085000992
42.4746002583,-72.1605432686,0,0.8959276018099548,0.8473609129814551,0.09502262443438914,0.10185449358059914,0.00904977375565611,0.021398002853067047,0.0,0.002282453637660485,0.027149321266968326,0.16861626248216832,238.857666015625,3.9378255114679837,4.62888848897099,19.99061683406522,74.24001039847636,170.1943161942279
42.40627,-71.3558416667,0,0.46153846153846156,0.37146932952924394,0.04524886877828054,0.12952924393723253,0.49321266968325794,0.42339514978602,0.0,0.05021398002853067,6.610859728506787,6.117546362339515,50.28641128540039,1.7078108009336397,1.4396540943507727,5.861154055689388,68.41244465720602,46.393499687565814
42.5771636506,-71.542398743,0,0.7194570135746606,0.7446504992867332,0.28054298642533937,0.15092724679029956,0.0,0.06533523537803139,0.0,0.028815977175463622,0.0,2.5395149786019973,83.82176971435547,3.1362821803046037,2.2965207128395355,10.23817374678256,0.0,589.5782563120156
42.0763980292,-70.9161712503,0,0.19457013574660634,0.26504992867332383,0.39819004524886875,0.3338088445078459,0.4072398190045249,0.39115549215406564,0.0,0.0,10.615384615384615,10.621683309557774,23.708829879760742,1.586066619582341,0.9753250251753748,8.303257684893428,162.43893049274965,25.119417429375535
42.6032758942,-70.9000279895,1,0.334841628959276,0.2961483594864479,0.4117647058823529,0.24079885877318116,0.12669683257918551,0.3466476462196862,0.10407239819004525,0.08815977175463624,0.8371040723981901,5.128958630527817,15.894708633422852,0.931904693290313,0.9126769303651536,4.851563216239835,0.0,189.76027276066043
41.7599033333,-70.0754305,0,0.09954751131221719,0.07960057061340942,0.18099547511312217,0.11783166904422254,0.7194570135746606,0.7962910128388017,0.0,0.005706134094151213,16.787330316742082,18.065335235378033,16.38410758972168,1.1898303675049127,0.9338908665061636,8.824993900660358,38.46715227871283,40.81780178651651
42.528035,-73.191628,0,0.12669683257918551,0.32268188302425105,0.15384615384615385,0.12553495007132667,0.19457013574660634,0.18773181169757489,0.43891402714932126,0.16776034236804566,5.475113122171946,4.469900142653352,296.7232971191406,2.5087724887224754,3.275542875989957,15.145929848929654,0.0,48.72844242181795
42.4971002164,-71.2442233626,0,0.12217194570135746,0.2074179743223966,0.0,0.03680456490727532,0.8778280542986425,0.7557774607703281,0.0,0.0,11.67420814479638,20.8188302425107,55.153282165527344,3.3456734067473963,2.123312431045854,14.42560842029682,318.98112156217996,24.85407573901078
42.2581611111,-71.0614111111,0,0.0,0.04992867332382311,0.0,0.02310984308131241,1.0,0.9232524964336661,0.0,0.003708987161198288,19.352941176470587,21.4,15.061895370483398,0.8961222890998071,1.5932723375433822,6.796819680285491,422.99352257398266,2.385200418622653
41.9971558257,-70.9907135997,1,0.3076923076923077,0.2536376604850214,0.18552036199095023,0.1463623395149786,0.5067873303167421,0.5957203994293866,0.0,0.0,12.7420814479638,16.51726105563481,26.022319793701172,1.0260709503326892,0.8615606081135997,4.695270828002684,141.0707942161962,61.78526145773547
42.3453133333,-71.4332966667,0,0.2895927601809955,0.38830242510699003,0.0,0.11982881597717546,0.7104072398190046,0.4624821683309558,0.0,0.0,18.968325791855204,10.827960057061341,64.36219787597656,2.326466311341831,2.2841069855008334,14.627920930008113,483.35398740708547,5.86695333118576
42.439121,-71.508967,0,0.38461538461538464,0.41911554921540656,0.09049773755656108,0.1637660485021398,0.5158371040723982,0.31098430813124106,0.0,0.006562054208273894,20.20361990950226,7.185734664764622,73.29463195800781,1.3700889516620387,1.9602596456483286,12.445372355427002,1.8678519225665766,172.8425174869981
42.3147789552,-71.2810919689,0,0.0,0.002282453637660485,0.0,0.0025677603423680455,1.0,0.9942938659058488,0.0,0.0008559201141226819,15.135746606334841,21.331811697574892,66.90939331054688,1.4523024388405712,1.9085559393894453,12.1926443968052,383.26541750378584,28.89141804294114
42.3828210954,-71.1430420385,0,0.004524886877828055,0.019686162624821684,0.0,0.0034236804564907277,0.8009049773755657,0.7865905848787447,0.19457013574660634,0.18887303851640513,39.44343891402715,38.296433666191156,4.719726085662842,0.99748295779021,0.7020441900760046,4.149160988372362,132.84800499261408,7.9872948565560264
42.4973065512,-71.3638756776,1,0.5565610859728507,0.5514978601997147,0.19004524886877827,0.19600570613409415,0.11764705882352941,0.17574893009985734,0.08597285067873303,0.029101283880171185,5.1945701357466065,3.4893009985734667,65.83499908447266,2.4352357605651545,1.4284431098680825,9.843919744827769,101.0825640936122,267.1937174248682
41.9263888889,-69.9755555556,0,0.0,0.29015691868758914,0.0,0.030242510699001426,0.10407239819004525,0.06476462196861626,0.43891402714932126,0.4847360912981455,2.262443438914027,1.7044222539229672,0.4354779124259949,2.8972088717744935,1.1449939615339595,9.529761908009219,56.689963479904705,62.89842691717162
42.36513,-71.878655,1,0.14027149321266968,0.23537803138373753,0.03167420814479638,0.1971469329529244,0.8280542986425339,0.4530670470756063,0.0,0.0094151212553495,18.823529411764707,9.380599144079886,240.1923828125,2.2041013834010443,1.8659681677507238,8.790092604499234,81.21766470090719,27.725826205208516
42.47532639,-71.06725886,0,0.0,0.0550641940085592,0.0,0.009700427960057061,1.0,0.9352353780313838,0.0,0.0,28.361990950226243,29.318402282453636,31.118000030517578,1.6639551775598247,1.8876036357810082,10.715743599375383,249.58014366821095,23.803149418375405
42.396556441,-71.1443191929,0,0.0,0.00456490727532097,0.058823529411764705,0.04336661911554922,0.9411764705882353,0.9495007132667618,0.0,0.0025677603423680455,55.248868778280546,59.90071326676177,1.7912561893463135,0.16979125674549755,0.3110377733561386,1.3770018693371626,54.623496451782614,87.42502586432678
42.0960503303,-72.3312153295,1,0.7647058823529411,0.6924393723252497,0.0,0.0724679029957204,0.23076923076923078,0.14579172610556348,0.0,0.019115549215406563,1.6244343891402715,1.3503566333808845,232.68240356445312,1.9174791020742785,4.193201129684069,18.591312310710993,444.02883452363034,1.1258001897452332
42.0954576409,-72.5879897929,0,0.0,0.0011412268188302425,0.0,0.010556348074179744,0.5294117647058824,0.7982881597717546,0.47058823529411764,0.1891583452211127,32.95475113122172,53.352353780313834,17.41907501220703,1.0126684132150385,1.4073196807936224,7.099842382797222,6.3126809564151944,46.15211768214132
42.4437637775,-71.2419780468,0,0.10407239819004525,0.055920114122681885,0.08597285067873303,0.03566333808844508,0.8099547511312217,0.903851640513552,0.0,0.00456490727532097,23.86425339366516,21.908416547788875,71.66316223144531,2.6833522848866167,2.145943352157799,9.352586876656796,198.57166230905005,55.69059610308432
42.5962716667,-70.9759216667,0,0.20361990950226244,0.15863052781740372,0.03167420814479638,0.10641940085592011,0.17194570135746606,0.6507845934379458,0.0,0.0008559201141226819,3.841628959276018,22.407417974322396,42.1932487487793,3.0225477922313084,2.4538276918914352,11.39545367162143,269.67766593737343,179.84866765708722
42.5480583333,-71.6935716667,1,0.8371040723981901,0.44821683309557775,0.0,0.1543509272467903,0.16289592760180996,0.15463623395149786,0.0,0.09614835948644793,1.420814479638009,2.716405135520685,112.10867309570312,3.175544841746897,1.6855520791840426,8.559904835396642,217.65809661169948,88.17971590632729
42.1776866667,-73.240875,1,0.29411764705882354,0.47845934379457916,0.2171945701357466,0.21997146932952924,0.2398190045248869,0.11355206847360913,0.0,0.0,5.14027149321267,1.514978601997147,360.623046875,1.4479422770339176,2.848418356961491,15.321452846784462,387.15956804227443,11.383382228566797
42.3560576988,-71.4187939589,0,0.11764705882352941,0.1660485021398003,0.579185520361991,0.38716119828815976,0.3031674208144796,0.43423680456490726,0.0,0.0,4.493212669683258,14.603994293865906,37.184600830078125,0.35261063438612833,0.7886052666870399,3.3410948835644247,28.326815064620764,131.7026126954756
42.4828994608,-70.9277167981,0,0.01809954751131222,0.15863052781740372,0.02262443438914027,0.04650499286733238,0.9592760180995475,0.6907275320970043,0.0,0.00456490727532097,29.520361990950228,30.979457917261055,29.91157341003418,1.3237262997172914,2.2665329882758254,13.278207607858036,145.8767941503599,1.4335966400555777
42.4315419329,-71.1253940666,0,0.38461538461538464,0.3463623395149786,0.0,0.025106990014265335,0.6153846153846154,0.6276747503566333,0.0,0.0008559201141226819,29.624434389140273,21.950356633380885,34.837242126464844,1.9791280417305164,1.7848294450446704,11.506309896006844,253.55159751266086,243.3525555675037
41.7405641968,-70.0884208444,0,0.13574660633484162,0.33152639087018543,0.09049773755656108,0.07104136947218259,0.4072398190045249,0.5440798858773181,0.3438914027149321,0.038231098430813126,4.144796380090498,9.997432239657632,13.824792861938477,1.4345128293637313,1.0051084673360278,5.121680350810247,44.08091730317542,98.39468996724528
42.4385921667,-71.1131708611,0,0.832579185520362,0.7044222539229672,0.1583710407239819,0.046790299572039944,0.00904977375565611,0.1594864479315264,0.0,0.08102710413694722,0.17194570135746606,5.107275320970043,48.19803237915039,1.2070577123823794,1.8477985580458078,9.031842041545755,72.70167452457945,392.3981609376077
42.451315,-72.385655,0,0.8914027149321267,0.8670470756062767,0.004524886877828055,0.07104136947218259,0.10407239819004525,0.038801711840228244,0.0,0.01768901569186876,0.7963800904977375,0.3141226818830242,192.9814453125,6.437681330292174,4.812048448323093,41.16150846723835,223.0713456197229,20.4352668586441
42.6266376721,-72.7231665329,0,1.0,0.9640513552068474,0.0,0.0094151212553495,0.0,0.01768901569186876,0.0,0.002282453637660485,0.0,0.18630527817403708,346.0962219238281,12.482951227596393,10.361495632790529,89.50607951366386,224.92264513945057,610.4534798508079
42.1280620603,-71.2776180689,1,0.04072398190045249,0.23594864479315264,0.5882352941176471,0.2984308131241084,0.27601809954751133,0.4059914407988588,0.0,0.0,7.746606334841629,15.118687589158345,59.357418060302734,0.5278418212025249,0.7225617877299915,3.1235210119186156,72.1837620400141,44.02336901599331
42.4809419718,-71.4526491972,0,0.0,0.15663338088445078,0.19457013574660634,0.054778887303851644,0.8054298642533937,0.7874465049928673,0.0,0.0011412268188302425,33.81900452488688,22.8981455064194,62.2689208984375,0.6604572972958738,1.3692798191454625,6.120293500557403,21.08375858931041,0.4239270794118326
41.9876222222,-70.7891222222,0,0.3438914027149321,0.3897289586305278,0.16289592760180996,0.29243937232524964,0.4841628959276018,0.2990014265335235,0.0,0.0005706134094151213,14.402714932126697,6.3169757489300995,23.15576934814453,0.8546064662822628,0.7800321826424651,4.953516165908229,496.601471478677,18.128897625531796
42.29027,-71.0873195,0,0.0,0.0042796005706134095,0.0,0.020256776034236805,1.0,0.9754636233951498,0.0,0.0,62.57013574660633,54.32154065620542,19.363252639770508,0.568080495352246,1.1108819104757333,5.168861229397134,382.62696534443455,53.38537140066745
42.0188233333,-71.2879,0,0.17647058823529413,0.2282453637660485,0.3438914027149321,0.18773181169757489,0.4117647058823529,0.43138373751783166,0.06787330316742081,0.12039942938659058,7.914027149321267,10.323537803138374,49.12677001953125,1.2505342270233255,0.8182209569529301,4.9811476092313285,24.58037334253389,85.66390250998462
41.9728383333,-70.64537,0,0.0,0.0,0.0,0.0,0.0,0.0,0.2895927601809955,0.8276747503566334,0.0,0.0,1.792022705078125,0.6401807569785624,0.3185283847586263,1.2439099720077245,0.0,253.78493366378314
41.9018083333,-71.317725,0,0.0,0.0978601997146933,0.0,0.10699001426533523,1.0,0.7900142653352353,0.0,0.003138373751783167,39.43438914027149,26.44564907275321,30.86021614074707,0.6477444819150181,0.6160145172336774,3.3016016315108256,274.9195373288652,7.045936884890755
42.71607167,-71.10040283,0,0.7285067873303167,0.27731811697574893,0.004524886877828055,0.10699001426533523,0.167420814479638,0.33152639087018543,0.08597285067873303,0.21198288159771755,3.4705882352941178,5.782025677603424,45.33019256591797,2.750696305558626,2.3866539878327218,10.750824104335374,40.60391581217158,190.80094564230544
42.7475144444,-71.0488581609,0,0.2081447963800905,0.2,0.3167420814479638,0.12524964336661912,0.4751131221719457,0.5517831669044223,0.0,0.0002853067047075606,6.647058823529412,13.776890156918688,11.549612045288086,1.726885844352232,2.420590010333299,11.395057007355087,11.573021623148637,22.03499912034124
42.3990592957,-71.2077178955,0,0.6470588235294118,0.19115549215406563,0.03619909502262444,0.13580599144079886,0.28054298642533937,0.6325249643366619,0.0,0.0011412268188302425,5.773755656108597,22.25249643366619,74.23907470703125,3.5452305331816643,1.7864472659867856,8.096852471131589,235.8538019501914,271.0745513279027
42.0755607343,-72.5632378271,0,0.6334841628959276,0.35977175463623395,0.08597285067873303,0.08616262482168331,0.1583710407239819,0.5209700427960057,0.11312217194570136,0.029671897289586305,2.7104072398190047,12.735520684736091,36.905155181884766,1.79651025121373,1.5131910139302684,7.774586857558277,131.51250249684293,210.05712627827793
42.4137883333,-71.68425,0,0.0,0.04450784593437946,0.0,0.0019971469329529245,1.0,0.9155492154065621,0.0,0.03737517831669044,56.19004524886878,39.00228245363766,105.25767517089844,3.1473914918184596,3.668759305404484,15.533534306636906,401.09850518074313,21.34682245069282
42.7590683983,-71.0431478496,0,0.07692307692307693,0.10955777460770329,0.00904977375565611,0.07275320970042796,0.4660633484162896,0.6017118402282453,0.4434389140271493,0.1797432239657632,8.285067873303168,22.564336661911554,2.1337950229644775,0.5404765319544366,1.4661392394322157,7.32058679654881,43.68295834625209,162.269049930159
42.6473128913,-71.9490774703,0,0.3936651583710407,0.6034236804564908,0.1583710407239819,0.19543509272467904,0.4434389140271493,0.11925820256776035,0.0,0.009700427960057061,10.624434389140271,2.665620542082739,335.6884460449219,2.178381216463279,1.7488412079562894,13.624175477977579,273.30435615134206,0.26746768925926667
42.0919305763,-70.6538193204,0,0.0,0.029671897289586305,0.0,0.3828815977175464,1.0,0.3420827389443652,0.0,0.207132667617689,38.41628959276018,16.373751783166906,9.246700286865234,1.0264654649602722,0.5242706264017916,2.7500188549808193,290.6744227129786,4.77253728232459
42.4086527778,-72.7209694444,0,0.6787330316742082,0.837660485021398,0.0,0.007132667617689016,0.11764705882352941,0.0667617689015692,0.0,0.0,1.5565610859728507,0.5828815977175463,227.83078002929688,2.7443846879643505,4.3948388834976315,27.988338953407368,189.65384884894848,82.22855842826458
42.42543,-71.056151,0,0.0,0.0,0.0,0.0,1.0,1.0,0.0,0.0,62.80995475113122,67.48045649072753,8.312450408935547,0.8252802838021923,1.4519519315847405,8.216712583862915,1083.944346169986,1.0221424449361292
42.2184271834,-70.8635467663,0,0.6199095022624435,0.5974322396576319,0.11312217194570136,0.18630527817403708,0.2669683257918552,0.1817403708987161,0.0,0.011697574893009986,5.701357466063349,2.947503566333809,20.59283447265625,0.8398088881619186,1.0037591299336102,5.352689577060253,349.5250704285436,1.9848365460735835
42.3536599922,-71.3776931077,0,0.22624434389140272,0.14835948644793154,0.20361990950226244,0.5292439372325249,0.35294117647058826,0.11640513552068474,0.05429864253393665,0.11098430813124108,3.7104072398190047,1.4205420827389443,40.23899459838867,0.7834337326568351,0.606462545510647,2.3453212685545584,144.51176121297618,5.247880466588152
42.6412278979,-70.7619792223,0,0.0,0.039087018544935806,0.6153846153846154,0.6793152639087019,0.0,0.035092724679029956,0.38009049773755654,0.16005706134094153,0.0,0.644793152639087,-0.24947838485240936,0.1599325762448015,0.43919938063471037,2.227127745195151,0.0,569.5360121339781
42.6536366667,-71.3754966667,1,0.14027149321266968,0.40684736091298146,0.04072398190045249,0.06761768901569187,0.8190045248868778,0.4413694721825963,0.0,0.06562054208273894,21.36651583710407,14.03623395149786,51.3995246887207,1.4229018533244329,1.525973537958113,9.623640720024525,328.2031613330572,34.60061512938727
42.6603133333,-71.6177133333,1,0.7149321266968326,0.4970042796005706,0.058823529411764705,0.150641940085592,0.17194570135746606,0.21455064194008558,0.0,0.005706134094151213,2.8099547511312215,3.1386590584878746,109.93855285644531,3.7606231634885825,2.597514464412045,16.381569643139095,165.1618761588586,134.19453008475642
42.5251606383,-72.16890681,1,0.36199095022624433,0.7318116975748931,0.6380090497737556,0.24793152639087018,0.0,0.007132667617689016,0.0,0.0,0.0,0.019971469329529243,334.16217041015625,0.7770348386858292,2.658987799454097,13.536860279705461,0.0,195.33537541227173
42.1246083333,-71.3684783333,0,0.17194570135746606,0.2502139800285307,0.3665158371040724,0.2992867332382311,0.13574660633484162,0.32553495007132666,0.0,0.027389443651925822,4.027149321266968,6.923823109843081,40.75666809082031,0.42222250414042795,1.1957087725977953,6.082674083368253,219.89793595871197,228.16476843172643
42.1133377778,-71.1457655556,0,0.03619909502262444,0.12952924393723253,0.0,0.07303851640513552,0.9638009049773756,0.797432239657632,0.0,0.0,22.692307692307693,17.896433666191154,82.05342102050781,1.3864149209408756,1.2787549207521351,8.885552588370874,454.7414143034399,11.70432899574353
41.7490773997,-70.5057304,0,0.4841628959276018,0.5181169757489301,0.10407239819004525,0.03937232524964337,0.40271493212669685,0.3803138373751783,0.00904977375565611,0.056776034236804565,6.470588235294118,6.766904422253923,17.23850440979004,2.498407983297307,1.881925460721138,12.717933892830487,62.72029781459665,50.429023691873375
41.8309216667,-71.275095,0,0.13574660633484162,0.1181169757489301,0.027149321266968326,0.3215406562054208,0.6515837104072398,0.5132667617689015,0.10407239819004525,0.006562054208273894,7.076923076923077,8.354921540656205,13.334953308105469,0.7300257340343584,0.6733084538136358,2.6859385880066617,59.427468241109224,29.677481127633563
41.67742167,-70.45459667,0,0.0,0.05791726105563481,0.0,0.0017118402282453639,1.0,0.9283880171184022,0.0,0.010841654778887305,15.565610859728507,14.702995720399429,33.779781341552734,0.3920876921557035,0.7137003240274965,3.1562655114218603,507.6869440311194,24.196427729441268
41.8980633333,-70.0699528333,0,0.0,0.023965763195435093,0.0,0.011982881597717546,0.0,0.0,0.6470588235294118,0.8273894436519258,0.0,0.0,0.25197941064834595,0.423133449795355,0.4569734884078847,3.3146810941322253,0.0,3307.9537270986248
41.7980656809,-70.5596088991,0,0.04524886877828054,0.2972895863052782,0.03167420814479638,0.0019971469329529245,0.5203619909502263,0.3355206847360913,0.3755656108597285,0.3483594864479315,8.42081447963801,7.71811697574893,12.517133712768555,1.2893830524743277,1.3023055270535586,8.375903204574698,38.81622592575586,38.515799638614304
42.37679,-71.2634833333,0,0.0,0.10784593437945791,0.0,0.019400855920114122,1.0,0.8721825962910128,0.0,0.0002853067047075606,61.01809954751131,43.752639087018544,41.866607666015625,1.5064899645727678,3.2525513260733523,16.04823253820737,29.637042420531163,27.545435157331273
41.543975,-70.6486283333,0,0.049773755656108594,0.19372325249643366,0.0,0.048787446504992865,0.9502262443438914,0.5064194008559201,0.0,0.21797432239657633,10.330316742081449,8.00342368045649,18.345911026000977,1.1610641031986306,1.2719855107813054,6.045182280480877,309.4538547909886,13.483941483910927
42.3031116667,-72.68743,1,0.167420814479638,0.45905848787446507,0.45248868778280543,0.12667617689015692,0.3031674208144796,0.34293865905848786,0.0,0.0002853067047075606,5.8099547511312215,6.030527817403709,65.31731414794922,1.5068223530216984,2.0520331197215973,11.027709748581563,15.98458559598525,35.81452914001296
42.6620201032,-70.916697312,0,0.5384615384615384,0.5406562054208274,0.416289592760181,0.2419400855920114,0.04524886877828054,0.20256776034236804,0.0,0.0019971469329529245,0.42081447963800905,2.660485021398003,17.059885025024414,0.6346437526486167,0.8261590417013066,4.017130568318864,55.26170073256326,0.3981410332153965
42.2755050659,-72.4037322998,0,0.4796380090497738,0.3360912981455064,0.02262443438914027,0.09671897289586305,0.48868778280542985,0.5594864479315264,0.0,0.0002853067047075606,13.049773755656108,13.415406562054208,173.8732452392578,3.3006177267141807,2.41415459502256,12.689291639703056,309.91599094994456,2.3625734316793
42.5102883333,-71.3764033333,1,0.38009049773755654,0.43794579172610554,0.5294117647058824,0.3238231098430813,0.0,0.1788873038516405,0.0,0.0025677603423680455,0.0,2.403708987161198,45.78643798828125,1.2687303916446677,1.7317577412725662,8.739765166628699,33.40611636848546,338.5148686940105
42.361,-72.913,1,0.9864253393665159,0.6944365192582026,0.013574660633484163,0.1346647646219686,0.0,0.05135520684736091,0.0,0.0025677603423680455,0.0,0.5315263908701855,360.72979736328125,8.976774078781357,4.79523570982691,28.446067460324176,287.099672359528,340.985259550788
42.3195530205,-72.5064597235,1,0.4253393665158371,0.4299572039942939,0.027149321266968326,0.09985734664764621,0.248868778280543,0.15492154065620542,0.0,0.0002853067047075606,4.588235294117647,2.712410841654779,70.23847961425781,2.9922015495043572,3.010166231935969,22.509647082713997,236.45584342634578,3.636968267643509
41.9927263162,-71.3118662048,0,0.11764705882352941,0.29015691868758914,0.2171945701357466,0.1486447931526391,0.665158371040724,0.5258202567760343,0.0,0.0,17.941176470588236,13.837375178316691,74.72762298583984,0.7191663176689116,1.5935901127967211,8.868637094193339,134.76622623322558,32.901166304554806
42.0952119163,-71.3879809839,1,0.02262443438914027,0.18659058487874466,0.0,0.08901569186875892,0.9773755656108597,0.6975748930099858,0.0,0.026248216833095576,22.782805429864254,15.171184022824537,90.00259399414062,2.9179334438642597,1.8296327841139848,9.377359242682335,292.7746090846966,55.86855206006006
42.4594919207,-71.3003352215,1,0.20361990950226244,0.27275320970042793,0.3257918552036199,0.1754636233951498,0.3167420814479638,0.45534950071326674,0.0,0.0,4.343891402714932,17.682453637660483,45.91188430786133,1.5575646242039207,1.301715142180632,8.920473594505488,226.48037878301466,2.5899039868808553
42.4617967299,-71.2610401821,0,0.3393665158371041,0.14151212553495007,0.18552036199095023,0.1754636233951498,0.4660633484162896,0.6738944365192582,0.0,0.0,15.036199095022624,24.12753209700428,55.39341354370117,2.9540055373718346,1.9015190792314052,12.135413254012045,156.36413669041204,113.04827976374548
42.425645,-71.6954416667,0,0.0,0.13238231098430814,0.0,0.03281027104136947,1.0,0.8085592011412268,0.0,0.013124108416547788,38.248868778280546,32.442796005706136,105.70106506347656,2.4135779653288227,1.6622224681829125,10.236848497541743,707.1614077814887,19.13627193868093
42.4073144579,-71.3234968742,0,0.49321266968325794,0.3634807417974322,0.004524886877828055,0.1783166904422254,0.49321266968325794,0.30156918687589157,0.0,0.00884450784593438,9.158371040723981,6.070470756062767,65.02722930908203,1.2389491094756344,1.0916695218936057,5.071832220695428,181.54326083121603,71.3949544441895
42.3021067653,-70.927838388,0,0.2669683257918552,0.0804564907275321,0.08597285067873303,0.021968616262482168,0.06787330316742081,0.04136947218259629,0.5067873303167421,0.8262482168330956,1.669683257918552,2.403708987161198,3.536003351211548,1.9533179533882634,0.7717136045744232,4.906900695753109,44.96513346784558,142.1038520434288
42.4619102249,-70.9452650417,0,0.0,0.0,0.0,0.007417974322396576,1.0,0.8898716119828816,0.0,0.10271041369472182,74.63348416289593,66.97146932952924,4.283303260803223,0.5021673662284161,1.0119168289859768,8.168347474529284,234.62081205809514,18.602480269396363
42.0486754412,-71.5319625351,0,0.167420814479638,0.41968616262482167,0.04524886877828054,0.1666191155492154,0.7873303167420814,0.33523537803138376,0.0,0.0005706134094151213,14.117647058823529,6.449358059914408,82.8988265991211,1.3035011031319221,1.619008335075929,10.671649125192918,228.2157778834587,24.990344532774824
42.3902466667,-71.3427216667,0,0.3755656108597285,0.5378031383737518,0.14479638009049775,0.2051355206847361,0.07692307692307693,0.17146932952924393,0.00904977375565611,0.0042796005706134095,0.8959276018099548,2.108987161198288,50.128013610839844,1.4052785483705723,1.4885609296577484,9.164943271718768,32.184115641090536,189.05184583590176
42.1808442422,-71.388870813,1,0.25339366515837103,0.2268188302425107,0.5339366515837104,0.3312410841654779,0.21266968325791855,0.3957203994293866,0.0,0.0,3.4434389140271495,7.196005706134094,42.65597152709961,0.780871694526906,1.0785564194220079,7.628661351133344,31.558805224213692,148.14070846258696
42.435025,-72.0737083333,1,0.3031674208144796,0.7024251069900143,0.3031674208144796,0.11184022824536377,0.06787330316742081,0.06048502139800285,0.0,0.0,0.7963800904977375,0.5437945791726105,257.9208068847656,1.8250914348742668,2.802191419793315,13.122356634398587,21.501301760285,8.486656666175989
42.37586565,-72.3899307063,0,1.0,0.9049928673323823,0.0,0.07104136947218259,0.0,0.020827389443651926,0.0,0.0,0.0,0.21683309557774608,309.09466552734375,4.499829009906896,3.285087274578135,28.790558081502724,37.75172232565931,71.79944305943964
42.3857916667,-72.7376638889,0,0.9592760180995475,0.7965763195435093,0.0,0.026248216833095576,0.0,0.1312410841654779,0.0,0.0,0.0,2.45848787446505,267.9742736816406,7.2473643003326265,6.82714821266584,55.221288715093365,562.4390168427926,498.8255579081636
42.3031966667,-72.6872466667,1,0.20361990950226244,0.4596291012838802,0.4298642533936652,0.12325249643366619,0.3031674208144796,0.34893009985734663,0.0,0.0002853067047075606,5.6968325791855206,6.191155492154065,65.31731414794922,1.5068223530216984,2.0520331197215973,11.027709748581563,31.84052563130206,42.223801654931265
42.2752424722,-71.0260197778,0,0.0,0.0,0.0,0.0,1.0,0.9980028530670471,0.0,0.0002853067047075606,73.59276018099547,66.08958630527817,7.383791446685791,0.5256561557024776,0.4554854073377184,1.671498385290732,364.48863782884285,21.975525051021762
42.17847,-71.430305,0,0.22171945701357465,0.3746077032810271,0.3076923076923077,0.19229671897289585,0.47058823529411764,0.3971469329529244,0.0,0.029386590584878743,7.9411764705882355,8.172895863052782,71.97669982910156,0.8925527113922005,1.2047919164930005,7.92593371684113,76.71580257408674,39.4377475445371
42.7888433333,-70.9093966667,0,0.1085972850678733,0.312981455064194,0.579185520361991,0.4165477888730385,0.26244343891402716,0.12325249643366619,0.0,0.0002853067047075606,5.846153846153846,3.9646219686162625,10.22536563873291,1.618049301718014,0.7097685376707772,5.246554740807082,36.75115769295018,49.32469990269765
42.1725603412,-71.6538139142,0,0.8868778280542986,0.6733238231098431,0.0,0.029386590584878743,0.11312217194570136,0.2833095577746077,0.0,0.0,2.434389140271493,9.011982881597717,152.23193359375,1.3007168288951922,3.068689003065516,16.166069175262702,317.2119286429919,208.3106150187734
42.2968497645,-72.7834620294,1,0.6244343891402715,0.7500713266761769,0.0,0.013980028530670471,0.21266968325791855,0.07589158345221113,0.0,0.0,2.909502262443439,0.9266761768901569,233.9615020751953,4.897888547735769,6.4818605825272595,52.16023917044052,208.063863058099,80.57915713604613
42.263725,-71.8174283333,0,0.0,0.02653352353780314,0.0,0.0,1.0,0.9734664764621969,0.0,0.0,75.13574660633485,57.6376604850214,151.58155822753906,1.0394043216515774,1.652104485634608,6.796344293880866,330.915066947236,29.183883264568628
42.2827544089,-72.5205338663,0,0.6063348416289592,0.6159771754636234,0.2398190045248869,0.1646219686162625,0.11764705882352941,0.1209700427960057,0.03167420814479638,0.014835948644793153,0.7285067873303167,1.7258202567760343,82.4789047241211,1.2683779868793297,2.066739728855774,14.68907673606062,75.90526947961018,39.34527942180054
42.4232424354,-72.2211036086,1,0.8687782805429864,0.6182596291012838,0.02262443438914027,0.17660485021398004,0.0,0.0048502139800285305,0.013574660633484163,0.15263908701854492,0.0,0.04108416547788873,175.20291137695312,3.5984694024588078,2.438791770589951,16.181575681821815,237.04219650582675,12.14994898441116
42.4638260241,-70.8933003172,0,0.0,0.0008559201141226819,0.07692307692307693,0.047931526390870186,0.8099547511312217,0.41169757489301,0.07692307692307693,0.5278174037089871,23.520361990950228,14.401997146932953,13.870877265930176,2.0444154960759673,0.9527498826830482,5.974077110565612,101.46057135131801,3.155000855619984
42.3779300093,-71.1541138333,0,0.0,0.006276747503566334,0.0,0.0042796005706134095,1.0,0.8573466476462197,0.0,0.13152639087018544,59.39366515837104,43.637089871611984,9.8012056350708,0.518235898707047,1.1402716508515833,8.049938700211971,417.0231240025222,12.92707713839842
42.0743867043,-72.0939754279,0,0.6289592760180995,0.5158345221112696,0.049773755656108594,0.0992867332382311,0.3212669683257919,0.2804564907275321,0.0,0.0005706134094151213,5.83710407239819,7.5757489300998575,212.577392578125,2.3554839907820626,2.875861230247155,15.280995339788316,236.0134182163508,15.450263565772502
42.7075590595,-73.1851008755,0,0.18099547511312217,0.33009985734664765,0.06787330316742081,0.11982881597717546,0.04524886877828054,0.42796005706134094,0.0,0.0,0.832579185520362,12.920970042796005,184.98524475097656,0.9556562029145882,4.370130008543567,32.74934705298877,125.73876166448606,188.05324464263953
42.2999745838,-72.2389863222,1,0.24434389140271492,0.5563480741797432,0.36199095022624433,0.15977175463623394,0.09049773755656108,0.10641940085592011,0.0,0.0,1.583710407239819,1.9041369472182597,143.44993591308594,2.6971910486205704,4.952037854658191,36.6113726801896,69.34097356862488,150.42184282583597
41.7135861111,-70.8135555556,0,0.8461538461538461,0.5329529243937232,0.15384615384615385,0.44821683309557775,0.0,0.010556348074179744,0.0,0.0002853067047075606,0.0,0.15863052781740372,14.58857536315918,0.8647858930418325,0.5210414919336022,3.6740203574648693,355.6608317984471,768.3382607375594
42.4856547514,-71.463347564,1,0.12217194570135746,0.20399429386590584,0.2171945701357466,0.15263908701854492,0.6606334841628959,0.6399429386590585,0.0,0.0002853067047075606,10.864253393665159,14.016547788873039,65.05717468261719,0.8663910752139738,1.2425332133791591,4.991204880230286,9.047782946529976,31.830023460763417
42.6142487997,-71.1071194997,0,0.751131221719457,0.5771754636233951,0.09954751131221719,0.21283880171184022,0.0,0.0884450784593438,0.14027149321266968,0.11269614835948645,0.0,1.3126961483594866,36.08977127075195,1.4718010649354072,1.2318565068538936,9.195934370373857,14.356306323830816,370.94966443497304
41.2565716728,-70.0940555,0,0.18552036199095023,0.19229671897289585,0.0,0.015691868758915834,0.8144796380090498,0.7911554921540657,0.0,0.0,22.65610859728507,21.974607703281027,8.093100547790527,0.2292991969366492,0.26752928110156937,1.3074215663893913,264.8110541110224,9.840886073514168
42.3010616368,-71.2087869878,0,0.26244343891402716,0.047931526390870186,0.248868778280543,0.10299572039942939,0.4796380090497738,0.7945791726105563,0.00904977375565611,0.05306704707560628,5.502262443438914,35.83138373751783,32.081844329833984,1.9788532561809704,1.335581639433211,9.913073982702391,57.5651027720391,31.398136735171253
42.3985623988,-72.5199914631,1,0.6561085972850679,0.1754636233951498,0.0,0.03566333808844508,0.28054298642533937,0.6627674750356634,0.0,0.0,8.701357466063348,21.179457917261054,87.59200286865234,2.749625541935375,2.3400659271482565,16.856990712293598,5.84197284182437,137.23445127605942
42.3590891048,-72.4474808271,0,0.9864253393665159,0.877888730385164,0.0,0.0362339514978602,0.0,0.06105563480741798,0.0,0.0,0.0,0.41340941512125534,277.2241516113281,2.7006221334981095,4.457308972296497,21.506072172966057,306.56152638894633,387.81389720768357
42.2673660089,-71.3306109321,0,0.15384615384615385,0.20684736091298145,0.34841628959276016,0.18459343794579172,0.497737556561086,0.5757489300998574,0.0,0.0094151212553495,9.23076923076923,10.530099857346647,44.17698669433594,1.3190622785390673,1.7646923249479574,12.513377916741222,46.21752471375712,46.14497489760087
42.1404833333,-71.1497972222,0,0.01809954751131222,0.07503566333808845,0.416289592760181,0.21911554921540657,0.5656108597285068,0.7029957203994294,0.0,0.0017118402282453639,37.83257918552036,23.74864479315264,47.15385055541992,1.045292622226919,1.3867643297485508,9.156421327584443,219.72706466054908,97.69946177416045
42.7439317525,-73.2079042542,1,0.7828054298642534,0.6821683309557774,0.06787330316742081,0.053637660485021395,0.027149321266968326,0.16119828815977175,0.0,0.0034236804564907277,0.23076923076923078,4.470470756062768,241.36282348632812,7.29888784821268,6.955118097862706,57.91428077700928,95.1495419045223,371.68886814219445
42.48942556,-71.4808202537,0,0.18552036199095023,0.21968616262482168,0.3438914027149321,0.3560627674750357,0.27601809954751133,0.3885877318116976,0.0,0.0005706134094151213,5.158371040723982,7.2139800285306706,64.23019409179688,0.9584645499834136,0.90804032101625,4.244498059362107,100.39291771310698,230.75436721130367
42.625,-70.9353633333,0,0.14479638009049775,0.3141226818830242,0.5339366515837104,0.3386590584878745,0.27601809954751133,0.28530670470756064,0.01809954751131222,0.0011412268188302425,3.8823529411764706,6.699857346647646,12.320623397827148,1.1970045024139544,1.8338708580784302,13.87035165369886,21.98519772063353,41.070534099770356
42.3548147997,-71.6292559,1,0.25339366515837103,0.21569186875891583,0.2669683257918552,0.20285306704707562,0.4796380090497738,0.4910128388017118,0.0,0.0005706134094151213,17.764705882352942,19.384308131241085,74.57759094238281,1.5678936825359748,1.271802454724341,6.881687709923019,89.51415593892688,21.53031482519689
42.5775866667,-72.8941216667,0,0.751131221719457,0.8359486447931527,0.248868778280543,0.10299572039942939,0.0,0.04251069900142653,0.0,0.0,0.0,0.3820256776034237,543.2384643554688,2.3690132002985163,6.130301303574653,36.06549128804861,25.89608136543467,423.116386303339
42.5478833333,-72.3727033333,0,0.8461538461538461,0.8924393723252496,0.08144796380090498,0.07503566333808845,0.0,0.015121255349500713,0.0,0.0005706134094151213,0.0,0.14293865905848788,302.35943603515625,2.2882864694757443,3.1817660420592317,17.130227614787813,262.41112897431157,284.3562291233249
42.4875138889,-71.778225,1,0.14027149321266968,0.5423680456490727,0.0,0.05049928673323823,0.08597285067873303,0.09329529243937233,0.0,0.10527817403708987,1.7058823529411764,1.9492154065620542,221.60989379882812,2.2370754703169777,3.350425248375722,18.809891221399994,348.39331106781646,209.64479588836116
41.8936970943,-69.9623492611,0,0.02262443438914027,0.28416547788873037,0.0,0.018544935805991442,0.0,0.013124108416547788,0.49321266968325794,0.4978601997146933,0.0,0.29472182596291013,0.08341711759567261,1.9739760791410363,0.8491653835131406,7.81387742732339,41.6410022039344,278.53249143511124
42.5578715469,-71.7284032702,1,0.10407239819004525,0.27646219686162626,0.2398190045248869,0.20085592011412268,0.6425339366515838,0.37261055634807416,0.0,0.06761768901569187,18.710407239819006,8.589728958630527,118.85365295410156,2.5394922267558053,2.3033091390725624,15.239377250361857,35.69061851285752,10.851640919065458
41.660806,-70.928627,0,0.0,0.0,0.0,0.0002853067047075606,1.0,0.9355206847360913,0.0,0.06419400855920114,83.99095022624434,70.91126961483594,14.746790885925293,1.4154276580974081,1.1585637898948704,9.38219200063886,482.01491296167507,32.68296436071701
42.5863429109,-70.852806382,1,0.02262443438914027,0.32496433666191155,0.2895927601809955,0.14436519258202568,0.6877828054298643,0.5138373751783167,0.0,0.016547788873038517,12.53393665158371,11.985164051355207,23.82574462890625,0.7923302132713894,1.1136497457307042,4.022782025591091,23.476163348873254,33.628390699528474
42.4162203285,-71.4454693901,1,0.08597285067873303,0.23366619115549214,0.33031674208144796,0.21854493580599144,0.583710407239819,0.5315263908701855,0.0,0.0017118402282453639,18.122171945701357,15.422824536376606,60.90813064575195,0.9589598770754465,0.7565431918772524,3.209390659236214,87.71204235594634,48.284089738532295
42.497861921,-71.1715043043,0,0.0,0.010841654778887305,0.38009049773755654,0.14236804564907277,0.6199095022624435,0.84679029957204,0.0,0.0,31.07239819004525,34.835663338088445,35.804080963134766,0.6324224722775224,1.1944373805152602,8.770662376039258,23.11879418494103,38.433671075730615
41.3343392847,-70.293373763,0,0.0,0.0,0.10407239819004525,0.04165477888730385,0.0,0.0,0.4072398190045249,0.7358059914407988,0.0,0.0,1.0386955738067627,0.35337106371242866,0.2135559614216707,1.1563828719719407,49.72595216601375,3485.3272593860042
42.52860333,-71.73211667,1,0.1583710407239819,0.08644793152639087,0.0,0.020256776034236805,0.8416289592760181,0.8912981455064194,0.0,0.0,39.00452488687783,33.849928673323824,117.6888427734375,3.5466578692447754,2.7607393030827847,24.118522935785737,155.02015496551743,5.6987028951372265
42.2335222687,-71.4041925155,0,0.17647058823529413,0.4921540656205421,0.004524886877828055,0.15834522111269614,0.2171945701357466,0.1666191155492154,0.0,0.0,2.6923076923076925,2.3680456490727533,75.44414520263672,1.3167765113554861,1.9417020545634105,9.324743996439768,46.120395568518234,78.83829048148228
42.47087833,-71.23269667,0,0.0,0.10670470756062768,0.0,0.10271041369472182,1.0,0.7865905848787447,0.0,0.0,15.968325791855204,17.209129814550643,57.31885528564453,2.0377797094891337,1.6063216903732649,8.654852724242788,257.7728503180143,39.90285857027258
42.0831333333,-73.3845883333,1,0.45248868778280543,0.34978601997146935,0.5475113122171946,0.5689015691868758,0.0,0.020542082738944364,0.0,0.0028530670470756064,0.0,0.1289586305278174,208.4304656982422,2.9014362541393997,2.003794242545168,9.239386952522759,420.5268311273348,532.8425202853817
42.5653004134,-71.3448281028,0,0.1583710407239819,0.33580599144079887,0.01809954751131222,0.12011412268188303,0.8235294117647058,0.4898716119828816,0.0,0.007417974322396576,19.334841628959275,10.325534950071326,46.64324188232422,1.2764026487780014,1.443796751611926,6.866757719041157,420.76385247041196,48.46027684901439
42.2570616659,-71.2969990355,0,0.2398190045248869,0.3449358059914408,0.09049773755656108,0.23395149786019973,0.3891402714932127,0.30927246790299573,0.0,0.0014265335235378032,4.846153846153846,4.480456490727532,42.54912185668945,2.805233648165467,1.9939098144827418,19.657841580973592,162.22922266916413,41.41198362694027
42.551925662,-70.8502190374,0,0.02262443438914027,0.06875891583452211,0.12217194570135746,0.05335235378031384,0.6877828054298643,0.5863052781740371,0.14027149321266968,0.27560627674750354,11.036199095022624,16.4867332382311,5.772665500640869,1.5779833550281248,1.0763600528430952,8.173733060381851,0.060498125131373946,161.90038713697462
42.6450957139,-72.4971518666,0,0.19457013574660634,0.4567760342368046,0.08144796380090498,0.15492154065620542,0.20361990950226244,0.1115549215406562,0.0,0.0,2.5475113122171944,1.9092724679029958,82.1912612915039,2.908000674931891,3.0002665062520983,11.38038993702278,224.5012865402525,104.67603875927651
41.66338,-70.361175,0,0.0,0.021968616262482168,0.0,0.029101283880171185,1.0,0.9489300998573467,0.0,0.0,25.778280542986426,22.555206847360914,16.17601776123047,0.34129034104244443,0.49699481232027,2.929467944881243,360.9847202255625,56.37358431867171
42.4707646804,-72.9351468757,0,0.4117647058823529,0.6867332382310984,0.06787330316742081,0.03195435092724679,0.15384615384615385,0.05848787446504993,0.0,0.0,0.8144796380090498,0.4693295292439372,481.2327880859375,5.629889859967452,5.328890246277079,45.78923427460897,62.17541598213155,21.604887474370077
42.19255768,-71.8132248,0,0.583710407239819,0.48587731811697576,0.1085972850678733,0.06847360912981455,0.17647058823529413,0.3651925820256776,0.09954751131221719,0.025962910128388018,1.48868778280543,11.295292439372325,168.27685546875,2.501146454556408,2.5868964461269472,10.356865064807486,59.004651408538045,23.733240996636862
42.5508003235,-73.1477813721,0,1.0,0.8964336661911555,0.0,0.010556348074179744,0.0,0.04992867332382311,0.0,0.0,0.0,0.5788873038516406,475.5723876953125,13.987930776731881,8.821342679643152,68.87309700023293,648.2853797933525,661.9113860595857
42.1040733333,-70.7130333333,0,0.5520361990950227,0.29757489300998574,0.14027149321266968,0.18858773181169758,0.0,0.37489300998573466,0.0,0.0,0.0,10.616262482168331,18.749937057495117,1.8493511258398003,1.2323346815505303,9.09241110910045,274.44762362933415,70.61616793094377
42.52068,-72.3065716667,1,0.5610859728506787,0.7466476462196862,0.43891402714932126,0.08958630527817403,0.0,0.0011412268188302425,0.0,0.12325249643366619,0.0,0.008273894436519259,165.40682983398438,1.5468156181354664,3.024347120800498,18.718058270428354,8.956653023923504,217.28380379774225
42.2186610831,-71.9190496579,0,0.5972850678733032,0.49243937232524965,0.2081447963800905,0.21426533523537802,0.19457013574660634,0.22881597717546362,0.0,0.002282453637660485,4.294117647058823,4.642510699001426,251.7431182861328,2.5457074017590227,2.6536087532257273,10.310182322738278,32.57761165752534,46.893105608046966
42.52656199,-70.94456734,0,0.1085972850678733,0.034807417974322394,0.02262443438914027,0.05962910128388017,0.8687782805429864,0.8733238231098431,0.0,0.02282453637660485,43.32579185520362,38.92610556348074,16.24774169921875,1.2863431258813036,1.3435534178438597,6.115736295094127,160.34192699178956,40.57698489129003
42.2693233,-72.35785812,0,0.13574660633484162,0.5586305278174037,0.004524886877828055,0.1477888730385164,0.13574660633484162,0.07560627674750357,0.0,0.0008559201141226819,1.8823529411764706,1.0556348074179742,182.61117553710938,4.06691819342457,2.9293524171816587,19.79717964326871,450.76638402561593,97.83264502189735
42.3208366667,-71.4618916667,0,0.027149321266968326,0.3064194008559201,0.0,0.11041369472182597,0.7149321266968326,0.4479315263908702,0.00904977375565611,0.002282453637660485,10.51131221719457,6.992867332382311,68.40194702148438,1.2725158025745753,1.7458894743229052,11.073225240323081,46.70077999626106,87.51121083935814
42.252625,-73.0599361667,0,0.5746606334841629,0.6476462196861626,0.00904977375565611,0.023965763195435093,0.38009049773755654,0.23252496433666192,0.03167420814479638,0.08644793152639087,3.0452488687782804,1.4838801711840228,468.47833251953125,1.5683886603377584,3.1642059434926053,20.670154501257603,53.08218909478945,1.207015475865759
42.2802805556,-71.2268611111,0,0.0,0.0,0.0,0.00456490727532097,1.0,0.995435092724679,0.0,0.0,30.09049773755656,33.573751783166905,52.004638671875,0.3083069286694484,1.2778512604131749,8.312954396618139,742.3803165067397,5.529191545209248
42.4910298061,-71.3696764921,1,0.27601809954751133,0.4059914407988588,0.3936651583710407,0.2992867332382311,0.18099547511312217,0.17203994293865907,0.04524886877828054,0.03052781740370899,3.063348416289593,3.1911554921540657,56.71661376953125,1.2090043770270749,1.3223912717602597,9.21961043681022,11.263145930005225,164.78995956985105
42.1870735406,-71.0547929488,0,0.004524886877828055,0.021968616262482168,0.05429864253393665,0.06305278174037089,0.9411764705882353,0.8410841654778888,0.0,0.06904422253922968,43.85067873303167,31.63366619115549,45.091278076171875,1.263684883022869,1.102296701645188,8.331024786238634,162.1052957047933,73.07896367466118
41.6859722256,-70.0912782597,0,0.05429864253393665,0.1731811697574893,0.13574660633484162,0.31925820256776033,0.8099547511312217,0.4530670470756063,0.0,0.021112696148359488,25.429864253393664,11.080741797432239,9.310704231262207,1.1832034480455702,0.726557877726488,3.770361120935624,151.07133864548405,26.599260571934746
41.9928466667,-70.7491083333,0,0.2669683257918552,0.33009985734664765,0.22171945701357465,0.22196861626248215,0.49321266968325794,0.414265335235378,0.0,0.007988587731811698,10.85972850678733,10.244507845934379,9.136811256408691,1.0740932496982363,1.2711557985292576,4.798380758671219,87.42899045933186,6.277763515131519
42.523975,-71.1387028333,0,0.0,0.02653352353780314,0.013574660633484163,0.051069900142653356,0.9864253393665159,0.9169757489300998,0.0,0.005420827389443652,58.23076923076923,51.53922967189729,32.02482223510742,1.1795771356423546,0.9653918024029103,4.386661524251894,75.72311516154308,55.36769962775921
42.3510883333,-73.2736533333,1,0.43891402714932126,0.2733238231098431,0.0,0.08216833095577745,0.5610859728506787,0.6065620542082739,0.0,0.0002853067047075606,15.610859728506787,13.909557774607704,377.15252685546875,1.4304506633532177,2.1006702677494657,9.610321814565124,465.30286315271337,70.06334388511804
42.4184646249,-71.0948327297,0,0.0,0.0,0.0,0.0005706134094151213,1.0,0.9965763195435092,0.0,0.0028530670470756064,59.2262443438914,63.66333808844508,4.468837738037109,0.2099665410711412,0.8443243060001615,7.114947464104289,743.0317311743512,38.3536176295946
42.35699273,-73.04695987,0,0.9819004524886877,0.8490727532097004,0.01809954751131222,0.14322396576319543,0.0,0.006562054208273894,0.0,0.0,0.0,0.025962910128388018,490.963134765625,7.533745707988286,4.805290421022481,35.78329168955297,189.1320873710491,289.5853524608281
42.69451862,-72.49120407,0,0.6244343891402715,0.6430813124108417,0.334841628959276,0.09358059914407989,0.04072398190045249,0.037660485021398,0.0,0.016547788873038517,0.25339366515837103,0.5523537803138374,108.32149505615234,3.119087678756804,3.3553414100819094,27.867320275375253,34.925011088350224,69.94832932471289
42.2925340584,-71.1161476311,0,0.0,0.016262482168330955,0.0,0.010271041369472182,1.0,0.9717546362339515,0.0,0.0017118402282453639,61.07239819004525,39.89957203994294,19.895429611206055,2.088008100860176,1.8462230737401297,8.925680949233394,601.8352187045554,28.60667151098396
42.8561268712,-70.9442599916,0,0.3574660633484163,0.21597717546362338,0.03167420814479638,0.06932952924393723,0.6108597285067874,0.5514978601997147,0.0,0.05934379457917261,15.502262443438914,18.33894436519258,38.60983657836914,2.778165927448179,2.3034870156702487,8.656969175251295,72.52322376631521,115.94334373544709
42.3750670305,-72.4916460134,1,0.27149321266968324,0.15406562054208273,0.16289592760180996,0.26733238231098433,0.27149321266968324,0.30042796005706135,0.0,0.0005706134094151213,4.932126696832579,8.445934379457917,56.04702377319336,0.7616597462998554,1.0308597415963117,6.082021656868386,261.1374026329826,96.06515764514086
41.89022417,-71.05588073,0,0.09049773755656108,0.13209700427960058,0.04524886877828054,0.1797432239657632,0.8642533936651584,0.6764621968616262,0.0,0.0034236804564907277,18.32126696832579,18.97888730385164,11.325023651123047,0.9994962450981623,0.7490805231285965,4.653806616747671,295.89289667614423,39.96842358380985
42.6585331554,-71.4757632982,1,0.5339366515837104,0.6504992867332382,0.23076923076923078,0.22054208273894438,0.1583710407239819,0.0884450784593438,0.0,0.0008559201141226819,1.1085972850678734,1.2097004279600572,70.7266616821289,2.197311409256212,2.0073471734390402,10.284228704910284,237.9757523629789,2.4800703149699044
41.9020783333,-70.0715333333,0,0.02262443438914027,0.027960057061340943,0.07239819004524888,0.04336661911554922,0.0,0.0,0.497737556561086,0.7763195435092725,0.0,0.0,0.23116996884346008,1.1589540094545956,0.5056765294835188,3.3631127379408268,17.12151664399499,2914.9938136052065
42.2434894368,-73.0151637924,0,0.9864253393665159,0.8288159771754636,0.0,0.08644793152639087,0.013574660633484163,0.04108416547788873,0.0,0.0,0.3212669683257919,1.0228245363766049,453.7087097167969,9.636123897335239,4.863690711693106,31.763107057949853,154.74417362895812,633.3435857066428
42.4039598802,-71.1493398249,0,0.0,0.0019971469329529245,0.0,0.047931526390870186,1.0,0.8128388017118402,0.0,0.13637660485021397,56.470588235294116,43.30099857346648,4.451100826263428,0.3318333726145722,0.592881992155371,2.7500907994944326,225.54539661043626,4.181499862203135
42.1435599661,-72.7560888243,1,0.0,0.19372325249643366,0.0,0.0673323823109843,0.9683257918552036,0.6142653352353781,0.0,0.0,36.452488687782804,16.70385164051355,64.65941619873047,0.33238413033415726,1.205669991061845,6.3028586807155005,488.31642380937853,16.11861508931294
42.4701716667,-72.4103083333,0,0.8235294117647058,0.887018544935806,0.0,0.03937232524964337,0.15384615384615385,0.045934379457917264,0.0,0.0,2.2036199095022626,0.3840228245363766,364.4365539550781,2.785327328290527,4.070128914548889,30.195064374791055,242.6717167353437,97.79795966188085
42.36927706,-72.58962318,1,0.04524886877828054,0.14265335235378032,0.09954751131221719,0.03109843081312411,0.027149321266968326,0.24679029957203993,0.4841628959276018,0.16062767475035664,0.45248868778280543,7.074179743223966,34.44515609741211,0.545994615134964,1.119080882368266,9.256642465811534,0.0,267.3882341990064
42.6708816353,-71.5062732888,0,0.33031674208144796,0.5717546362339515,0.19457013574660634,0.17261055634807418,0.4660633484162896,0.1768901569186876,0.0,0.003708987161198288,10.20814479638009,3.8048502139800284,58.0999755859375,1.5605017203258484,1.2918258991172753,6.2946469866242,96.20723765649556,0.8521761702793904
42.5464966667,-71.3700116667,1,0.2895927601809955,0.3181169757489301,0.334841628959276,0.43309557774607704,0.2398190045248869,0.1637660485021398,0.0,0.0017118402282453639,4.819004524886878,2.8470756062767477,57.857826232910156,0.43105575655431205,1.1636743544751986,5.52669179760041,194.75378714650427,0.0687387174727301
42.3923444674,-72.5110391846,0,0.6063348416289592,0.30841654778887306,0.06787330316742081,0.09586305278174037,0.3167420814479638,0.5192582025677603,0.0,0.0,8.723981900452488,13.463908701854493,120.95809936523438,2.705760542850166,2.630231094816974,13.25950704675448,281.7148868027445,43.89246657105992
42.2712388889,-71.0065722222,0,0.0,0.0094151212553495,0.0,0.13238231098430814,1.0,0.5960057061340942,0.0,0.256490727532097,40.339366515837106,31.205991440798858,2.9983363151550293,0.3215263107178436,0.4205316452121949,2.508597415481166,17.63623684101326,1.8348646188334146
42.749005,-70.9399116667,0,0.5113122171945701,0.2716119828815977,0.23529411764705882,0.251925820256776,0.25339366515837103,0.45335235378031385,0.0,0.0014265335235378032,3.1131221719457014,10.829671897289586,7.31974458694458,0.8830995996403838,0.8924886343372977,4.713567671031182,8.04398392105149,2.908401432045621
41.6652216667,-70.0881721667,0,0.0,0.0019971469329529245,0.013574660633484163,0.04079885877318117,0.7149321266968326,0.6008559201141227,0.2398190045248869,0.30927246790299573,32.2262443438914,22.723537803138374,1.3774925470352173,0.46777553616408046,0.3706003767930546,2.1413362824766353,0.0,96.18663783498333
42.4582310646,-71.3194213851,1,0.2171945701357466,0.23081312410841653,0.17647058823529413,0.28416547788873037,0.24434389140271492,0.28530670470756064,0.0,0.0019971469329529245,4.751131221719457,6.242225392296719,42.68872833251953,0.753277562172668,1.0256122527315972,6.206597395815651,179.23839003042252,6.206106308735312
41.754306832,-69.9317598721,0,0.0,0.010271041369472182,0.35294117647058826,0.3269614835948645,0.0,0.0,0.20361990950226244,0.517546362339515,0.0,0.0,1.2857258319854736,0.3527018087396864,0.25587582421154503,1.2419461604737672,29.57161659982911,6.435285633741886
42.15251117,-71.93496667,0,0.7737556561085973,0.5549215406562055,0.0,0.07475035663338088,0.22624434389140272,0.32068473609129816,0.0,0.009985734664764621,2.7194570135746607,7.6156918687589155,230.11703491210938,3.9135757735818393,3.2085947443438774,21.722219652364743,284.08160691928833,43.70640859084972
42.61007,-72.465815,0,0.7963800904977375,0.7289586305278174,0.0,0.011697574893009986,0.09954751131221719,0.11126961483594865,0.004524886877828055,0.0002853067047075606,5.171945701357466,2.909843081312411,138.6344757080078,7.885485564176829,7.0487110949009315,68.39945053636816,272.4640130602077,226.75154103953233
42.234587,-71.558475,0,0.5339366515837104,0.5112696148359487,0.2986425339366516,0.09985734664764621,0.167420814479638,0.30156918687589157,0.0,0.056490727532097,3.063348416289593,7.500713266761769,113.13865661621094,2.5759605794117513,2.170367090550016,12.342491931415239,58.85096466738502,124.05149956513237
42.2252040071,-71.260249542,1,0.16289592760180996,0.6162624821683309,0.19004524886877827,0.1049928673323823,0.20361990950226244,0.1614835948644793,0.0,0.0008559201141226819,3.660633484162896,2.3486447931526393,83.34613800048828,0.9012850966308741,1.4794719299247643,7.68229494082484,44.25699033772143,46.3500128873223
42.573148,-72.520357,0,0.5339366515837104,0.7383737517831669,0.0,0.0,0.0,0.03651925820256776,0.0,0.003138373751783167,0.0,0.9646219686162625,102.12953186035156,0.2046226416105149,1.2093124625012566,9.1703520550995,894.2209374549515,0.5733391440761009
42.1978269321,-71.6815200427,1,0.4479638009049774,0.2950071326676177,0.004524886877828055,0.08587731811697574,0.47058823529411764,0.49586305278174037,0.0,0.0,9.592760180995475,11.479885877318116,138.4345703125,4.217087141150144,2.98417054427666,22.72998602717158,36.610867942633455,36.76303115744559
41.3615083333,-70.7523111111,0,0.47058823529411764,0.6390870185449358,0.004524886877828055,0.012268188302425107,0.2579185520361991,0.1335235378031384,0.0,0.09072753209700428,3.420814479638009,1.4893009985734664,58.907684326171875,2.301487780975429,2.769417916747907,20.935270904938594,103.88039349454834,81.2299705536956
42.3992483333,-72.4272616667,0,0.7420814479638009,0.8268188302425107,0.2579185520361991,0.15805991440798858,0.0,0.0008559201141226819,0.0,0.0,0.0,0.016547788873038517,301.2926330566406,1.7088559438018285,2.574070348752453,19.063439339439512,0.0,1.2816132717739508
42.59640393,-70.7685480652,1,0.248868778280543,0.5663338088445078,0.5972850678733032,0.2348074179743224,0.14479638009049775,0.18801711840228244,0.00904977375565611,0.0008559201141226819,2.909502262443439,5.578601997146933,14.212310791015625,1.784643966789053,2.2068768916246526,9.809932807511496,0.0,11.677386990464928
42.2029934722,-71.4376561944,0,0.3031674208144796,0.2927246790299572,0.06787330316742081,0.09843081312410841,0.6289592760180995,0.6022824536376605,0.0,0.0,9.950226244343892,13.785734664764622,79.83626556396484,1.2573125008235584,1.874016550578573,10.900971544563081,20.88914810267337,33.06398779335183
42.6822792,-71.605371,1,0.755656108597285,0.5731811697574893,0.0,0.07560627674750357,0.23529411764705882,0.23138373751783167,0.0,0.0002853067047075606,2.257918552036199,3.544650499286733,91.01860046386719,2.3151972878095752,1.548452323598416,7.4520859544391715,328.0293808164543,58.836917517593264
42.5826900529,-71.4311826602,1,0.3212669683257919,0.32011412268188305,0.004524886877828055,0.11440798858773181,0.6742081447963801,0.5611982881597718,0.0,0.0002853067047075606,6.1900452488687785,9.55891583452211,89.13106536865234,4.08709749918246,2.687003654625049,18.160847465133397,127.92543314778185,66.74549664592575
42.2741968882,-71.2472820937,0,0.0,0.2413694721825963,0.0,0.0282453637660485,1.0,0.7298145506419401,0.0,0.0005706134094151213,19.497737556561084,20.803138373751782,55.60146713256836,1.5497719450186755,1.2075076386520303,5.918033998615705,504.49858738357824,8.586232846557111
42.3993032636,-71.3962512676,0,0.579185520361991,0.2770328102710414,0.10407239819004525,0.41169757489301,0.29411764705882354,0.23509272467902995,0.0,0.0,15.180995475113122,6.111840228245364,44.52592086791992,1.3029580663623574,1.1067079927965744,7.846249846228699,186.77066940492895,332.1878200424811
41.6557585685,-70.5393941036,0,0.0,0.0019971469329529245,0.0,0.0,0.9547511312217195,0.929243937232525,0.0,0.0,27.226244343891402,35.60941512125535,35.80924987792969,0.22165601847272867,0.25424331878395456,2.106103484329373,1548.5368434566276,37.475848443283105
42.2369944377,-71.8135933922,0,0.03619909502262444,0.05335235378031384,0.0,0.00912981455064194,0.9638009049773756,0.9375178316690442,0.0,0.0,42.62443438914027,39.34778887303852,154.45046997070312,5.193421139945917,2.8105844882065543,22.174126933608747,305.55827272865355,10.250310606601364
42.3303952025,-71.6483752057,0,0.14027149321266968,0.2296718972895863,0.0,0.17945791726105564,0.8597285067873304,0.5908701854493581,0.0,0.0,12.117647058823529,10.022824536376605,98.2657699584961,1.2536353945541505,1.113248890874381,6.205666556773338,231.3049995809915,34.386693638987616
42.3910104717,-71.268332759,0,0.04072398190045249,0.17346647646219687,0.35294117647058826,0.11212553495007133,0.6063348416289592,0.670756062767475,0.0,0.035092724679029956,39.77828054298642,38.59144079885877,48.93531036376953,1.14103976482702,2.2485512705081017,14.52317214900689,54.02152839255377,83.28425175363205
42.4389390598,-70.9386449307,0,0.0,0.0,0.0,0.00912981455064194,0.167420814479638,0.09415121255349501,0.6561085972850679,0.8513552068473609,14.343891402714933,6.330385164051355,1.4143030643463135,0.9042789237797128,0.5143353560784416,2.871426935754035,33.800016788439905,49.06279173462605
42.5927416667,-70.9511866667,0,0.0,0.0818830242510699,0.09954751131221719,0.15263908701854492,0.9004524886877828,0.6034236804564908,0.0,0.1486447931526391,26.69683257918552,16.208559201141227,24.636014938354492,2.672400511512415,1.7621818917020686,9.630824070572123,194.0118748843608,17.932541419023092
42.3123283333,-73.13205,0,0.5384615384615384,0.6630527817403709,0.05429864253393665,0.07988587731811697,0.004524886877828055,0.05420827389443652,0.3936651583710407,0.19942938659058487,0.04524886877828054,0.46162624821683307,537.8282470703125,0.8126059672533198,2.2820161034213218,11.783769831818722,4.801417504933616,6.74017054772351
42.614485,-71.571654,1,0.03167420814479638,0.11440798858773181,0.18099547511312217,0.20399429386590584,0.6742081447963801,0.47731811697574894,0.0,0.0,12.167420814479637,11.408844507845934,99.23204803466797,0.9008276742663995,1.6122752454333957,8.074706600269936,295.12058517258,74.29288697727856
42.5647697449,-70.9487609863,0,0.0,0.011412268188302425,0.01809954751131222,0.025962910128388018,0.9819004524886877,0.9626248216833095,0.0,0.0,36.158371040723985,33.59400855920114,13.365852355957031,1.1621545979786578,1.1390420212812187,6.954682422592057,79.68516432988366,5.095812371203791
42.5906053489,-71.6263554759,1,0.7149321266968326,0.6858773181169757,0.10407239819004525,0.19087018544935805,0.18099547511312217,0.07018544935805991,0.0,0.006276747503566334,2.6923076923076925,1.1001426533523537,85.51689147949219,5.804933651574,2.306947101959108,18.40044452262186,184.10624701526112,34.94034013116777
42.038333,-72.261944,1,0.8778280542986425,0.9589158345221113,0.12217194570135746,0.03223965763195435,0.0,0.0,0.0,0.008273894436519259,0.0,0.0,271.5881042480469,6.340711232561238,4.984959603775745,26.4761025013766,6.4909813683534905,5.616185175184203
41.8920194444,-69.9877805556,0,0.058823529411764705,0.4159771754636234,0.08597285067873303,0.23651925820256775,0.8552036199095022,0.3087018544935806,0.0,0.03138373751783167,22.79185520361991,7.784022824536376,8.192200660705566,0.5984455082532228,0.6671865025093981,3.343158000210971,161.0458231862683,37.879299087011574
42.4400130364,-71.0814520681,0,0.5520361990950227,0.3186875891583452,0.0,0.020256776034236805,0.4479638009049774,0.6388017118402283,0.0,0.012838801711840228,4.841628959276018,27.960342368045648,57.96271896362305,2.761897274997874,2.720546140702859,19.713891102318517,88.21526855226942,115.74390448194318
42.5579619258,-72.3023171992,1,0.26244343891402716,0.524679029957204,0.04072398190045249,0.08559201141226819,0.6244343891402715,0.23880171184022825,0.0,0.0,25.5158371040724,7.961483594864479,174.37281799316406,4.371389380982979,3.258900685377385,21.123380460338005,242.07511278774706,60.95077082681988
42.3863033333,-72.6008383333,1,0.00904977375565611,0.11269614835948645,0.4751131221719457,0.1398002853067047,0.27149321266968324,0.34236804564907275,0.0,0.03138373751783167,6.176470588235294,9.235948644793153,38.1650505065918,0.8568238521739692,0.8147105458803227,5.050846769189959,62.64989078334905,0.8694188155059844
42.6337722222,-70.8977555556,0,0.6561085972850679,0.2944365192582026,0.19909502262443438,0.52981455064194,0.12669683257918551,0.06504992867332382,0.0,0.0,0.665158371040724,1.4333808844507845,33.39695358276367,3.1602091821800276,0.9324789136990563,4.41646583841009,218.2542926545397,113.61601099947946
41.8601913452,-69.9822463989,0,0.14479638009049775,0.03109843081312411,0.0,0.0,0.8552036199095022,0.943509272467903,0.0,0.0,23.597285067873305,25.09329529243937,17.338438034057617,0.1981235537279798,0.3212134480299222,1.633008975561744,778.0541949694963,15.379695573622206
42.0560251824,-71.3479915544,0,0.1085972850678733,0.19686162624821682,0.04072398190045249,0.1631954350927247,0.6425339366515838,0.4245363766048502,0.0,0.17945791726105564,25.58371040723982,10.520970042796005,67.60577392578125,0.9432335653827492,1.1991088697283256,6.024150472376967,221.74520528095903,40.885473430191
41.880245,-70.8919949722,0,0.00904977375565611,0.23452211126961484,0.0,0.035092724679029956,0.9909502262443439,0.6510699001426533,0.0,0.005706134094151213,26.199095022624434,18.538088445078458,31.47092056274414,0.46714430367771065,0.8534091760258591,5.237358885209459,281.0299859625268,56.40123166334854
42.4669202976,-71.2397053501,0,0.0,0.047931526390870186,0.0,0.08359486447931526,1.0,0.8684736091298145,0.0,0.0,21.963800904977376,21.799714693295293,59.92707061767578,2.5831052056033545,1.6155778180010438,10.955942903303416,435.2754662590945,34.64605606722441
41.5204752091,-70.9997954799,0,0.0,0.06333808844507846,0.7149321266968326,0.3914407988587732,0.0,0.06362339514978602,0.10407239819004525,0.13009985734664764,0.0,0.7897289586305278,0.3814767003059387,0.30065957472455423,0.45439822879470143,3.4739860582010307,0.0,484.6709548347449
42.4905179321,-71.8220442161,0,0.8461538461538461,0.5708987161198288,0.013574660633484163,0.2202567760342368,0.13574660633484162,0.08445078459343795,0.0,0.018544935805991442,2.0497737556561084,0.9680456490727533,232.4442596435547,6.219492229508929,3.4694888438661295,24.869636736378418,46.36107304131966,61.9515948629821
42.3124513615,-71.4350585272,1,0.1583710407239819,0.09329529243937233,0.06787330316742081,0.10185449358059914,0.7737556561085973,0.8045649072753209,0.0,0.0,14.633484162895927,19.20228245363766,53.49141311645508,1.1096407815176155,1.0347089406624592,4.425204258663944,48.603784967781344,13.936496549344726
42.478325,-71.0657361667,0,0.0,0.051925820256776035,0.0,0.011126961483594865,1.0,0.9369472182596291,0.0,0.0,33.751131221719454,26.279029957203996,32.362548828125,1.3825086356308307,1.8212177589077938,8.540614563665946,479.5066053141261,10.754721298335541
41.3458159722,-70.8378089722,0,0.0,0.09386590584878744,0.0,0.025392296718972897,0.03619909502262444,0.07988587731811697,0.5203619909502263,0.6530670470756063,0.6244343891402715,1.2025677603423681,21.636213302612305,3.667760065285285,1.1921399254895813,9.913768787830334,44.100941590611605,143.8707046690524
42.4003164306,-71.9986159075,0,0.03619909502262444,0.5126961483594864,0.42081447963800905,0.36405135520684734,0.167420814479638,0.0550641940085592,0.0,0.0002853067047075606,1.7194570135746607,0.4613409415121255,243.97972106933594,1.437008740530783,1.3882275811363887,7.049137532292036,0.0,22.126972521688714
42.477254917,-71.3205177337,1,0.3393665158371041,0.24450784593437946,0.09954751131221719,0.3680456490727532,0.5610859728506787,0.2513552068473609,0.0,0.09472182596291012,12.48868778280543,5.4054208273894435,39.31413650512695,1.066038145543818,0.6988711197159345,3.800881739026791,160.55858513898943,8.152619744091393
42.0004784893,-70.7192467722,0,0.25339366515837103,0.0978601997146933,0.3665158371040724,0.21255349500713266,0.38009049773755654,0.5563480741797432,0.0,0.08930099857346648,7.330316742081448,14.05620542082739,3.5953729152679443,0.3672593759042446,1.133080568538459,5.065015817424789,129.94820296139932,9.28717647251626
42.2776817733,-71.0543571147,0,0.0,0.0019971469329529245,0.167420814479638,0.16918687589158346,0.6832579185520362,0.7106990014265335,0.14479638009049775,0.08302425106990015,35.95475113122172,37.13609129814551,1.7491413354873657,0.8339833538732461,0.8964276939101976,4.315852795627049,18.42747814313662,35.66462075204658
42.6875055556,-71.3535888889,0,0.0,0.04821683309557775,0.0,0.054778887303851644,1.0,0.8970042796005706,0.0,0.0,25.6289592760181,25.118402282453637,46.35702133178711,2.7673622422376707,2.013007272288841,14.677608845104142,330.8816820668694,19.57794615223002
42.8071119257,-70.973198765,1,0.5610859728506787,0.47674750356633383,0.027149321266968326,0.1360912981455064,0.2986425339366516,0.1788873038516405,0.0,0.019971469329529243,4.248868778280543,3.3306704707560626,38.703346252441406,3.178576224248098,2.182762329031769,9.841857827166196,281.3127865020491,89.93843675259903
41.63487,-70.2243716667,0,0.0,0.0,0.1493212669683258,0.17346647646219687,0.08144796380090498,0.1788873038516405,0.3167420814479638,0.557774607703281,5.3122171945701355,6.921540656205421,0.5946521759033203,0.24484774878169688,0.18235144480364496,0.7923304409040397,0.0,205.00381163964568
42.6960463055,-71.290235234,0,0.5158371040723982,0.3286733238231098,0.2850678733031674,0.14550641940085593,0.11312217194570136,0.29015691868758914,0.01809954751131222,0.00456490727532097,0.497737556561086,5.879885877318117,57.365272521972656,1.3675429450629712,1.9585989737016805,13.223740312984624,47.78423694971392,61.03669651429923
42.0568916667,-73.1269916667,1,0.665158371040724,0.7309557774607703,0.07239819004524888,0.15805991440798858,0.17647058823529413,0.04165477888730385,0.049773755656108594,0.024536376604850214,0.5384615384615384,0.225962910128388,454.40728759765625,2.829236830970763,2.6670066740473777,16.415661160285882,120.92330579451047,40.23120057331092
42.2499083333,-71.1475445,0,0.004524886877828055,0.026248216833095576,0.0,0.017974322396576318,0.995475113122172,0.9509272467902996,0.0,0.0048502139800285305,33.22171945701358,37.50385164051355,41.70513916015625,1.929880312267037,1.641897646176297,8.436564471821393,422.632597560337,38.861945515371566
42.710225,-73.207825,0,0.0,0.07703281027104136,0.0,0.023395149786019972,1.0,0.8607703281027104,0.0,0.0,31.13574660633484,23.322111269614837,209.62747192382812,1.9339908428209738,2.391507012584905,13.63665549582145,332.2882281087807,7.72153758470553
42.3909862493,-72.5067002624,0,0.7647058823529411,0.30756062767475034,0.11312217194570136,0.13780313837375177,0.058823529411764705,0.4099857346647646,0.0,0.0,0.4841628959276018,9.819115549215407,94.85075378417969,3.2285358787344416,2.2994019560433605,16.030719163231808,600.6140486175087,217.70446993787328
42.3505748473,-71.4415882621,0,0.9728506787330317,0.7689015691868759,0.027149321266968326,0.0442225392296719,0.0,0.17803138373751784,0.0,0.0,0.0,4.378601997146933,87.60782623291016,5.190997167388895,4.316729018958449,28.985945845837623,38.97161675051938,487.6873164577952
42.3580998549,-71.4259031591,0,0.17647058823529413,0.1543509272467903,0.5203619909502263,0.27503566333808843,0.29411764705882354,0.5440798858773181,0.0,0.0,11.728506787330316,22.621683309557774,39.83686065673828,0.6103908469923786,1.0829761076797157,7.660027837769648,23.984061190216625,48.058760636722496
42.53128,-71.19238333,0,0.17647058823529413,0.18088445078459345,0.004524886877828055,0.09843081312410841,0.8190045248868778,0.7206847360912981,0.0,0.0,19.334841628959275,15.912981455064195,42.48814392089844,1.9225382565247182,1.2596948006847732,6.731123996699795,356.8085730265784,11.487339085816634
42.4973977734,-70.968842468,0,0.0,0.0833095577746077,0.004524886877828055,0.026248216833095576,0.995475113122172,0.8547788873038517,0.0,0.03195435092724679,45.48868778280543,30.18259629101284,35.86764907836914,2.56069707229652,2.6562522360702427,14.015677194906031,245.62906486027643,19.988372368193964
42.35322,-71.52938,0,0.0,0.06476462196861626,0.0,0.06476462196861626,1.0,0.8704707560627675,0.0,0.0,27.425339366515836,28.231954350927246,111.8436050415039,2.4614102099610964,2.2855968037043692,11.971070855465715,192.4921512623766,13.869499068326114
42.5653482,-71.9637062997,1,0.5475113122171946,0.3728958630527817,0.13122171945701358,0.26276747503566333,0.3031674208144796,0.33666191155492153,0.0,0.0019971469329529245,3.5294117647058822,10.013980028530671,331.3763427734375,1.9273193597149343,2.0383527256607255,10.783980576142628,188.79880862917267,21.30154718200379
42.4634666667,-72.896745,1,0.31221719457013575,0.7009985734664764,0.049773755656108594,0.06276747503566334,0.583710407239819,0.16861626248216832,0.0,0.0,12.561085972850679,3.7366619115549216,310.7004089355469,3.69084222029448,5.186947268516298,25.96250701452134,0.0,21.793702385420005
41.94877,-70.6494133333,0,0.0,0.017403708987161197,0.07692307692307693,0.018830242510699,0.7782805429864253,0.6433666191155493,0.14479638009049775,0.31783166904422255,17.1131221719457,19.451640513552068,9.713563919067383,2.7314488406075217,1.4806737514340351,12.809689762164073,22.591976415190715,28.56281142398756
41.6297833333,-70.954155,0,0.0,0.0724679029957204,0.03167420814479638,0.025962910128388018,0.9683257918552036,0.8975748930099857,0.0,0.003994293865905849,32.7420814479638,37.66847360912981,29.813631057739258,0.44705225027176243,0.7873227518016283,4.71959608894935,126.75347384365581,4.369604538064148
42.24458946,-71.00860572,0,0.0,0.0,0.01809954751131222,0.0011412268188302425,0.9819004524886877,0.9988587731811698,0.0,0.0,47.7737556561086,60.7472182596291,20.00760269165039,2.5242274912622267,1.7279224145088914,11.97708329977248,195.62310764420823,11.89422514306307
42.05323,-70.080465,0,0.0,0.28131241084165476,0.04072398190045249,0.09072753209700428,0.013574660633484163,0.020256776034236805,0.3031674208144796,0.4630527817403709,0.4072398190045249,0.4362339514978602,0.5311277508735657,1.294144961903795,0.8457562480979883,8.347917348656495,32.599636357611,135.01675270436536
42.0624121039,-71.551619087,0,0.6923076923076923,0.7817403708987162,0.19004524886877827,0.10727532097004279,0.11312217194570136,0.08787446504992867,0.0,0.0,1.1900452488687783,1.4450784593437946,118.53717803955078,4.09376530123099,2.0961214683562885,12.091096228536912,68.30190047901137,98.80325789045791
42.4212133333,-71.0447611667,0,0.0,0.0,0.0,0.003138373751783167,1.0,0.9968616262482168,0.0,0.0,70.6923076923077,56.81398002853067,16.32572364807129,1.7365826546261138,1.3486329977622182,9.1930124971805,465.1196696067433,21.982693096412476
42.1498218997,-71.3241069,0,0.07239819004524888,0.41854493580599145,0.013574660633484163,0.08901569186875892,0.9140271493212669,0.47218259629101283,0.0,0.0,11.144796380090497,6.626533523537804,78.9620361328125,1.296224848643813,2.045062893284269,10.734620205966179,238.31349447070704,48.09927270457623
42.25889167,-71.516555,0,0.38009049773755654,0.5164051355206848,0.04072398190045249,0.06390870185449359,0.13574660633484162,0.19229671897289585,0.3665158371040724,0.17631954350927248,3.5339366515837103,4.847075606276747,97.70803833007812,2.7058311774289647,2.6889687595093394,13.17604776247211,89.84028465952993,48.96835450354855
42.113862,-71.206163,0,0.7828054298642534,0.566904422253923,0.2171945701357466,0.16576319543509271,0.0,0.2573466476462197,0.0,0.0,0.0,6.585449358059915,75.57213592529297,3.1565018158171463,2.5451526820672203,20.070726835728944,52.913282421542945,229.0729952982017
42.2812216667,-71.4305033333,0,0.027149321266968326,0.029957203994293864,0.05429864253393665,0.033951497860199714,0.497737556561086,0.736376604850214,0.416289592760181,0.19743223965763196,15.850678733031675,34.99058487874465,47.278499603271484,0.6438255435015106,0.6671625925599428,3.2591031571533216,3.256669428742836,91.86271334906337
42.7003833333,-73.1146861667,0,0.0,0.15263908701854492,0.0,0.015121255349500713,1.0,0.8182596291012839,0.0,0.0,73.45701357466064,43.88616262482169,218.13140869140625,3.2671524835041392,5.619143939333807,33.10105965280634,1.3008704745207758,4.34394511284709
42.4514412005,-72.3611473056,0,0.9140271493212669,0.920114122681883,0.08597285067873303,0.07332382310984308,0.0,0.0008559201141226819,0.0,0.0005706134094151213,0.0,0.0034236804564907277,248.08377075195312,6.426368066159379,5.201963504280274,40.07667723019589,0.0,22.913094282916937
42.4554923502,-71.4623968676,1,0.05429864253393665,0.16690442225392296,0.3393665158371041,0.3520684736091298,0.6018099547511312,0.4710413694721826,0.0,0.0017118402282453639,12.93212669683258,10.235378031383737,61.01862335205078,0.41567648451226585,0.8754384599365909,4.712877630874673,145.97078453844455,3.3816974228329335
41.7041494081,-70.2722137915,0,0.21266968325791855,0.0884450784593438,0.18552036199095023,0.22282453637660485,0.35294117647058826,0.5646219686162625,0.0,0.07731811697574893,3.0452488687782804,6.556633380884451,11.638051986694336,0.5061237458928265,0.7749253241576384,4.907484981326624,137.7419006394409,80.93493506963968
42.2268580169,-72.6802655117,0,0.027149321266968326,0.30099857346647646,0.0,0.04736091298145506,0.9728506787330317,0.6002853067047076,0.0,0.0,30.4841628959276,14.204850213980029,83.7867431640625,0.20458120768793311,1.2676248744882002,5.772709264544383,711.0450634498311,5.138177545477414
42.5260712147,-71.2783178687,1,0.27601809954751133,0.22796005706134095,0.004524886877828055,0.1398002853067047,0.7194570135746606,0.621398002853067,0.0,0.005991440798858773,10.701357466063348,18.284736091298146,70.92799377441406,1.4345745574472932,1.5437941812202622,6.8475995878850435,460.74881225613274,54.53839101161128
42.0284701213,-71.9148054935,1,0.7194570135746606,0.5931526390870185,0.1583710407239819,0.16062767475035664,0.0,0.17860199714693295,0.0,0.0008559201141226819,0.0,4.191726105563481,155.19522094726562,3.12305047293431,2.1202530797404937,15.347835486068048,101.2661834520372,405.5512744990736
42.5133793997,-71.1029462997,0,0.0,0.0025677603423680455,0.12669683257918551,0.10185449358059914,0.8733031674208145,0.8955777460770328,0.0,0.0,27.429864253393664,34.66704707560628,28.52150535583496,1.088715023376013,1.219213874257516,9.058677080704628,99.71874590591673,71.70544993216437
42.6139033333,-72.4872133333,1,0.2398190045248869,0.5997146932952925,0.04524886877828054,0.017403708987161197,0.0,0.03851640513552068,0.0,0.16262482168330955,0.0,0.6105563480741797,66.02535247802734,5.00087119682897,4.365601106986146,32.807144853634554,148.39097955391267,51.72875901963831
42.3732206118,-72.0062451667,0,0.7420814479638009,0.6907275320970043,0.1583710407239819,0.19457917261055635,0.0,0.02767475035663338,0.0,0.029386590584878743,0.0,0.27845934379457915,264.3421936035156,1.62312707368224,1.5120359510586918,6.809181646399364,158.3553394152524,7.792630560879733
42.4456783333,-71.6070116667,0,0.6832579185520362,0.7888730385164051,0.07239819004524888,0.03680456490727532,0.2398190045248869,0.13865905848787446,0.0,0.0,1.9502262443438914,1.5041369472182595,163.56845092773438,2.551559859703493,3.0442365359369656,16.504068735927095,124.4471333842234,26.654586360449777
42.6592799985,-70.6223862704,0,0.0,0.12781740370898717,0.03167420814479638,0.042225392296718976,0.7782805429864253,0.5803138373751783,0.19004524886877827,0.24165477888730386,40.977375565610856,21.798002853067047,5.996375560760498,2.0634696704548956,1.9542754081001412,15.45556129584093,3.2548704594585653,28.728250843190423
42.106,-70.116,0,0.0,0.0,0.0,0.0,0.0,0.0,1.0,1.0,0.0,0.0,0.0,0.0,0.0,0.0,0.0,4650.616049121853
41.28862,-69.98040833,0,0.5384615384615384,0.40741797432239657,0.3167420814479638,0.1614835948644793,0.14479638009049775,0.13380884450784594,0.0,0.21940085592011413,2.013574660633484,1.9514978601997146,6.777860641479492,0.8120225640051518,0.7556563700832203,5.308059635275345,164.55576514553047,53.70597441318602
42.2867994,-71.8968409,1,0.4751131221719457,0.5971469329529244,0.0,0.13495007132667616,0.3212669683257919,0.20684736091298145,0.0,0.02310984308131241,5.995475113122172,3.010841654778887,328.97222900390625,3.3323766161948285,2.187511225936247,16.816107858205573,88.03187219963588,24.225929402845416
42.4919499053,-71.5479224125,1,0.334841628959276,0.4450784593437946,0.08144796380090498,0.06704707560627675,0.583710407239819,0.42567760342368044,0.0,0.0008559201141226819,20.23076923076923,14.728102710413694,86.72583770751953,2.433775036114908,2.658879029714055,16.742759885281103,56.69748739376008,72.15359058301676
41.7884556,-69.933795863,0,0.0,0.0042796005706134095,0.004524886877828055,0.08216833095577745,0.0,0.21968616262482168,0.7194570135746606,0.5686162624821683,0.0,5.048787446504993,-2.0324349403381348,0.7365141354593345,0.8044142452272314,6.459488637151831,0.0,227.45039520691128
42.6086620532,-72.5534496182,0,0.0,0.16576319543509271,0.0,0.013980028530670471,0.6923076923076923,0.5988587731811698,0.3076923076923077,0.1825962910128388,44.44343891402715,25.34750356633381,56.58171081542969,1.5125578513677782,2.9330235552237345,14.700104470293635,47.23546243375532,30.210722278458768
42.458455246,-71.3035453846,1,0.1583710407239819,0.30099857346647646,0.6380090497737556,0.2202567760342368,0.00904977375565611,0.3275320970042796,0.0,0.0,0.08144796380090498,10.91583452211127,41.85597610473633,0.5511768914398397,1.3746458515462727,9.075129193486019,3.82807757728206,228.65653163465018
42.3607616667,-71.1277471667,0,0.0,0.0,0.0,0.003138373751783167,1.0,0.9703281027104137,0.0,0.02653352353780314,69.61085972850678,70.3243937232525,4.185935974121094,0.24347332158481683,0.38877457250310465,3.0194401020217065,770.2820463709375,39.85680567084344
42.6459979722,-72.2559729722,0,0.5339366515837104,0.7614835948644794,0.27601809954751133,0.06961483594864479,0.09954751131221719,0.04964336661911555,0.0,0.0,0.5339366515837104,0.705848787446505,171.23609924316406,5.360110177494644,7.532841960554377,40.243821880833806,56.97498444300861,54.9841637801887
42.2143621062,-71.6970653459,0,0.06787330316742081,0.30385164051355207,0.13122171945701358,0.07132667617689016,0.2895927601809955,0.5423680456490727,0.4841628959276018,0.05563480741797432,6.574660633484163,16.744365192582027,93.79036712646484,0.6869353120293292,2.606857841846047,14.06618128180272,22.741879621773844,9.297485246940028
42.5029905545,-71.4626659231,0,0.6334841628959276,0.43252496433666193,0.08144796380090498,0.20456490727532098,0.2850678733031674,0.20427960057061342,0.0,0.15263908701854492,6.280542986425339,3.9243937232524964,89.72034454345703,2.0927869109723725,1.5452839325614895,6.672627212479615,193.46120648993386,154.69507995279739
41.5034727054,-71.1051769183,0,0.004524886877828055,0.0008559201141226819,0.11764705882352941,0.06504992867332382,0.19909502262443438,0.23395149786019973,0.3574660633484163,0.5965763195435093,5.457013574660634,3.939800285306705,1.0557713508605957,0.6231402219398641,0.5679148113579408,3.423641626408353,15.9488052285543,40.94629504453296
42.624309,-73.134375,0,0.1085972850678733,0.38516405135520687,0.0,0.030242510699001426,0.3755656108597285,0.4245363766048502,0.0,0.002282453637660485,7.484162895927602,8.584593437945792,315.90924072265625,5.670757885014865,4.474474720099153,37.20364209135579,128.8300621818974,13.949811747879522
42.2535566556,-71.1602330327,0,0.0,0.0002853067047075606,0.0,0.011697574893009986,1.0,0.9860199714693295,0.0,0.0019971469329529245,38.02714932126697,45.27845934379458,34.69072341918945,0.9102513264114831,0.8985923160155037,3.6733558816581087,138.33197660827824,34.22639018975996
42.5755706,-72.04317499,0,0.5520361990950227,0.4419400855920114,0.26244343891402716,0.20142653352353782,0.17194570135746606,0.13209700427960058,0.0,0.005991440798858773,2.67420814479638,2.5055634807417975,291.35943603515625,3.657149132343177,2.0649720711791746,15.294605544820701,213.44082414711139,58.81796036813627
42.628282897,-72.0303024077,1,0.6244343891402715,0.7315263908701855,0.19004524886877827,0.16975748930099857,0.1493212669683258,0.03138373751783167,0.0,0.00456490727532097,1.2850678733031675,0.29158345221112697,330.3692932128906,2.23531315804367,1.9743085946987682,11.037093293674717,164.9859393618899,159.00663293920138
42.6042033333,-71.61742,1,0.5746606334841629,0.5691868758915835,0.3212669683257919,0.1275320970042796,0.09954751131221719,0.23166904422253923,0.0,0.002282453637660485,2.4479638009049776,4.55320970042796,68.45330810546875,1.6988449739153682,1.3238338786083599,7.39688632007493,10.872623112729906,132.78316956307526
42.1849713485,-72.8183933347,0,0.8144796380090498,0.9126961483594864,0.18552036199095023,0.06847360912981455,0.0,0.003138373751783167,0.0,0.013409415121255349,0.0,0.0068473609129814554,266.53179931640625,2.9129082127882495,6.426588669097643,44.88239432243515,0.0,163.4624562125774
41.9549545176,-70.8227292172,0,0.6832579185520362,0.5169757489300999,0.23076923076923078,0.2644793152639087,0.004524886877828055,0.15520684736091298,0.0,0.0025677603423680455,0.027149321266968326,3.2944365192582024,19.777263641357422,1.8183269833959566,0.8471806842903542,6.872809089337324,124.36746582365879,285.70846762120823
42.4624879747,-71.6617027099,0,0.02262443438914027,0.19372325249643366,0.1493212669683258,0.1486447931526391,0.17194570135746606,0.2507845934379458,0.0,0.0014265335235378032,5.552036199095022,4.688159771754636,77.67733764648438,1.9625852477366377,1.055841316453283,7.853865087146615,79.75371539683952,80.5371096933032
42.2666780975,-71.4213794948,0,0.0,0.02168330955777461,0.0,0.08017118402282454,0.7828054298642534,0.797432239657632,0.2171945701357466,0.10014265335235378,39.86877828054298,41.08815977175463,49.38997268676758,0.27537493736628016,0.5183999515425117,2.957439316609484,76.52168986432744,8.120324680211462
42.4188051321,-71.1934025702,0,0.0,0.02310984308131241,0.0,0.0025677603423680455,1.0,0.974037089871612,0.0,0.0002853067047075606,39.43891402714932,34.173466476462195,78.88831329345703,1.2303491165921112,2.1982147235281873,12.707162206501302,403.41231478005005,11.877610470795446
41.7046244526,-69.9651295652,0,0.04072398190045249,0.019115549215406563,0.01809954751131222,0.12838801711840228,0.9411764705882353,0.6,0.0,0.2370898716119829,23.782805429864254,17.02139800285307,6.805656433105469,1.3243182499979187,0.9706746463095185,5.717088811842711,272.79379758477313,20.55064858638459
42.1205775179,-71.1657792016,0,0.2986425339366516,0.20770328102710414,0.10407239819004525,0.1398002853067047,0.5294117647058824,0.6399429386590585,0.06787330316742081,0.006276747503566334,7.457013574660634,11.419686162624823,65.48310089111328,2.121182462045939,1.5822781076541572,10.851006982784279,17.95894180281029,72.66579259255639
42.479804,-72.026741,1,0.334841628959276,0.43252496433666193,0.42081447963800905,0.2932952924393723,0.22624434389140272,0.1383737517831669,0.0,0.0,3.9592760180995477,3.059914407988588,276.2389221191406,0.6511448986412308,2.5267540820497283,16.144497838752446,77.04761105224995,40.368311516210476
42.8268783333,-70.93103,0,0.5746606334841629,0.45249643366619113,0.05429864253393665,0.08530670470756063,0.0,0.15235378031383737,0.3574660633484163,0.22938659058487876,0.0,2.4910128388017116,13.43132495880127,2.4364747469496475,1.7910191699155211,10.760453923191255,56.03721536785861,519.2080752785977
42.6523571768,-71.374722831,1,0.14479638009049775,0.36119828815977173,0.027149321266968326,0.06704707560627675,0.8280542986425339,0.4875891583452211,0.0,0.06790299572039943,18.683257918552037,16.2490727532097,56.20299530029297,1.6379781168587408,1.5449672484954888,9.98818229553828,225.44577255709774,124.8806908411358
41.999406217,-71.3151585641,0,0.7330316742081447,0.3420827389443652,0.0,0.112981455064194,0.2579185520361991,0.534379457917261,0.0,0.0,4.524886877828054,16.48159771754636,103.51688385009766,2.6616661343055705,1.8229960685238449,10.075834498207655,162.27421141332286,30.03966568171958
42.550085,-72.943245,0,0.6018099547511312,0.8114122681883025,0.0,0.12410841654778887,0.13122171945701358,0.04165477888730385,0.248868778280543,0.02168330955777461,1.081447963800905,0.37860199714693293,494.06146240234375,4.292892394496901,4.432083438269581,27.965267697657808,8.845209512357565,42.32981067804475
42.6432333333,-71.350175,1,0.18552036199095023,0.07446504992867332,0.09954751131221719,0.03166904422253923,0.7149321266968326,0.7455064194008559,0.0,0.14807417974322395,18.92760180995475,32.10841654778887,29.963104248046875,0.8961252001230761,0.8564770940710638,4.995540045014162,95.58234072295384,122.52416651003259
42.33163,-72.53135,1,0.579185520361991,0.3320970042796006,0.058823529411764705,0.0550641940085592,0.0,0.38516405135520687,0.0,0.0,0.0,8.127532097004279,65.96221160888672,2.0258709762808804,1.3020080914663075,10.14390924703517,12.027365858449075,276.1657563898184
42.7200309971,-73.2097484171,1,0.09502262443438914,0.20228245363766048,0.0,0.0724679029957204,0.7737556561085973,0.6365192582025677,0.0,0.0005706134094151213,9.846153846153847,13.645363766048503,195.5194091796875,2.059917724445644,2.478312204865484,17.272863054305855,38.609040417447524,25.538008367414225
42.5703778159,-71.6411698592,1,0.6787330316742082,0.5583452211126961,0.167420814479638,0.14579172610556348,0.15384615384615385,0.2231098430813124,0.0,0.0,1.3981900452488687,3.5925820256776033,99.45291137695312,1.8320751620470221,1.56198155491075,14.288267016626618,67.07600696990995,13.567988868891138
42.4373664856,-71.0908432007,0,0.0,0.20114122681883023,0.0,0.015977175463623396,1.0,0.750641940085592,0.0,0.0282453637660485,54.94117647058823,32.62339514978602,49.02799987792969,0.9419386037696474,1.9244162030924374,10.410049939432527,298.6503012702614,29.29386349689883
42.4874083333,-71.4409555556,0,0.0,0.15406562054208273,0.07692307692307693,0.12524964336661912,0.9230769230769231,0.7195435092724679,0.0,0.0011412268188302425,18.850678733031675,12.372325249643367,65.15316009521484,1.3683514151442338,1.563480978227402,5.934845378544597,163.56280281303012,7.1035147902645335
42.4025982243,-71.2108011476,0,0.4117647058823529,0.19514978601997146,0.39819004524886875,0.16833095577746077,0.167420814479638,0.6165477888730385,0.01809954751131222,0.0011412268188302425,2.1312217194570136,20.752639087018544,57.667659759521484,2.2971361674790582,1.873653012242725,11.32843467571555,53.1826598398223,129.41409492105404
42.4472674368,-71.2556870697,1,0.10407239819004525,0.10413694721825963,0.0,0.015977175463623396,0.8959276018099548,0.8761768901569187,0.0,0.0,26.552036199095024,23.851355206847362,65.17266845703125,1.7923978223716592,2.0051316158222985,12.66922176669789,44.632505664980805,8.717517366893315
42.2267150879,-70.9359130859,0,0.0,0.04507845934379458,0.0,0.05335235378031384,1.0,0.8841654778887303,0.0,0.012553495007132667,23.144796380090497,31.586590584878746,23.79361915588379,2.337993775367033,1.4861475509854998,9.091172636230235,570.0687434324581,7.962989667419737
42.4366911438,-71.0191992295,0,0.0,0.011697574893009986,0.1085972850678733,0.13751783166904422,0.8280542986425339,0.7355206847360913,0.06334841628959276,0.1044222539229672,47.67420814479638,43.201141226818834,4.94796085357666,1.7620354547092185,1.351401771834005,10.106965471595826,106.88188149754453,99.9451461728193
42.454545,-71.3361283333,0,0.05429864253393665,0.23651925820256775,0.7285067873303167,0.19800285306704707,0.2171945701357466,0.47902995720399427,0.0,0.003138373751783167,4.131221719457014,9.114122681883025,37.55613708496094,0.7474271368974653,1.378321756426914,7.950716538693657,0.4112978051709218,13.523911052921195
42.8721600744,-70.9433285436,0,0.049773755656108594,0.2676176890156919,0.12217194570135746,0.08502139800285306,0.19909502262443438,0.3415121255349501,0.0,0.06134094151212553,4.208144796380091,8.061340941512125,34.22911071777344,0.8085964405788834,2.4976548436631383,12.310691113684278,244.05093505577784,107.62885660092851
42.4354166667,-72.706995,0,1.0,0.9500713266761769,0.0,0.046790299572039944,0.0,0.003138373751783167,0.0,0.0,0.0,0.009700427960057061,251.25914001464844,5.7312473506750035,6.78379786656057,50.40509998180821,116.43754040294961,9.703797810262367
42.3965140613,-72.5356197873,1,0.38461538461538464,0.07132667617689016,0.2895927601809955,0.11241084165477888,0.28054298642533937,0.5429386590584879,0.0,0.0002853067047075606,9.764705882352942,25.101283880171184,48.997928619384766,1.1797978036345074,1.0805530749381225,9.38134878301617,263.69339239333027,4.368328193914592
42.1574554222,-72.2896120256,0,0.39819004524886875,0.5828815977175463,0.0,0.054778887303851644,0.579185520361991,0.301283880171184,0.0,0.0002853067047075606,9.67420814479638,7.122681883024251,192.63619995117188,4.560016045881442,3.53341808552906,21.823600059227186,449.63856624437983,3.1532272867094906
41.721642667,-70.1639716516,0,0.11764705882352941,0.3286733238231098,0.02262443438914027,0.03537803138373752,0.7330316742081447,0.6077032810271041,0.09502262443438914,0.018544935805991442,13.656108597285067,14.34493580599144,12.505887985229492,1.099500225952293,0.8801662766906815,4.11465225935357,87.2145796329457,2.7008041324385803
42.3306,-72.6419966667,1,0.1583710407239819,0.019400855920114122,0.1085972850678733,0.0333808844507846,0.7330316742081447,0.9472182596291013,0.0,0.0,19.04977375565611,34.16890156918688,51.9091796875,1.9047461582628011,1.2645071087390445,9.013790959953303,267.0773428050363,65.67501951717391
41.389375,-70.05040833,0,0.0,0.0,0.0,0.015406562054208274,0.0,0.0,0.3891402714932127,0.8553495007132668,0.0,0.0,0.5929014682769775,0.5080865314300633,0.20209725813121865,1.0742720764298594,0.0,2993.4838174031925
42.40055,-71.580475,0,0.19457013574660634,0.24536376604850213,0.06334841628959276,0.05335235378031384,0.7330316742081447,0.6961483594864479,0.0,0.0,19.65610859728507,23.88388017118402,93.79313659667969,3.4010736829988977,2.06928779954691,14.555741870013804,55.83743685120324,0.13216108081098352
42.6043661142,-71.6176029732,1,0.6199095022624435,0.5651925820256776,0.31221719457013575,0.12582025677603423,0.06334841628959276,0.23737517831669044,0.0,0.0025677603423680455,1.6244343891402715,4.649643366619116,68.63092041015625,1.5709007270815705,1.3451894336097086,8.34742910496147,0.0,153.6079601937932
42.65970658,-70.90331765,0,0.6244343891402715,0.644793152639087,0.167420814479638,0.20370898716119828,0.12669683257918551,0.07417974322396577,0.004524886877828055,0.003994293865905849,1.2669683257918551,1.0738944365192582,15.46521282196045,1.953875269907929,2.010254114268026,11.718212145103594,0.0,68.12638144956728
42.4677868084,-71.3058702683,1,0.12217194570135746,0.13380884450784594,0.2171945701357466,0.33951497860199714,0.5610859728506787,0.42425106990014266,0.004524886877828055,0.002282453637660485,19.692307692307693,13.598288159771755,45.84536361694336,1.90269986329106,0.7717253500141055,3.2663622028845674,198.99022521061366,35.84889033919452
42.1140855952,-71.4026497073,0,0.27601809954751133,0.34522111269614836,0.0,0.20256776034236804,0.7239819004524887,0.40456490727532096,0.0,0.0,13.873303167420815,9.372610556348075,81.46623229980469,2.7701141738975448,1.84031945314361,12.213671133857146,427.4838561067384,5.553604867062872
42.580405,-70.8202283333,0,0.4796380090497738,0.4333808844507846,0.2398190045248869,0.20485021398002853,0.26244343891402716,0.34978601997146935,0.0,0.0017118402282453639,5.018099547511312,8.863338088445078,18.43929100036621,0.7456557227906763,1.137044453768356,4.688461202237263,154.22242421984836,197.66985282557977
42.2596467803,-71.7520832134,0,0.05429864253393665,0.112981455064194,0.0,0.033951497860199714,0.49321266968325794,0.6219686162624821,0.45248868778280543,0.22767475035663337,20.339366515837103,20.919828815977176,115.87408447265625,2.4060177876311633,2.003988646432867,15.439817845849175,26.829763784394366,127.07512775868078
42.3656200058,-72.5290355302,0,0.46153846153846156,0.1891583452211127,0.004524886877828055,0.10841654778887304,0.5339366515837104,0.6125534950071326,0.0,0.0,6.832579185520362,17.84079885877318,70.48136138916016,2.5737683218245873,1.91093188136837,13.170616343388744,702.0390518865139,47.42163861099692
42.4633278577,-72.3427206066,1,0.6153846153846154,0.8536376604850214,0.16289592760180996,0.07161198288159772,0.1493212669683258,0.039942938659058486,0.0,0.003994293865905849,0.6787330316742082,0.24365192582025677,270.14910888671875,3.403080126580912,4.614304149898424,27.202989685711785,63.199691111409756,22.924716607132456
41.8941666667,-70.7669444444,0,0.17647058823529413,0.21340941512125536,0.12669683257918551,0.2413694721825963,0.5248868778280543,0.38601997146932954,0.004524886877828055,0.00456490727532097,10.339366515837105,13.30299572039943,32.02530288696289,0.5356526405394401,0.48946863977181154,1.8588111824519284,118.59846874689731,42.395813412897766
42.2874009507,-71.1034981709,0,0.004524886877828055,0.006276747503566334,0.0,0.026818830242510697,0.995475113122172,0.9651925820256776,0.0,0.0017118402282453639,25.122171945701357,32.352353780313834,16.372661590576172,1.0086609238410342,1.3660476201174023,7.078311974767413,168.42274044255558,28.090402934574136
42.3253312,-71.1802955,0,0.7013574660633484,0.15977175463623394,0.049773755656108594,0.05848787446504993,0.248868778280543,0.7631954350927247,0.0,0.017974322396576318,8.32579185520362,28.06761768901569,69.880859375,1.4408759563042035,1.719000693709282,6.886453251817658,0.0,165.9952809159433
42.5572483333,-72.5218,0,0.4117647058823529,0.44707560627674753,0.0,0.0068473609129814554,0.22171945701357465,0.16348074179743224,0.0,0.05734664764621969,3.235294117647059,3.589158345221113,98.48721313476562,0.6307187668298773,1.1396817716699905,5.787019679489996,412.5225219610698,8.271874566777377
41.67641073,-69.9351228309,0,0.0,0.0,0.0,0.0011412268188302425,0.0,0.008559201141226819,0.5746606334841629,0.7848787446504993,0.0,0.3375178316690442,0.5736962556838989,0.43135030419815307,0.307988054369414,1.1484514233496868,0.0,934.535571285467
42.609512,-71.2228,0,0.00904977375565611,0.11982881597717546,0.09954751131221719,0.10613409415121255,0.8416289592760181,0.6630527817403709,0.0,0.002282453637660485,23.307692307692307,21.201426533523538,37.125667572021484,1.2556045151635638,0.83962320904475,4.427554597444961,208.22474660935336,4.932352225275228
42.3298416667,-72.5333027778,1,0.5520361990950227,0.3914407988587732,0.03167420814479638,0.05249643366619115,0.027149321266968326,0.3101283880171184,0.0,0.0,0.7058823529411765,7.612553495007132,70.72598266601562,2.154800448227302,1.4627884122230013,10.343649701029978,253.2533584104268,221.80757747676563
42.3189143981,-72.6401162719,0,0.0,0.06875891583452211,0.0,0.01825962910128388,0.9321266968325792,0.903851640513552,0.06787330316742081,0.005706134094151213,35.588235294117645,37.132667617689016,51.30445861816406,2.3854178586406825,1.8364130389587647,9.139794838781935,79.49604934863592,24.716278961021263
41.3089793611,-70.7748281667,0,0.4072398190045249,0.12353780313837376,0.2081447963800905,0.1340941512125535,0.17647058823529413,0.03138373751783167,0.01809954751131222,0.4339514978601997,2.6244343891402715,0.41398002853067045,16.7220516204834,1.0668477200167357,1.1031146289706821,5.744880362913566,60.44694238766769,123.29828061343623
42.3222669812,-71.8065508027,1,0.8099547511312217,0.2211126961483595,0.03167420814479638,0.017974322396576318,0.1583710407239819,0.7609129814550641,0.0,0.0,2.8778280542986425,29.983166904422255,229.21913146972656,2.6428783303439425,2.7651053939154315,22.45312844843012,272.2472239510085,148.6369310572682
42.3302277778,-72.5335166667,1,0.6199095022624435,0.38487874465049926,0.04072398190045249,0.052781740370898715,0.0,0.3135520684736091,0.0,0.0,0.0,7.302425106990015,66.53255462646484,2.233981677316341,1.3768930864680817,10.23976660284098,244.77836924970745,267.5111715856189
42.6139742769,-71.3867872272,1,0.00904977375565611,0.04336661911554922,0.0,0.03166904422253923,0.9909502262443439,0.9249643366619116,0.0,0.0,13.108597285067873,16.76262482168331,67.44937896728516,4.15785138221993,2.1355991576060385,17.810653119119472,364.440881517222,86.03383815223691
42.3488563,-71.0850677,0,0.0,0.0,0.0,0.0028530670470756064,1.0,0.820827389443652,0.0,0.17631954350927248,81.03167420814479,61.72610556348074,3.4451727867126465,0.2845542214304236,0.23252569975992357,1.4197520936616617,420.30285738302456,7.1035461503959185
42.247025,-73.4432366667,0,0.7918552036199095,0.7937232524964337,0.00904977375565611,0.05049928673323823,0.19909502262443438,0.05991440798858773,0.0,0.0,1.2714932126696832,0.37089871611982883,390.3653259277344,6.476588657122751,6.155766341239586,45.057529175018914,409.6382484548341,5.414190007952662
42.4132638994,-71.5103279703,1,0.4298642533936652,0.44650499286733236,0.06334841628959276,0.1101283880171184,0.40271493212669685,0.2978601997146933,0.04072398190045249,0.04022824536376605,6.04524886877828,4.112125534950072,56.0626106262207,2.206793952672951,2.2180234580672358,12.726699444853649,114.00914068398043,107.37037205898416
41.9460555556,-70.8734,0,0.20361990950226244,0.043937232524964336,0.5294117647058824,0.6527817403708988,0.0,0.021398002853067047,0.004524886877828055,0.0028530670470756064,0.0,0.2804564907275321,8.766831398010254,0.10264007720383587,0.08790830221517641,0.2965788414706005,113.16664700603087,698.2752438442432
42.4939573231,-71.3645955735,1,0.497737556561086,0.5161198288159772,0.1085972850678733,0.2399429386590585,0.0,0.16119828815977175,0.38009049773755654,0.030813124108416547,0.0,3.3223965763195435,60.96745300292969,1.641392605694293,1.3916187786529957,9.10911921928801,5.043962247732669,300.50788398638366
42.209443,-71.683628,1,0.22171945701357465,0.3768901569186876,0.03167420814479638,0.06961483594864479,0.746606334841629,0.5144079885877318,0.0,0.008559201141226819,13.30316742081448,13.252496433666192,145.077392578125,2.736235188609987,3.195983019030257,23.265652721002496,285.09740207615187,79.48637034142384
42.1048946679,-71.6066119541,0,0.17194570135746606,0.3355206847360913,0.3891402714932127,0.3007132667617689,0.2579185520361991,0.26619115549215405,0.0,0.0,8.733031674208144,5.752639087018545,74.39856719970703,0.9039905851812047,1.9400696973581835,10.81284363241743,10.741066669889062,104.23036898566227
42.501008953,-71.5401747265,0,0.1493212669683258,0.49186875891583454,0.24434389140271492,0.10898716119828816,0.45701357466063347,0.23509272467902995,0.0,0.0008559201141226819,27.877828054298643,8.979743223965762,74.88758087158203,2.0508039852303153,3.238746461194063,19.783466732599084,333.00246697963394,60.74503831814448
41.6590116667,-70.372545,0,0.21266968325791855,0.14322396576319543,0.08144796380090498,0.10156918687589159,0.7058823529411765,0.7437945791726106,0.0,0.011412268188302425,13.425339366515837,16.685877318116976,10.996679306030273,0.4957117422556043,0.6399335733489077,3.1961407396430737,39.093441801400736,8.215924380383735
42.577667067,-71.9679749431,0,0.7601809954751131,0.47960057061340944,0.08144796380090498,0.10784593437945791,0.06787330316742081,0.3817403708987161,0.08144796380090498,0.020542082738944364,0.4072398190045249,8.571469329529243,344.910888671875,1.4692037533218103,2.0293733441143904,10.556625396910993,82.35018196964283,160.06476912809833
42.1718071983,-70.7518663071,0,0.34841628959276016,0.21797432239657633,0.4841628959276018,0.24165477888730386,0.07692307692307693,0.4776034236804565,0.07692307692307693,0.041940085592011414,0.8280542986425339,12.623680456490728,5.979880332946777,1.5345163994802364,1.4038277351480286,8.575447967614238,0.0,163.35942453056
42.5034402516,-71.0519359969,0,0.04524886877828054,0.05706134094151213,0.06787330316742081,0.0978601997146933,0.8868778280542986,0.8439372325249643,0.0,0.0,25.764705882352942,28.74750356633381,24.789064407348633,1.2413858409914555,1.081465876331229,3.6428048896386267,85.73403452649305,13.70515391050402
41.7128514758,-70.1924972717,0,0.13122171945701358,0.19657631954350926,0.03167420814479638,0.05706134094151213,0.8371040723981901,0.6299572039942939,0.0,0.11212553495007133,15.986425339366516,13.371754636233952,19.21404457092285,0.9518069088783716,1.1465442013513716,6.597303655149218,167.9301672293718,24.687436911116276
42.0734353371,-70.2063776883,0,0.004524886877828055,0.04336661911554922,0.00904977375565611,0.13437945791726105,0.004524886877828055,0.019686162624821684,0.0,0.002282453637660485,0.11764705882352941,0.7181169757489301,17.579452514648438,1.7431850369395596,0.8912612896760639,3.6221262148256774,782.027198533613,8.789328403085795
42.0706509054,-71.2142587547,0,0.35294117647058826,0.3594864479315264,0.45248868778280543,0.16947218259629102,0.19457013574660634,0.4556348074179743,0.0,0.00912981455064194,4.963800904977376,11.060770328102711,64.546630859375,1.4441816899080981,1.4400395139126458,7.621242029645468,57.295562838137464,152.8783104986383
42.2070770264,-73.2938156128,0,0.8733031674208145,0.8970042796005706,0.12669683257918551,0.030813124108416547,0.0,0.027960057061340943,0.0,0.034807417974322394,0.0,0.20970042796005706,485.5630798339844,2.5454262845537077,6.622833043895048,53.95250128117977,264.5253106572378,10.350544031956318
42.2519879408,-71.6696688941,0,0.167420814479638,0.38830242510699003,0.004524886877828055,0.20456490727532098,0.16289592760180996,0.1840228245363766,0.0,0.0,1.8959276018099547,4.031669044222539,128.240966796875,2.50668412297593,2.3169715474518777,11.897401464196955,313.80490917465073,108.10134489533552
41.9467666667,-70.6273033333,0,0.0,0.027389443651925822,0.03167420814479638,0.023395149786019972,0.15384615384615385,0.3001426533523538,0.502262443438914,0.583737517831669,4.570135746606335,6.21055634807418,-0.1496066302061081,0.9709796799934567,0.9288271281589509,8.65494413351094,0.0,69.98794349718509
42.505537071,-72.6466212781,0,0.8823529411764706,0.8219686162624822,0.0,0.013124108416547788,0.11764705882352941,0.12553495007132667,0.0,0.0,1.244343891402715,1.8059914407988589,117.34326934814453,3.8671536153843147,4.981040168544141,32.26234443846645,233.77629028271346,2.068208295196304
42.4526283333,-71.8166966667,1,0.3936651583710407,0.6955777460770328,0.2669683257918552,0.17432239657631954,0.31221719457013575,0.1181169757489301,0.0,0.0005706134094151213,4.723981900452489,1.9843081312410842,146.48696899414062,1.378285617939281,2.902242943206683,16.292134461563457,38.43534731185064,23.346259542687243
42.3424587874,-73.0377668444,1,0.9683257918552036,0.8579172610556348,0.0,0.05848787446504993,0.00904977375565611,0.05734664764621969,0.0,0.0,0.049773755656108594,0.36405135520684734,437.0895690917969,4.895716649962065,4.768756551802462,23.64156951384578,350.90462546254423,248.42804554111132
42.3659916667,-71.200995,0,0.0,0.0,0.00904977375565611,0.016833095577746076,0.9909502262443439,0.983166904422254,0.0,0.0,59.9683257918552,59.35691868758916,5.625090599060059,0.5317167507438154,0.925053024963123,5.72849917255325,2.0094650250252535,54.81947115382359
42.6436412261,-70.6278149402,1,0.38009049773755654,0.550641940085592,0.27149321266968324,0.17032810271041368,0.19004524886877827,0.18858773181169758,0.14479638009049775,0.07189728958630527,10.380090497737557,5.979172610556348,32.73365783691406,2.582606351837514,1.9265500868437833,6.256643689249721,2.254153022555954,95.92226357541955
42.7067312412,-71.1491415092,0,0.0,0.0,0.027149321266968326,0.006562054208273894,0.8552036199095022,0.9583452211126962,0.11764705882352941,0.035092724679029956,58.94117647058823,63.91184022824537,12.927200317382812,3.156418926767402,1.9088511218855884,12.056027304350652,11.023502353770397,14.149908546336508
41.4303033333,-70.7009666667,0,0.27601809954751133,0.3420827389443652,0.004524886877828055,0.05449358059914408,0.0,0.0094151212553495,0.5429864253393665,0.5449358059914408,0.0,0.10613409415121255,2.643326759338379,1.8940100455721312,1.5506660711875913,15.347944243114402,45.50881321931,383.25163712811377
41.74672833,-70.43531667,0,0.004524886877828055,0.03366619115549215,0.583710407239819,0.4282453637660485,0.3755656108597285,0.18459343794579172,0.0,0.2485021398002853,8.316742081447964,4.626533523537804,2.828794002532959,0.29188367371786167,0.3891243645157033,2.4341035360950327,45.227886120198356,41.55558805557368
41.6186752319,-70.5113983154,0,0.07692307692307693,0.192867332382311,0.11764705882352941,0.06761768901569187,0.7828054298642534,0.6761768901569187,0.02262443438914027,0.056776034236804565,39.90950226244344,21.43851640513552,17.52260398864746,0.8305126760765869,0.7670306115262698,3.6201707880466745,60.216474239358526,26.133941637284043
42.2072243,-71.1117034,0,0.22624434389140272,0.5212553495007133,0.004524886877828055,0.06818830242510698,0.5610859728506787,0.38601997146932954,0.0,0.0,16.16289592760181,12.88530670470756,58.585914611816406,6.2181453678494485,4.370392298116023,36.09171232728398,212.65397904418987,11.425049729261488
42.3790133333,-71.1377861667,0,0.0,0.00456490727532097,0.0,0.0019971469329529245,1.0,0.9206847360912982,0.0,0.07218259629101284,32.339366515837106,39.952353780313835,14.78494644165039,0.8683068187513165,0.8180566580015664,4.00958462171989,638.3638192008049,4.7949797372047165
42.1714079722,-71.025243,0,0.31221719457013575,0.09586305278174037,0.6289592760180995,0.26790299572039944,0.03619909502262444,0.6348074179743224,0.0,0.0,0.9321266968325792,26.263623395149786,32.51071548461914,0.17834716315108382,1.122835399209545,7.188393937181756,111.09359179285796,242.18853915177206
42.2536696,-72.5205914,1,0.4253393665158371,0.28473609129814553,0.004524886877828055,0.18858773181169758,0.40271493212669685,0.23737517831669044,0.0,0.0,6.918552036199095,5.400570613409415,88.33707427978516,2.0033754788299984,1.8180796458476058,8.593964758018826,393.29160558256325,22.33406975935843
42.3662081445,-71.0340925837,0,0.0,0.0,0.0,0.0014265335235378032,1.0,0.6567760342368045,0.0,0.34179743223965764,73.65610859728507,53.58345221112696,8.50701904296875,0.9924158096795479,0.38557222326341906,2.4430259212554923,243.4974332072723,15.663543544384574
42.3395788278,-71.1666492624,0,0.0,0.0,0.0,0.0,1.0,0.9146932952924394,0.0,0.08445078459343795,59.39366515837104,37.862482168330956,42.905250549316406,1.943867805785411,2.626959831145795,16.832801802360706,498.37996076065536,6.521156426957375
41.63230896,-70.9541091919,0,0.013574660633484163,0.06932952924393723,0.058823529411764705,0.029101283880171185,0.8642533936651584,0.8975748930099857,0.06334841628959276,0.003994293865905849,25.918552036199095,39.29358059914408,29.12080192565918,0.5228714583333335,0.8026714681866883,4.256534272254282,0.0,29.75122731970696
42.0305945,-70.2065283333,0,0.0,0.0002853067047075606,0.12669683257918551,0.1942938659058488,0.0,0.0005706134094151213,0.40271493212669685,0.6062767475035663,0.0,0.023965763195435093,0.5422455072402954,0.190846832471587,0.18685767742916562,1.025178242080974,54.29955005996762,1056.0338209502609
42.0465706393,-72.2366946191,1,1.0,0.8887303851640513,0.0,0.03937232524964337,0.0,0.05706134094151213,0.0,0.0094151212553495,0.0,0.28074179743223965,320.20782470703125,5.4178226086944115,4.100351935608955,18.73458077910791,115.47454819186898,316.6036173558912
42.505747121,-70.8310858256,0,0.0,0.0,0.02262443438914027,0.0048502139800285305,0.17647058823529413,0.09843081312410841,0.8009049773755657,0.8941512125534951,9.506787330316742,4.178316690442226,-0.7312026023864746,0.6887586205359031,0.3903186869823383,2.9591316314791722,0.0,181.85105506808952
42.473275,-71.5818633333,0,0.49321266968325794,0.7112696148359486,0.0,0.020542082738944364,0.4117647058823529,0.19001426533523538,0.0,0.0,5.117647058823529,2.0910128388017117,140.23353576660156,1.6824516596486063,2.733997487334479,17.99318720237572,290.65899785390934,3.499895291148698
42.23732,-71.2196583333,0,0.00904977375565611,0.225962910128388,0.04524886877828054,0.11726105563480742,0.9457013574660633,0.6316690442225392,0.0,0.007703281027104137,20.597285067873305,13.17546362339515,65.95967102050781,2.169325831414744,1.9686299727477408,8.694864838345612,238.65552396732969,32.14347126792236
42.3438337155,-71.4334491124,0,0.03167420814479638,0.3463623395149786,0.01809954751131222,0.0978601997146933,0.9502262443438914,0.5278174037089871,0.0,0.0,26.488687782805428,12.863338088445078,54.35063934326172,1.6205534415470852,1.8346869813208582,11.803629191012456,405.1047064741528,41.16813888707137
42.1411372747,-72.1141159907,1,0.5927601809954751,0.4738944365192582,0.16289592760180996,0.10927246790299572,0.167420814479638,0.13580599144079886,0.05429864253393665,0.2485021398002853,1.6742081447963801,2.0165477888730385,233.14376831054688,2.627709191598353,2.2946555336579646,9.690885934532561,130.91851882138675,22.12192132880306
42.4577035769,-72.8977849654,1,0.9592760180995475,0.6884450784593438,0.04072398190045249,0.07902995720399429,0.0,0.16490727532097005,0.0,0.0,0.0,3.9611982881597716,348.6269226074219,5.520810450766855,4.78958026109261,34.68973314804982,541.8208539471665,327.48358760602554
41.9363345,-70.6329549997,0,0.2398190045248869,0.22853067047075606,0.0,0.014265335235378032,0.7601809954751131,0.738944365192582,0.0,0.014550641940085592,17.009049773755656,16.352924393723253,26.336463928222656,1.385762045558373,1.35497767698657,8.018419599214024,507.8056570210189,4.207320561447167
42.2135383333,-73.34295,1,0.03619909502262444,0.407132667617689,0.167420814479638,0.20171184022824537,0.5429864253393665,0.24536376604850213,0.0,0.0042796005706134095,29.642533936651585,8.433666191155492,211.87489318847656,1.8330975019983766,3.7391442154718346,31.187313512029963,197.50961364237034,15.808926847202931
42.0568311826,-73.1272128352,1,0.7330316742081447,0.724679029957204,0.058823529411764705,0.16547788873038516,0.16289592760180996,0.04108416547788873,0.01809954751131222,0.023395149786019972,0.5113122171945701,0.2231098430813124,454.40728759765625,2.829236830970763,2.6670066740473777,16.415661160285882,137.22593445203375,59.62313232817285
42.620612,-71.278286,0,0.0,0.04336661911554922,0.03619909502262444,0.10185449358059914,0.9638009049773756,0.8547788873038517,0.0,0.0,22.16289592760181,30.63965763195435,43.83109664916992,0.864913500473631,0.7154261025861048,3.9973647704604476,347.5944097345697,32.28305824115116
42.30330333,-70.90992833,0,0.0,0.0,0.0,0.006276747503566334,1.0,0.27560627674750354,0.0,0.7055634807417974,35.0316742081448,12.155777460770327,12.037835121154785,2.054180181797564,1.08246755975721,6.160040689205476,197.37347474485156,21.197797811154867
42.558542401,-70.8730776073,0,0.0,0.026818830242510697,0.0,0.0,1.0,0.9728958630527818,0.0,0.0002853067047075606,36.710407239819006,42.326961483594864,22.797685623168945,2.132616728373821,1.3338446331484348,6.7449331688108405,307.30359172892304,24.101102392252102
42.3377483306,-71.5749623186,0,0.12217194570135746,0.07617689015691868,0.07239819004524888,0.047075606276747506,0.7963800904977375,0.7905848787446506,0.00904977375565611,0.08616262482168331,29.190045248868778,31.479029957203995,140.79856872558594,2.086230926432547,2.1373117743455454,11.916902694826138,96.26592541719204,16.05775296061658
42.1290591576,-71.2186371687,0,0.9457013574660633,0.6359486447931526,0.004524886877828055,0.06619115549215407,0.0,0.24393723252496433,0.0,0.0,0.0,6.598573466476462,117.47127532958984,3.15661304126382,3.0570028561537534,19.92614419710315,591.1166870187657,330.9313731516079
42.4133223194,-71.5105061304,1,0.4117647058823529,0.4530670470756063,0.049773755656108594,0.10841654778887304,0.4479638009049774,0.29643366619115546,0.027149321266968326,0.03651925820256776,7.217194570135747,4.102995720399429,56.0626106262207,2.206793952672951,2.2180234580672358,12.726699444853649,115.3592796331801,95.03140358006857
42.49906,-72.4193933333,0,0.5520361990950227,0.7426533523537803,0.27149321266968324,0.11126961483594865,0.04072398190045249,0.04536376604850214,0.13574660633484162,0.09671897289586305,0.3167420814479638,0.4972895863052782,277.74444580078125,3.4681505631942535,3.612769334394023,17.074442375601908,15.887713690570571,230.05924672167703
42.4457539149,-71.1763580373,1,0.04072398190045249,0.12582025677603423,0.06787330316742081,0.037945791726105564,0.8914027149321267,0.8362339514978602,0.0,0.0,23.20814479638009,19.12867332382311,67.349609375,2.2182078454725147,2.416302613884509,8.593402812702577,23.175649724577593,112.40773711227973
42.1433806531,-70.7352571835,0,0.8552036199095022,0.5161198288159772,0.05429864253393665,0.07589158345221113,0.09049773755656108,0.40285306704707563,0.0,0.0034236804564907277,0.8959276018099548,5.503281027104137,33.191505432128906,2.320098750595144,2.3879253734455466,13.668654954380536,92.16404002024981,141.022104703871
42.4356916728,-72.5419466667,0,0.47058823529411764,0.30756062767475034,0.0,0.08216833095577745,0.0,0.131811697574893,0.0,0.0,0.0,3.7788873038516404,78.04608917236328,1.9470624798940959,2.306125684406669,15.675261224727015,73.17438150582731,8.502240991066683
41.604795,-70.4721916667,0,0.6199095022624435,0.3683309557774608,0.14479638009049775,0.0804564907275321,0.004524886877828055,0.41512125534950073,0.23076923076923078,0.12981455064194009,0.058823529411764705,9.738088445078459,8.081130027770996,1.3771040534826207,0.9647485031369597,4.441311336533868,78.64314234378473,275.9968354463577
42.4533116667,-71.0800388333,0,0.25339366515837103,0.3181169757489301,0.0,0.011982881597717546,0.746606334841629,0.6353780313837375,0.0,0.027389443651925822,25.06787330316742,25.09586305278174,21.337621688842773,3.0620712624675637,2.644671196068237,21.245150359648793,248.68506041643104,30.402322268790552
41.2656966667,-70.0725166667,0,0.1493212669683258,0.2747503566333809,0.0,0.0,0.8506787330316742,0.7149786019971469,0.0,0.0,32.036199095022624,26.89928673323823,12.600020408630371,0.5077419175516178,0.48116422424970257,2.4147474443303065,1310.9320291833878,1.035468292543831
42.6661616667,-70.8203366667,0,0.013574660633484163,0.1674750356633381,0.34841628959276016,0.3258202567760342,0.004524886877828055,0.12011412268188303,0.0,0.0008559201141226819,0.058823529411764705,2.1814550641940085,4.309380531311035,0.6542385596466463,1.0804889380945193,7.0125123439268755,83.98098619568866,385.1129345100234
41.8908410834,-70.8085858232,0,0.07239819004524888,0.15748930099857347,0.09954751131221719,0.25905848787446506,0.2895927601809955,0.22881597717546362,0.049773755656108594,0.056490727532097,9.14027149321267,4.990014265335235,32.4158935546875,0.3127618277391322,0.33923537334745296,1.7992814286740821,112.3206977228344,18.09348055979332
42.2263793945,-70.9356079102,0,0.0,0.04507845934379458,0.0,0.05934379457917261,1.0,0.8738944365192582,0.0,0.016547788873038517,25.235294117647058,31.291012838801713,23.79361915588379,2.337993775367033,1.4861475509854998,9.091172636230235,559.1182256823267,21.852852778927733
42.0999317127,-71.1410497874,0,0.17647058823529413,0.4710413694721826,0.4117647058823529,0.11212553495007133,0.4117647058823529,0.4108416547788873,0.0,0.0048502139800285305,11.076923076923077,9.197432239657632,89.03225708007812,1.2423611285060694,1.751290120522782,13.619330240448711,60.3300394268996,7.228346269523389
42.354655,-72.6660783333,1,0.7873303167420814,0.6156918687589158,0.15384615384615385,0.1543509272467903,0.0,0.13780313837375177,0.058823529411764705,0.03452211126961484,0.0,2.4022824536376604,70.86726379394531,2.7360575786016788,2.624423810884842,11.42092677607398,39.532251434920916,411.7188487635268
42.0209106937,-70.6148878857,0,0.0,0.0,0.0,0.018830242510699,0.0,0.0002853067047075606,0.7420814479638009,0.8944365192582026,0.0,0.005991440798858773,-0.5691635012626648,0.27299641337132047,0.18547339888804218,0.8026411627776616,0.0,105.04988561918586
42.40212,-72.5358,1,0.07692307692307693,0.07845934379457917,0.5882352941176471,0.11697574893009986,0.3257918552036199,0.4641940085592011,0.0,0.0002853067047075606,13.072398190045249,16.380599144079884,46.0682373046875,0.49291782946075013,0.9349383057378866,7.667872206160891,85.71736769393885,4.174520878399271
42.707128753,-73.2166828495,0,0.416289592760181,0.3868758915834522,0.03167420814479638,0.016262482168330955,0.21266968325791855,0.4887303851640514,0.0,0.0,11.755656108597286,9.315263908701855,237.31040954589844,4.866868857849754,5.054407522161558,30.930429604317663,264.8397824717319,160.41681809714484
42.3301416667,-72.5347972222,1,0.7737556561085973,0.4002853067047076,0.09049773755656108,0.05335235378031384,0.0,0.2744650499286733,0.0,0.0,0.0,6.6853067047075605,63.37544250488281,2.164287728760752,1.460170095134069,10.365599578361643,184.944419853969,298.61600913032754
42.3299611111,-72.5347888889,1,0.7375565610859729,0.39828815977175464,0.07239819004524888,0.05306704707560628,0.0,0.2833095577746077,0.0,0.0,0.0,6.893009985734665,63.37544250488281,2.164287728760752,1.460170095134069,10.365599578361643,194.07536905944897,281.3901886527838
42.4783527778,-72.19635,1,0.665158371040724,0.7095577746077033,0.02262443438914027,0.12268188302425106,0.19457013574660634,0.0898716119828816,0.0,0.0008559201141226819,1.0180995475113122,1.063052781740371,302.5266418457031,2.7923286796813667,2.143716666843316,15.712477893021502,671.0718404705639,0.6997042551887945
42.067931702,-70.7192000002,0,0.4072398190045249,0.381169757489301,0.03619909502262444,0.19229671897289585,0.5520361990950227,0.3797432239657632,0.0,0.007988587731811698,7.253393665158371,6.263623395149786,18.395538330078125,1.1804928132341646,1.1506778373679343,5.797343841677822,110.84881905945147,70.19501556270797
42.6747379782,-70.6454952906,0,0.7420814479638009,0.5651925820256776,0.1493212669683258,0.04736091298145506,0.09502262443438914,0.3594864479315264,0.013574660633484163,0.024821683309557776,1.5475113122171946,5.409129814550642,35.308692932128906,1.4254583391969242,1.5318847813797818,9.530046656307087,0.6795829092518126,154.94772044757994
42.520225,-70.8863966667,0,0.0,0.0,0.0,0.0028530670470756064,0.7828054298642534,0.6975748930099858,0.2171945701357466,0.2992867332382311,57.07239819004525,51.737517831669045,0.7975257635116577,0.6158501480610278,0.4713738240448322,2.947145775975732,3.3440673059421364,91.35033974174247
42.4026254593,-72.5364800915,1,0.027149321266968326,0.07646219686162625,0.5520361990950227,0.11611982881597717,0.3574660633484163,0.4427960057061341,0.0,0.0002853067047075606,13.235294117647058,15.35920114122682,47.28015899658203,0.5058603773406875,0.939235891121401,7.733416675611147,91.75330444044972,79.63670961965025
42.1509634,-72.1190146997,0,0.46153846153846156,0.6419400855920114,0.15384615384615385,0.11041369472182597,0.334841628959276,0.11241084165477888,0.04072398190045249,0.12610556348074178,4.633484162895928,1.3138373751783168,227.2948455810547,1.8150249935510645,3.1661212183620537,12.93019307189206,162.90282250572946,5.618545816258542
42.4680082266,-71.3060468213,1,0.1493212669683258,0.14265335235378032,0.19457013574660634,0.34407988587731814,0.5248868778280543,0.41340941512125534,0.004524886877828055,0.0028530670470756064,18.18552036199095,13.34978601997147,43.074615478515625,1.6652440233645627,0.7935379618651941,3.331555239932823,184.6420749627414,57.27757966288035
42.4703186565,-72.0924714022,0,0.3438914027149321,0.6992867332382311,0.4751131221719457,0.10156918687589159,0.1583710407239819,0.07760342368045649,0.0,0.0,1.3891402714932126,0.6978601997146933,317.4398498535156,1.2254949163261604,2.730281220530073,19.379149192324828,17.25551038374763,186.86438396040614
42.329984,-72.538427,1,0.9140271493212669,0.40171184022824535,0.08597285067873303,0.061626248216833095,0.0,0.1934379457917261,0.0,0.0,0.0,4.872182596291013,58.5111083984375,1.6700788863509095,1.2951314835675027,10.25386708413346,7.572052152466654,492.73645252865435
42.2701978137,-71.1411866278,0,0.9321266968325792,0.2747503566333809,0.06787330316742081,0.039087018544935806,0.0,0.6784593437945792,0.0,0.007417974322396576,0.0,23.683880171184022,63.38212203979492,2.7108596017023614,2.397891228999657,13.048381595631946,157.10013985993152,74.23761234360866
42.0614283207,-71.6780840519,0,0.9140271493212669,0.6721825962910128,0.08597285067873303,0.1181169757489301,0.0,0.192867332382311,0.0,0.0,0.0,5.535235378031384,145.0771484375,1.8798111319403437,1.8643825067887525,7.00596608552743,195.13580598216654,410.57150758359353
42.3002009186,-71.6540622722,0,0.14027149321266968,0.09700427960057062,0.21266968325791855,0.2074179743223966,0.6470588235294118,0.6887303851640514,0.0,0.0,10.09049773755656,17.634807417974322,98.0428695678711,1.246991657925693,0.9177739274705977,4.575725866315996,94.52751506735392,48.87187455323217
42.3587503978,-71.0889602029,0,0.0,0.0,0.0,0.0019971469329529245,0.6787330316742082,0.6870185449358059,0.3212669683257919,0.31098430813124106,39.47511312217195,51.48502139800285,2.1522750854492188,0.39198945684359715,0.2065628696317991,1.1247338305155195,63.55765194600091,12.10569013459174
42.3226049167,-71.1266721111,0,0.013574660633484163,0.05306704707560628,0.02262443438914027,0.0034236804564907277,0.9276018099547512,0.8485021398002853,0.03619909502262444,0.09415121255349501,13.126696832579185,23.641369472182596,28.790250778198242,1.5056346731481776,2.0573148242832895,14.448268828584006,101.74324296705161,2.7309956535387436
42.3870687219,-71.1553916931,0,0.013574660633484163,0.018544935805991442,0.03619909502262444,0.005706134094151213,0.5565610859728507,0.7843081312410841,0.3936651583710407,0.19001426533523538,4.9457013574660635,35.98630527817404,2.155653715133667,1.0657797971585685,1.0728986731812329,7.739155932668639,0.0,28.8910213045855
42.611356066,-71.321695599,0,0.0,0.00456490727532097,0.04072398190045249,0.048787446504992865,0.9592760180995475,0.9466476462196861,0.0,0.0,61.31674208144796,46.982881597717544,32.6218376159668,0.281137558990743,0.5150544533742002,2.24964567416437,28.75914480771212,96.09624781940792
41.7509298185,-70.1124443028,0,0.416289592760181,0.2761768901569187,0.502262443438914,0.29814550641940085,0.08144796380090498,0.3962910128388017,0.0,0.02225392296718973,1.0950226244343892,6.838516405135521,5.123607635498047,1.5947229927993178,1.0815016842601528,6.448687150827422,6.129019918489085,216.867527476097
42.2750729722,-72.582537,0,0.21266968325791855,0.47560627674750355,0.05429864253393665,0.1768901569186876,0.004524886877828055,0.12296718972895863,0.0,0.0,0.09502262443438914,1.8268188302425108,51.33024597167969,1.663744044765683,2.6132791051060584,12.052790918436832,261.95106839217823,139.27169982673985
41.279180123,-70.1669326394,0,0.01809954751131222,0.32268188302425105,0.29411764705882354,0.28644793152639086,0.20361990950226244,0.11897289586305278,0.0,0.08644793152639087,11.900452488687783,3.9723252496433665,4.7250213623046875,1.1091993889591112,0.5628123774893363,2.7839192958407555,370.0857796591952,223.2090463230323
42.63875664,-72.16805048,0,0.43891402714932126,0.7181169757489301,0.5610859728506787,0.23195435092724678,0.0,0.0017118402282453639,0.0,0.0,0.0,0.014265335235378032,292.1761474609375,4.2284692315246915,3.3838183545075005,13.626628971420496,56.174213937563806,375.2100076180409
42.7395383333,-73.217605,1,0.6832579185520362,0.6670470756062767,0.14479638009049775,0.06476462196861626,0.01809954751131222,0.15777460770328103,0.00904977375565611,0.005991440798858773,0.7420814479638009,5.940656205420828,187.0363006591797,10.546671965779773,7.42858330088538,60.475642052508846,78.79253468206993,328.3628050791809
42.2818424,-71.1819841,1,0.0,0.07189728958630527,0.02262443438914027,0.37660485021398005,0.9728506787330317,0.4607703281027104,0.0,0.07817403708987161,18.239819004524886,17.663052781740372,47.43434143066406,2.5394978695063215,0.9859222297011547,4.204828070894291,235.56583517101433,118.32022109676797
42.0626629853,-72.5720659354,1,0.167420814479638,0.10784593437945791,0.0,0.0017118402282453639,0.832579185520362,0.8904422253922967,0.0,0.0,7.592760180995475,15.76947218259629,51.383811950683594,0.5023567549948793,0.7498819639717108,3.4921844314850894,255.5770947919957,4.165232510368499
42.04903,-70.181619,0,0.0,0.0,0.0,0.0,0.13122171945701358,0.2861626248216833,0.8371040723981901,0.6815977175463623,10.049773755656108,17.64793152639087,-0.9801015853881836,0.04704733901301196,0.40234381042443995,3.726246893340291,0.0,25.896420951915566
42.6981089861,-71.9061904687,1,0.5384615384615384,0.8105563480741798,0.248868778280543,0.12981455064194009,0.13122171945701358,0.039942938659058486,0.0,0.0011412268188302425,2.995475113122172,1.082453637660485,377.4071044921875,2.8494745257814897,5.5539650677388055,39.73218042856729,1.677424118367021,80.07411237719646
42.6257256129,-72.4601886794,1,1.0,0.8582025677603423,0.0,0.0002853067047075606,0.0,0.04850213980028531,0.0,0.0,0.0,0.5289586305278174,167.53138732910156,4.961086323317452,5.638597847273591,32.24577671483705,115.39982058106841,371.83447175466983
42.5345136547,-72.2103791311,1,0.8190045248868778,0.809700427960057,0.16289592760180996,0.14465049928673324,0.004524886877828055,0.005135520684736091,0.0,0.020256776034236805,0.06787330316742081,0.04450784593437946,242.2051239013672,1.6622598939571256,1.960921880933609,12.462704439337283,127.82779784813206,40.01388299407523
42.61265333,-72.48725,1,0.28054298642533937,0.604564907275321,0.049773755656108594,0.013980028530670471,0.0,0.038231098430813126,0.0,0.1477888730385164,0.0,0.6944365192582026,59.68785095214844,4.103364939618013,4.114502305422291,27.80626945212617,61.372355041187994,190.4316247934779
42.2460909,-73.30423841,0,1.0,0.9743223965763196,0.0,0.025677603423680456,0.0,0.0,0.0,0.0,0.0,0.0,497.055908203125,12.829665693209646,9.79062315456534,90.49992515176142,793.3725457819144,972.6378841307627
42.5676803649,-72.2184821803,1,0.4479638009049774,0.35178316690442224,0.13574660633484162,0.2553495007132668,0.416289592760181,0.381169757489301,0.0,0.0,6.253393665158371,5.8633380884450785,269.6096496582031,0.8776659314217874,1.8413015027981132,10.473785930461544,364.41611629417844,38.87300840947821
42.450241,-71.25679,1,0.09049773755656108,0.10841654778887304,0.0,0.016547788873038517,0.9095022624434389,0.8716119828815977,0.0,0.0,20.963800904977376,21.35805991440799,60.222164154052734,2.1996564280685256,2.1011690009841786,13.687612496251099,130.15391312922836,5.939236352465158
41.9675966667,-70.8470083333,0,0.2579185520361991,0.2085592011412268,0.11312217194570136,0.3549215406562054,0.14027149321266968,0.07047075606276748,0.0,0.012268188302425107,1.8642533936651584,1.1617689015691868,14.939711570739746,0.6811719461330837,0.37832812827003104,1.7615120142243252,205.67609345377076,3.6070431135965446
42.207955,-70.7181166667,0,0.0,0.0005706134094151213,0.08597285067873303,0.010841654778887305,0.27149321266968324,0.18373751783166906,0.497737556561086,0.7825962910128388,14.429864253393665,8.527246790299571,1.1375303268432617,0.2974274927672134,0.37493422256257813,2.3970181241688944,64.59741158649459,1.3398665037522606
42.8688191161,-70.9623750113,1,0.05429864253393665,0.2587731811697575,0.8461538461538461,0.249358059914408,0.0,0.1774607703281027,0.0,0.015121255349500713,0.0,4.089586305278174,26.72907257080078,0.8403334675222545,1.6832082279872347,8.03127552208906,11.045014336556422,369.20514077842364
42.4350880281,-71.4091404679,0,0.7375565610859729,0.5186875891583452,0.08597285067873303,0.046790299572039944,0.17647058823529413,0.42139800285306706,0.0,0.013124108416547788,3.067873303167421,6.393152639087019,53.226707458496094,1.6799682560134972,1.1985587755233689,5.854055439050765,216.70269297634565,51.87971524080899
41.4914755764,-71.0342043734,0,0.0,0.005991440798858773,0.0,0.018830242510699,0.0,0.003708987161198288,1.0,0.863623395149786,0.0,0.07446504992867332,-0.9309988617897034,0.05841166029540554,0.1628347024141052,0.9352988805458446,0.0,384.87800890233905
42.1425907915,-70.7354300114,0,0.7149321266968326,0.5275320970042796,0.11312217194570136,0.05249643366619115,0.17194570135746606,0.41683309557774606,0.0,0.0014265335235378032,1.583710407239819,5.7549215406562055,34.05217361450195,1.7906670231735278,2.410073282895447,12.750716037032982,84.57855453422447,64.06367792989239
42.3399503321,-72.6524760577,1,0.2850678733031674,0.2621968616262482,0.0,0.14094151212553496,0.7058823529411765,0.5960057061340942,0.0,0.0,15.877828054298643,18.800855920114124,71.28961181640625,1.6404181610253874,1.324075135324495,8.491234623084878,250.3095964233373,15.846729584807985
42.1676981254,-70.7688159757,0,0.1493212669683258,0.3788873038516405,0.4660633484162896,0.21997146932952924,0.3257918552036199,0.3834522111269615,0.0,0.0,4.470588235294118,6.214265335235378,11.763873100280762,0.9920692396133551,1.3578117469582243,9.362132076330832,41.12574222315263,82.41434463571352
42.2993354797,-72.5186691284,0,1.0,0.9209700427960057,0.0,0.0017118402282453639,0.0,0.015977175463623396,0.0,0.0008559201141226819,0.0,0.31383737517831667,161.54518127441406,7.686790378167071,6.811363839487632,39.53416043296445,204.68076822762427,777.911555681463
42.63031,-73.187295,0,1.0,0.9980028530670471,0.0,0.0019971469329529245,0.0,0.0,0.0,0.0,0.0,0.0,752.8681030273438,15.115274643290398,14.53310816579172,119.47006425831496,674.9158685452538,17.073784284549713
42.3222846909,-71.4165992431,0,0.0,0.04736091298145506,0.0,0.04450784593437946,1.0,0.8924393723252496,0.0,0.015691868758915834,37.94117647058823,25.93552068473609,49.70407485961914,0.7213871102454864,1.2126549768308035,6.9291459454664865,295.01246415971457,2.2884937200249147
42.609115,-71.2751898,0,0.0,0.06219686162624822,0.3076923076923077,0.1303851640513552,0.6923076923076923,0.8,0.0,0.0,11.963800904977376,19.487874465049927,43.29313278198242,1.123804702583624,0.9443733706785298,6.262123674376541,181.41497754782486,47.252894872306534
41.4423290074,-70.5538580876,0,0.0,0.0362339514978602,0.05429864253393665,0.03937232524964337,0.3438914027149321,0.31326676176890156,0.38461538461538464,0.5540656205420827,7.099547511312217,5.31811697574893,-0.1522115021944046,0.4317625689632211,0.29248080359856643,2.1354223528494467,0.0,76.03202947918054
41.9819247054,-70.6904146016,0,0.0,0.035092724679029956,0.0,0.012268188302425107,0.5656108597285068,0.47960057061340944,0.4343891402714932,0.46790299572039945,37.68325791855204,21.46562054208274,3.489865303039551,1.5331275306918115,1.053859073805077,8.534726651453699,4.680474213595229,204.3196050962251
41.2793137143,-70.0466129556,0,0.7828054298642534,0.8171184022824537,0.09502262443438914,0.020256776034236805,0.08597285067873303,0.07132667617689016,0.0,0.0,0.8099547511312217,1.1061340941512126,14.447772026062012,1.4417131302874646,0.8645421011709149,3.7268679311332784,200.5297935406857,114.53943273028945
42.4334526062,-71.461151123,0,0.0,0.09443651925820257,0.004524886877828055,0.05563480741797432,0.995475113122172,0.8473609129814551,0.0,0.0025677603423680455,21.936651583710407,31.21169757489301,63.73908233642578,1.650264771849195,1.7558690493275675,10.663185410168017,206.01467380087178,22.31971626381859
42.3711699722,-71.2420989722,0,0.0,0.0019971469329529245,0.00904977375565611,0.00884450784593438,0.8823529411764706,0.9663338088445078,0.1085972850678733,0.02282453637660485,57.69683257918552,62.31640513552068,12.144925117492676,0.6253226714012956,1.084915821381701,4.705395796253032,1.8079190040166455,107.04449072525179
42.4414322671,-71.0972308873,0,0.37104072398190047,0.4205420827389444,0.058823529411764705,0.03452211126961484,0.31221719457013575,0.4664764621968616,0.24434389140271492,0.07617689015691868,14.199095022624434,20.746362339514977,45.57820129394531,0.6323126286939066,1.7083121795007246,8.027847115240768,23.79512262278581,78.85933703796368
42.2447583333,-70.9247583333,0,0.1085972850678733,0.09101283880171183,0.12217194570135746,0.1044222539229672,0.7239819004524887,0.578601997146933,0.03619909502262444,0.21283880171184022,31.90950226244344,30.690727532097004,6.576474666595459,0.7681005822568525,0.9997117439244629,4.519776714810457,186.88878021051025,13.920744794997677
42.6003339842,-72.7479477722,0,0.6153846153846154,0.637660485021398,0.0,0.0005706134094151213,0.26244343891402716,0.3035663338088445,0.0,0.0011412268188302425,2.6108597285067874,8.947218259629102,192.30215454101562,9.315490235063217,8.231904468977323,62.43472629520745,616.4537836730221,12.600430372639316
42.1083910953,-71.401153151,0,0.3755656108597285,0.2547788873038516,0.21266968325791855,0.19543509272467904,0.4117647058823529,0.5372325249643367,0.0,0.0,8.57918552036199,12.524679029957204,82.33265686035156,1.017581143617348,1.4242187222697762,9.035443729856928,9.068071071424532,22.448231084276795
42.38969589,-71.23238382,0,0.751131221719457,0.17774607703281028,0.0,0.020827389443651926,0.248868778280543,0.8011412268188303,0.0,0.0,6.95475113122172,28.356348074179742,48.63325500488281,3.5247863645238073,2.2977562933878195,17.15522691699202,127.98259042920961,153.0110631471786
42.4806133333,-73.2511883333,1,0.4841628959276018,0.22881597717546362,0.013574660633484163,0.05563480741797432,0.23076923076923078,0.6262482168330956,0.0,0.05534950071326676,10.615384615384615,18.1623395149786,345.73162841796875,1.868941449383939,2.0084230914119723,9.74463031946782,258.03014281654936,177.79126931656796
42.4484750028,-72.5485833333,0,0.665158371040724,0.6744650499286733,0.01809954751131222,0.010841654778887305,0.0,0.09243937232524964,0.0,0.0,0.0,2.8487874465049927,103.3502197265625,7.4689999793633355,6.596485914260509,54.64158055456251,17.16914698761355,447.8944796718421
42.2764271303,-73.0354685097,1,0.7737556561085973,0.7988587731811697,0.03167420814479638,0.12296718972895863,0.12217194570135746,0.06476462196861626,0.0,0.0048502139800285305,0.6742081447963801,0.3674750356633381,399.5629577636719,2.3170349438406492,3.2631809388692794,15.948480811073496,106.87341894172721,34.575107153120285
42.3158291663,-71.3371547086,0,0.15384615384615385,0.10699001426533523,0.07239819004524888,0.18630527817403708,0.7737556561085973,0.6958630527817403,0.0,0.010841654778887305,43.21266968325792,21.051069900142654,52.91564178466797,1.5177107440096433,0.8521919130177922,4.31778486415484,115.12826335074986,36.16988975710397
42.2401949722,-71.2343489722,0,0.7330316742081447,0.6022824536376605,0.26244343891402716,0.13922967189728958,0.004524886877828055,0.1962910128388017,0.0,0.05534950071326676,0.02262443438914027,3.652781740370899,70.78406524658203,1.5293219927634114,1.6075690156504572,9.453373710228988,29.75392265166305,14.866159347807066
42.6042002788,-71.6168197682,1,0.5701357466063348,0.572039942938659,0.31221719457013575,0.12724679029957203,0.11312217194570136,0.23195435092724678,0.0,0.002282453637660485,2.5475113122171944,4.5061340941512125,66.90100860595703,0.9941220199147782,1.2245881552103017,6.295516275499956,59.325519601715996,87.55367865558777
42.1246175802,-72.5988973181,1,0.12669683257918551,0.10071326676176891,0.15384615384615385,0.016262482168330955,0.6742081447963801,0.8716119828815977,0.04072398190045249,0.011126961483594865,15.927601809954751,37.918402282453634,49.20695495605469,1.9659456207021972,1.6658087669857344,13.693317992340761,91.30685603448457,119.49735941066992
42.55280823,-72.67846777,0,0.6153846153846154,0.7252496433666191,0.01809954751131222,0.010556348074179744,0.22171945701357465,0.08701854493580599,0.04072398190045249,0.02653352353780314,1.9728506787330318,0.7132667617689016,97.00692749023438,5.776772699105017,6.314615082522676,36.724215338147,189.53452369881543,56.428806433561476
42.0765557409,-70.7729588449,1,0.23076923076923078,0.2944365192582026,0.42081447963800905,0.279885877318117,0.34841628959276016,0.41626248216833095,0.0,0.0002853067047075606,5.3076923076923075,9.305563480741798,10.370623588562012,0.8503513154101052,1.006137058242844,6.294236111336597,54.10629037684704,129.24250125698978
42.390775,-71.196305,0,0.07692307692307693,0.08502139800285306,0.06334841628959276,0.03109843081312411,0.8597285067873304,0.8815977175463623,0.0,0.0005706134094151213,25.429864253393664,36.84251069900143,36.018043518066406,4.028856952762924,2.5638065895921893,18.81790117246593,24.69678812403725,18.59947025013764
42.30656788,-73.1387431,0,0.9004524886877828,0.7106990014265335,0.09954751131221719,0.0804564907275321,0.0,0.04022824536376605,0.0,0.16633380884450785,0.0,0.3537803138373752,568.0433349609375,3.2608226874428126,3.3482536179193976,30.505158418383342,202.20844865258022,569.8615905567266
42.8307261299,-70.8142531668,0,0.0,0.0,0.0,0.21854493580599144,0.0,0.09158345221112696,0.416289592760181,0.5052781740370899,0.0,5.892724679029957,1.9821205139160156,0.5587453355556348,0.286365916944129,1.3775925273320113,3.111417056820315,66.43908182826084
42.3682554568,-71.9887894794,1,0.5565610859728507,0.590299572039943,0.06334841628959276,0.15406562054208273,0.14479638009049775,0.11212553495007133,0.14027149321266968,0.06875891583452211,0.7194570135746606,1.6313837375178317,263.3714904785156,1.8640668546469357,2.8988573319272586,20.82821723828484,53.07482662520141,5.567770952444811
42.3228926932,-71.0829033931,0,0.0,0.0,0.0,0.0,1.0,1.0,0.0,0.0,64.28506787330316,64.15863052781741,25.43389129638672,0.8141300638153743,1.2882744570444709,8.622687677730529,1835.0927189063323,24.610341108336343
42.3362875717,-71.5785502642,0,0.22171945701357465,0.05420827389443652,0.058823529411764705,0.0550641940085592,0.7104072398190046,0.8359486447931527,0.00904977375565611,0.054778887303851644,32.80542986425339,37.54379457917261,117.2094497680664,2.6101401064670964,2.0850603252499313,11.854826258262898,29.29783998986201,22.02676288561903
42.1289928505,-72.4498602725,1,0.04072398190045249,0.20142653352353782,0.9276018099547512,0.4644793152639087,0.0,0.2855920114122682,0.0,0.0,0.0,5.159201141226819,75.01016235351562,0.3265440487985178,0.6804928140434797,3.583905920030753,59.97754697695301,540.8638811350093
42.0987055,-70.6134866667,0,0.0,0.0,0.0,0.0,0.0,0.0,1.0,1.0,0.0,0.0,0.0,1.6641286971421858e-06,0.012058153723557799,0.1321800642529572,0.0,2523.2062556718665
42.3444600442,-72.2350032613,1,0.42081447963800905,0.508416547788873,0.08144796380090498,0.20228245363766048,0.0,0.021968616262482168,0.0,0.0014265335235378032,0.0,0.19029957203994294,157.59185791015625,5.611563364789765,4.621411603395554,32.40978821762428,286.26701921390907,514.8240471337928
42.1885966354,-71.5039395243,0,0.4841628959276018,0.5780313837375178,0.3167420814479638,0.17774607703281028,0.18552036199095023,0.14208273894436518,0.004524886877828055,0.08673323823109844,2.3076923076923075,3.664764621968616,102.11917114257812,0.9332112540263504,1.8929406794189072,10.162753057296865,21.33301035845399,85.6108541903173
42.6524124146,-71.4560699463,1,0.3936651583710407,0.4596291012838802,0.02262443438914027,0.16062767475035664,0.583710407239819,0.34122681883024253,0.0,0.0005706134094151213,10.538461538461538,6.716119828815978,68.10607147216797,1.467749659505214,1.6170403524237682,10.15949757224679,258.9938950192942,100.53223096412887
42.3213305556,-72.2935444444,1,0.7692307692307693,0.5098430813124109,0.0,0.0,0.0,0.0,0.22171945701357465,0.4833095577746077,0.0,0.0,169.3119354248047,4.333701014468097,3.394223243790429,37.032559794388504,69.24950279632178,0.611840767299199
42.7962639767,-71.073504877,0,0.3574660633484163,0.17803138373751784,0.004524886877828055,0.05791726105563481,0.6334841628959276,0.6659058487874465,0.004524886877828055,0.09415121255349501,17.1131221719457,18.94151212553495,59.12483215332031,2.704773381730986,2.842229960535987,12.551545856612513,155.33124017381093,38.26244879485757
42.58624167,-71.50021333,1,0.1583710407239819,0.5229671897289586,0.25339366515837103,0.15121255349500715,0.5882352941176471,0.32125534950071327,0.0,0.003708987161198288,8.941176470588236,6.441654778887304,71.52440643310547,2.25160719611984,1.86255719605708,9.564876925605954,74.38353827447936,27.92723229220084
42.3775806446,-72.5311844277,0,0.19909502262443438,0.04621968616262482,0.04524886877828054,0.09472182596291012,0.755656108597285,0.7825962910128388,0.0,0.0,14.547511312217194,24.90670470756063,55.8917350769043,2.759888600278082,1.6521812823692037,17.580096491888884,764.7885744943671,90.43880310900109
42.7041249195,-72.8349320887,0,0.4751131221719457,0.6547788873038516,0.04072398190045249,0.02168330955777461,0.2171945701357466,0.11897289586305278,0.0,0.0,3.723981900452489,1.475320970042796,423.4259338378906,2.5782945246577467,4.769574607901213,24.752622033759867,1.760008856117851,63.26080700185285
42.48215,-71.39451,1,0.5203619909502263,0.5135520684736091,0.4796380090497738,0.19600570613409415,0.0,0.22881597717546362,0.0,0.005420827389443652,0.0,3.8827389443651925,58.35599899291992,3.5343764915642146,1.988142225407745,8.513367115218486,134.65991280683116,306.90163939227796
42.065175,-71.135025,0,0.3891402714932127,0.46904422253922967,0.2669683257918552,0.19400855920114124,0.3438914027149321,0.3332382310984308,0.0,0.0017118402282453639,4.624434389140271,6.409985734664764,72.16831970214844,0.370916963125725,0.7814299054306246,4.0316884833716875,107.62662016687428,35.664938598915505
42.3779916667,-72.4712833333,0,0.5927601809954751,0.7537803138373752,0.03619909502262444,0.03651925820256776,0.34841628959276016,0.1803138373751783,0.0,0.0,9.479638009049774,2.6145506419400855,101.88433074951172,3.289584728727691,4.149105531234183,29.810403370481726,100.01989094027019,45.079103215526644
42.4229995806,-71.144462903,0,0.049773755656108594,0.003708987161198288,0.00904977375565611,0.003138373751783167,0.497737556561086,0.8747503566333809,0.4434389140271493,0.1181169757489301,14.778280542986426,37.506990014265334,1.0994428396224976,0.8837880884917493,1.2070532297423997,5.784312587049136,3.7272930152788675,110.12621973393867
42.4976418786,-71.9040865268,0,1.0,0.8724679029957204,0.0,0.03965763195435093,0.0,0.04821683309557775,0.0,0.013694721825962911,0.0,0.43937232524964337,420.0901184082031,7.9013097688508696,6.300266567465041,50.49499990316061,292.42339209735763,4.172909363551268
42.5466783333,-71.2808833333,1,0.0,0.20285306704707562,0.0,0.12810271041369473,1.0,0.6356633380884451,0.0,0.03166904422253923,42.515837104072396,23.094436519258203,57.42694091796875,0.8439861264822297,1.5993263381800549,9.145230251823914,280.0630076750023,112.68947503713022
42.6246514717,-71.6050908938,1,0.12669683257918551,0.45763195435092724,0.06334841628959276,0.1383737517831669,0.0,0.14322396576319543,0.027149321266968326,0.03052781740370899,0.0,3.1586305278174036,62.078407287597656,0.19018795054421658,0.9563874889262127,7.990679485077178,21.623208671366257,12.707850599057094
42.354245,-71.56883333,0,0.22624434389140272,0.20970042796005706,0.08144796380090498,0.08559201141226819,0.6923076923076923,0.7047075606276747,0.0,0.0,14.923076923076923,22.44336661911555,138.2471160888672,2.1903453759268317,3.177272176409556,20.08068033736555,79.3788678062045,35.97101849659737
42.1672848686,-71.0975409123,1,0.02262443438914027,0.13751783166904422,0.35294117647058826,0.3680456490727532,0.6244343891402715,0.4938659058487874,0.0,0.0005706134094151213,13.515837104072398,13.207988587731812,52.09531784057617,0.8501430719266275,0.8059530319226842,5.90109814653041,109.83595257974733,10.209284556683032
42.4569154597,-71.6517789536,1,0.06334841628959276,0.09500713266761769,0.3665158371040724,0.45392296718972897,0.07239819004524888,0.105848787446505,0.0,0.0025677603423680455,0.6470588235294118,2.231954350927247,69.06816101074219,0.06968732647000278,0.9160011080854217,4.847976063791296,0.0,186.7501143350572
42.7906566062,-71.0634440114,0,0.3212669683257919,0.2721825962910128,0.0,0.0818830242510699,0.0,0.32553495007132666,0.6199095022624435,0.31098430813124106,0.0,8.76718972895863,37.669071197509766,2.2117537951327115,2.298904783596727,11.668636573170886,5.482501652313632,88.08012548057407
42.185173724,-71.6822040911,1,0.26244343891402716,0.3566333808844508,0.0,0.08787446504992867,0.49321266968325794,0.46904422253922967,0.0,0.018830242510699,7.366515837104072,12.121825962910128,136.1132354736328,4.780344866245153,2.9713872828158308,28.685603352673603,298.4743537734328,256.89839801153477
42.2450763091,-73.0613802131,0,0.4841628959276018,0.6490727532097005,0.0,0.09557774607703282,0.17194570135746606,0.16262482168330955,0.31221719457013575,0.08216833095577745,1.2760180995475112,2.2216833095577746,471.9743957519531,2.9390778858014377,3.0225721752413204,19.865695982548445,3.85225477050133,50.77272599752484
42.3748172108,-70.9695059639,0,0.0,0.0,0.013574660633484163,0.023965763195435093,0.4117647058823529,0.3711840228245364,0.2081447963800905,0.5592011412268189,33.751131221719454,21.143223965763195,3.1310770511627197,0.5766980661944028,0.6185639147057999,2.96336969682604,7.190717912453712,61.00272866046056
42.3512207691,-71.4884399904,0,0.2398190045248869,0.40855920114122685,0.20361990950226244,0.16405135520684735,0.2895927601809955,0.3617689015691869,0.25339366515837103,0.04079885877318117,10.868778280542987,14.575748930099858,71.93865966796875,0.9797821407252977,1.9205684583492109,8.455030701562604,56.9705373778067,16.74194803107647
42.4545777778,-71.193375,0,0.0,0.11440798858773181,0.0,0.037660485021398,1.0,0.8470756062767475,0.0,0.0,33.52036199095023,23.013124108416548,53.75938034057617,1.808036564731834,1.6606094953133035,9.164971508121097,107.56802164062184,36.058798928603494
42.134550631,-72.2423125058,1,0.27149321266968324,0.8893009985734665,0.05429864253393665,0.0034236804564907277,0.22624434389140272,0.048787446504992865,0.0,0.0,1.914027149321267,0.36547788873038517,263.3125915527344,4.025666169729976,6.676236006905389,38.43889479450776,162.1745421861736,4.572879891946539
42.3931250632,-72.5363224266,1,0.12669683257918551,0.06533523537803139,0.1583710407239819,0.09158345221112696,0.7149321266968326,0.5580599144079886,0.0,0.0002853067047075606,30.95475113122172,25.041084165477887,46.64040756225586,0.9862993616846555,0.9744550063566768,8.964653781336496,215.27807599685775,58.20392161389928
42.7369383333,-71.2199866667,1,0.13122171945701358,0.11640513552068474,0.1493212669683258,0.22938659058487876,0.7194570135746606,0.6365192582025677,0.0,0.0014265335235378032,14.90950226244344,16.785164051355206,42.47397994995117,2.6901892264774254,1.0650871522197534,6.108036599648924,109.21253129800141,14.802776976568639
42.41037,-71.1497638333,0,0.0,0.0011412268188302425,0.0,0.0002853067047075606,0.6380090497737556,0.8833095577746077,0.36199095022624433,0.11440798858773181,35.6289592760181,49.02910128388017,6.848251819610596,0.9228666123531709,0.9538889870032676,5.717160912732887,2.7236099648772205,64.22634183884855
41.9234353587,-70.6087041128,0,0.04072398190045249,0.4194008559201141,0.45248868778280543,0.15634807417974322,0.06787330316742081,0.1774607703281027,0.0,0.020542082738944364,0.7285067873303167,2.060485021398003,6.245184898376465,0.9084446713322536,2.4821654203777688,15.935845049149743,74.1045209917442,186.40913266916064
42.6043503203,-71.6174795916,1,0.6199095022624435,0.5651925820256776,0.31221719457013575,0.12582025677603423,0.06334841628959276,0.23737517831669044,0.0,0.0025677603423680455,1.6244343891402715,4.649643366619116,68.63092041015625,1.5709007270815705,1.3451894336097086,8.34742910496147,3.562374726761266,143.65133462472204
42.2577833333,-71.0044027778,0,0.0,0.005706134094151213,0.0,0.054778887303851644,1.0,0.9195435092724679,0.0,0.017974322396576318,54.05882352941177,49.46390870185449,7.1414618492126465,0.7641037484471246,1.221565780667673,8.177579350108243,134.08230962533625,6.698510755617829
42.041236048,-71.7622719805,0,0.8552036199095022,0.7483594864479315,0.00904977375565611,0.06932952924393723,0.13574660633484162,0.0818830242510699,0.0,0.08388017118402283,0.7285067873303167,0.8927246790299572,217.88772583007812,1.9794795170607544,1.985311524706866,11.00490741278093,428.1479596024691,31.656205217214453
42.332207,-72.537224,1,0.7782805429864253,0.3629101283880171,0.167420814479638,0.05791726105563481,0.00904977375565611,0.24251069900142652,0.0,0.0,0.2171945701357466,4.877318116975749,54.60030746459961,1.6502385242264717,1.3190996980081537,10.305311437953886,33.28606985149273,265.3825279400549
42.2088643628,-73.3853472769,0,0.334841628959276,0.3874465049928673,0.10407239819004525,0.13808844507845935,0.33031674208144796,0.14322396576319543,0.04072398190045249,0.0025677603423680455,6.742081447963801,3.2302425106990014,228.8127899169922,1.9649659115134297,2.7119608281834466,18.309213207111394,11.676697922472416,15.258223644350974
42.6532056721,-71.0130015676,0,0.35294117647058826,0.5651925820256776,0.43891402714932126,0.2776034236804565,0.2081447963800905,0.14179743223965763,0.0,0.003138373751783167,2.3031674208144794,1.981740370898716,34.63564682006836,1.0243535597980393,0.9135072221779796,5.290153969409808,64.15408030601019,26.76216554778116
42.0474124511,-72.5960237271,0,0.0,0.10242510699001427,0.3665158371040724,0.336376604850214,0.0,0.21455064194008558,0.0,0.17660485021398004,0.0,3.421968616262482,15.549386024475098,0.04354836594340869,0.7944273269314771,6.217377179339261,212.33311878218032,206.368096418257
42.6375361111,-71.1081916667,0,0.35294117647058826,0.451925820256776,0.14479638009049775,0.23309557774607703,0.004524886877828055,0.2499286733238231,0.0,0.0,0.05429864253393665,3.343509272467903,90.73822784423828,4.508998045679159,2.304376698305099,14.271289700420457,292.7155815257828,217.49072436261588
41.7379897835,-70.6790630741,0,0.25339366515837103,0.29158345221112697,0.06334841628959276,0.2051355206847361,0.6832579185520362,0.3044222539229672,0.0,0.14379457917261054,15.515837104072398,6.720970042796005,5.438007354736328,0.36247120797388743,0.8417079135892155,4.841976094808933,138.9249451049864,33.882375535012606
42.2773895264,-70.9539489746,0,0.0,0.0,0.027149321266968326,0.0068473609129814554,0.3076923076923077,0.1463623395149786,0.6108597285067874,0.8410841654778888,16.266968325791854,8.01997146932953,4.005850315093994,1.4589147670876845,0.43797425900418263,2.839907336602199,10.927706726000848,12.015439695653045
42.5014006876,-71.5043674357,1,0.4479638009049774,0.6422253922967189,0.26244343891402716,0.15178316690442226,0.27149321266968324,0.20171184022824537,0.0,0.0,4.131221719457014,2.924679029957204,80.80952453613281,2.440868180260925,2.0210154738732595,15.283098956858222,90.7437124211613,9.204088968079283
41.6540397778,-70.9959081057,0,0.03619909502262444,0.15834522111269614,0.00904977375565611,0.19600570613409415,0.9547511312217195,0.6276747503566333,0.0,0.0,26.823529411764707,20.48873038516405,36.864524841308594,1.2356166631846288,0.9301628735183904,7.278772690745336,51.99528809550919,14.019019581730458
42.2189967123,-71.5691066322,1,0.5927601809954751,0.5460770328102711,0.0,0.055920114122681885,0.4072398190045249,0.2088445078459344,0.0,0.1817403708987161,5.864253393665158,4.011982881597717,133.4332733154297,3.2780851366767223,2.55752946785775,17.090185810616696,408.05430309554555,98.86732699305388
41.72812,-70.514345,0,0.6923076923076923,0.8741797432239657,0.004524886877828055,0.0002853067047075606,0.0,0.06790299572039943,0.0,0.0,0.0,1.639657631954351,59.94577407836914,0.3964254680873595,1.0376878329948096,4.483141719640196,175.22073818351103,263.2004840318452
41.696233819,-69.9686282277,0,0.04524886877828054,0.016547788873038517,0.48868778280542985,0.10470756062767475,0.46153846153846156,0.8633380884450784,0.004524886877828055,0.015406562054208274,13.83710407239819,28.61312410841655,5.163132667541504,1.409738337316413,1.2895807312298218,5.980965978176636,9.110307533390529,97.77133265002642
42.289709,-73.316119,0,0.20361990950226244,0.19657631954350926,0.0,0.19971469329529243,0.502262443438914,0.468188302425107,0.0,0.0002853067047075606,5.1855203619909505,7.190870185449358,273.0372009277344,6.281703255058417,2.481438788552732,23.6144288417395,504.7735808616888,36.69967552644268
42.3063230559,-71.810528487,0,0.0,0.014265335235378032,0.0,0.005135520684736091,1.0,0.8453637660485022,0.0,0.13380884450784594,40.13574660633484,42.01854493580599,184.2147674560547,4.53750175468649,2.8002370363855387,15.553632338193417,374.3264755984572,6.189237051881989
42.7999283333,-70.8597333333,1,0.0,0.05877318116975749,0.0,0.026818830242510697,1.0,0.7209700427960057,0.0,0.1115549215406562,26.41176470588235,20.543509272467904,9.303155899047852,0.6817192455151896,0.80555379757564,5.302988899884409,16.10071032597278,30.591673893314407
41.7407254978,-71.1993648282,0,0.08597285067873303,0.1500713266761769,0.3212669683257919,0.16918687589158346,0.4343891402714932,0.5589158345221112,0.12669683257918551,0.11383737517831669,8.995475113122172,22.022253922967188,6.669209003448486,0.9490881099039795,0.8528550298200204,3.574767754613869,82.27376511473908,128.86183626918373
42.2680629722,-71.799087,0,0.0,0.003138373751783167,0.0,0.0,1.0,0.9968616262482168,0.0,0.0,83.60180995475113,74.50784593437946,142.4879913330078,2.051707206738795,1.9862098971676678,10.796126287145748,626.6307310211071,24.530620015043702
42.6151484417,-71.2109709255,0,0.08597285067873303,0.23052781740370898,0.3574660633484163,0.19315263908701855,0.1493212669683258,0.41683309557774606,0.0,0.0,7.529411764705882,13.849358059914408,29.17270278930664,0.5167815123922368,0.9015872455842295,4.221291451896861,18.150681933212443,158.47149684725113
42.6565444444,-70.6637805556,0,0.7963800904977375,0.5723252496433666,0.09049773755656108,0.09814550641940085,0.11312217194570136,0.2710413694721826,0.0,0.05164051355206847,1.407239819004525,3.899857346647646,27.422080993652344,1.6933132149030354,2.0173988454829472,11.95760359140657,198.6547994277487,125.52386749687074
42.6865121454,-73.1573667983,0,0.6153846153846154,0.7917261055634808,0.027149321266968326,0.009700427960057061,0.11764705882352941,0.10014265335235378,0.22171945701357465,0.05877318116975749,2.0995475113122173,2.0607703281027105,314.11505126953125,3.7749017954711883,9.710746216377677,77.12113964272896,4.994311908246738,108.8815899134555
42.4506766667,-71.1222533333,0,0.9230769230769231,0.48502139800285304,0.07692307692307693,0.009700427960057061,0.0,0.34465049928673325,0.0,0.15121255349500715,0.0,8.548930099857346,62.28908157348633,1.8711848319907973,2.5333195110317392,14.292597572657472,80.57110295320811,108.20991537299672
42.5141431193,-71.1596726999,1,0.0,0.07960057061340942,0.0,0.06790299572039943,1.0,0.839657631954351,0.0,0.00912981455064194,35.42081447963801,29.240798858773182,30.727012634277344,0.9233264821371358,1.3377418656766158,6.317029519850672,50.386537054848056,15.01082920386997
42.4756410045,-71.9185075625,1,0.5475113122171946,0.6368045649072753,0.3891402714932127,0.31440798858773183,0.058823529411764705,0.015406562054208274,0.0,0.005991440798858773,0.3891402714932127,0.11184022824536377,332.4581604003906,1.1759732389944815,1.8548532665549242,11.99360188379856,85.63467414567245,11.673418334775791
42.1313055,-72.5478883333,0,0.0,0.05848787446504993,0.0,0.08302425106990015,1.0,0.8542082738944365,0.0,0.002282453637660485,62.99547511312217,42.26533523537803,65.07203674316406,0.3129629982043766,0.3269346305036839,1.4170835951061769,310.66459623139787,55.08264280283619
42.4939902242,-71.3646466721,1,0.497737556561086,0.5152639087018545,0.1085972850678733,0.23880171184022825,0.004524886877828055,0.16490727532097005,0.3755656108597285,0.03052781740370899,0.14479638009049775,3.4151212553495007,60.96745300292969,1.641392605694293,1.3916187786529957,9.10911921928801,0.0,295.27618338101564
42.3019154882,-72.42908746,1,0.18099547511312217,0.31554921540656206,0.26244343891402716,0.26134094151212556,0.5520361990950227,0.3029957203994294,0.0,0.061626248216833095,11.02262443438914,6.738944365192582,94.691162109375,0.36130615752726875,2.17778556485096,13.795104298669099,92.95399582466187,23.94136858299084
42.3535599629,-71.4254021711,0,0.2986425339366516,0.21426533523537802,0.6923076923076923,0.3007132667617689,0.0,0.4542082738944365,0.0,0.0,0.0,13.345791726105563,38.53150939941406,0.2810827594778758,1.2502548026728326,8.130449419595514,0.0,334.3599529378715
42.5809666692,-72.4856777117,1,0.5927601809954751,0.5406562054208274,0.0,0.028530670470756064,0.4072398190045249,0.4165477888730385,0.0,0.008273894436519259,11.828054298642535,12.536091298145507,141.6474609375,8.720035742391518,6.703473049646298,41.54622692292851,260.56937838363103,16.561570573292276
42.7008383333,-71.2037283333,0,0.01809954751131222,0.04907275320970043,0.0,0.039942938659058486,0.7013574660633484,0.7686162624821683,0.28054298642533937,0.1335235378031384,26.809954751131222,34.31640513552068,15.62051773071289,0.8454825575724964,1.3029877003495234,8.436856535451245,89.60196236922529,0.26629413731281626
41.71003,-69.9448616667,0,0.0,0.0005706134094151213,0.0,0.038231098430813126,0.0,0.08302425106990015,1.0,0.7880171184022825,0.0,1.5452211126961484,-0.4730224013328552,0.015251614941266875,0.27311555662354947,2.1933159353703635,0.0,580.5168294403691
42.5076645004,-71.3275113795,1,0.5113122171945701,0.4964336661911555,0.08597285067873303,0.192867332382311,0.3936651583710407,0.22853067047075606,0.0,0.02767475035663338,4.742081447963801,3.3566333808844506,50.38051223754883,1.4439595664769773,1.2053425167998706,10.266560130675433,358.956032964444,150.33529102835422
42.3046885617,-71.1815627106,0,0.0,0.04907275320970043,0.0,0.05392296718972896,1.0,0.8970042796005706,0.0,0.0,31.18099547511312,25.17089871611983,53.911224365234375,3.2758375562612705,2.0638087945288826,8.530490524830983,843.905857523768,34.21998415184294
42.24058301,-71.96349504,0,0.5610859728506787,0.5908701854493581,0.013574660633484163,0.27075606276747505,0.04524886877828054,0.06990014265335236,0.0,0.016262482168330955,0.8914027149321267,0.8584878744650499,296.7184143066406,3.7469451543673205,1.9516904299985163,9.785066720431349,151.7941080134226,217.6272593935331
42.44482,-71.6303866667,1,0.4253393665158371,0.42910128388017116,0.1085972850678733,0.06504992867332382,0.2579185520361991,0.27018544935805994,0.0,0.0,5.049773755656108,6.598002853067047,128.2171630859375,2.5866869077405044,2.5154227625767507,20.220869622493264,0.9179324116898347,150.35149895979777
42.4361666667,-71.4463283333,1,0.04524886877828054,0.06390870185449359,0.3212669683257919,0.03566333808844508,0.6334841628959276,0.8858773181169758,0.0,0.014265335235378032,22.30316742081448,31.11783166904422,49.264183044433594,1.4310438615453303,1.3857812619045224,6.278079884390667,18.45647438671655,86.45345558254341
42.408895,-71.2164916667,0,0.09954751131221719,0.19657631954350926,0.39819004524886875,0.16975748930099857,0.502262443438914,0.6308131241084165,0.0,0.0014265335235378032,12.936651583710407,18.493865905848786,67.54520416259766,1.8496034641095076,2.224230898561417,13.678387758064218,14.245036746675128,157.4306424271115
42.3055591064,-72.2333373418,1,0.7737556561085973,0.6944365192582026,0.004524886877828055,0.10556348074179743,0.15384615384615385,0.06619115549215407,0.0,0.038231098430813126,1.3891402714932126,1.1417974322396576,174.29981994628906,7.8740778985495865,5.023347738789991,46.53009920284982,78.16502969472722,79.04587349440197
41.2784614563,-70.0247192383,0,0.3031674208144796,0.4810271041369472,0.0,0.052781740370898715,0.08597285067873303,0.041940085592011414,0.0,0.03737517831669044,0.9864253393665159,0.4970042796005706,15.807485580444336,0.7057611467141895,0.794655606049918,3.5009354762884928,485.9164029316501,3.0806904998661797
42.40328333,-71.61762167,0,0.5701357466063348,0.41683309557774606,0.3167420814479638,0.29529243937232524,0.1085972850678733,0.1557774607703281,0.0,0.0,1.751131221719457,3.4912981455064194,110.0222396850586,1.269009088311934,1.5269457863223197,9.752010357089672,139.9337682102823,0.41466896300094647
41.7454571137,-70.4682757793,0,0.10407239819004525,0.41055634807417973,0.334841628959276,0.1817403708987161,0.4751131221719457,0.37089871611982883,0.00904977375565611,0.005706134094151213,5.710407239819005,5.673894436519258,9.557938575744629,1.3966622473940742,2.1182253875171857,15.989378060086608,18.424124792777487,39.66353004525346
41.92913,-70.626305,0,0.497737556561086,0.4037089871611983,0.0,0.10841654778887304,0.502262443438914,0.3880171184022825,0.0,0.020827389443651926,6.366515837104072,8.41398002853067,30.023223876953125,1.2285251837026323,1.4914838820856096,9.527111555873901,575.8274929112414,34.612763024984446
42.2226179896,-72.6084145739,0,0.049773755656108594,0.09386590584878744,0.058823529411764705,0.09015691868758915,0.5384615384615384,0.5614835948644793,0.35294117647058826,0.24907275320970043,18.402714932126695,14.13437945791726,32.97077178955078,1.5053572873705925,2.0452425121072437,12.011744477491403,86.48484941806022,5.284169812791854
41.9879458025,-71.3608678803,0,0.7375565610859729,0.5007132667617689,0.13122171945701358,0.08873038516405135,0.0,0.21426533523537802,0.0,0.0,0.0,4.345506419400856,92.69796752929688,0.8028054406252286,1.0464192696941947,6.791871794149983,6.060543870840177,419.8890206343499
42.2106847562,-72.5982706695,0,0.0,0.0002853067047075606,0.03619909502262444,0.013694721825962911,0.746606334841629,0.8159771754636234,0.2081447963800905,0.1651925820256776,45.49321266968326,47.02767475035663,18.18085479736328,0.9034638311951275,1.7704385987739457,7.667364104916672,3.4884893064836175,13.290307400810129
42.3492035747,-71.1445750827,0,0.0,0.0,0.0,0.0,1.0,1.0,0.0,0.0,65.2081447963801,69.0262482168331,33.82442092895508,3.2798577119585755,1.855439931723325,15.167820697945862,1356.5069983208834,24.037642018558476
42.4957661358,-73.17463696,0,0.9366515837104072,0.9697574893009986,0.06334841628959276,0.021968616262482168,0.0,0.0,0.0,0.0,0.0,0.0,523.5647583007812,3.870946099141724,6.869712502967624,48.133945866265606,451.8866374939625,1184.720872133237
42.681572,-72.471963,1,0.049773755656108594,0.23937232524964336,0.167420814479638,0.1209700427960057,0.14027149321266968,0.10955777460770329,0.4298642533936652,0.15463623395149786,3.5384615384615383,2.253352353780314,58.432186126708984,0.8300440404827009,2.0705129375194993,11.128471337343349,1.4158770482634477,51.87521467999292
42.2168407642,-70.794717595,0,0.22624434389140272,0.45534950071326674,0.47058823529411764,0.17860199714693295,0.3031674208144796,0.36405135520684734,0.0,0.0,7.619909502262443,9.167760342368046,10.289946556091309,0.867927989578176,1.312435973886166,6.323604425534709,72.09831814428017,0.655530727525161
42.0248428458,-70.9160572633,0,0.1493212669683258,0.30271041369472185,0.4751131221719457,0.34065620542082736,0.334841628959276,0.29871611982881596,0.0,0.0011412268188302425,5.909502262443439,5.8179743223965765,14.155045509338379,0.16969061730544863,0.34409257291213596,1.778180668245085,11.328480610772464,145.51494937001607
42.8073366667,-70.9730133333,1,0.5520361990950227,0.47902995720399427,0.027149321266968326,0.13666191155492155,0.31221719457013575,0.17631954350927248,0.0,0.019971469329529243,4.176470588235294,3.3420827389443652,38.703346252441406,3.178576224248098,2.182762329031769,9.841857827166196,300.0804350051958,75.84016907985958
42.6082270761,-71.4410937119,1,0.2081447963800905,0.3980028530670471,0.09049773755656108,0.12211126961483595,0.7013574660633484,0.42853067047075605,0.0,0.037089871611982884,13.570135746606335,8.196861626248216,59.248443603515625,1.138302400090458,1.2210329484362423,5.796699091895089,238.28684309080012,21.425568186297085
42.6989861111,-73.2262583333,0,0.27149321266968324,0.722111269614836,0.0,0.005135520684736091,0.18099547511312217,0.07617689015691868,0.0,0.0,4.285067873303167,1.272182596291013,238.24398803710938,7.52003860642067,7.694450670218032,46.49595678870106,139.77348524240173,74.63085127954892
42.2863166667,-72.3087,1,0.9411764705882353,0.8231098430813124,0.03167420814479638,0.10299572039942939,0.027149321266968326,0.050784593437945794,0.0,0.0042796005706134095,0.13122171945701358,0.6981455064194009,150.86451721191406,3.6649668694389663,3.7387734603654983,27.082565362722363,107.70659568890899,1.0224126061776857
42.2625482496,-71.976339134,0,0.3665158371040724,0.5860199714693295,0.10407239819004525,0.04964336661911555,0.3574660633484163,0.21854493580599144,0.0,0.029957203994293864,8.271493212669684,3.7922967189728958,310.5352478027344,2.593954265977408,3.412096090032253,21.760870039582812,426.723114061368,1.3043105453000992
42.6718783333,-72.6418966667,0,0.9230769230769231,0.8322396576319544,0.07692307692307693,0.017118402282453638,0.0,0.027960057061340943,0.0,0.0002853067047075606,0.0,0.17660485021398004,128.3455047607422,6.776978703239683,8.395140569097444,43.03796009523433,0.0,42.430202430488855
42.2305883333,-71.7732116667,0,0.9140271493212669,0.48302425106990016,0.08597285067873303,0.1087018544935806,0.0,0.407132667617689,0.0,0.0002853067047075606,0.0,14.493295292439372,158.36241149902344,3.6596415342010196,2.9298564976140686,13.864156294005381,73.8538233577222,283.6441862998548
42.4194141863,-70.9063063005,0,0.12669683257918551,0.007988587731811698,0.09502262443438914,0.03965763195435093,0.3891402714932127,0.18601997146932953,0.26244343891402716,0.7497860199714693,11.67420814479638,4.885877318116976,7.273235321044922,1.1361868405498028,0.5649475992858202,3.5079234206580607,44.057473091189564,31.75994461619387
42.5884868985,-71.1123722792,0,0.03167420814479638,0.047075606276747506,0.0,0.150641940085592,0.9683257918552036,0.795435092724679,0.0,0.0068473609129814554,21.56561085972851,19.601426533523536,36.37959289550781,1.335939674176854,1.1372459324528414,6.729042123648691,363.9175561726864,26.893524658326985
41.760726641,-70.1135105175,0,0.0,0.05734664764621969,0.497737556561086,0.2907275320970043,0.19457013574660634,0.17375178316690443,0.07692307692307693,0.4148359486447932,5.085972850678733,4.34978601997147,1.7663822174072266,0.7186694031369395,0.4708335266139198,2.876372740562897,28.846886601657967,8.880502049060336
42.3049812317,-71.1407394409,0,0.0,0.09843081312410841,0.0,0.00884450784593438,1.0,0.8921540656205421,0.0,0.0005706134094151213,13.176470588235293,20.82082738944365,68.21912384033203,3.221195020389045,1.7979300442437403,9.45927939235892,84.27443527847807,2.518571726936184
42.45945,-71.0719695,0,0.0,0.04821683309557775,0.0,0.0,1.0,0.9286733238231099,0.0,0.02310984308131241,44.918552036199095,42.51184022824536,24.836563110351562,1.335228312195181,1.6624580335075625,10.318080914544009,307.33740109974104,7.979061897451472
42.315497,-72.4760739722,0,0.4479638009049774,0.6504992867332382,0.03619909502262444,0.1557774607703281,0.36199095022624433,0.10756062767475036,0.0,0.0,5.542986425339366,1.568901569186876,68.33541870117188,3.16371355296369,3.762996008629108,34.40039429728405,368.9260734796461,4.858403841965289
41.3391084611,-70.7265806816,0,0.0,0.14436519258202568,0.10407239819004525,0.06019971469329529,0.0,0.06818830242510698,0.46153846153846156,0.49072753209700426,0.0,1.0599144079885878,0.24636003375053406,0.7689350416992643,0.912470844894078,7.560087845029205,11.375632003503616,100.27779692189591
41.6081555556,-70.6098388889,0,0.669683257918552,0.4701854493580599,0.03167420814479638,0.0019971469329529245,0.13122171945701358,0.35320970042796007,0.0,0.0008559201141226819,4.1945701357466065,12.827674750356634,45.4998664855957,2.808138089535501,1.7799522119091518,9.072879716828231,1026.1266662538878,156.95463599024393
42.4070181046,-71.1217621063,0,0.0,0.0,0.0,0.0,1.0,1.0,0.0,0.0,50.60180995475113,65.64279600570613,31.056236267089844,2.3007949467297237,1.587492087874537,7.5571333202870346,893.6656643537988,3.4394043551995463
42.07341986,-71.1806509999,0,0.5927601809954751,0.5235378031383737,0.13122171945701358,0.23423680456490728,0.27601809954751133,0.2405135520684736,0.0,0.0002853067047075606,4.986425339366516,4.30413694721826,76.11114501953125,0.8578318108534182,1.175291509680265,5.724090051715553,198.38339189076123,4.507444475085953
41.2850883333,-70.0513445,0,0.8778280542986425,0.6005706134094151,0.0,0.06619115549215407,0.11312217194570136,0.26191155492154067,0.0,0.0014265335235378032,1.5203619909502262,5.061626248216833,18.851476669311523,1.0375177600816916,1.0427247443867835,5.159970987702977,493.96409735864125,3.783719175259596
42.1997259332,-71.895732543,1,0.19909502262443438,0.5266761768901569,0.12669683257918551,0.07902995720399429,0.669683257918552,0.279885877318117,0.0,0.016833095577746076,13.384615384615385,8.086733238231098,248.0279998779297,2.1535525055234626,2.4164681241733197,13.19578818567455,114.00477849213216,24.96356965966655
42.4214666735,-72.4219028406,0,0.7737556561085973,0.8912981455064194,0.04524886877828054,0.026818830242510697,0.167420814479638,0.06790299572039943,0.0,0.0005706134094151213,1.167420814479638,0.6333808844507846,354.4056396484375,2.5225925954166444,2.8188816669660803,12.819486204406914,97.8448830646089,12.465870029130539
42.0721888508,-71.0995729157,0,0.21266968325791855,0.24079885877318116,0.23529411764705882,0.12325249643366619,0.4660633484162896,0.5894436519258203,0.04072398190045249,0.023965763195435093,7.076923076923077,14.680171184022825,39.86989974975586,0.7816682038717194,0.9088075948793015,4.046629548152575,40.91352566445257,103.2293365026434
42.3725716667,-71.466775,0,0.40271493212669685,0.6502139800285307,0.5656108597285068,0.23594864479315264,0.03167420814479638,0.09186875891583453,0.0,0.00884450784593438,0.6244343891402715,1.2242510699001428,49.694400787353516,0.6532467025488283,1.173471138357499,7.046693539914101,18.277033701560093,254.48850718773542
42.41385,-71.51072,1,0.46153846153846156,0.46162624821683307,0.02262443438914027,0.1166904422253923,0.43891402714932126,0.2918687589158345,0.004524886877828055,0.0282453637660485,6.900452488687783,4.02111269614836,61.461605072021484,2.873192202856971,2.3550958850558006,12.920847106381764,118.0797179634653,34.69614893120835
42.3813805782,-71.5748692676,0,0.027149321266968326,0.10784593437945791,0.00904977375565611,0.05306704707560628,0.9592760180995475,0.8293865905848787,0.004524886877828055,0.009700427960057061,25.520361990950228,27.78944365192582,78.3124771118164,2.4523904574726783,2.321774080771934,15.099226078156045,151.5686450253804,40.48254974105823
42.2197889351,-73.4294747283,0,0.4072398190045249,0.559771754636234,0.08144796380090498,0.11412268188302425,0.2986425339366516,0.09101283880171183,0.0,0.0,3.5475113122171944,0.9007132667617689,279.091796875,2.2096687938165065,2.26755290527352,13.771064784942244,224.91750756916556,56.21111733559069
42.6395,-71.21262167,0,0.4751131221719457,0.25392296718972895,0.058823529411764705,0.09757489300998573,0.45701357466063347,0.590299572039943,0.0,0.054778887303851644,7.135746606334842,10.471611982881598,59.71121597290039,1.936131552009662,1.7177346277606977,9.374372228131925,47.00381395981367,70.86024216583532
42.0892813794,-70.6683817368,0,0.0,0.04821683309557775,0.6470588235294118,0.7238231098430813,0.0,0.056776034236804565,0.0,0.05021398002853067,0.0,1.4459343794579174,0.5116711258888245,0.10735108426356448,0.16598880921587714,0.6478384977833314,184.64624003177792,924.603467687941
41.7363141669,-70.2366045734,0,0.0,0.0,0.0,0.07674750356633381,0.0,0.002282453637660485,1.0,0.8125534950071327,0.0,0.1115549215406562,-0.5235856175422668,0.1536486255699911,0.20189523599265594,1.1049914073080898,0.0,472.3532588462392
42.57016167,-70.819695,0,0.2669683257918552,0.5138373751783167,0.26244343891402716,0.12410841654778887,0.47058823529411764,0.35805991440798857,0.0,0.0,9.828054298642535,7.826818830242511,12.132472038269043,1.847445289604772,1.4704842668962348,7.435014607391433,32.734509321449906,114.35254057057693
42.4681416667,-70.8883027778,0,0.0,0.0008559201141226819,0.09502262443438914,0.04736091298145506,0.583710407239819,0.48730385164051354,0.2895927601809955,0.44764621968616264,19.339366515837103,16.694436519258204,4.702641010284424,1.5764984872491317,0.877957676538757,6.177467324538878,22.174969436970585,15.989208629895717
42.0423122551,-71.4760959148,1,0.14027149321266968,0.2216833095577746,0.17647058823529413,0.22738944365192582,0.665158371040724,0.4978601997146933,0.0,0.002282453637660485,17.619909502262445,12.605991440798858,67.0457992553711,1.2083391656124283,1.5283900287102334,12.048782764674897,226.1487598958752,22.528118852130145
42.2553210048,-71.3398073373,1,0.2850678733031674,0.32781740370898715,0.2398190045248869,0.2721825962910128,0.334841628959276,0.33723252496433664,0.0,0.0011412268188302425,5.276018099547511,5.933808844507846,45.20825958251953,0.9321654261450423,1.2442933267429894,5.271682230864523,152.5178074625491,112.59326279969842
42.0806272,-71.6216256,0,0.004524886877828055,0.07446504992867332,0.2171945701357466,0.33666191155492153,0.7782805429864253,0.5754636233951498,0.0,0.0017118402282453639,28.289592760180994,18.798573466476462,69.70463562011719,0.9198361215958035,1.0372584355122456,4.636445567784448,79.93512506822394,16.537031805781563
41.3678786796,-70.6665225573,0,0.10407239819004525,0.456490727532097,0.08597285067873303,0.039942938659058486,0.013574660633484163,0.0442225392296719,0.5158371040723982,0.16576319543509271,0.13574660633484162,0.6199714693295293,0.7719365954399109,0.6963356987249248,0.49344372772775413,2.506553962516007,0.0,214.7523153239686
42.7045116661,-71.0255805,0,0.4660633484162896,0.6068473609129814,0.18099547511312217,0.18887303851640513,0.35294117647058826,0.18231098430813125,0.0,0.012268188302425107,2.484162895927602,1.6664764621968615,44.57286834716797,2.5440757402425302,2.5109633091564985,13.331505667789987,62.794377655696884,60.04337772757673
42.1907055556,-71.4443388889,1,0.3438914027149321,0.38773181169757487,0.2669683257918552,0.16062767475035664,0.3891402714932127,0.45106990014265336,0.0,0.0,6.122171945701357,8.85848787446505,78.14151763916016,1.8795891348853695,1.7761421370714623,13.672890380513046,124.39524864767849,24.778134470253004
42.4933635952,-71.3704928754,1,0.3031674208144796,0.36119828815977173,0.36199095022624433,0.2990014265335235,0.2895927601809955,0.20228245363766048,0.04524886877828054,0.03109843081312411,6.981900452488688,3.963480741797432,55.662479400634766,1.210620562784773,1.2803514045030842,9.09713563457711,17.367263240841957,27.184773125980236
42.355034924,-72.2299462566,1,0.2398190045248869,0.5800285306704708,0.4343891402714932,0.19514978601997146,0.0,0.003708987161198288,0.0,0.0002853067047075606,0.0,0.05820256776034237,150.7995147705078,2.9957556867364143,4.083492268105814,23.210116328332262,36.50738679698727,69.49899288734366
42.078275,-72.5917366667,0,0.004524886877828055,0.06647646219686162,0.02262443438914027,0.09415121255349501,0.9728506787330317,0.609129814550642,0.0,0.2174037089871612,32.66968325791855,20.825106990014266,21.94864845275879,0.49994429679179464,1.1704857233411838,5.622844370748166,402.15972043385227,6.573504939309314
42.5036463903,-71.6344588995,1,0.19909502262443438,0.20427960057061342,0.5248868778280543,0.43880171184022826,0.12669683257918551,0.034807417974322394,0.00904977375565611,0.013694721825962911,3.2986425339366514,0.9768901569186876,69.7850570678711,1.7476107068165194,1.2363497365865344,9.396789210204894,0.6580878164609673,86.33804627985569
41.3438531166,-70.7400792384,0,0.11312217194570136,0.4776034236804565,0.0,0.16062767475035664,0.16289592760180996,0.14465049928673324,0.0,0.008559201141226819,2.506787330316742,2.4730385164051354,27.371992111206055,2.103599874404361,1.8996630247022699,13.218010214324122,23.808135921257836,69.9612388446911
42.1828527778,-73.092575,1,0.755656108597285,0.7164051355206847,0.03167420814479638,0.09015691868758915,0.06334841628959276,0.15834522111269614,0.1493212669683258,0.024536376604850214,0.9819004524886877,2.059914407988588,416.5655517578125,2.37616368317067,4.145920790596866,29.95570259722523,113.79974740357706,30.10235692339367
41.6742583333,-69.9409116667,0,0.0,0.0,0.0,0.003138373751783167,0.0,0.13723252496433666,0.8280542986425339,0.5694721825962911,0.0,4.058773181169758,-0.9323104023933411,0.2654408071153027,0.46403457629399497,2.8252693696371454,0.0,513.9183220647529
42.3339344887,-71.0250127316,0,0.0,0.0,0.0,0.002282453637660485,0.6787330316742082,0.4770328102710414,0.19457013574660634,0.4984308131241084,46.53393665158371,36.75007132667618,3.631459951400757,1.0971512193681427,0.5272863884614789,3.9334339246190004,131.00143993557336,0.8196467204857936
42.2987804548,-72.238922508,1,0.22624434389140272,0.5728958630527817,0.47058823529411764,0.150641940085592,0.058823529411764705,0.1044222539229672,0.0,0.0,1.9321266968325792,1.8670470756062767,136.62367248535156,2.712615509721997,5.109588038452886,36.40159173338368,3.4391728609281693,221.03896629287678
42.1789552868,-72.7004265954,0,0.09049773755656108,0.23138373751783167,0.167420814479638,0.09500713266761769,0.416289592760181,0.4345221112696148,0.3257918552036199,0.1957203994293866,10.18552036199095,12.55663338088445,79.23261260986328,0.47247786869064473,0.5222940946383553,3.0887243276098246,9.039240406466416,6.998942406551978
42.4422251279,-71.8548898771,0,0.8054298642533937,0.5746077032810271,0.027149321266968326,0.19315263908701855,0.1493212669683258,0.13095577746077033,0.0,0.011412268188302425,0.8099547511312217,1.8054208273894436,236.1822509765625,4.244034365924368,3.1223089461014903,24.18268121260331,81.13124409806667,71.64088152164167
42.4099349722,-72.613172,0,0.28054298642533937,0.13067047075606278,0.01809954751131222,0.16005706134094153,0.4117647058823529,0.2362339514978602,0.0,0.0,14.936651583710407,6.445363766048502,50.2906608581543,0.7705717353292295,0.5883162438592395,5.24882026971872,40.046655899583655,2.7529384033621427
42.330556,-72.522453,1,0.14479638009049775,0.24736091298145507,0.049773755656108594,0.16690442225392296,0.26244343891402716,0.2687589158345221,0.0,0.0,4.502262443438914,5.956348074179743,57.2638053894043,1.331754000777635,1.0834472784188414,8.761935697035424,252.81155777639722,116.67395605717513
42.4377738882,-70.9826660156,0,0.0,0.0,0.03167420814479638,0.3375178316690442,0.09954751131221719,0.19885877318116976,0.0,0.2587731811697575,2.565610859728507,10.688730385164051,10.460054397583008,1.337665562567189,0.7193777442867962,3.9386080455555974,221.13613775988358,148.88554982062115
42.0781958755,-70.7224175614,0,0.5429864253393665,0.41626248216833095,0.3574660633484163,0.16262482168330955,0.049773755656108594,0.37089871611982883,0.027149321266968326,0.0042796005706134095,0.416289592760181,4.190014265335235,19.74970817565918,0.5985464279436501,1.0196613264387648,5.194435364210776,83.87782508135244,409.2299563944399
41.737575531,-71.1582260132,0,0.0,0.05449358059914408,0.0,0.03166904422253923,1.0,0.8716119828815977,0.0,0.042225392296718976,30.79638009049774,31.039657631954352,30.50936508178711,2.2087233881549437,1.7106948086825484,15.112851569639508,374.3543540052487,29.070302179818032
42.314503,-72.203978,0,0.3167420814479638,0.6196861626248217,0.0,0.0550641940085592,0.6380090497737556,0.18887303851640513,0.0,0.0002853067047075606,23.755656108597286,4.802853067047075,185.576416015625,5.328919033284885,5.892714285361755,30.268627817464846,76.78085972246356,16.496907281159185
42.3428222486,-72.5662493149,1,0.11764705882352941,0.1398002853067047,0.248868778280543,0.1543509272467903,0.03619909502262444,0.1985734664764622,0.0,0.0017118402282453639,0.38009049773755654,7.088159771754636,41.116111755371094,1.052369934455229,0.678269141375995,3.2526836800865024,83.79721309809004,291.23827936311585
42.1032858946,-72.721876593,0,0.013574660633484163,0.18345221112696147,0.0,0.03851640513552068,0.9864253393665159,0.6273894436519258,0.0,0.0094151212553495,20.8868778280543,14.631098430813124,61.6148567199707,2.933306711945193,2.0277528476283604,14.820501816252591,134.9534172484251,28.57537463998337
42.2795456823,-71.3039230426,0,0.6470588235294118,0.3723252496433666,0.14479638009049775,0.13152639087018544,0.06334841628959276,0.37318116975748933,0.06334841628959276,0.0673323823109843,0.7330316742081447,5.504707560627675,37.76955032348633,1.0414883078232717,1.0440591732262239,4.307872773849091,21.420798634845667,206.55828469084628
42.5641450454,-71.1794973169,1,0.0,0.035948644793152636,0.0,0.12724679029957203,1.0,0.7968616262482169,0.0,0.039942938659058486,20.402714932126695,20.789158345221114,30.987512588500977,0.4171972596818375,0.37438720244164597,1.8417931883477623,284.7978723734873,25.516657351337706
42.459593313,-71.2408092429,0,0.0,0.12781740370898717,0.0,0.03851640513552068,1.0,0.8336661911554921,0.0,0.0,19.285067873303166,17.310413694721827,62.522056579589844,1.5890930147597548,1.8315919890517196,11.717267048923736,168.62675579914583,14.470721327160323
41.6463512809,-70.6241146667,0,0.04524886877828054,0.1181169757489301,0.08144796380090498,0.07161198288159772,0.7601809954751131,0.6696148359486448,0.11312217194570136,0.124679029957204,7.67420814479638,14.52639087018545,5.013974666595459,0.7467304332694688,0.6916822813322211,4.080357713774506,19.36621985882819,91.86046744959096
42.1770633333,-70.7422633333,0,0.0,0.08388017118402283,0.08597285067873303,0.31497860199714695,0.8506787330316742,0.5241084165477888,0.049773755656108594,0.04935805991440799,51.60633484162896,16.659058487874464,3.8812615871429443,1.2033448934492967,0.8390832067378317,4.423164241358259,116.14326461588426,34.17301482512175
41.5138634445,-71.0231167814,0,0.049773755656108594,0.15035663338088445,0.6244343891402715,0.2747503566333809,0.00904977375565611,0.12268188302425106,0.15384615384615385,0.20114122681883023,0.19909502262443438,3.403138373751783,1.6013621091842651,0.9000242252835347,0.9209339603475709,6.604351364065828,80.930758009529,279.64507762883187
42.592664744,-72.5865596127,0,0.7285067873303167,0.3029957203994294,0.0,0.05249643366619115,0.2669683257918552,0.4841654778887304,0.004524886877828055,0.1383737517831669,5.995475113122172,18.24450784593438,110.39787292480469,8.60043663372583,3.427389230805378,22.846158223754266,228.10533771837353,2.0474790266279053
42.3376308377,-71.2407612428,0,0.0,0.0,0.0,0.0,1.0,1.0,0.0,0.0,23.384615384615383,25.62225392296719,33.60963821411133,1.1130944557943556,1.493683889540047,8.461941899494507,361.21302308483837,8.144455406179896
42.3503808967,-71.3665333939,0,0.29411764705882354,0.20256776034236804,0.40271493212669685,0.2122681883024251,0.0,0.44821683309557775,0.09502262443438914,0.024821683309557776,0.0,6.402567760342368,35.66377639770508,0.4216319976394149,1.2865582710774848,8.94939022604046,71.70461762201178,394.64021589319736
42.641905,-71.30233,0,0.0,0.0,0.0,0.0,1.0,0.9671897289586305,0.0,0.03281027104136947,65.29411764705883,61.735520684736095,25.398418426513672,1.6072502959431112,2.0556892911430014,11.314219890027903,21.657997443604952,13.755450330227886
42.368275,-72.51058833,0,0.4253393665158371,0.14807417974322395,0.04072398190045249,0.14094151212553496,0.47058823529411764,0.4992867332382311,0.0,0.0,11.904977375565611,15.438801711840227,65.91326141357422,1.8096426200522637,1.8354115254384498,13.016205824786633,237.77388775498343,56.898305863561625
42.0783833333,-72.5423283333,0,0.09954751131221719,0.013694721825962911,0.0,0.0008559201141226819,0.9004524886877828,0.9854493580599144,0.0,0.0,18.040723981900452,34.89786019971469,54.923458099365234,1.479031428728046,0.9645768433825397,5.1590792066892295,76.74642073765504,72.37147931907046
42.3166445371,-71.0841514984,0,0.0,0.0,0.0,0.0,1.0,1.0,0.0,0.0,66.19004524886878,62.702710413694724,32.85647964477539,1.5312145646637667,1.3373979087813546,8.94586043852286,1210.7345499241817,6.058793203283136
42.3611718323,-72.6735027205,1,0.5248868778280543,0.675320970042796,0.0,0.11754636233951497,0.23076923076923078,0.06904422253922968,0.0,0.0002853067047075606,3.3800904977375565,0.9697574893009986,94.21171569824219,4.088525000313309,3.590658831877598,25.691669088494876,74.1017170788067,23.34145035470541
42.283725,-71.22995,0,0.0,0.005706134094151213,0.0,0.007132667617689016,1.0,0.9737517831669045,0.0,0.013124108416547788,31.20814479638009,36.0941512125535,54.600013732910156,0.642553192433103,1.2678673579063673,8.912720890624746,709.4077281064722,7.33537867054496
42.7157466667,-72.1248483333,0,0.5339366515837104,0.6724679029957203,0.27149321266968324,0.2239657631954351,0.04524886877828054,0.013409415121255349,0.0,0.0017118402282453639,0.46153846153846156,0.14807417974322395,275.2230224609375,2.200458842962362,2.399900143522831,16.01620549062751,19.312012914731014,0.8112715453355406
42.3056160071,-72.4533667379,0,0.45701357466063347,0.6094151212553495,0.29411764705882354,0.20399429386590584,0.22171945701357465,0.12867332382310984,0.0,0.0,4.230769230769231,2.3609129814550642,104.97665405273438,1.4688352071351347,2.6265609068227196,10.179323575114864,168.7393280499315,35.995576280570894
42.0296282108,-70.860681889,0,0.17647058823529413,0.1760342368045649,0.23529411764705882,0.33009985734664765,0.33031674208144796,0.24336661911554922,0.0,0.0550641940085592,11.027149321266968,6.057917261055635,20.439956665039062,0.6350199571252725,0.3931803029604646,2.5541127257555503,1.7892067811664458,198.3749215866315
42.2905555556,-71.8186111111,0,0.0,0.06362339514978602,0.0,0.0282453637660485,1.0,0.8014265335235378,0.0,0.105848787446505,25.34389140271493,23.241940085592013,192.7488250732422,4.917963714763468,2.8411980291458603,16.704013455634655,256.5451629633376,1.746548145866027
41.2249,-70.8076,0,0.0,0.0,0.0,0.0,0.0,0.0,1.0,1.0,0.0,0.0,0.0,0.0,0.0,0.0,0.0,9298.058794250388
42.230828,-71.20922,0,0.4117647058823529,0.3432239657631954,0.3665158371040724,0.20599144079885878,0.22171945701357465,0.44821683309557775,0.0,0.0,4.221719457013575,9.513837375178317,64.939453125,1.408284897609146,1.757995321860046,11.295096429099674,37.4689167545328,186.2715133285728
41.6840216667,-70.0181583333,0,0.0,0.15121255349500715,0.0,0.02767475035663338,1.0,0.8,0.0,0.020827389443651926,36.217194570135746,25.470756062767475,14.276274681091309,0.9693880048550254,0.840055367499354,4.052332515607501,389.7650543123928,50.38164182539722
42.5637433333,-72.6804316667,0,0.8733031674208145,0.7854493580599144,0.0,0.014835948644793153,0.004524886877828055,0.0522111269614836,0.11312217194570136,0.03052781740370899,0.04072398190045249,0.5512125534950071,100.55976104736328,8.841027790758051,6.147177098048313,32.568490853210434,44.639750689210906,730.2333244247769
42.0713223914,-72.1501532074,1,0.7782805429864253,0.6790299572039943,0.03167420814479638,0.07475035663338088,0.19004524886877827,0.1629101283880171,0.0,0.042225392296718976,1.7692307692307692,2.2582025677603426,220.46456909179688,5.118913148872807,4.158389317286842,30.384039008482763,97.85003025181682,11.852604564721204
42.0897222222,-72.6078333333,0,0.027149321266968326,0.07303851640513552,0.14479638009049775,0.1166904422253923,0.7239819004524887,0.6633380884450785,0.10407239819004525,0.04079885877318117,35.46153846153846,42.982025677603424,14.799710273742676,0.2064385955697577,0.7931019277616942,4.629727046602675,37.60997265563921,9.599203269899073
42.1751831648,-71.2150130236,0,0.17194570135746606,0.04850213980028531,0.19909502262443438,0.04051355206847361,0.6289592760180995,0.9061340941512126,0.0,0.0048502139800285305,17.126696832579185,38.49671897289586,23.496063232421875,0.8703885505830408,1.5003091319205728,9.396233482356234,42.48285927176987,146.16614705750018
42.2968,-71.0920027778,0,0.02262443438914027,0.0333808844507846,0.00904977375565611,0.017118402282453638,0.9683257918552036,0.946077032810271,0.0,0.0034236804564907277,31.986425339366516,36.310699001426535,27.402008056640625,0.6148378736265447,1.2569160728582454,8.417238754125956,157.76895834947854,19.570665787110116
41.9954616667,-70.0296388333,0,0.6742081447963801,0.5917261055634807,0.15384615384615385,0.2456490727532097,0.167420814479638,0.10242510699001427,0.0,0.008273894436519259,2.6063348416289593,1.5814550641940086,9.180623054504395,1.817006430770466,2.0409064760171947,12.722468749215754,119.38031953471504,36.250425012606605
42.3447011396,-71.158773849,0,0.0,0.0,0.0,0.0,1.0,0.9497860199714693,0.0,0.04935805991440799,47.69230769230769,52.709843081312414,19.997304916381836,2.7351260946413873,2.047492411362716,11.466140783284848,394.49238741172616,42.28048686691956
41.7586269722,-70.0897329722,0,0.09049773755656108,0.10670470756062768,0.3167420814479638,0.19172610556348074,0.5927601809954751,0.6599144079885877,0.0,0.0333808844507846,16.488687782805428,12.549500713266761,9.750388145446777,0.9563278848512861,1.0199104799126129,6.342636121799661,138.86051311001492,44.75023158534834
42.6774883959,-71.1877820265,0,0.29411764705882354,0.1500713266761769,0.0,0.07275320970042796,0.7058823529411765,0.7557774607703281,0.0,0.0,16.447963800904976,25.253067047075607,54.47367858886719,1.809885586087879,1.4180441586767063,8.092305506768176,441.6830871808092,26.39062302242223
42.3309960145,-72.5400424004,1,0.7782805429864253,0.37432239657631955,0.09502262443438914,0.06134094151212553,0.0,0.16861626248216832,0.0,0.0,0.0,3.678744650499287,62.24027633666992,1.6479501812990638,1.2170528774019769,9.770711775574004,181.4876569876484,460.2869835291686
42.5341606121,-71.0593503714,0,0.03619909502262444,0.05306704707560628,0.11764705882352941,0.34750356633380886,0.8461538461538461,0.5914407988587732,0.0,0.0019971469329529245,14.031674208144796,10.784022824536377,30.973844528198242,1.6795847494021399,0.9118703459152282,7.2092070098981464,85.30977251956281,13.929156836841209
42.194913,-71.428399,0,0.04072398190045249,0.15834522111269614,0.18099547511312217,0.13152639087018544,0.7782805429864253,0.5965763195435093,0.0,0.10898716119828816,17.642533936651585,14.963480741797433,58.59511184692383,0.40034389775261947,1.4225903058940312,8.467159154153457,101.51333917813892,31.035715949105377
42.2456833333,-71.407815,0,0.669683257918552,0.5689015691868758,0.027149321266968326,0.1326676176890157,0.23529411764705882,0.22624821683309557,0.0,0.0,2.5927601809954752,3.15320970042796,72.37145233154297,2.1746508581211925,1.631979233163351,10.609472252518374,141.56697571064362,41.42477315450219
42.61662,-70.64112833,0,0.0,0.023395149786019972,0.0,0.06562054208273894,1.0,0.7600570613409415,0.0,0.09985734664764621,37.085972850678736,28.073038516405134,14.616011619567871,2.641829624934288,1.8887824726382973,10.281203949423148,31.96979330494437,11.402254442211737
42.655195,-72.6772533333,1,0.17647058823529413,0.5974322396576319,0.004524886877828055,0.01825962910128388,0.17647058823529413,0.08815977175463624,0.0,0.0002853067047075606,3.3710407239819005,1.3666191155492153,292.2717590332031,4.21499869287428,4.694570753674979,29.41251535481915,65.48699332450617,11.310430451586871
42.2233116667,-70.92713,0,0.10407239819004525,0.06961483594864479,0.013574660633484163,0.14950071326676176,0.8687782805429864,0.7295292439372325,0.0,0.04450784593437946,26.39366515837104,28.532952924393722,16.263256072998047,1.5358369053736765,1.2787701165865786,8.227783532624581,226.84213657990782,11.827790845237333
42.4453883098,-72.4925485253,0,0.5565610859728507,0.7118402282453637,0.3665158371040724,0.13865905848787446,0.0,0.04907275320970043,0.0,0.0,0.0,0.3689015691868759,113.3660888671875,3.2652508772984943,3.255482271223541,17.161435560328385,2.1871151354839498,403.95254918625716
41.8898583428,-70.6316083333,0,0.5384615384615384,0.451925820256776,0.0,0.0002853067047075606,0.46153846153846156,0.5477888730385164,0.0,0.0,8.53393665158371,9.797717546362339,51.23405075073242,1.138210026216999,1.3412835763373434,4.664714756690927,995.2220980498878,20.944462077335427
42.27513,-72.7667833333,1,0.8099547511312217,0.7805991440798858,0.19004524886877827,0.10670470756062768,0.0,0.07646219686162625,0.0,0.0,0.0,0.5238231098430813,219.89907836914062,1.4840124476218994,2.805536694168133,21.75704506438541,18.150789258547682,562.6699141092449
42.7095684257,-70.7847026273,0,0.0,0.0005706134094151213,0.2171945701357466,0.31041369472182595,0.0,0.02368045649072753,0.5475113122171946,0.4696148359486448,0.0,0.7492154065620542,2.3029439449310303,0.3835456738255366,0.3331032597447654,1.6147700526693454,46.2428573195025,12.397673244128866
41.9454282984,-71.2988159106,0,0.03619909502262444,0.03052781740370899,0.08597285067873303,0.04621968616262482,0.8687782805429864,0.9095577746077033,0.00904977375565611,0.013694721825962911,9.7420814479638,29.63651925820257,43.32878112792969,0.6915444606837587,0.5388481644387367,3.2887115903235857,0.0,214.65467784966685
42.3544916667,-71.3979716667,0,0.24434389140271492,0.1355206847360913,0.20361990950226244,0.3238231098430813,0.18552036199095023,0.5052781740370899,0.0,0.0008559201141226819,2.4524886877828056,10.811982881597718,40.48451614379883,0.7803260631836042,0.6766690496615076,4.413174797146532,179.68774730391857,181.72022353788537
42.60865,-71.35070833,0,0.0,0.008559201141226819,0.0,0.0833095577746077,1.0,0.9081312410841654,0.0,0.0,26.39366515837104,27.49700427960057,41.468833923339844,0.8042602297733318,1.2075038711585238,8.832550320883055,378.11603087625286,23.88613015626471
42.2583987873,-71.7869870737,0,0.0,0.011412268188302425,0.0,0.0,1.0,0.9883024251069901,0.0,0.0,74.60633484162896,68.16433666191155,160.5597381591797,3.8516164316685257,2.7638259451602,17.136098735403593,1030.2305193472387,30.418543973105464
42.3743716437,-72.4909863658,1,0.248868778280543,0.1783166904422254,0.18552036199095023,0.268188302425107,0.17647058823529413,0.2898716119828816,0.0,0.0005706134094151213,3.3800904977375565,8.033095577746076,55.40458297729492,0.8322519749573719,1.121060242641756,7.8322043618099,174.35119241123493,98.6282684460355
42.292228,-71.0837429722,0,0.0,0.005706134094151213,0.0,0.0002853067047075606,1.0,0.9940085592011412,0.0,0.0,33.36199095022624,56.3129814550642,16.767311096191406,0.49744695557267693,1.0415325887361675,5.606233356006138,258.86384717206664,149.55387247337026
41.88039338,-70.00143981,0,0.16289592760180996,0.112981455064194,0.6289592760180995,0.34579172610556347,0.0,0.15748930099857347,0.01809954751131222,0.3064194008559201,0.0,4.148930099857346,2.506340742111206,0.47966694658711884,0.5178002771830413,3.795314704296011,0.0,29.959901671933462
42.601996559,-70.898289918,1,0.20361990950226244,0.2827389443651926,0.5067873303167421,0.20827389443651925,0.17647058823529413,0.36433666191155495,0.09049773755656108,0.11611982881597717,1.7239819004524888,6.112125534950072,14.511941909790039,0.6843880536780164,0.9148602961432486,4.656402386519901,52.677269637165985,178.83568186717707
42.4321555556,-73.2356638889,0,0.0,0.13437945791726105,0.01809954751131222,0.17403708987161198,0.5656108597285068,0.5746077032810271,0.0,0.003138373751783167,10.266968325791856,14.161768901569188,304.9747314453125,2.0884095211988285,1.2286062449804247,8.174344881047425,222.37989124784312,23.70634531634803
42.274555,-71.1280221667,0,0.0,0.029671897289586305,0.0,0.0028530670470756064,1.0,0.967475035663338,0.0,0.0,52.30316742081448,45.909272467902994,46.055912017822266,3.8672280398120336,2.7395236924364936,18.25501879658111,358.91040717255936,4.664134382590585
42.300525,-71.7826216667,1,0.03167420814479638,0.024536376604850214,0.0,0.0005706134094151213,0.9683257918552036,0.9697574893009986,0.0,0.005135520684736091,32.963800904977376,38.891868758915834,213.03578186035156,2.969602976556042,2.7015324088228763,15.36757694011218,186.35336816009,10.523964121274012
42.3390240786,-71.0880087253,0,0.0,0.0,0.0,0.002282453637660485,1.0,0.9922967189728958,0.0,0.005420827389443652,82.94117647058823,73.23537803138373,2.9705193042755127,0.13725802762077474,0.4087595977946007,2.620290372560042,490.1480043325048,68.87048956358922
42.2795650243,-70.9541267302,0,0.0,0.0,0.027149321266968326,0.005991440798858773,0.167420814479638,0.08701854493580599,0.7330316742081447,0.9007132667617689,9.647058823529411,4.722681883024251,4.789039611816406,1.1979797812972661,0.408950273277939,2.6727111358996747,57.64623699598887,20.905137188083458
42.563995,-72.1575695,1,0.6334841628959276,0.670756062767475,0.0,0.14436519258202568,0.28054298642533937,0.112981455064194,0.0,0.0094151212553495,4.791855203619909,1.7315263908701855,369.22467041015625,2.918755333725961,3.6519728668854374,15.967293085757358,212.37486794689366,19.546877112321713
42.3377532959,-71.1425094604,0,0.0,0.0,0.0,0.0,1.0,0.9977175463623396,0.0,0.002282453637660485,54.203619909502265,51.87303851640514,28.927204132080078,1.3088598848793584,2.552359757242935,10.417133327763333,753.0221026651277,4.0012045331235955
41.7084337756,-70.1699680772,0,0.0,0.11754636233951497,0.03167420814479638,0.012838801711840228,0.9683257918552036,0.7800285306704707,0.0,0.08958630527817403,30.805429864253394,22.260485021398004,12.575423240661621,0.7660629059208711,0.840529060621668,5.081673772934453,162.87455831291817,3.255466288257913
42.168545,-73.4773633333,0,0.39819004524886875,0.8128388017118402,0.0,0.015406562054208274,0.09049773755656108,0.07275320970042796,0.004524886877828055,0.0034236804564907277,2.565610859728507,1.2191155492154067,303.8482971191406,10.075228300411016,11.209361565175989,76.05892656835705,147.63146269756845,222.25929779404956
42.4527888138,-71.5530022234,0,0.7239819004524887,0.49900142653352353,0.21266968325791855,0.18373751783166906,0.0,0.16633380884450785,0.0,0.024821683309557776,0.0,2.9971469329529246,73.28388214111328,0.9316291188275722,1.0900994098307297,7.667868798354734,26.47079439666736,362.3501704864889
42.436605293,-71.0237891057,0,0.0,0.005135520684736091,0.0,0.038801711840228244,1.0,0.887018544935806,0.0,0.06875891583452211,62.30769230769231,54.19286733238231,4.679623603820801,1.5710330447535408,1.5002178836544113,11.304766373681426,333.99506562749445,23.666163678924157
42.5394720552,-72.608383764,1,0.03167420814479638,0.14065620542082738,0.22624434389140272,0.1825962910128388,0.2171945701357466,0.2878744650499287,0.0,0.03166904422253923,3.425339366515837,6.964621968616263,43.90635681152344,0.6906268375364096,1.78039699079593,12.744933656367936,35.085111548786536,103.45690807411222
42.610604,-71.103783,0,0.6153846153846154,0.5041369472182596,0.05429864253393665,0.19971469329529243,0.01809954751131222,0.17631954350927248,0.2850678733031674,0.11098430813124108,0.6425339366515838,3.0821683309557772,30.36052703857422,1.4217897686762795,0.8909968498687727,5.674139784003121,2.0181184376611374,95.58229357361508
42.0304120379,-71.0362918513,1,0.049773755656108594,0.3241084165477889,0.9502262443438914,0.414265335235378,0.0,0.218830242510699,0.0,0.033951497860199714,0.0,3.5951497860199715,25.013412475585938,0.5251318486087789,0.5050312886910269,3.765346018141691,145.62552688550326,297.8829318515693
41.6199833333,-70.6354966667,0,0.11312217194570136,0.20342368045649073,0.004524886877828055,0.06419400855920114,0.8823529411764706,0.5261055634807418,0.0,0.1492154065620542,15.764705882352942,10.66447931526391,7.788259029388428,0.8957813434132146,1.0216660391412864,3.951112533255867,277.8785793940145,1.41836713774548
42.351787733,-71.3377894834,0,0.3574660633484163,0.4222539229671897,0.00904977375565611,0.04165477888730385,0.20361990950226244,0.39828815977175464,0.058823529411764705,0.007703281027104137,4.660633484162896,7.3169757489300995,75.40579223632812,2.328897829285125,2.227052618730182,13.570998207564042,42.820021642685404,0.9266217827983029
42.623161,-71.643,1,0.3574660633484163,0.6211126961483595,0.3665158371040724,0.24079885877318116,0.2398190045248869,0.07931526390870186,0.013574660633484163,0.008559201141226819,3.737556561085973,1.5971469329529244,83.8905258178711,3.108429024398873,2.096428691315057,17.65909461186841,52.35183051524348,26.290752289743946
42.2519647,-71.0024887,0,0.0,0.0,0.0,0.003708987161198288,1.0,0.9960057061340941,0.0,0.0002853067047075606,79.17194570135747,60.8679029957204,9.50796127319336,1.3337103261516532,1.2450257212012419,9.657687566006656,412.3652576027733,42.2944885646019
42.4659672065,-71.4118370144,1,0.27149321266968324,0.18088445078459345,0.2398190045248869,0.1346647646219686,0.2579185520361991,0.4584878744650499,0.0,0.023395149786019972,5.524886877828054,13.661626248216834,44.77015686035156,1.0005909680891862,1.1421212691991176,5.8345193999559175,0.0,193.5958529712822
42.1780166667,-71.9314416667,1,0.45248868778280543,0.6097004279600571,0.05429864253393665,0.14322396576319543,0.4434389140271493,0.22738944365192582,0.01809954751131222,0.0017118402282453639,3.981900452488688,4.509272467902996,256.96685791015625,2.2241616706640173,2.6107886897897785,12.389992204887662,195.9081186746956,1.6038956154426287
42.3393209722,-72.6127149722,0,0.08597285067873303,0.02368045649072753,0.04524886877828054,0.06875891583452211,0.34841628959276016,0.24079885877318116,0.0,0.16633380884450785,13.81447963800905,9.454208273894437,36.81441879272461,0.24095117187846837,0.4185996391239217,2.001072625142721,241.62067774831996,52.044625651165745
41.6326329331,-70.8875489327,0,0.0,0.014550641940085592,0.7104072398190046,0.11497860199714693,0.03167420814479638,0.5914407988587732,0.23529411764705882,0.2644793152639087,1.0497737556561086,22.958915834522113,0.05582377687096596,0.2634838603009223,0.6469053923838507,4.4898527191496935,1.93547064164175,164.41371140679024
42.0798305,-71.4007716667,0,0.0,0.021398002853067047,0.027149321266968326,0.060770328102710415,0.9728506787330317,0.9172610556348074,0.0,0.0005706134094151213,43.11764705882353,38.31754636233951,89.95834350585938,1.0266541536716034,1.3297245633341133,7.619678518683453,167.7837661454145,41.96474486247681
41.571224434,-71.0016936294,0,0.29411764705882354,0.31840228245363766,0.38461538461538464,0.301283880171184,0.13122171945701358,0.1326676176890157,0.11312217194570136,0.04165477888730385,2.5339366515837103,2.3563480741797433,9.087791442871094,0.5910981306859467,1.080885017359302,4.685054191141648,2.274236438809204,158.29740426044597
42.5651852461,-71.790721044,1,0.16289592760180996,0.2507845934379458,0.0,0.017403708987161197,0.8371040723981901,0.7181169757489301,0.0,0.006276747503566334,20.257918552036198,25.7169757489301,168.7260284423828,3.0067705214837197,3.2493039424216885,26.883132562234067,164.74662811535876,25.634224462081168
42.0742815595,-71.5554519266,1,0.5294117647058824,0.7052781740370899,0.21266968325791855,0.09500713266761769,0.2579185520361991,0.14065620542082738,0.0,0.002282453637660485,3.7149321266968327,2.2861626248216833,127.83149719238281,0.8976469656054957,2.284069029029525,9.157687834062342,62.68395798993323,90.69165345742394
42.28975007,-71.19266717,0,0.24434389140271492,0.08616262482168331,0.31221719457013575,0.4048502139800285,0.37104072398190047,0.4573466476462197,0.06334841628959276,0.0456490727532097,11.846153846153847,17.61626248216833,30.133031845092773,1.1503099217910921,0.7393077648412486,4.440056627926946,9.871153865094183,67.87712728850991
42.5527383333,-70.9593666667,0,0.0,0.07760342368045649,0.07692307692307693,0.04022824536376605,0.9230769230769231,0.8259629101283881,0.0,0.0,56.7420814479638,38.62853067047076,12.464862823486328,1.2168907388184231,1.2369839864322627,11.074828830074567,89.38280008692517,41.92733834305758
42.4006005813,-70.9811792634,0,0.0,0.0,0.004524886877828055,0.011697574893009986,0.02262443438914027,0.28530670470756064,0.9728506787330317,0.6924393723252497,1.6968325791855203,20.08758915834522,-1.615226149559021,0.16449108316377486,0.6867587293611118,5.115147334931169,0.0,263.3597746276175
42.0069472167,-72.80233,0,0.46153846153846156,0.5238231098430813,0.004524886877828055,0.0884450784593438,0.07239819004524888,0.10898716119828816,0.0,0.0,1.2352941176470589,1.7001426533523538,111.3201904296875,1.5949135640024883,2.375907557570394,15.713571471123284,495.8755036835744,272.65266169469044
42.0547923882,-72.2435102628,0,0.583710407239819,0.8582025677603423,0.416289592760181,0.07931526390870186,0.0,0.04536376604850214,0.0,0.0094151212553495,0.0,0.414265335235378,301.0185546875,3.0073913132520085,3.522925005267093,14.848017431423221,27.856686410038154,98.57114754720423
42.4585205446,-71.3035694488,1,0.1583710407239819,0.30099857346647646,0.6380090497737556,0.2202567760342368,0.00904977375565611,0.3275320970042796,0.0,0.0,0.08144796380090498,10.91583452211127,41.85597610473633,0.5511768914398397,1.3746458515462727,9.075129193486019,8.969695121551984,226.9780610175624
42.2887735528,-71.4477000335,1,0.13574660633484162,0.12239657631954351,0.004524886877828055,0.029671897289586305,0.4796380090497738,0.6915834522111269,0.334841628959276,0.14950071326676176,11.882352941176471,17.233666191155493,50.251895904541016,0.6723256613348444,1.1273754750231333,5.151860108174952,22.546257345344305,80.06745405083834
42.375367602,-71.0506021123,0,0.0,0.0,0.0,0.002282453637660485,0.9457013574660633,0.6453637660485021,0.05429864253393665,0.35235378031383735,72.12217194570135,50.896148359486446,0.21660789847373962,0.5726643103151691,0.7084158547190965,3.4707381542182825,15.770599550393376,44.0807701111639
42.261590617,-70.8452800136,0,0.0,0.06019971469329529,0.11312217194570136,0.12582025677603423,0.8506787330316742,0.6039942938659059,0.03619909502262444,0.19828815977175462,34.14027149321267,20.982881597717547,4.885871887207031,1.1730777256877838,1.2907329470586004,6.172351387949297,99.59180854267252,29.042160682426317
42.321587,-72.6243369722,0,0.0,0.013124108416547788,0.0,0.013980028530670471,0.8371040723981901,0.8154065620542083,0.0,0.0,32.800904977375566,38.335235378031385,39.520938873291016,0.7833428537939434,0.5613223340819495,3.655738862578105,658.1367657265199,11.054266191166663
42.1116235997,-72.1043446622,0,0.45248868778280543,0.48901569186875893,0.3257918552036199,0.10756062767475036,0.22171945701357465,0.3706134094151213,0.0,0.013409415121255349,10.597285067873303,12.499001426533523,176.8407440185547,2.169964626897156,3.3652313857417284,22.294378148162874,18.19886434887967,246.53686037569676
42.282289,-71.380202,0,0.004524886877828055,0.03195435092724679,0.06334841628959276,0.07218259629101284,0.9321266968325792,0.8336661911554921,0.0,0.05934379457917261,47.71493212669683,29.787446504992868,47.66484451293945,0.5186124716371531,0.7347769232360114,3.56873072484359,69.62208688971825,21.590636871060426
42.0251342655,-71.1630744317,0,0.04072398190045249,0.22368045649072754,0.0,0.1985734664764622,0.9592760180995475,0.5777460770328102,0.0,0.0,25.506787330316744,14.924393723252496,52.98880386352539,0.949468824624113,0.9834711208516128,7.41854642456219,293.6317924768368,26.708872932686823
42.4219472222,-71.8080888333,0,0.35294117647058826,0.44992867332382314,0.06787330316742081,0.16947218259629102,0.24434389140271492,0.131811697574893,0.0,0.0,3.2217194570135748,2.619400855920114,156.86170959472656,2.950708664555693,2.9666231906737814,25.23952679473953,75.35343816536962,9.328148138007787
42.31210611,-71.4350349829,1,0.1583710407239819,0.09557774607703282,0.06787330316742081,0.10242510699001427,0.7737556561085973,0.8017118402282454,0.0,0.0,15.475113122171946,19.10756062767475,48.960655212402344,0.9329787050354219,1.0640715684183621,4.538678191866455,71.2845740542483,52.069941714381784
42.61395,-72.53620333,1,0.6968325791855203,0.6151212553495007,0.0,0.024536376604850214,0.2398190045248869,0.21997146932952924,0.0,0.08017118402282454,3.995475113122172,5.481597717546363,110.13534545898438,5.404707612749529,4.562619984865967,41.62481531910411,67.27913099198169,41.831867799661175
41.6959148185,-71.1713754239,0,0.0,0.0,0.0,0.0034236804564907277,1.0,0.7691868758915834,0.0,0.22738944365192582,55.497737556561084,53.05306704707561,24.884323120117188,3.8686538315926984,2.1165211274722173,21.301139918942354,112.59986209706312,86.82564213332225
42.8155540692,-70.9588555457,1,0.5067873303167421,0.3203994293865906,0.38461538461538464,0.18544935805991442,0.0,0.20456490727532098,0.10407239819004525,0.22853067047075606,0.0,3.500142653352354,6.353830814361572,2.3647798480765987,1.9277333919527668,14.40673765785464,41.22492679201814,24.125433109516326
42.1000918793,-71.2565134373,0,0.049773755656108594,0.1486447931526391,0.01809954751131222,0.10014265335235378,0.9321266968325792,0.7472182596291013,0.0,0.0,26.09049773755656,28.570042796005705,81.12742614746094,1.2106999762436308,1.059908847085497,6.602010647245617,296.02554002278174,5.506215997165534
42.3385529355,-71.1670718089,0,0.0,0.0,0.0,0.0,1.0,0.9098430813124109,0.0,0.08930099857346648,71.45701357466064,36.500998573466475,42.30467224121094,2.218205018822447,2.5828816577099936,16.90582894324352,460.9983715039509,30.02614074062175
42.7066883333,-72.914955,0,0.8190045248868778,0.736376604850214,0.11764705882352941,0.024821683309557776,0.058823529411764705,0.10014265335235378,0.004524886877828055,0.0002853067047075606,0.40271493212669685,0.8176890156918688,477.3471374511719,2.645787716202822,4.630252529478989,31.577865196777786,303.65418866222126,72.4903235964876
42.3230466667,-71.2526033333,0,0.0,0.007988587731811698,0.004524886877828055,0.0362339514978602,0.995475113122172,0.9537803138373752,0.0,0.0019971469329529245,30.058823529411764,29.799429386590585,31.64094352722168,1.8326830751618415,1.85402251541778,9.689731605052568,74.55964694257767,17.030848016173078
42.4150255463,-71.1590385251,0,0.0,0.013694721825962911,0.0,0.0002853067047075606,1.0,0.8972895863052782,0.0,0.08787446504992867,44.678733031674206,41.36947218259629,22.50096321105957,1.4667965921999435,2.2903003034549134,15.650032334447804,312.232204608108,10.828802995965123
42.6512671157,-71.1577252732,0,0.3438914027149321,0.16861626248216832,0.2398190045248869,0.11783166904422254,0.28054298642533937,0.6830242510699002,0.0,0.003138373751783167,4.235294117647059,14.219686162624821,34.20743179321289,0.9437400704963795,1.4661367549575972,7.803205253879356,45.233151436104976,81.97571114012311
42.3202126328,-71.3031635344,1,0.1085972850678733,0.09614835948644793,0.0,0.03166904422253923,0.8914027149321267,0.8693295292439372,0.0,0.0002853067047075606,12.199095022624434,13.807417974322396,70.40628051757812,0.8027833626893819,1.5937962522236613,11.858686415629318,127.2268844582962,97.88214007208204
42.3227712595,-72.5321350071,1,0.17647058823529413,0.3805991440798859,0.0,0.08958630527817403,0.8235294117647058,0.27560627674750354,0.0,0.008273894436519259,30.447963800904976,8.474179743223965,85.98665618896484,1.6707158043956887,1.9306836035311283,10.765359144834202,420.1595374870025,29.61922434668031
41.8881916667,-70.7744916667,0,0.19457013574660634,0.17203994293865907,0.1085972850678733,0.22796005706134095,0.669683257918552,0.41340941512125534,0.0,0.024821683309557776,16.307692307692307,12.318402282453638,31.21087074279785,0.4877652924987047,0.41868872456975126,2.3030178185750483,70.39664467342747,76.71559931432692
42.5320675419,-72.3097397597,0,0.8280542986425339,0.790870185449358,0.17194570135746606,0.12439372325249644,0.0,0.06990014265335236,0.0,0.0014265335235378032,0.0,1.2039942938659058,177.94786071777344,5.89037069632948,4.269540352697602,28.410545608141987,133.40500324263616,30.49863938565422
42.1723362,-70.8513781,0,0.5701357466063348,0.3971469329529244,0.19457013574660634,0.31554921540656206,0.23529411764705882,0.23395149786019973,0.0,0.0094151212553495,3.9547511312217196,3.6673323823109842,40.94818878173828,1.1073753239382869,0.7369081229283297,3.8708388140647507,117.3207461460623,182.5732707657999
42.6650478,-73.261678,1,0.1085972850678733,0.3902995720399429,0.23529411764705882,0.10099857346647646,0.14479638009049775,0.05420827389443652,0.0,0.0002853067047075606,1.334841628959276,0.7255349500713266,325.11358642578125,3.304123009163222,5.63691213660394,47.52104691023384,150.25859745344118,2.5908083568239166
42.4818183333,-71.3620833333,0,0.27601809954751133,0.49529243937232525,0.2171945701357466,0.1934379457917261,0.03619909502262444,0.1971469329529244,0.04524886877828054,0.009985734664764621,0.7194570135746606,2.5223965763195437,48.37627410888672,1.9480402428504418,1.279049535451041,8.646218567943132,10.311320117187226,277.922952016862
42.2892616667,-71.0398721667,0,0.0,0.003708987161198288,0.07239819004524888,0.07218259629101284,0.8687782805429864,0.6627674750356634,0.058823529411764705,0.2570613409415121,57.05429864253394,45.02482168330956,3.878459930419922,0.591454774857797,0.7265462710983642,3.655866050785075,148.73178962464954,0.6587508761760726
42.4992811894,-70.9578329852,0,0.0,0.11184022824536377,0.03619909502262444,0.019971469329529243,0.7918552036199095,0.7848787446504993,0.17194570135746606,0.07845934379457917,34.8235294117647,28.05506419400856,27.7076358795166,2.5344788223516788,2.211198493945899,12.801915609104718,93.48462708733103,17.756019724312594
42.71627667,-72.45171839,0,0.16289592760180996,0.2282453637660485,0.2850678733031674,0.05991440798858773,0.08597285067873303,0.25164051355206846,0.23076923076923078,0.11184022824536377,1.493212669683258,5.028530670470756,57.09111404418945,1.1819586859113338,2.488348821579417,15.621931312325055,21.35270346470898,42.156357982885524
42.3669277435,-71.1997054728,0,0.0,0.0,0.01809954751131222,0.015691868758915834,0.9819004524886877,0.9843081312410842,0.0,0.0,60.411764705882355,60.19942938659059,5.512856960296631,0.6651470748912925,1.0027367282087296,7.194433859303063,0.0,95.99495501730549
41.5719463,-70.634894,0,0.15384615384615385,0.24821683309557774,0.11764705882352941,0.09329529243937233,0.665158371040724,0.5306704707560628,0.06334841628959276,0.10613409415121255,6.398190045248869,8.188587731811698,14.167196273803711,2.0535351311529992,1.550189353878758,11.291156430368165,110.04527601032119,44.547755905740644
41.5117770585,-71.0115296896,0,0.0,0.003994293865905849,0.3755656108597285,0.27845934379457915,0.0,0.0014265335235378032,0.19909502262443438,0.5885877318116975,0.0,0.03109843081312411,0.8764106631278992,0.2124293593932226,0.199754033924268,0.9175580459633352,38.57286651951471,0.4801776751447121
42.4933460652,-71.3705169204,1,0.31221719457013575,0.3560627674750357,0.3665158371040724,0.29871611982881596,0.3167420814479638,0.20399429386590584,0.004524886877828055,0.030813124108416547,7.167420814479638,3.98944365192582,55.662479400634766,1.210620562784773,1.2803514045030842,9.09713563457711,18.22019418730909,27.948877096884345
42.6072206581,-70.9129270726,0,0.3665158371040724,0.2405135520684736,0.09502262443438914,0.3825962910128388,0.5384615384615384,0.36690442225392295,0.0,0.0,7.027149321266968,5.133238231098431,21.789018630981445,1.6975943267645985,0.9885237131077909,7.277639929509908,200.15274030644235,31.30838402866999
42.385845,-71.54212167,0,0.14479638009049775,0.2796005706134094,0.058823529411764705,0.04051355206847361,0.7963800904977375,0.6778887303851641,0.0,0.0,13.97737556561086,20.22824536376605,72.04561614990234,1.469030056720235,2.2995079361880557,12.073319912179835,111.16308558370254,43.52097143221001
42.434475812,-71.6090367073,0,0.4434389140271493,0.5517831669044223,0.02262443438914027,0.10156918687589159,0.5339366515837104,0.18544935805991442,0.0,0.0,18.6289592760181,4.616833095577746,118.93950653076172,2.1655734016563977,2.7275047935834547,17.65527339248082,7.3385893517391,73.62733687772779
41.9224522364,-69.973375909,0,0.0,0.2890156918687589,0.0,0.013409415121255349,0.027149321266968326,0.06533523537803139,0.4841628959276018,0.4972895863052782,1.1266968325791855,1.6276747503566333,1.696582555770874,2.317631520273084,1.21070670061258,9.59394771921125,0.0,105.49880458117937
42.52910042,-70.86868836,0,0.0,0.003994293865905849,0.09049773755656108,0.018830242510699,0.5475113122171946,0.30527817403708984,0.334841628959276,0.6693295292439372,13.497737556561086,15.470756062767475,4.608326435089111,0.6955095903511447,0.549383095484736,2.869099058283498,83.01439186466237,33.683914837500524
42.5729672188,-71.5107325567,1,0.2081447963800905,0.38002853067047077,0.2986425339366516,0.1275320970042796,0.49321266968325794,0.4507845934379458,0.0,0.029957203994293864,16.41628959276018,9.337803138373753,72.98568725585938,1.0099037922216265,1.290423994365073,5.9794722837353955,7.30597376687571,107.02987821824114
42.0894813538,-71.0568389893,0,0.0,0.05420827389443652,0.0,0.02653352353780314,1.0,0.9184022824536376,0.0,0.0002853067047075606,38.66968325791855,40.63423680456491,55.69694519042969,1.4630022102819422,1.1144726602873696,7.906712117764924,183.93122339743158,2.761699377430317
42.1028418565,-71.7668750064,0,0.9502262443438914,0.6550641940085592,0.049773755656108594,0.017403708987161197,0.0,0.0818830242510699,0.0,0.22653352353780315,0.0,0.9497860199714693,194.3948974609375,4.325397863918217,3.0590218328252403,16.23114471109362,32.365357312482686,307.68347741441863
42.3508887738,-73.3225009405,0,0.5475113122171946,0.5803138373751783,0.0,0.042225392296718976,0.3393665158371041,0.1905848787446505,0.0,0.023395149786019972,4.095022624434389,2.8114122681883025,349.35601806640625,8.007764219748903,6.129711981275911,54.380684331438246,498.6085335661206,45.83716616857216
41.8206966667,-70.9229883333,0,0.416289592760181,0.35520684736091296,0.2398190045248869,0.14293865905848788,0.3438914027149321,0.21483594864479316,0.0,0.18630527817403708,6.366515837104072,4.09586305278174,20.490238189697266,0.5439791217812523,0.6892584107959309,4.646681863617467,2.1581028590772213,20.712026796787228
42.3122543973,-71.4047542577,0,0.0,0.015406562054208274,0.0,0.017403708987161197,1.0,0.9671897289586305,0.0,0.0,32.5972850678733,40.459058487874465,55.463706970214844,1.214271996690628,1.4400070690356024,6.893370061338606,326.7304784770852,5.029808449871935
42.319355,-72.7172149722,0,0.6063348416289592,0.8465049928673324,0.17194570135746606,0.0667617689015692,0.17194570135746606,0.05335235378031384,0.0,0.0014265335235378032,1.2262443438914028,0.5044222539229671,104.9454345703125,2.7920634741134216,5.182702461244557,28.786262716995218,122.16565546656894,5.634247569694727
42.3762283325,-71.1659088135,0,0.0,0.0,0.0,0.0,1.0,1.0,0.0,0.0,45.574660633484164,48.57603423680457,32.50819778442383,2.469869639654939,2.0248154174288633,15.638678391584858,685.7917342849473,10.223338303290156
41.9224111111,-70.0699305556,0,0.3574660633484163,0.22995720399429387,0.29411764705882354,0.07760342368045649,0.004524886877828055,0.015121255349500713,0.0,0.5275320970042796,0.1085972850678733,0.5349500713266762,8.646592140197754,1.560733951787216,0.9709052948144199,5.85088971937936,15.805078644506953,887.4038062610362
42.3525304439,-71.4003730974,0,0.07692307692307693,0.13666191155492155,0.04524886877828054,0.2559201141226819,0.7058823529411765,0.5728958630527817,0.0,0.0,16.97737556561086,10.809985734664764,43.951805114746094,0.7361597583925402,0.7283853787273851,4.369335647807778,210.6139969785685,26.871901740698227
42.2290879997,-71.6966144,0,0.09049773755656108,0.2524964336661912,0.09049773755656108,0.181169757489301,0.8190045248868778,0.5517831669044223,0.0,0.0002853067047075606,22.850678733031675,15.188017118402282,106.53974151611328,3.112298454001353,2.246018146575354,11.738660003353372,149.0147341057679,1.1438060112940334
42.0781679493,-71.2577340278,0,0.004524886877828055,0.18088445078459345,0.0,0.10927246790299572,0.995475113122172,0.6179743223965763,0.0,0.08445078459343795,35.70135746606335,19.627389443651925,88.85787963867188,1.3220778458148466,0.9691131968230144,5.5954871366227925,208.46526695063693,24.202882450026934
41.69152107,-70.0033026,0,0.04072398190045249,0.18972895863052783,0.0,0.029386590584878743,0.8868778280542986,0.6807417974322396,0.07239819004524888,0.09243937232524964,17.076923076923077,17.88074179743224,15.39802360534668,1.258516926817381,1.0262609845197828,3.568973976981083,164.13847644884584,0.7204742743125108
42.3644230535,-71.397809858,1,0.12669683257918551,0.24450784593437946,0.24434389140271492,0.324679029957204,0.6018099547511312,0.4211126961483595,0.0,0.0,22.60633484162896,11.931811697574894,42.465335845947266,1.0688435841562702,2.0054959687481886,16.364649655281138,219.0707833551385,39.82018478769382
42.6676279944,-72.005347386,1,0.5882352941176471,0.581169757489301,0.39819004524886875,0.24707560627674752,0.013574660633484163,0.12838801711840228,0.0,0.015406562054208274,0.3257918552036199,4.348359486447931,305.1591796875,1.5708205184296498,2.1493472413236816,12.449258964792962,23.772666834875,75.76601505806323
41.32559667,-70.815955,0,0.00904977375565611,0.19885877318116976,0.03167420814479638,0.1166904422253923,0.06787330316742081,0.024821683309557776,0.4434389140271493,0.4927246790299572,1.0542986425339367,0.3415121255349501,5.219987392425537,1.2496871170881285,0.719392243698574,6.9680726507175725,54.23901661853641,156.7584637731839
42.2279933286,-71.4334393674,1,0.08144796380090498,0.16633380884450785,0.0,0.035948644793152636,0.918552036199095,0.797432239657632,0.0,0.0,19.520361990950228,21.60114122681883,65.855224609375,2.101533800066406,2.3237172043453866,15.319155817514927,115.55536267582221,36.17721444284359
42.0710532569,-72.1500683884,1,0.7873303167420814,0.6898716119828816,0.03167420814479638,0.06219686162624822,0.18099547511312217,0.16547788873038516,0.0,0.043937232524964336,1.742081447963801,2.2088445078459342,220.46456909179688,5.118913148872807,4.158389317286842,30.384039008482763,105.19943423214879,34.3685251997657
42.2100958089,-71.420963863,0,0.18552036199095023,0.2102710413694722,0.4343891402714932,0.1557774607703281,0.3257918552036199,0.6159771754636234,0.03619909502262444,0.009985734664764621,9.493212669683258,19.44821683309558,51.31306457519531,0.5873752990574324,1.499530863160858,9.185217426660722,0.0,235.4930104252122
42.2759866667,-71.29045,0,0.2895927601809955,0.35520684736091296,0.2850678733031674,0.1637660485021398,0.26244343891402716,0.4385164051355207,0.1583710407239819,0.0333808844507846,3.4705882352941178,6.867617689015692,40.780452728271484,1.7453079627685557,0.9135019020816211,7.95882795490917,0.0,174.1290072918947
42.1257858276,-73.4292526245,0,1.0,0.9994293865905849,0.0,0.0,0.0,0.0,0.0,0.0,0.0,0.0,563.1568603515625,12.533688700222816,14.825885238620945,85.9741165736714,742.122926538638,1162.2414224937736
42.4512481689,-73.2635726929,0,0.0,0.060770328102710415,0.0,0.04850213980028531,1.0,0.8661911554921541,0.0,0.0,42.88235294117647,44.31754636233951,307.6031494140625,1.7497271596768413,1.5152801485961453,9.125648290249462,57.35331423294183,6.39678191610939
42.55514439,-70.85485645,0,0.058823529411764705,0.13009985734664764,0.02262443438914027,0.07617689015691868,0.918552036199095,0.715549215406562,0.0,0.07218259629101284,24.380090497737555,18.316690442225394,13.97808837890625,0.9386098707771529,0.9865413782775043,6.1296937130779785,360.59700922485865,10.296655798243364
42.1326305,-73.30448,1,0.4343891402714932,0.5754636233951498,0.15384615384615385,0.1181169757489301,0.18552036199095023,0.07018544935805991,0.0,0.08587731811697574,2.171945701357466,0.5703281027104137,288.2936096191406,5.048651631126912,4.147662095786863,38.506379073681046,250.49659882288404,1.556300970568892
42.10603,-70.155525,0,0.0,0.0,0.0,0.0,0.0,0.0,1.0,1.0,0.0,0.0,0.0,0.0,0.0,0.0,0.0,3418.560176305382
42.1315776604,-71.1403682549,0,0.04072398190045249,0.1101283880171184,0.06334841628959276,0.047931526390870186,0.6153846153846154,0.809700427960057,0.28054298642533937,0.027389443651925822,11.615384615384615,29.428530670470757,37.7310676574707,1.188701928018747,1.6565442467806084,12.130268416715792,1.9923504626353281,2.100285197927571
42.0195458503,-71.2027272268,0,0.5158371040723982,0.22938659058487876,0.4479638009049774,0.2253922967189729,0.03167420814479638,0.5315263908701855,0.0,0.0,1.4660633484162895,12.87132667617689,41.72343063354492,0.3418530831291983,0.36100513944489315,2.777924037270648,61.1635866816164,256.97797840680573
42.0787,-71.281975,1,0.01809954751131222,0.3166904422253923,0.15384615384615385,0.14065620542082738,0.8280542986425339,0.5372325249643367,0.0,0.0,34.6289592760181,21.009700427960055,86.38761901855469,1.3708099671089753,1.3786992364616784,5.734034026200369,58.47264196969311,5.773193505648445
42.1970776066,-71.6645954178,1,0.31221719457013575,0.5052781740370899,0.004524886877828055,0.10556348074179743,0.2171945701357466,0.22425106990014265,0.0,0.019115549215406563,1.1357466063348416,2.9631954350927248,149.71530151367188,2.3002888460778332,2.646667739713557,22.322821280566743,214.59924383019808,15.379282640481973
42.35394482,-71.23772942,0,0.0,0.013409415121255349,0.0,0.02653352353780314,1.0,0.9495007132667618,0.0,0.010556348074179744,32.52488687782805,42.05962910128388,15.698677062988281,0.344119392732888,0.7408703897603942,4.439782860156674,301.7301709815176,11.660268336408002
42.0239710808,-71.2217944209,0,0.0,0.014835948644793153,0.013574660633484163,0.07332382310984308,0.9366515837104072,0.8944365192582026,0.049773755656108594,0.017403708987161197,32.29864253393665,36.04707560627675,45.739654541015625,0.39035815228215553,0.4081602229596375,2.9659161192421384,141.26189324841928,26.022127545084892
41.8514661054,-70.6743849166,0,0.9547511312217195,0.814265335235378,0.03167420814479638,0.015691868758915834,0.0,0.09671897289586305,0.013574660633484163,0.05563480741797432,0.0,1.5263908701854494,34.93264389038086,0.805126576183554,1.0746251882620825,5.440357109332062,4.13578424050437,88.36553366873031
42.290308412,-70.9705906964,0,0.0,0.0,0.027149321266968326,0.0017118402282453639,0.0,0.0,0.9728506787330317,0.9982881597717547,0.0,0.0,-1.284014344215393,0.04725179732333268,0.004102363217298825,0.03828994758265966,8.241063986265194,1813.126344444372
42.460078152,-71.5113591661,0,0.17194570135746606,0.44022824536376604,0.37104072398190047,0.2770328102710414,0.3031674208144796,0.21597717546362338,0.0,0.006562054208273894,3.8778280542986425,5.04564907275321,80.71520233154297,0.937480140637589,1.6301199798934445,8.147592600657438,95.14454792288042,29.207120182583182
42.4955433658,-71.364100972,1,0.5248868778280543,0.5352353780313838,0.18552036199095023,0.2211126961483595,0.03167420814479638,0.16861626248216832,0.25339366515837103,0.029386590584878743,0.5972850678733032,3.450784593437946,62.90485763549805,1.9636692969439085,1.388820166638345,9.4979737013151,0.0,277.683982219311
41.9265620701,-70.8164287033,0,0.03619909502262444,0.1689015691868759,0.09502262443438914,0.14807417974322395,0.004524886877828055,0.26191155492154067,0.11312217194570136,0.008559201141226819,0.07239819004524888,11.21398002853067,25.217260360717773,0.7724025592896118,0.9803287979495812,5.663432166382193,9.762368065427998,214.77399078860958
42.054892,-71.1548,0,0.497737556561086,0.34122681883024253,0.502262443438914,0.41797432239657634,0.0,0.20313837375178317,0.0,0.0014265335235378032,0.0,3.5834522111269616,58.440345764160156,0.24139945087614134,0.7016196574787159,4.2543481372706475,173.80567483738608,534.1642274469552
42.5834444444,-70.8822916667,0,0.0,0.09985734664764621,0.0,0.10641940085592011,1.0,0.6704707560627675,0.0,0.11469329529243938,44.49321266968326,26.65962910128388,20.932891845703125,0.8127898652301262,1.051143974252077,6.113293323711021,408.9025437878819,9.341953317898424
42.424975,-71.09671667,0,0.0,0.002282453637660485,0.0,0.0019971469329529245,1.0,0.9937232524964337,0.0,0.0019971469329529245,50.25339366515837,56.877603423680455,9.749300956726074,3.361484861157015,1.6960911955743199,16.765918134871093,742.9179195005205,1.9110451696981805
42.52378833,-72.64540833,0,0.8144796380090498,0.8339514978601997,0.004524886877828055,0.015977175463623396,0.08597285067873303,0.07104136947218259,0.00904977375565611,0.03452211126961484,0.6515837104072398,0.68188302425107,101.75599670410156,5.584936507101099,5.37510935111404,36.942502093848084,209.3935476515389,146.20919889083206
42.4281748728,-72.5029540715,0,0.9819004524886877,0.6995720399429387,0.0,0.07646219686162625,0.01809954751131222,0.14750356633380884,0.0,0.0,0.07692307692307693,1.268758915834522,143.3309783935547,4.684497715614978,3.4571664069471035,15.812953177985118,301.3555222808555,271.0449705654012
42.0511178021,-70.2016631608,0,0.1493212669683258,0.18630527817403708,0.3891402714932127,0.3338088445078459,0.45248868778280543,0.3897289586305278,0.004524886877828055,0.04907275320970043,17.1131221719457,18.382881597717546,7.08758020401001,0.7920860225521804,0.6957436452366963,2.249423901019922,99.18434082316126,19.057211977990857
42.3281023454,-71.1139723544,0,0.06787330316742081,0.009985734664764621,0.0,0.0019971469329529245,0.8009049773755657,0.9768901569186876,0.13122171945701358,0.011126961483594865,24.81447963800905,55.85477888730385,4.9597368240356445,2.2796391902795996,2.017730576546888,10.519156414793716,16.56316800746328,146.45366164268722
42.2852238266,-72.5347834649,0,0.7013574660633484,0.7169757489300999,0.058823529411764705,0.07960057061340942,0.07239819004524888,0.15691868758915833,0.16289592760180996,0.025392296718972897,1.6561085972850678,2.749786019971469,79.65520477294922,2.019061324903507,2.6165260967141264,16.999411986791255,0.0,150.32168384289156
42.2292606375,-72.5845593905,0,0.04524886877828054,0.1768901569186876,0.03167420814479638,0.03109843081312411,0.9230769230769231,0.7874465049928673,0.0,0.0,34.04977375565611,22.58231098430813,43.8759651184082,1.4645141861790347,1.7458816045252978,10.249841482858402,184.98537320006545,109.78072479947934
42.6035135997,-72.5373278997,1,0.3076923076923077,0.2912981455064194,0.0,0.01825962910128388,0.0,0.11611982881597717,0.6923076923076923,0.5449358059914408,0.0,3.092154065620542,56.808013916015625,1.6000246655498236,2.64519451631727,13.547749520487567,0.0,394.72725091530674
42.5394338,-71.8627928,0,0.8506787330316742,0.7035663338088445,0.01809954751131222,0.04365192582025677,0.12217194570135746,0.19514978601997146,0.00904977375565611,0.007988587731811698,1.0723981900452488,5.530670470756062,269.4910888671875,5.225815834485053,4.053552115877909,18.462288998007182,243.38485176805284,217.22331228982785
42.58415,-71.4662027778,0,0.40271493212669685,0.30271041369472185,0.14027149321266968,0.22196861626248215,0.1493212669683258,0.45164051355206847,0.0,0.0019971469329529245,2.330316742081448,9.200285306704707,69.31100463867188,1.102124584723421,1.1760123322755276,4.703083708160273,119.32638106758314,187.6672621175473
42.41805333,-71.10791117,0,0.0,0.0,0.0,0.0008559201141226819,1.0,0.9965763195435092,0.0,0.0025677603423680455,77.80090497737557,60.566333808844504,4.7738447189331055,0.9019045238780092,1.002868200174995,6.384371662862485,119.62195329289044,11.37372327346029
41.9633262685,-71.3249539092,0,0.21266968325791855,0.14179743223965763,0.0,0.13009985734664764,0.4434389140271493,0.613694721825963,0.3393665158371041,0.11126961483594865,9.923076923076923,16.72268188302425,55.47422790527344,0.5657632351985287,0.6246852059973509,4.150566450721277,26.59046800520811,108.90852671440234
42.5574533333,-72.5237716667,0,0.31221719457013575,0.4693295292439372,0.0,0.006276747503566334,0.23529411764705882,0.150641940085592,0.0,0.03452211126961484,3.9638009049773757,3.2964336661911555,98.24472045898438,0.19792394351781895,1.0752210053335631,6.016315257650619,554.4330270869382,108.13925715430794
42.6233844442,-72.4645050243,1,0.995475113122172,0.7594864479315264,0.0,0.00456490727532097,0.0,0.0738944365192582,0.0,0.0,0.0,0.95320970042796,137.4022216796875,5.495257632517665,5.086914814033128,35.683510718481116,170.61895037540998,198.56805612464385
42.493330215,-70.9441936382,0,0.27149321266968324,0.23423680456490728,0.06334841628959276,0.021968616262482168,0.5113122171945701,0.6499286733238231,0.1493212669683258,0.0818830242510699,11.705882352941176,25.028815977175462,23.55571937561035,1.9837954415884032,2.0249796730942835,8.636423809487663,48.46075561555487,22.50104998409944
42.7104645293,-70.7897144511,0,0.0,0.003994293865905849,0.06334841628959276,0.24450784593437946,0.0,0.05848787446504993,0.8868778280542986,0.5968616262482168,0.0,1.8639087018544935,-0.9459068179130554,0.1754238569664866,0.609699512110825,3.6330973626703926,0.0,237.79105532640975
42.3322173792,-71.4988931778,0,0.7375565610859729,0.598002853067047,0.05429864253393665,0.20228245363766048,0.1085972850678733,0.09529243937232525,0.0,0.0522111269614836,0.7420814479638009,1.992296718972896,90.90274810791016,2.82934916118896,2.560667251918341,14.5884967198288,50.372715766586985,1.907608832205969
42.4546465138,-71.1247261836,0,0.7737556561085973,0.39885877318116975,0.04072398190045249,0.009985734664764621,0.16289592760180996,0.527246790299572,0.02262443438914027,0.05791726105563481,3.0271493212669682,19.80456490727532,62.646514892578125,3.936917164002276,2.5500178641991833,20.575125932417638,39.87887092681235,193.4341577997543
41.8895517365,-70.5464659459,0,0.8190045248868778,0.317546362339515,0.0,0.056490727532097,0.17194570135746606,0.5323823109843081,0.0,0.02282453637660485,4.470588235294118,13.534379457917261,18.297828674316406,0.7637422653916089,0.7399611056131131,2.308167487898105,309.39777791249105,1.1230391832129079
42.613904,-71.571316,1,0.02262443438914027,0.10727532097004279,0.19004524886877827,0.2074179743223966,0.6244343891402715,0.47960057061340944,0.0,0.0,12.524886877828054,11.531241084165478,98.00755310058594,0.7051639667289902,1.5761102282799964,8.28938944916189,294.35845002966846,118.61616876095131
42.4583134039,-72.8981735237,1,0.9728506787330317,0.6950071326676177,0.027149321266968326,0.08216833095577745,0.0,0.16176890156918688,0.0,0.0,0.0,3.9303851640513554,368.0245361328125,4.760437385425127,4.7972417506018035,37.79644786119684,467.0858117796064,302.04223730409575
42.1918966667,-71.413305,1,0.8099547511312217,0.2984308131241084,0.058823529411764705,0.15606276747503567,0.11764705882352941,0.4333808844507846,0.0,0.0978601997146933,1.760180995475113,8.014265335235377,64.78923034667969,1.1868776417513511,1.3701134675729267,6.315104438730701,99.06465189211475,252.40195436179303
42.47941,-73.178915,0,0.502262443438914,0.4838801711840228,0.23529411764705882,0.039942938659058486,0.26244343891402716,0.33951497860199714,0.0,0.0042796005706134095,5.760180995475113,9.917546362339515,340.5178527832031,3.1188184864659716,2.992730665463623,17.68226275417825,16.706041165475995,131.16516371978872
41.25693,-70.1331111667,0,0.0,0.05164051355206847,0.02262443438914027,0.09443651925820257,0.8190045248868778,0.456490727532097,0.0,0.0,29.407239819004523,9.849928673323824,6.082448959350586,0.22615985888441242,0.3587990877213464,1.430482319690453,199.47280211363355,95.5185087732886
42.28809667,-71.525605,0,0.02262443438914027,0.3035663338088445,0.0,0.04507845934379458,0.9773755656108597,0.5455064194008559,0.0,0.07275320970042796,46.83257918552036,15.676176890156919,86.09142303466797,2.8087170210504935,1.99500594023873,11.3971220283781,118.23392674734603,47.151624196589374
42.582205,-71.4800866667,0,0.08597285067873303,0.2950071326676177,0.19004524886877827,0.1840228245363766,0.7239819004524887,0.41340941512125534,0.0,0.10156918687589159,27.420814479638008,11.591726105563481,61.91168975830078,1.5174774276160827,1.8498130519150333,12.702695780529464,5.1357438596021865,32.94655047289135
42.6359258885,-71.4826914465,0,0.5067873303167421,0.6248216833095578,0.08144796380090498,0.09671897289586305,0.4117647058823529,0.2607703281027104,0.0,0.0,5.606334841628959,3.465620542082739,101.31537628173828,3.210222734431696,2.1301413380337295,11.25345997323337,195.4427160277929,21.113755332375113
42.3573357985,-71.1928185169,0,0.0,0.0,0.0,0.0014265335235378032,1.0,0.9985734664764622,0.0,0.0,51.633484162895925,55.647646219686166,16.64356231689453,0.8727572343815402,1.4193432120793066,10.305016577920773,853.3037456516538,52.317804602943745
42.5419868144,-72.2500227106,1,0.5746606334841629,0.6002853067047076,0.40271493212669685,0.23823109843081314,0.0,0.04850213980028531,0.0,0.029671897289586305,0.0,0.7249643366619115,181.5780029296875,1.8108522340910536,2.224821043129922,13.893567607248492,11.989884508552377,495.957641018419
41.8924961439,-70.5360573065,0,0.0,0.08958630527817403,0.0,0.005420827389443652,0.6561085972850679,0.38145506419400854,0.22171945701357465,0.47360912981455067,21.18099547511312,10.047360912981455,6.386288166046143,2.01801894613289,0.9481824751491522,8.022832257698328,32.98345775740293,9.437850484780752
42.2830986617,-71.7644788657,0,0.049773755656108594,0.1680456490727532,0.004524886877828055,0.015406562054208274,0.8778280542986425,0.7118402282453637,0.04524886877828054,0.10328102710413695,41.32579185520362,29.771469329529243,145.53993225097656,2.569918640329438,3.7087588424131397,32.70836106619471,304.6702349290944,127.17836673223718
42.3162650481,-71.8002559617,1,0.0,0.08930099857346648,0.0,0.003138373751783167,1.0,0.9075606276747503,0.0,0.0,62.06334841628959,48.10470756062767,183.42442321777344,0.72877664794645,2.6512598450928966,15.686668627056587,245.86993576860252,13.169426330840153
42.4584966667,-71.9278033333,1,0.5294117647058824,0.6108416547788873,0.08597285067873303,0.22282453637660485,0.08144796380090498,0.08473609129814551,0.0,0.0,1.0678733031674208,0.6975748930099858,322.8000183105469,1.3465566252459864,1.9426624856007875,11.866593664975202,128.2892349040337,104.33375956935497
42.2756481171,-71.2904391066,0,0.2850678733031674,0.35977175463623395,0.29411764705882354,0.16833095577746077,0.25339366515837103,0.42796005706134094,0.1583710407239819,0.03366619115549215,3.3076923076923075,6.7229671897289585,40.780452728271484,1.7453079627685557,0.9135019020816211,7.95882795490917,4.431526281502781,192.62930053630208
42.160935765,-71.1523424889,0,0.0,0.020827389443651926,0.0,0.09101283880171183,1.0,0.8878744650499286,0.0,0.0002853067047075606,52.28054298642534,38.22938659058488,26.16387176513672,0.9774925994873228,1.508906728342203,9.849050475808365,114.1123497906194,0.1863538990856982
42.4356803549,-71.5379725904,0,0.3031674208144796,0.32553495007132666,0.20361990950226244,0.18345221112696147,0.4841628959276018,0.4385164051355207,0.0,0.0014265335235378032,10.411764705882353,10.623680456490728,71.80802154541016,0.7313073602175163,1.5638354231028897,7.012421644970462,83.15078369730269,11.994153416866002
42.602825,-71.9812616667,0,0.5520361990950227,0.5417974322396576,0.0,0.192867332382311,0.3031674208144796,0.2296718972895863,0.0,0.010841654778887305,8.361990950226245,6.0094151212553495,365.9737243652344,3.599180592642074,2.168247709360246,12.01839424206813,301.87386003361866,8.149769296137489
42.1025988737,-71.3777511112,0,0.11764705882352941,0.1303851640513552,0.09502262443438914,0.05563480741797432,0.7828054298642534,0.7942938659058488,0.004524886877828055,0.015977175463623396,12.809954751131222,17.657917261055633,71.0615234375,1.6425607927746637,1.8053471320270245,11.774531975653387,21.533289476951456,1.3949271493181488
42.0788793333,-71.0591548153,0,0.04524886877828054,0.1181169757489301,0.0,0.05306704707560628,0.9547511312217195,0.8276747503566334,0.0,0.0005706134094151213,27.0,21.91669044222539,52.56464767456055,1.6464218642543664,1.1234667507591767,8.660525526863648,110.52708263351813,0.4503389378680587
42.7032918333,-72.3175534248,0,0.6244343891402715,0.8356633380884451,0.2579185520361991,0.09015691868758915,0.004524886877828055,0.015977175463623396,0.1085972850678733,0.025677603423680456,0.04524886877828054,0.12439372325249644,304.40814208984375,2.3381308027650536,3.6700030754988844,27.701239420675925,25.351938264178777,3.0119868459066153
42.6434884669,-70.9002190389,0,0.5565610859728507,0.5087018544935806,0.4072398190045249,0.3189728958630528,0.013574660633484163,0.038801711840228244,0.0,0.0,0.18552036199095023,0.49015691868758915,14.939167976379395,1.2877731565424861,1.8246973737285024,10.006665231853649,104.32722258635746,172.86573789034378
42.46195083,-71.63724361,0,0.1493212669683258,0.24222539229671897,0.5203619909502263,0.36690442225392295,0.2986425339366516,0.2810271041369472,0.0,0.0025677603423680455,2.8597285067873304,5.559771754636234,70.88831329345703,2.9757514282505015,1.7767360868087918,17.481547962056872,86.04010411858384,84.8807755097648
41.8293527851,-70.6374070426,0,0.5565610859728507,0.5931526390870185,0.0,0.07360912981455064,0.1493212669683258,0.07104136947218259,0.18099547511312217,0.0644793152639087,5.1900452488687785,1.632524964336662,28.7567138671875,2.04246673608974,1.1912208353530234,8.477383560109663,37.01966208702292,6.173668523188657
42.4224249039,-71.5516918343,1,0.47058823529411764,0.7067047075606276,0.4343891402714932,0.1529243937232525,0.049773755656108594,0.11697574893009986,0.0,0.0017118402282453639,0.2850678733031674,1.8853067047075607,79.31620788574219,1.2357045142689829,2.532644106615449,15.120310194070713,57.98170189620426,176.95411891151537
42.3635425625,-71.3734461349,1,0.03167420814479638,0.08673323823109844,0.6923076923076923,0.503851640513552,0.2398190045248869,0.33067047075606276,0.03167420814479638,0.016547788873038517,9.212669683257918,11.30756062767475,34.73481750488281,0.30822652332982264,0.7183670254145628,3.3663683331005014,41.66099165748309,26.670281338346598
41.75289639,-70.01123718,0,0.8371040723981901,0.7081312410841655,0.04072398190045249,0.027389443651925822,0.0,0.07161198288159772,0.11312217194570136,0.15634807417974322,0.0,1.5537803138373751,16.597291946411133,2.127087705658537,1.798977950665889,7.2228612707627935,25.08602164586582,177.32655784254098
42.4584368845,-71.9275735543,1,0.5565610859728507,0.609129814550642,0.08597285067873303,0.22510699001426535,0.07692307692307693,0.08445078459343795,0.0,0.0,1.0452488687782806,0.6955777460770328,322.8000183105469,1.3465566252459864,1.9426624856007875,11.866593664975202,133.29784278454773,93.08993447191446
41.379302,-70.516372,0,0.12669683257918551,0.09671897289586305,0.0,0.00912981455064194,0.8099547511312217,0.7349500713266762,0.0,0.13865905848787446,18.56561085972851,16.921255349500715,9.264947891235352,0.6120111489368683,0.5610138824173503,3.8592638303497204,559.4617854223638,2.520262921324567
42.3952833333,-71.4821383333,0,0.4298642533936652,0.5161198288159772,0.2669683257918552,0.12182596291012839,0.23529411764705882,0.218830242510699,0.06334841628959276,0.13495007132667616,2.995475113122172,5.086447931526391,59.52165603637695,0.31651205234751684,0.5253550674396942,2.099740861219547,135.95956786228393,12.82877121229726
42.5575666667,-71.819345,1,0.18552036199095023,0.3275320970042796,0.0,0.05049928673323823,0.8144796380090498,0.604564907275321,0.0,0.0,26.009049773755656,14.961198288159771,255.3877410888672,3.257046014481834,2.3630120991061334,10.026123352058784,334.5895704670474,21.521364977721987
42.308505,-72.3358616667,0,0.8823529411764706,0.6111269614835949,0.0,0.00456490727532097,0.11764705882352941,0.04336661911554922,0.0,0.3223965763195435,1.0452488687782806,0.3594864479315264,247.8025360107422,7.383551970146026,5.792666674845679,45.54021133041595,366.0121813739755,0.5035035757677935
42.3310203552,-72.5747375488,0,0.1085972850678733,0.11526390870185449,0.049773755656108594,0.14065620542082738,0.46153846153846156,0.2776034236804565,0.0,0.003138373751783167,9.868778280542987,6.685021398002853,49.2219123840332,1.6532242964186583,1.0434877906211237,7.09965111998396,252.561968954912,12.482702615101545
42.178449,-72.3612739722,0,0.1085972850678733,0.3044222539229672,0.2850678733031674,0.12154065620542083,0.5656108597285068,0.5218259629101284,0.0,0.0042796005706134095,19.122171945701357,18.122396576319545,93.48851776123047,3.4649519398659887,3.536863402956638,33.25340805844463,0.0,62.35237318221557
41.9115982056,-70.6407699585,0,0.8190045248868778,0.6644793152639087,0.09049773755656108,0.020542082738944364,0.01809954751131222,0.23024251069900142,0.00904977375565611,0.03195435092724679,0.3755656108597285,4.5315263908701855,29.639076232910156,1.622215195042124,1.2884444342923895,5.982575581733841,28.477693652659582,223.01132442023535
42.5755804256,-71.6885702523,1,0.5429864253393665,0.5962910128388017,0.17194570135746606,0.07817403708987161,0.22171945701357465,0.26419400855920117,0.0,0.0019971469329529245,7.619909502262443,3.9854493580599146,119.28250885009766,1.6367158969313715,1.9173746230211153,11.541797833950802,241.58649436996433,93.46976987951405
42.3521819722,-72.4833139722,0,0.16289592760180996,0.3166904422253923,0.22171945701357465,0.19828815977175462,0.19004524886877827,0.3834522111269615,0.0,0.0019971469329529245,5.1945701357466065,8.209985734664764,79.31432342529297,1.082637257536147,2.0701220492947523,17.93685651046648,78.58565135061122,240.17231216761053
41.9268494675,-70.647059724,0,0.013574660633484163,0.2647646219686163,0.0,0.014265335235378032,0.8733031674208145,0.6034236804564908,0.0,0.0005706134094151213,59.68325791855204,29.996861626248215,24.610084533691406,0.5708931079448044,1.1144232403394567,4.947864981618865,0.0,10.860249822750704
42.2493972778,-71.1625900269,0,0.0,0.0,0.0,0.02168330955777461,1.0,0.9731811697574893,0.0,0.005135520684736091,37.09049773755656,46.49871611982881,30.87601661682129,0.6891838065513897,0.9334201650776214,4.591143971884812,137.98508051569243,19.664273133668196
42.1186066667,-71.1836966667,0,0.09049773755656108,0.1891583452211127,0.08597285067873303,0.1340941512125535,0.8235294117647058,0.6679029957203995,0.0,0.0034236804564907277,19.6289592760181,19.030813124108416,86.33577728271484,1.5242092624387358,1.2913538914101044,7.3364736194441456,220.03077327433328,9.345943373941665
42.4331893087,-73.1168453164,0,0.013574660633484163,0.24365192582025677,0.8099547511312217,0.33067047075606276,0.1583710407239819,0.3106990014265335,0.0,0.0005706134094151213,5.366515837104072,8.54037089871612,435.22601318359375,0.5963756206865952,1.831000452733306,9.655922886699653,59.99582550651824,6.47532051818698
42.6487701398,-70.850834631,0,0.04524886877828054,0.18231098430813125,0.03619909502262444,0.2972895863052782,0.04072398190045249,0.07902995720399429,0.0,0.0,1.1176470588235294,1.1845934379457916,11.223262786865234,0.5653257522904436,0.7424173711031314,4.110020437913069,349.8738050837435,66.4639923239727
42.476495937,-71.329959308,1,0.05429864253393665,0.15977175463623394,0.5248868778280543,0.3332382310984308,0.0,0.2587731811697575,0.3891402714932127,0.10527817403708987,0.0,5.451355206847361,34.61756896972656,0.457837369140458,0.6962886244468094,3.381405377801508,10.384067322265,0.3879713507940529
42.14086117,-70.87901333,0,0.01809954751131222,0.06191155492154066,0.08597285067873303,0.2094151212553495,0.8959276018099548,0.7243937232524964,0.0,0.0042796005706134095,17.36651583710407,13.623965763195436,38.557735443115234,0.8714477271103862,0.6667196772786922,4.778087419154335,99.51048567712333,39.39987398210183
42.6717396946,-70.567204915,0,0.0,0.0,0.0,0.0,0.0,0.0,1.0,1.0,0.0,0.0,-1.2510820627212524,0.1517523760678412,0.07172087313122395,0.5756916297894706,0.0,2663.62508335362
42.414024,-73.312387,0,0.36199095022624433,0.44878744650499286,0.25339366515837103,0.13865905848787446,0.2579185520361991,0.1666191155492154,0.03619909502262444,0.12582025677603423,4.972850678733032,3.4079885877318117,366.2405700683594,1.5701639671519767,2.7976314229303623,20.407372465182966,0.0,33.652369959755994
42.350575,-71.3086083333,0,0.18552036199095023,0.5917261055634807,0.00904977375565611,0.0804564907275321,0.8054298642533937,0.3189728958630528,0.0,0.0042796005706134095,27.425339366515836,6.633666191155492,88.57880401611328,2.1952407345947385,1.7218700196066095,10.816267206145927,302.23082495444635,19.868592501497734
42.5018632,-71.25366587,0,0.09502262443438914,0.06562054208273894,0.08597285067873303,0.16947218259629102,0.8190045248868778,0.76490727532097,0.0,0.0,10.212669683257918,17.34950071326676,39.35575866699219,1.5129893660372324,1.8578426823965266,9.801408053344899,110.3399687498793,22.560799371544594
42.207732,-71.351646,0,0.3167420814479638,0.42567760342368044,0.334841628959276,0.2770328102710414,0.013574660633484163,0.0833095577746077,0.058823529411764705,0.012268188302425107,0.09502262443438914,1.4998573466476461,41.03668975830078,2.8818549740930313,1.6253001159258373,9.441231735612657,11.859128103861035,249.54712670907
42.2932333333,-71.2910083333,0,0.0,0.019115549215406563,0.0,0.003138373751783167,1.0,0.9777460770328102,0.0,0.0,33.56108597285068,27.651640513552067,39.008575439453125,0.9740929716393247,1.7275056676975342,7.658918671362279,10.420236455212894,14.955917431988258
42.4211875936,-71.0316801843,0,0.0,0.0,0.0,0.003994293865905849,1.0,0.9960057061340941,0.0,0.0,30.063348416289593,47.41455064194009,12.315205574035645,1.3405065831028886,1.3507165849324467,8.980027945110946,388.8260414234353,147.89361248600179
42.1598396301,-71.1470184326,0,0.0,0.07902995720399429,0.0,0.048787446504992865,1.0,0.8633380884450784,0.0,0.00884450784593438,48.07692307692308,37.21911554921541,36.68533706665039,1.7669849999202767,1.370689520496459,8.483297608607145,407.10482887839953,17.529338169422633
42.6832455472,-70.7768199618,0,0.049773755656108594,0.124679029957204,0.4434389140271493,0.5269614835948645,0.3257918552036199,0.07646219686162625,0.0,0.043937232524964336,5.352941176470588,1.2530670470756062,4.77329683303833,1.9886345536815742,1.4444736224369268,7.363510776775663,107.12970739401399,26.721390134358504
42.396812439,-71.1311645508,0,0.0,0.0,0.0,0.0,1.0,0.9977175463623396,0.0,0.002282453637660485,73.31674208144797,66.6527817403709,6.544573783874512,0.38731928017125444,0.6321466611151374,4.415767751545215,479.64484163740974,22.947804111975085
42.2708075108,-71.6111255051,0,0.0,0.03851640513552068,0.01809954751131222,0.31783166904422255,0.9819004524886877,0.6430813124108417,0.0,0.0,73.4027149321267,27.064194008559202,89.8998794555664,0.8675588575324081,0.7142968338372148,5.25183183512161,270.9886915738878,57.92818729471968
41.7957527944,-70.0159249058,0,0.0,0.003138373751783167,0.03167420814479638,0.13723252496433666,0.19909502262443438,0.26276747503566333,0.4298642533936652,0.5138373751783167,6.126696832579186,5.552639087018545,3.5272269248962402,0.5806680007309992,0.3929842236465697,2.622484229304808,32.73772242297409,69.0460992756374
42.3547879722,-71.1441889722,0,0.0,0.0,0.0,0.003138373751783167,1.0,0.9874465049928673,0.0,0.0094151212553495,72.66968325791855,70.60399429386591,9.188254356384277,0.8326419135899241,1.2734554479290252,11.371382626596064,776.6224477883086,3.882724789953688
42.5916076359,-72.6041351259,0,0.0,0.003138373751783167,0.0,0.029386590584878743,1.0,0.9589158345221113,0.0,0.0005706134094151213,55.60180995475113,45.01198288159772,66.33900451660156,0.6805055017755783,1.4038261262291925,9.66008395910624,732.2371386374791,16.61749456533602
42.3163333333,-71.0945195,0,0.0,0.0,0.0,0.0,1.0,1.0,0.0,0.0,60.52488687782805,59.32154065620542,30.23308563232422,1.9594091826714175,1.6475029051393824,11.484226500063567,844.4525647550715,22.96598672351502
41.790940402,-69.9729849802,0,0.04524886877828054,0.023965763195435093,0.01809954751131222,0.021968616262482168,0.9366515837104072,0.6907275320970043,0.0,0.2630527817403709,13.434389140271493,12.814835948644793,12.807268142700195,1.355776030361712,1.0714493624399417,6.409189421839408,159.9941681199927,62.529785284550115
42.3212616667,-70.9888166667,0,0.0,0.0011412268188302425,0.02262443438914027,0.020827389443651926,0.0,0.0005706134094151213,0.7239819004524887,0.8644793152639088,0.0,0.00912981455064194,0.9793186783790588,1.7753457619960455,0.8430636696751255,5.323622559747068,0.0,102.44236978565516
42.6947222222,-71.725,1,0.7330316742081447,0.8553495007132668,0.004524886877828055,0.05049928673323823,0.1583710407239819,0.0442225392296719,0.0,0.0,0.8642533936651584,0.42196861626248217,168.37469482421875,3.683899487218768,3.642383146626763,26.52807378634366,228.09603546575718,168.73815713125217
41.968625,-70.6446083333,0,0.0,0.0,0.0,0.0,0.0,0.0,0.5248868778280543,0.8453637660485022,0.0,0.0,0.1408451348543167,0.5276947417372978,0.2667347615649449,1.200585052529983,5.37663634936483,4.424991273182466
42.5340212478,-72.5644497746,0,0.28054298642533937,0.4810271041369472,0.26244343891402716,0.12211126961483595,0.004524886877828055,0.09272467902995721,0.08144796380090498,0.13295292439372325,0.19457013574660634,1.9900142653352353,43.44548416137695,0.9838762243856356,3.3496525795526155,16.88953053151674,104.85306619805066,403.9533394774688
42.4052383333,-71.3247083333,0,0.6199095022624435,0.36034236804564906,0.04524886877828054,0.19457917261055635,0.28054298642533937,0.28473609129814553,0.0,0.005991440798858773,4.502262443438914,4.886733238231098,64.78324127197266,1.407981773566849,1.1137520404810723,5.282880656962551,232.1453712394642,0.0006794409770191176
42.474176713,-71.6395613557,1,0.29411764705882354,0.2624821683309558,0.24434389140271492,0.37203994293865905,0.0,0.042225392296718976,0.0,0.0005706134094151213,0.0,1.268758915834522,71.89297485351562,0.9975709747795796,0.7794329709928809,5.362659020545592,35.61073813613286,634.0780033332638
42.0660471091,-70.2374257216,0,0.0,0.0,0.3167420814479638,0.2485021398002853,0.0,0.0014265335235378032,0.00904977375565611,0.27275320970042793,0.0,0.027389443651925822,1.7620949745178223,0.28908033138562833,0.33522359084882564,1.7588802706048423,25.555241615485052,20.249581207199938
42.6472750041,-70.9230661947,0,0.5746606334841629,0.3606276747503566,0.12217194570135746,0.3449358059914408,0.3031674208144796,0.24679029957203993,0.0,0.0011412268188302425,8.371040723981901,3.6815977175463623,19.803131103515625,0.90237827811923,1.0191789328694794,4.177606709505708,185.03899059739618,9.651373511022598
41.9521805556,-70.8853583333,0,0.0,0.017974322396576318,0.0,0.20399429386590584,0.0,0.03223965763195435,0.0,0.002282453637660485,0.0,0.4439372325249643,8.49526596069336,0.09699092661066867,0.3275155485935391,2.8858656484154097,207.99935004632835,710.2419334754418
42.3302466667,-72.5241866667,1,0.10407239819004525,0.2653352353780314,0.013574660633484163,0.14436519258202568,0.23076923076923078,0.3021398002853067,0.0,0.0,4.334841628959276,6.85848787446505,57.2638053894043,1.331754000777635,1.0834472784188414,8.761935697035424,340.555512619692,21.234994197967776
42.490165941,-71.3666588666,1,0.7647058823529411,0.48445078459343793,0.20361990950226244,0.2587731811697575,0.0,0.14008559201141227,0.03167420814479638,0.033095577746077035,0.0,2.4271041369472184,63.80118942260742,1.1962932230482686,1.41834768050942,8.58329538211082,186.82268190428073,357.65958615734417
42.37144802,-71.0266314467,0,0.0,0.0,0.0,0.013409415121255349,1.0,0.9697574893009986,0.0,0.016833095577746076,84.98642533936652,80.28987161198287,3.761767864227295,0.12315652807356298,0.4011926416596944,1.5042295182795526,720.1351096053422,12.319390690102558
42.41623,-71.35431,0,0.47058823529411764,0.45706134094151213,0.06334841628959276,0.16062767475035664,0.10407239819004525,0.16262482168330955,0.36199095022624433,0.14265335235378032,1.1900452488687783,2.466191155492154,38.42463302612305,1.3270643143476588,1.6488497843926342,7.886427930689182,72.14493774224906,107.3803124959965
42.4416386725,-71.1470927444,0,0.11764705882352941,0.04022824536376605,0.01809954751131222,0.0019971469329529245,0.416289592760181,0.7823109843081313,0.4343891402714932,0.17346647646219687,8.547511312217194,20.311840228245362,3.587373733520508,0.7311971416994426,2.0363851940444215,12.6696984836397,17.822311522239865,25.230702209419086
42.1485089917,-72.28709857,0,0.5294117647058824,0.45905848787446507,0.0,0.11440798858773181,0.4253393665158371,0.3594864479315264,0.0,0.0,6.737556561085973,9.14379457917261,145.5435028076172,4.297764486168971,3.507751494231068,27.464153006766246,306.4958834467052,18.054609672048304
42.4014566796,-71.8467400206,1,0.5429864253393665,0.6105563480741797,0.43891402714932126,0.2108416547788873,0.0,0.09472182596291012,0.0,0.005135520684736091,0.0,1.368901569186876,195.4188232421875,0.9901259084676243,1.9010764465958427,11.067211169512461,1.0484003269860522,261.1526420633551
42.1535697096,-71.0469028988,0,0.0,0.09557774607703282,0.0,0.12154065620542083,1.0,0.7728958630527818,0.0,0.0,32.99547511312217,29.16947218259629,68.90312194824219,0.4140139666158012,1.0513977671117996,5.338043218591876,135.66952256663146,23.503635459994587
42.5391716667,-73.0608583333,0,0.6063348416289592,0.6205420827389444,0.248868778280543,0.25848787446504995,0.14479638009049775,0.07503566333808845,0.0,0.0,1.588235294117647,0.9606276747503566,598.4794921875,2.9050019377513174,2.292119032047607,12.547534163734515,67.28323483611932,47.653234147185564
41.58184667,-70.57321167,0,0.0,0.03281027104136947,0.18552036199095023,0.09700427960057062,0.8144796380090498,0.830527817403709,0.0,0.03281027104136947,19.16289592760181,22.035378031383736,4.107890605926514,1.1473498982969021,0.7532471883059507,3.301427978681737,0.0,132.10084125842937
42.2211416667,-71.3025638889,0,0.45701357466063347,0.6042796005706134,0.0,0.0992867332382311,0.18099547511312217,0.24736091298145507,0.0,0.0,2.4570135746606336,4.168901569186876,81.79240417480469,2.4507627911446046,1.7538957833390194,12.104319116005446,179.73312650380007,84.2147678363915
42.47333833,-70.99622167,0,0.0,0.18887303851640513,0.004524886877828055,0.02225392296718973,0.995475113122172,0.715549215406562,0.0,0.06961483594864479,38.30769230769231,26.782025677603425,34.245601654052734,1.4721678401638323,2.428050048869439,10.968601928919192,202.24713414776937,22.495484205146415
42.3302194444,-72.5335222222,1,0.6199095022624435,0.38487874465049926,0.04072398190045249,0.052781740370898715,0.0,0.3135520684736091,0.0,0.0,0.0,7.302425106990015,66.53255462646484,2.233981677316341,1.3768930864680817,10.23976660284098,245.64735830201656,266.69389904289727
42.1929352304,-71.2286289637,0,0.004524886877828055,0.11069900142653352,0.0,0.04935805991440799,0.995475113122172,0.8368045649072753,0.0,0.0,23.470588235294116,20.221968616262483,56.240997314453125,1.603316544168834,1.5671365927570438,7.303577741949412,420.73164090468765,36.65934460713351
42.573875,-70.730255,0,0.12669683257918551,0.11469329529243938,0.0,0.07760342368045649,0.027149321266968326,0.1166904422253923,0.5746606334841629,0.5960057061340942,0.5972850678733032,1.8787446504992866,5.791938781738281,1.7756216682685508,1.1004353328092975,5.963770540205334,0.0,338.21583389838014
42.1430243731,-72.4520638885,1,0.7104072398190046,0.35920114122681884,0.12669683257918551,0.09415121255349501,0.16289592760180996,0.4841654778887304,0.0,0.0,2.7058823529411766,13.490442225392297,76.78568267822266,1.2767576505553713,1.5589082338282547,11.164211114071469,43.211992823379234,101.80766501907846
41.4705203846,-70.627213223,0,0.15384615384615385,0.10984308131241084,0.06787330316742081,0.04365192582025677,0.0,0.11611982881597717,0.5656108597285068,0.65848787446505,0.0,0.9440798858773182,0.5114620923995972,0.2823034799654154,0.5116097832236375,4.85162442380098,20.70490187508543,38.46714133152868
42.811637278,-70.8823951952,0,0.0,0.0,0.0,0.0025677603423680455,1.0,0.9389443651925821,0.0,0.05848787446504993,40.4027149321267,46.56804564907275,18.750568389892578,1.323586734605561,1.2677026476629423,7.942497495584626,649.7107987117688,3.63861380262647
41.70903,-70.7459716667,0,0.5203619909502263,0.26619115549215405,0.34841628959276016,0.22881597717546362,0.11764705882352941,0.22425106990014265,0.0,0.25049928673323824,0.5746606334841629,3.0690442225392296,6.5544562339782715,0.8028632203342178,0.6442992008971813,3.493715720883249,151.08833926142432,125.98385104510062
42.0896426,-71.61311849,0,0.4298642533936652,0.18659058487874466,0.18099547511312217,0.3426533523537803,0.167420814479638,0.40456490727532096,0.06787330316742081,0.026818830242510697,2.6380090497737556,9.82111269614836,79.88833618164062,1.5536269721458,1.1957999709292138,4.560954800461351,122.08955150338181,163.86220028214052
42.430094001,-73.2367934137,0,0.12217194570135746,0.15720399429386592,0.1583710407239819,0.24251069900142652,0.3438914027149321,0.46990014265335234,0.0,0.003138373751783167,5.217194570135747,10.492724679029957,295.315185546875,1.2260123851390643,1.1444666496485365,7.721231037127678,36.26393296892423,139.9828359842072
42.4359883333,-71.0521555,0,0.0,0.038801711840228244,0.0,0.0025677603423680455,1.0,0.9586305278174037,0.0,0.0,52.76923076923077,49.78887303851641,26.274799346923828,2.3376724132923625,2.048379872116976,10.980337793908072,854.8458571693611,0.5221346740855456
42.5893133333,-70.8988716667,0,0.9728506787330317,0.2904422253922967,0.0,0.09215406562054208,0.0,0.3275320970042796,0.0,0.24764621968616263,0.0,6.920399429386591,35.048675537109375,2.6254807066477124,1.4250151108579818,7.598638323635294,296.8617140145716,439.6178890335444
42.17072,-71.0965888333,1,0.02262443438914027,0.12154065620542083,0.5927601809954751,0.4231098430813124,0.38461538461538464,0.45534950071326674,0.0,0.0,7.199095022624435,11.326390870185449,50.19804000854492,0.6983360065007612,0.7319248272732153,4.925293879505858,6.534154803700312,34.354961400804434
42.4552230835,-72.580368042,0,0.01809954751131222,0.037945791726105564,0.049773755656108594,0.029101283880171185,0.416289592760181,0.2553495007132668,0.0,0.10328102710413695,14.361990950226245,7.499286733238231,40.57386016845703,0.09518442129766162,0.5049575258714399,2.5580881750807962,38.60161420709548,0.3786497798738883
42.3838722222,-72.5190222222,1,0.0,0.061626248216833095,0.0,0.00884450784593438,1.0,0.9289586305278174,0.0,0.0,26.692307692307693,31.170042796005706,99.49708557128906,2.978519293029435,2.2032169703465665,13.96071120147168,601.07098394492,37.10938419811573
42.4219585337,-72.2237209897,1,0.5972850678733032,0.656490727532097,0.14027149321266968,0.14607703281027104,0.02262443438914027,0.0048502139800285305,0.049773755656108594,0.16490727532097005,0.14479638009049775,0.04108416547788873,173.42294311523438,2.9135607485912396,2.2546316845315104,15.361853128945576,171.10664512022774,68.10778552878305
42.66407891,-71.89962313,0,0.19909502262443438,0.48730385164051354,0.0,0.16262482168330955,0.12669683257918551,0.1825962910128388,0.6470588235294118,0.1449358059914408,1.1266968325791855,2.9489300998573467,344.4140625,0.9367306064553284,2.1920612651819913,10.299864452983241,0.0,31.69329252561061
41.5670826902,-70.5948476456,0,0.0,0.041940085592011414,0.03619909502262444,0.03937232524964337,0.9638009049773756,0.8947218259629102,0.0,0.021398002853067047,38.94117647058823,29.017689015691868,5.435794830322266,0.5659067080349769,0.5240651119723129,2.2623690043719185,125.02711222718708,30.052070134461264
42.3408833455,-72.5120289723,0,0.167420814479638,0.2268188302425107,0.26244343891402716,0.14151212553495007,0.31221719457013575,0.3985734664764622,0.0,0.0,4.669683257918552,8.02796005706134,49.808349609375,1.5319844750786737,1.5266095001860123,8.909327717704024,13.527079797683966,80.71198470792996
42.2673124,-71.5350693,1,0.13574660633484162,0.30613409415121257,0.167420814479638,0.1289586305278174,0.6968325791855203,0.5606276747503567,0.0,0.0025677603423680455,14.882352941176471,13.583166904422255,83.25302124023438,1.6301656541412362,2.373338059254743,10.21036945365909,179.03449018727773,46.33376759447694
41.6742925695,-70.059753236,0,0.0,0.005135520684736091,0.1493212669683258,0.12039942938659058,0.832579185520362,0.854493580599144,0.004524886877828055,0.016833095577746076,12.900452488687783,21.31012838801712,3.6056413650512695,0.5394933129336041,0.6039117039245527,2.9929584578672914,0.0,116.1297248809392
42.35647744,-73.20736205,0,0.9366515837104072,0.7885877318116976,0.06334841628959276,0.1942938659058488,0.0,0.009700427960057061,0.0,0.0017118402282453639,0.0,0.05905848787446505,548.7134399414062,2.373483407801242,2.523334320679257,13.211658071452783,318.25565871731055,327.5222810202838
42.0383528333,-70.925505,0,0.1583710407239819,0.2935805991440799,0.09954751131221719,0.25449358059914406,0.22624434389140272,0.3024251069900143,0.0,0.0028530670470756064,6.040723981900452,6.58830242510699,20.891477584838867,0.917845100430026,0.6407893669848914,4.411056201938272,40.07418408786372,36.860036059762166
42.2198450697,-71.1179916783,0,0.6606334841628959,0.6550641940085592,0.0,0.04992867332382311,0.3393665158371041,0.25449358059914406,0.0,0.0,8.773755656108598,6.445934379457917,75.05941772460938,4.946064562117986,4.8704090795189225,40.220507279165524,109.08305257732029,84.89720418563115
41.6817133333,-69.9525,0,0.0,0.0,0.07692307692307693,0.012553495007132667,0.9230769230769231,0.630527817403709,0.0,0.30813124108416545,20.710407239819006,20.06904422253923,7.298495292663574,0.8187992192738527,0.9363225919214722,5.1870807113302835,109.50899702074312,7.043510146218801
42.2667111111,-71.0966333333,0,0.0,0.0068473609129814554,0.0,0.00884450784593438,1.0,0.9843081312410842,0.0,0.0,57.30316742081448,47.62681883024251,12.568230628967285,0.6962872221600933,0.8221539851952525,3.8791361762192857,140.33905036668983,4.721913993682536
42.354795,-71.4051883333,0,0.17647058823529413,0.18231098430813125,0.5067873303167421,0.32353780313837377,0.3167420814479638,0.45820256776034235,0.0,0.0,7.1855203619909505,9.59286733238231,39.44412612915039,0.6074494341171369,0.8492648657156562,4.553227676890746,22.405833459097174,104.45373921341346
42.6131581069,-72.0201725178,0,0.5475113122171946,0.6271041369472182,0.45248868778280543,0.30470756062767473,0.0,0.0456490727532097,0.0,0.0,0.0,0.9683309557774608,309.300537109375,1.3261544042326958,1.9506028665859916,9.04530424412852,60.61330325016482,640.2679795594897
42.4581403182,-72.8983905571,1,0.9638009049773756,0.6932952924393724,0.03619909502262444,0.08559201141226819,0.0,0.15977175463623394,0.0,0.0,0.0,3.9081312410841655,368.0245361328125,4.760437385425127,4.7972417506018035,37.79644786119684,480.53939804541096,328.2337163401548
41.6566011915,-71.0790934414,0,0.13122171945701358,0.18202567760342367,0.0,0.26333808844507844,0.8687782805429864,0.5472182596291013,0.0,0.0,32.2579185520362,15.988587731811698,35.71757888793945,1.2592267848585572,0.9568672892175127,6.590640343705566,468.160050891129,52.302779302225574
42.4905166513,-71.351052624,1,0.7194570135746606,0.7172610556348075,0.2669683257918552,0.2502139800285307,0.0,0.0025677603423680455,0.00904977375565611,0.010271041369472182,0.0,0.09386590584878744,55.289058685302734,1.2990796858018878,1.416180469464494,8.326715925140517,28.0827168643381,894.3261712765128
42.5361116667,-72.550745,1,0.497737556561086,0.5146932952924393,0.0,0.09215406562054208,0.20361990950226244,0.12268188302425106,0.0,0.0,2.7873303167420813,2.2151212553495006,84.19837951660156,4.90810342948465,3.622900380697448,32.39506778297692,61.56737878396026,38.45897471741709
42.1549095066,-70.7410097122,0,0.6787330316742082,0.4804564907275321,0.027149321266968326,0.1905848787446505,0.2669683257918552,0.24507845934379457,0.0,0.06990014265335236,3.6018099547511313,3.8562054208273895,20.732440948486328,1.2125873102281435,1.8555107917392601,10.607674824274474,325.36137750243455,105.5893348038939
42.337448,-72.6319119722,1,0.0,0.02767475035663338,0.04524886877828054,0.13723252496433666,0.9547511312217195,0.6485021398002853,0.0,0.13009985734664764,55.01357466063349,31.63965763195435,43.4898681640625,0.855466907950484,0.8152950340774466,6.16017594754113,21.790267039531024,58.57794255123441
42.2409866667,-71.1671966667,0,0.0,0.0048502139800285305,0.08144796380090498,0.05991440798858773,0.918552036199095,0.9072753209700428,0.0,0.027960057061340943,24.65610859728507,39.62225392296719,29.44386863708496,1.2100973779672723,0.8587042983990075,5.266334908132811,149.37046974041482,30.67302245037147
42.7905666667,-70.939705,0,0.07239819004524888,0.26105563480741795,0.7330316742081447,0.3483594864479315,0.0,0.15863052781740372,0.02262443438914027,0.03252496433666191,0.0,1.8485021398002852,5.041754722595215,0.4011067787898114,1.147833819485453,6.772837366305962,0.0,55.441716119465184
41.8014735727,-69.9917171468,0,0.0,0.05563480741797432,0.1085972850678733,0.3537803138373752,0.8914027149321267,0.5557774607703281,0.0,0.028815977175463622,15.307692307692308,13.727246790299573,3.808769464492798,0.2064689184743787,0.45288047211385724,1.6210499676267458,136.00029192796927,22.20155847172281
42.5490664187,-71.4582131831,0,0.33031674208144796,0.3195435092724679,0.01809954751131222,0.18944365192582024,0.35294117647058826,0.4248216833095578,0.0,0.0,13.339366515837105,15.362910128388018,74.2755126953125,1.9807369830759929,1.372448846873568,10.37282397834576,73.01136439590061,207.69858505192863
42.5025027778,-71.7963944444,0,0.05429864253393665,0.7657631954350927,0.13574660633484162,0.06761768901569187,0.04524886877828054,0.061626248216833095,0.0,0.0,1.6968325791855203,0.6653352353780314,243.1098175048828,3.519410051923719,3.504600723218616,23.894554921716153,29.034029161238895,263.03595348843356
41.2785116667,-69.962425,0,0.00904977375565611,0.06619115549215407,0.0,0.020256776034236805,0.38461538461538464,0.3437945791726106,0.3665158371040724,0.4881597717546362,7.9411764705882355,5.190584878744651,13.602482795715332,3.2804556806153666,1.0986354005554249,9.928206112394314,156.1092262852813,19.076754759958085
41.9897313362,-71.0788261803,0,0.0,0.02253922967189729,1.0,0.8756062767475036,0.0,0.09586305278174037,0.0,0.0,0.0,4.792867332382311,20.537559509277344,0.06024418609415952,0.16893732067721778,1.2551321749742845,10.459505183673421,727.3576448404617
42.55497,-71.3362116667,0,0.8687782805429864,0.6248216833095578,0.13122171945701358,0.24079885877318116,0.0,0.08873038516405135,0.0,0.005706134094151213,0.0,1.743509272467903,55.55387878417969,0.6502063515773173,1.0446468702279947,4.895870125665583,87.78718926713006,3.115273757095887
42.5777735554,-70.9925901875,0,0.049773755656108594,0.10898716119828816,0.36199095022624433,0.22624821683309557,0.583710407239819,0.62339514978602,0.0,0.003994293865905849,24.660633484162897,21.776890156918686,15.180201530456543,1.797457615307665,1.552128174947759,10.008698950475134,34.25008819261933,73.65383834005478
42.4959531693,-71.3637799529,1,0.6063348416289592,0.5537803138373751,0.16289592760180996,0.20970042796005706,0.013574660633484163,0.16576319543509271,0.21266968325791855,0.029101283880171185,0.3257918552036199,3.390870185449358,62.90485763549805,1.9636692969439085,1.388820166638345,9.4979737013151,35.51612257023263,293.54464809326635
42.51137272,-71.11472468,0,0.0,0.003994293865905849,0.027149321266968326,0.017974322396576318,0.9728506787330317,0.9780313837375179,0.0,0.0,19.16289592760181,27.6641940085592,42.23764419555664,0.7431333889377713,1.2187367992759173,6.47626121914555,456.9771084764358,50.15548013485301
42.3509166667,-71.1257861111,0,0.0,0.0,0.0,0.0,1.0,0.9757489300998573,0.0,0.024251069900142655,71.79638009049773,69.30898716119829,11.49116325378418,0.4968892166866229,1.0828262111735314,6.719401352044424,798.2125122839319,11.23872909568826
42.27872167,-71.12875283,0,0.0,0.0,0.0,0.0,1.0,1.0,0.0,0.0,52.10407239819005,53.44136947218259,56.26008605957031,4.326523769075637,2.4952326149302113,16.795557027394928,668.897422004529,5.819034802223052
42.1146583333,-72.7919616667,1,0.2171945701357466,0.49529243937232525,0.09049773755656108,0.08930099857346648,0.6108597285067874,0.3346647646219686,0.0,0.00456490727532097,8.65158371040724,5.433666191155492,84.40264129638672,1.8731346148293926,2.1376155672126615,14.660831232999449,26.344506958050037,44.11000402045067
42.3169593811,-71.1817092896,0,0.11312217194570136,0.1514978601997147,0.013574660633484163,0.05249643366619115,0.8733031674208145,0.7957203994293865,0.0,0.0002853067047075606,33.470588235294116,30.496718972895863,55.006065368652344,1.011779477244623,1.465392598877572,10.079587455967937,528.850715558572,6.742803404647173
42.3948707581,-71.1138305664,0,0.0,0.0,0.0,0.0,1.0,1.0,0.0,0.0,72.21266968325791,71.93124108416548,12.959362983703613,0.5597706463123119,1.1143564964526405,6.490097001784088,822.2477152415876,13.467211937815089
42.65045,-73.233125,0,0.8144796380090498,0.663623395149786,0.13122171945701358,0.0522111269614836,0.0,0.09557774607703282,0.0,0.0,0.0,1.3500713266761768,282.64837646484375,6.597481969389213,5.850750728590176,39.669118059888945,84.09240523590039,235.2397458539258
42.7796882666,-71.0681088661,0,0.004524886877828055,0.17175463623395149,0.0,0.016547788873038517,0.995475113122172,0.7206847360912981,0.0,0.08758915834522112,26.97737556561086,32.07902995720399,46.079566955566406,2.152687627865338,2.4465238113681007,16.807751607228813,128.84732888883212,35.03961414480184
42.2980537415,-71.0922241211,0,0.0,0.05791726105563481,0.00904977375565611,0.009700427960057061,0.9909502262443439,0.9289586305278174,0.0,0.0034236804564907277,17.14027149321267,34.1095577746077,27.402008056640625,0.6148378736265447,1.2569160728582454,8.417238754125956,128.12737324022245,57.47388223685326
42.5737,-73.2361,0,0.7239819004524887,0.8813124108416548,0.058823529411764705,0.019971469329529243,0.0,0.0094151212553495,0.0,0.0,0.0,0.12039942938659058,497.0893249511719,2.65866039891179,5.232529676651672,29.30274184791787,354.49432293859576,335.85567758540134
42.5940186712,-71.5533962177,1,0.3438914027149321,0.48245363766048505,0.01809954751131222,0.17175463623395149,0.2171945701357466,0.207132667617689,0.0,0.0025677603423680455,3.244343891402715,3.0159771754636235,130.1871337890625,3.872944873761748,3.040091276209364,12.754016545738171,463.030251682089,37.742914166276364
42.6920916667,-71.228645,1,0.00904977375565611,0.18288159771754636,0.18552036199095023,0.07417974322396577,0.6244343891402715,0.5803138373751783,0.17194570135746606,0.1275320970042796,17.3710407239819,17.00256776034237,15.786290168762207,0.28108085948212985,1.205888477379886,5.64651594988989,27.114465812801228,0.48636898185976857
42.10874171,-71.7597354949,0,0.7601809954751131,0.736947218259629,0.049773755656108594,0.08616262482168331,0.16289592760180996,0.10927246790299572,0.0,0.0094151212553495,1.16289592760181,0.9560627674750357,164.35330200195312,3.3845039821795364,3.436395502554452,17.60386607853646,1.7163196571051844,99.6148188606157
41.9223021168,-70.7835732735,0,0.4072398190045249,0.324679029957204,0.26244343891402716,0.2225392296718973,0.21266968325791855,0.2456490727532097,0.013574660633484163,0.038231098430813126,3.8642533936651584,4.977175463623396,31.649662017822266,0.9888750902576352,0.8160346150626865,3.132396326836177,96.4903001274921,28.960626236926256
42.56152,-71.51685333,0,0.3167420814479638,0.24964336661911554,0.013574660633484163,0.24251069900142652,0.19457013574660634,0.27589158345221115,0.3438914027149321,0.09358059914407989,5.67420814479638,7.307275320970043,70.12779235839844,1.466922372923572,1.737244407230502,9.248182731080536,22.680220137112205,33.53218966742692
42.1826742436,-71.2174973054,0,0.0,0.009700427960057061,0.0,0.034236804564907276,0.9864253393665159,0.9420827389443652,0.013574660633484163,0.013980028530670471,30.92760180995475,35.99457917261056,38.26454544067383,1.9560300586908437,1.5555600671951655,11.47110874289558,165.77297869628333,63.342492944005386
42.20981,-71.4485212,1,0.4253393665158371,0.4008559201141227,0.22624434389140272,0.1529243937232525,0.2895927601809955,0.37489300998573466,0.0,0.0,3.524886877828054,6.5149786019971465,88.91590118408203,3.4108467079439166,2.1065554449194686,11.75017912838888,89.34762628633487,0.25203276118726675
41.5524913345,-70.6398278088,0,0.4253393665158371,0.3774607703281027,0.02262443438914027,0.03937232524964337,0.28054298642533937,0.5415121255349501,0.0,0.02282453637660485,3.990950226244344,7.226818830242511,22.757314682006836,1.4581056300475703,1.4358536162873008,7.870204826461307,248.15513754203158,117.3064006832063
42.1527220042,-72.8146938833,0,0.6968325791855203,0.5549215406562055,0.03167420814479638,0.021968616262482168,0.21266968325791855,0.17203994293865907,0.05429864253393665,0.021112696148359488,6.5565610859728505,3.9161198288159773,74.19588470458984,7.654564875077402,6.89367763124508,44.29949682689142,121.61902454541304,64.29431526069484
42.4204816285,-71.6610397423,0,0.19457013574660634,0.37089871611982883,0.004524886877828055,0.0644793152639087,0.8009049773755657,0.5269614835948645,0.0,0.0005706134094151213,19.506787330316744,13.707845934379458,114.96678161621094,3.7988529828642053,2.4273564404659322,17.032915287427784,374.5368536441788,28.71723125748122
42.4025292286,-71.0372756432,0,0.0,0.0,0.0,0.0,1.0,1.0,0.0,0.0,70.47058823529412,72.55920114122682,7.233438014984131,1.6405018512050615,1.69164086368128,9.752618346502482,914.0332590069792,4.816291353345507
42.0825739769,-73.362014346,0,0.1493212669683258,0.3840228245363766,0.18099547511312217,0.4048502139800285,0.17647058823529413,0.043937232524964336,0.0,0.0,1.5475113122171946,0.4154065620542083,216.84478759765625,1.9554875183083358,1.8267685366612512,12.493579001307804,66.16271115661996,24.85157346034118
42.4894017408,-71.5348359035,1,0.19909502262443438,0.331811697574893,0.05429864253393665,0.16490727532097005,0.3936651583710407,0.4171184022824536,0.0,0.0005706134094151213,7.479638009049774,12.757774607703281,92.72889709472656,3.020937033940415,2.1269797793567364,15.440796649536347,63.81482264060672,3.381583643657995
42.3401,-71.83937,1,0.18099547511312217,0.1754636233951498,0.2895927601809955,0.17146932952924393,0.5294117647058824,0.6370898716119828,0.0,0.015406562054208274,28.46153846153846,21.754065620542082,217.1861572265625,1.2433106381119587,1.8471175417233834,8.954138279076423,51.53401916790862,32.68402627633595
41.2528383333,-70.0040138833,0,0.17647058823529413,0.2664764621968616,0.0,0.006562054208273894,0.7692307692307693,0.6644793152639087,0.0,0.0,10.877828054298643,9.238231098430813,17.065650939941406,0.6766220230797046,0.7205256273967244,3.338315744542407,244.82656353538613,56.861018716557375
42.3843978199,-72.1828191378,0,0.09049773755656108,0.45164051355206847,0.9095022624434389,0.4108416547788873,0.0,0.053637660485021395,0.0,0.0,0.0,0.27503566333808843,299.4149169921875,0.5708958081537646,1.7586342322857285,8.675667245695127,0.0,530.5467136627325
41.2827146536,-69.9639502262,0,0.00904977375565611,0.07047075606276748,0.0,0.028530670470756064,0.26244343891402716,0.31611982881597717,0.45248868778280543,0.5035663338088445,4.592760180995475,4.669900142653352,13.270089149475098,3.0578035249412974,1.1078464963429773,9.488086892251987,86.31368515593742,62.948201399554804
42.0376969444,-70.7916483333,0,0.47058823529411764,0.37375178316690444,0.167420814479638,0.26134094151212556,0.36199095022624433,0.329243937232525,0.0,0.0008559201141226819,5.104072398190045,6.543223965763196,35.62000274658203,0.3331670701467935,0.40971126690271736,2.131765309225561,94.68680296273197,31.00194912045941
42.0907707751,-71.2643555882,0,0.0,0.11754636233951497,0.0,0.075320970042796,1.0,0.8011412268188303,0.0,0.0011412268188302425,80.55203619909503,44.42339514978602,85.6283187866211,2.193128884502576,1.4639981681251384,8.60972291344002,295.47552173190536,143.89971373706652
42.2164405886,-71.4638801519,0,0.6334841628959276,0.5115549215406562,0.2850678733031674,0.19001426533523538,0.08144796380090498,0.2647646219686163,0.0,0.015691868758915834,0.8597285067873304,4.889300998573466,90.65353393554688,1.1359288367308715,1.8610484982746425,7.333327813028976,0.0,68.92732917370459
42.38252167,-71.42851333,0,0.31221719457013575,0.2582025677603424,0.5475113122171946,0.18145506419400856,0.14027149321266968,0.5603423680456491,0.0,0.0,2.3846153846153846,9.107275320970043,45.079933166503906,1.171714388449258,0.962789926081054,4.042570672904722,0.0,15.624251814802985
42.5240333333,-71.3856883333,1,0.4796380090497738,0.6048502139800286,0.4796380090497738,0.22082738944365193,0.04072398190045249,0.14265335235378032,0.0,0.0,0.7828054298642534,1.896718972895863,67.28059387207031,1.2973605377037623,1.5889053534166837,7.766975752978399,66.4271065336648,83.2621630092511
42.6219416314,-72.2197190123,0,0.7058823529411765,0.6701854493580599,0.04524886877828054,0.12696148359486448,0.18099547511312217,0.1312410841654779,0.0,0.002282453637660485,1.7647058823529411,2.56490727532097,234.5079803466797,2.9133811709320927,3.9055691442713174,34.61932070555699,332.62289596854714,53.873231092621154
42.4319032161,-71.1070512214,0,0.583710407239819,0.3594864479315264,0.11312217194570136,0.02310984308131241,0.3031674208144796,0.6148359486447932,0.0,0.0025677603423680455,11.167420814479637,28.675320970042797,30.624353408813477,2.4174353846582064,1.9810299826413336,13.4103768985607,0.0,141.95911977899996
42.6338735004,-71.5524625864,1,0.4660633484162896,0.6168330955777461,0.47058823529411764,0.14122681883024252,0.04072398190045249,0.13295292439372325,0.0,0.0014265335235378032,0.34841628959276016,1.6930099857346648,108.63756561279297,2.831251878439717,2.466071319490239,11.59308947026073,37.067765664054875,144.6913747025425
42.732446,-73.032814,0,1.0,0.9360912981455064,0.0,0.012553495007132667,0.0,0.03166904422253923,0.0,0.0,0.0,0.6430813124108417,750.8538818359375,7.815153860104579,7.5975030410671565,50.020327975369234,434.2840047920083,346.1618493405716
42.319507,-72.405056,0,0.7828054298642534,0.8476462196861626,0.08144796380090498,0.06476462196861626,0.13574660633484162,0.04621968616262482,0.0,0.0,0.6018099547511312,0.3880171184022825,206.1605987548828,3.8807918431787445,4.88519067607028,32.66325491534161,19.043886562500205,113.51486866638754
42.54729,-72.2109016667,0,0.9366515837104072,0.7198288159771755,0.058823529411764705,0.16547788873038516,0.0,0.05563480741797432,0.0,0.005135520684736091,0.0,0.5178316690442225,275.26715087890625,1.6750997695074812,1.6434816181150045,7.197699182278794,500.027159994543,561.2826452222511
42.3501083333,-71.361965,0,0.29411764705882354,0.2898716119828816,0.16289592760180996,0.16861626248216832,0.3393665158371041,0.4536376604850214,0.0,0.025677603423680456,9.447963800904978,6.321825962910128,44.31846618652344,2.79025249723899,2.1314128364865845,18.151270363947823,171.2529284652687,168.7986674601537
42.3972252757,-71.0887141899,0,0.0,0.0068473609129814554,0.0,0.016262482168330955,0.9547511312217195,0.8276747503566334,0.04524886877828054,0.14436519258202568,72.1131221719457,58.96091298145507,7.117419719696045,0.9373888400730652,0.9919848367917744,7.8126622461563455,188.18211373505196,8.73363337330761
42.4773192058,-71.0628482226,0,0.0,0.030813124108416547,0.0,0.00884450784593438,1.0,0.9569186875891583,0.0,0.0034236804564907277,40.48868778280543,27.523537803138375,29.19183921813965,1.208112815272849,1.7897054018979555,7.174070608819794,384.5514507065817,20.617694042409827
42.665375,-71.548295,0,0.09954751131221719,0.329243937232525,0.049773755656108594,0.16205420827389444,0.8506787330316742,0.4864479315263909,0.0,0.0019971469329529245,17.23076923076923,11.301283880171184,65.17044067382812,0.7264082631137392,0.7724600791680529,5.836918236300293,267.28329849466934,6.498670561701406
42.093953,-70.7063883333,0,0.02262443438914027,0.14037089871611982,0.6561085972850679,0.29871611982881596,0.3167420814479638,0.5489300998573466,0.0,0.0002853067047075606,14.710407239819004,19.95549215406562,1.8296066522598267,0.4569117232363207,0.7762300151079441,4.691283182520607,24.783396993748312,89.03680650547638
42.1086916667,-70.7464366667,0,0.14479638009049775,0.19828815977175462,0.0,0.054778887303851644,0.8552036199095022,0.7009985734664764,0.0,0.0034236804564907277,33.46153846153846,30.970328102710415,31.875911712646484,0.33625675598911564,0.8622648348317983,3.3894571572518,586.8416869965259,56.67160708804469
42.3279946238,-71.3981797546,1,0.17194570135746606,0.0724679029957204,0.10407239819004525,0.08302425106990015,0.7239819004524887,0.8171184022824537,0.0,0.007703281027104137,23.307692307692307,30.476747503566333,49.85388946533203,2.1277245027832152,1.327667171014366,6.510622012735024,65.74037573503193,33.351325675664164
42.1817692124,-70.7365357876,0,0.027149321266968326,0.0644793152639087,0.06334841628959276,0.18887303851640513,0.8868778280542986,0.7069900142653353,0.0,0.025962910128388018,10.990950226244344,19.741797432239657,12.43106460571289,0.9080884139859484,0.9274343259467138,4.480905218700459,171.31490999924637,129.9758948463393
42.5683461949,-70.8436781909,0,0.5475113122171946,0.5278174037089871,0.11312217194570136,0.17660485021398004,0.3393665158371041,0.2904422253922967,0.0,0.0,6.180995475113122,5.772039942938659,21.347944259643555,1.4489955217886363,1.1861009809953489,8.17255835446712,113.60147688933539,71.39426682670529
42.3294319864,-71.5620699381,1,0.583710407239819,0.33352353780313837,0.004524886877828055,0.1360912981455064,0.3574660633484163,0.5252496433666192,0.0,0.0,8.307692307692308,13.80114122681883,138.95921325683594,2.99960260489028,2.695036865056524,14.440137036775365,159.5156735309414,97.22101810813601
42.5942568525,-71.5533749664,1,0.3936651583710407,0.4793152639087018,0.013574660633484163,0.1680456490727532,0.248868778280543,0.21426533523537802,0.0,0.002282453637660485,3.5475113122171944,3.0653352353780314,130.1871337890625,3.872944873761748,3.040091276209364,12.754016545738171,467.55323129007024,61.19042221608706
42.1785726727,-72.6974245335,0,0.08597285067873303,0.17146932952924393,0.18099547511312217,0.10328102710413695,0.3936651583710407,0.4955777460770328,0.3076923076923077,0.1985734664764622,10.380090497737557,13.879029957203993,77.38352966308594,0.3688142758499291,0.6351823196521601,2.711135077688264,0.0,41.330578078526926
42.6963633333,-72.2697233333,0,0.8868778280542986,0.7340941512125535,0.00904977375565611,0.20399429386590584,0.09049773755656108,0.033951497860199714,0.0,0.0,0.5113122171945701,0.21340941512125536,335.0214538574219,2.3365061871914836,3.417810319523777,20.19160724144299,270.3725851312251,82.65690104697539
42.1530607553,-72.7623878047,1,0.20361990950226244,0.4978601997146933,0.0,0.05021398002853067,0.7647058823529411,0.31840228245363766,0.0,0.0042796005706134095,19.334841628959275,9.671326676176891,70.86627197265625,1.4895698528188206,1.4177455289628127,7.965139208784988,292.28813904541073,57.05462674925577
42.1978566346,-71.6816199055,1,0.4479638009049774,0.2950071326676177,0.004524886877828055,0.08587731811697574,0.47058823529411764,0.49586305278174037,0.0,0.0,9.592760180995475,11.479885877318116,138.4345703125,4.217087141150144,2.98417054427666,22.72998602717158,36.22836448884407,45.23011531927553
42.53192833,-71.57505,0,0.4796380090497738,0.5292439372325249,0.013574660633484163,0.09586305278174037,0.334841628959276,0.2616262482168331,0.0,0.0005706134094151213,8.34841628959276,7.029671897289586,93.78211975097656,2.8710692998201326,2.181291922343218,11.075490932110899,265.8997738355789,69.54371485134695
42.2887027778,-73.3161611111,0,0.23076923076923078,0.18830242510699002,0.0,0.17717546362339515,0.42081447963800905,0.4970042796005706,0.0,0.0002853067047075606,4.067873303167421,7.750356633380885,272.71844482421875,5.904372116684948,2.3789229024998537,23.042712143978903,486.16061270068167,68.92337050784981
42.37262246,-71.62583569,0,0.5610859728506787,0.5184022824536376,0.00904977375565611,0.16776034236804566,0.33031674208144796,0.20684736091298145,0.0,0.0014265335235378032,14.868778280542987,4.61055634807418,102.55548095703125,2.705578684015504,2.0498343222859066,15.126625425184491,72.6016034561757,47.23823588698632
42.2423423315,-70.8906022926,0,0.0,0.038231098430813126,0.0,0.07189728958630527,1.0,0.7894436519258202,0.0,0.0992867332382311,46.20814479638009,20.132952924393724,6.341775417327881,1.1571583105486385,1.0498064237924596,6.266848251183357,405.54947703513125,6.01849219437713
42.2440219674,-71.1078160638,0,0.09954751131221719,0.02368045649072753,0.01809954751131222,0.017403708987161197,0.8823529411764706,0.9589158345221113,0.0,0.0,12.760180995475114,23.882453637660486,35.833702087402344,4.191414812921605,2.602230188579134,15.447443838406318,354.3494380572955,66.67381421084458
42.0294079961,-71.7737900326,0,0.2579185520361991,0.7087018544935806,0.7420814479638009,0.26504992867332383,0.0,0.025392296718972897,0.0,0.0,0.0,0.2787446504992867,179.60707092285156,1.004869161675999,2.222538198048204,10.113629930478394,0.0,272.0316790106365
42.3018543459,-71.3281038643,0,0.0,0.07047075606276748,0.0,0.05848787446504993,0.9773755656108597,0.7503566333808844,0.02262443438914027,0.11212553495007133,24.447963800904976,21.909557774607702,47.04469299316406,1.2477501896776164,1.3371282134661706,6.429243725355424,25.737024693158055,5.486135308144548
42.312877655,-72.2413482666,0,0.14027149321266968,0.512981455064194,0.15384615384615385,0.19372325249643366,0.12669683257918551,0.09500713266761769,0.502262443438914,0.07703281027104136,2.1131221719457014,1.0981455064194008,145.3207244873047,1.241462600272355,3.212829703890103,17.854888204831614,0.0,78.98952195857156
42.4052380253,-71.2983565683,0,0.6063348416289592,0.4202567760342368,0.14027149321266968,0.23166904422253923,0.23529411764705882,0.268188302425107,0.0,0.020256776034236805,1.5384615384615385,3.459058487874465,70.76006317138672,2.4732870367337014,1.5108404850999175,7.660230477740853,136.6983170389057,32.823875152312006
42.180125,-70.9724416667,0,0.17647058823529413,0.1746077032810271,0.18099547511312217,0.23395149786019973,0.6425339366515838,0.58830242510699,0.0,0.0,24.34389140271493,18.28416547788873,47.85163879394531,0.7873547676987603,0.9407922659679736,6.058384178593737,94.47894963908472,88.54035927452198
41.5223216667,-71.010415,0,0.1583710407239819,0.12182596291012839,0.23529411764705882,0.35178316690442224,0.0,0.03366619115549215,0.0,0.10955777460770329,0.0,0.7586305278174037,2.1887693405151367,0.4951658905378373,0.560475958752509,4.473345480630301,65.20191926079829,439.94425842120603
42.4050761671,-71.2030969933,0,0.2398190045248869,0.23052781740370898,0.4434389140271493,0.16861626248216832,0.31221719457013575,0.5586305278174037,0.0,0.0014265335235378032,9.108597285067873,10.934950071326677,53.14711380004883,0.3590238106667014,1.8733697677154908,9.06546282178293,33.30395840337141,191.02867542439654
42.2612074262,-71.5933754159,0,0.167420814479638,0.09671897289586305,0.47058823529411764,0.6022824536376605,0.004524886877828055,0.21141226818830242,0.0,0.0068473609129814554,0.14479638009049775,7.370328102710413,85.67942810058594,0.3961221623704056,0.7546509064326077,6.925778624580392,43.23732801590761,421.66982332450084
42.4879135618,-70.9250224014,0,0.38461538461538464,0.20770328102710414,0.2669683257918552,0.07674750356633381,0.34841628959276016,0.5523537803138374,0.0,0.005991440798858773,9.83710407239819,20.144650499286733,33.3453369140625,1.7517418585909088,2.758931959481982,15.283378149610185,88.95814987892352,36.322602643476316
42.65965179,-72.31590025,0,1.0,0.9289586305278174,0.0,0.05734664764621969,0.0,0.0,0.0,0.010271041369472182,0.0,0.0,265.67840576171875,5.8945525718813,6.118598653818045,39.35896746572471,27.142239837061666,635.7220830812232
42.5138465988,-72.2801159995,1,0.5475113122171946,0.5794579172610557,0.45248868778280543,0.2601997146932953,0.0,0.02368045649072753,0.0,0.10699001426533523,0.0,0.40827389443651924,165.5850830078125,0.8808305636410505,1.9193523394600636,10.216151852013882,9.528403552713508,24.752706841505717
42.3761779204,-71.5279712342,0,0.19004524886877827,0.15349500713266762,0.2081447963800905,0.09529243937232525,0.6018099547511312,0.6650499286733238,0.0,0.08245363766048502,9.547511312217194,16.881312410841655,75.96356964111328,1.0650167223569376,2.6623841155848167,13.058371008717454,46.2675141280275,2.702355202688498
42.0031734201,-70.4545834973,0,0.0,0.0,0.0,0.0,0.0,0.0,1.0,1.0,0.0,0.0,0.0,0.0,0.0,0.0,0.0,11079.951899306447
42.3209661147,-73.1388995424,0,0.8461538461538461,0.7940085592011412,0.07692307692307693,0.07703281027104136,0.07692307692307693,0.03052781740370899,0.0,0.09671897289586305,0.38009049773755654,0.18231098430813125,558.4007568359375,3.9541954556768206,3.1776548934028837,15.079175187301827,245.18953102363326,140.1580932453845
41.5529633333,-70.5001166667,0,0.08144796380090498,0.143509272467903,0.3393665158371041,0.1971469329529244,0.027149321266968326,0.09529243937232525,0.23076923076923078,0.4861626248216833,0.27149321266968324,1.6804564907275321,0.6692125201225281,0.1908796913844639,0.15879839881343494,0.9692457953273792,89.43716205137147,21.05353538718397
42.4387633333,-71.3772716667,0,0.1583710407239819,0.34579172610556347,0.12217194570135746,0.18773181169757489,0.23076923076923078,0.3492154065620542,0.0,0.014550641940085592,3.6380090497737556,5.342938659058488,52.27058410644531,0.692827521163219,1.3756501639214174,8.289592880715764,85.50736984130012,77.04405207796535
42.735825,-70.7904805556,0,0.02262443438914027,0.006276747503566334,0.19004524886877827,0.3186875891583452,0.11764705882352941,0.03452211126961484,0.0,0.40827389443651924,3.411764705882353,0.9614835948644793,3.635808229446411,0.49265689999256473,0.33238246009686584,1.6277029936115877,168.4234884216504,8.865477900094731
42.1397770339,-71.4121449085,1,0.29411764705882354,0.2296718972895863,0.16289592760180996,0.16034236804564908,0.5113122171945701,0.5574893009985734,0.0,0.0,11.90950226244344,14.243651925820258,57.41974639892578,1.3460673897673228,1.2569961467020798,6.815068210599092,193.91337029293132,47.88427348929941
41.9636086872,-71.3214628771,0,0.09954751131221719,0.10156918687589159,0.06787330316742081,0.13495007132667616,0.6108597285067874,0.6499286733238231,0.22171945701357465,0.11041369472182597,12.104072398190045,17.486447931526392,55.436073303222656,0.4870658820848404,0.6337000217404382,4.629614469431074,70.93808286220815,0.4159666145467004
42.6664194444,-71.3697444444,0,0.5882352941176471,0.5235378031383737,0.4117647058823529,0.27646219686162626,0.0,0.15834522111269614,0.0,0.03281027104136947,0.0,3.774037089871612,48.559818267822266,1.1712233978346276,1.6735437950236918,10.72552139756322,1.964902423438687,44.9434374485853
42.6013627893,-72.5815428793,0,0.6832579185520362,0.3064194008559201,0.0,0.03166904422253923,0.3167420814479638,0.5338088445078459,0.0,0.11326676176890157,14.805429864253394,17.734664764621968,94.870361328125,4.978553442493407,2.978790608777665,20.06373922006003,318.5828712513308,100.79997630719981
41.5337771788,-70.6681025773,0,0.013574660633484163,0.04251069900142653,0.004524886877828055,0.04365192582025677,0.6018099547511312,0.4211126961483595,0.334841628959276,0.4833095577746077,7.067873303167421,6.735235378031383,13.443861961364746,2.3976979877900124,1.170258032150082,9.446512172152342,58.24600418114974,77.7168725516434
42.6494134993,-71.3092003156,0,0.0,0.0,0.0,0.0,0.8597285067873304,0.9409415121255349,0.14027149321266968,0.05905848787446505,58.46153846153846,69.0713266761769,21.370201110839844,1.0640855753669956,1.3533226269377205,6.356530674692877,0.0,49.67454718956143
42.4133729722,-71.970584,1,0.8506787330316742,0.6131241084165477,0.03619909502262444,0.19743223965763196,0.1085972850678733,0.1543509272467903,0.0,0.0017118402282453639,1.7692307692307692,2.6114122681883023,311.12933349609375,1.6704218832353945,2.5132726389831763,17.13199892469064,57.38953299960366,46.194925915468964
42.4029199967,-71.5563520366,0,0.013574660633484163,0.051925820256776035,0.049773755656108594,0.06619115549215407,0.9366515837104072,0.8818830242510699,0.0,0.0,17.34389140271493,24.53181169757489,68.06072235107422,1.7854564766067413,1.6832828810357774,9.73142846557385,44.212196576325795,26.144925635906834
42.1609,-71.2605,0,0.2986425339366516,0.2593437945791726,0.1085972850678733,0.23309557774607703,0.5927601809954751,0.5001426533523537,0.0,0.003708987161198288,11.60180995475113,10.924393723252496,51.65705108642578,1.3600827435345855,1.1094996369000512,5.343260931132332,52.310304260371645,64.93908657488204
42.33823,-71.234895,0,0.0,0.0,0.0,0.0,1.0,1.0,0.0,0.0,22.25339366515837,22.849358059914408,36.346092224121094,1.898465418206957,1.5449955748760298,9.444094710721565,16.27844306375254,52.84496465980818
42.5942819142,-71.5535604664,1,0.3936651583710407,0.4793152639087018,0.013574660633484163,0.1680456490727532,0.248868778280543,0.21426533523537802,0.0,0.002282453637660485,3.5475113122171944,3.0653352353780314,130.1871337890625,3.872944873761748,3.040091276209364,12.754016545738171,454.4239469581457,54.87494790867706
42.516155,-72.3108133333,1,0.918552036199095,0.8427960057061341,0.0,0.08901569186875892,0.0,0.0008559201141226819,0.0,0.04022824536376605,0.0,0.005706134094151213,182.49191284179688,4.208522367818364,3.3976921285801867,16.696711878131282,242.25472303920816,264.7467664393552
42.3162226648,-71.4402614737,1,0.15384615384615385,0.10898716119828816,0.04524886877828054,0.07189728958630527,0.8009049773755657,0.818830242510699,0.0,0.0,15.615384615384615,16.021683309557776,56.86849594116211,0.6554736005700854,1.243352347540813,9.645808044741145,239.78755461195848,37.109232206076335
42.22773,-71.15443333,0,0.0,0.015406562054208274,0.0,0.13637660485021397,1.0,0.8473609129814551,0.0,0.0008559201141226819,27.226244343891402,29.295007132667617,47.796085357666016,1.993917195714024,1.5120848543250478,10.64063748165374,603.4997984463165,32.2758007085335
42.68942998,-72.40064469,1,0.9728506787330317,0.9589158345221113,0.0,0.024821683309557776,0.027149321266968326,0.010556348074179744,0.0,0.0,0.746606334841629,0.19543509272467904,347.94586181640625,5.594549394403191,4.521111363965539,29.34768061852526,313.80405792959965,669.7787848317656
42.4986916667,-71.0613945,0,0.0,0.06647646219686162,0.0,0.033951497860199714,1.0,0.8758915834522111,0.0,0.02368045649072753,41.63800904977376,39.02767475035663,29.67563819885254,1.6708029588315338,1.524025178556715,9.354182587319555,258.5745089281827,45.99664844570226
42.828028287,-70.814355,0,0.0,0.0,0.0,0.17774607703281028,0.167420814479638,0.0673323823109843,0.27149321266968324,0.5572039942938659,11.873303167420815,4.165192582025678,3.7954461574554443,0.527398661150354,0.2882010663466402,1.4339456953343477,46.979511077851136,255.84281257683557
42.3776583333,-71.39094,0,0.49321266968325794,0.3768901569186876,0.2850678733031674,0.4125534950071327,0.1583710407239819,0.1312410841654779,0.00904977375565611,0.017118402282453638,1.0588235294117647,1.5646219686162626,38.637779235839844,2.0368032007881,1.6806055995638416,15.503197775916304,41.724533432370954,118.80797204652252
42.330472535,-72.5332403183,1,0.6199095022624435,0.38002853067047077,0.058823529411764705,0.05164051355206847,0.0,0.3203994293865906,0.0,0.0,0.0,7.324679029957204,66.53255462646484,2.233981677316341,1.3768930864680817,10.23976660284098,211.3053698214135,290.95654484930606
42.4456079446,-71.1084708429,0,0.9140271493212669,0.613694721825963,0.01809954751131222,0.046790299572039944,0.04072398190045249,0.11126961483594865,0.01809954751131222,0.21455064194008558,1.244343891402715,4.359771754636234,65.80396270751953,1.7852203585707538,1.519352148688045,6.183832341757196,16.63791489642352,249.5871534730762
42.0953865051,-71.5803222656,0,0.4479638009049774,0.49814550641940086,0.10407239819004525,0.12211126961483595,0.4072398190045249,0.2507845934379458,0.0,0.07332382310984308,13.452488687782806,5.659058487874465,119.77518463134766,2.4017007054824826,2.0137768613045655,12.614798020504667,109.6819079546582,24.215853249929726
42.2357966667,-71.7718883333,0,0.3438914027149321,0.3803138373751783,0.1583710407239819,0.13666191155492155,0.497737556561086,0.4827389443651926,0.0,0.0002853067047075606,14.072398190045249,17.85021398002853,150.0326385498047,2.165928689660099,2.802116690213917,13.104227956717672,108.29126766560401,3.5459700017010696
42.3066678329,-72.219504118,0,1.0,0.8085592011412268,0.0,0.056490727532097,0.0,0.1035663338088445,0.0,0.0,0.0,3.1340941512125533,270.0221862792969,7.249484649995837,6.923581650469319,40.133294445112405,555.8072043346857,379.9171948338306
42.3414333504,-72.5261607259,1,0.0,0.11440798858773181,0.01809954751131222,0.09329529243937233,0.8371040723981901,0.6824536376604851,0.0,0.0,7.773755656108597,12.941797432239659,43.57315444946289,0.7286811012734189,0.8824755708123215,4.271540771371603,19.634205299329313,138.21331409371976
42.6501090106,-71.3316154185,0,0.0,0.007988587731811698,0.00904977375565611,0.014835948644793153,0.9004524886877828,0.920114122681883,0.09049773755656108,0.05706134094151213,52.9683257918552,55.36433666191156,27.525863647460938,1.2523807939787182,1.4193602884629588,5.999774828741894,39.18163275000535,2.3871627732660876
42.7312067815,-70.869926333,0,0.19004524886877827,0.2579172610556348,0.00904977375565611,0.3925820256776034,0.5656108597285068,0.237660485021398,0.0,0.0,9.914027149321267,4.5514978601997145,14.215479850769043,1.503298251524209,1.1551598862758106,6.331216134737107,345.90674241680085,31.32339262287245
41.9530487061,-70.6861572266,0,0.0,0.12011412268188303,0.0,0.005991440798858773,1.0,0.8696148359486447,0.0,0.003708987161198288,75.32126696832579,35.33152639087019,40.464378356933594,0.8177138058013775,1.6626108701441644,8.075300287407106,434.54325405802854,48.69368758478285
41.7513410795,-70.1653616466,0,0.004524886877828055,0.04165477888730385,0.15384615384615385,0.22196861626248215,0.8416289592760181,0.3666191155492154,0.0,0.27360912981455066,13.67420814479638,7.276462196861626,14.925911903381348,1.2455518477968368,0.9987385599464265,4.235314500345701,62.81193871371941,21.068955894102643
42.032123,-70.933569,0,0.28054298642533937,0.21055634807417975,0.01809954751131222,0.2950071326676177,0.7013574660633484,0.3711840228245364,0.0,0.0,12.882352941176471,7.79172610556348,21.82373809814453,0.6854885633046949,0.6911278964489835,4.471685099928158,162.74489492679623,165.13494121691105
41.3910143,-70.5032635,0,0.0,0.0002853067047075606,0.0,0.02368045649072753,0.04072398190045249,0.24079885877318116,0.5927601809954751,0.6553495007132668,1.081447963800905,9.021683309557774,0.528017520904541,0.21954393179350332,0.31988393237241375,1.7556925332538698,46.1111925260284,301.4716849666058
42.3577664733,-72.5222660601,1,0.248868778280543,0.25763195435092723,0.03619909502262444,0.06847360912981455,0.48868778280542985,0.3746077032810271,0.0,0.0,11.099547511312217,6.972325249643367,55.19102096557617,2.1329849331772137,1.8214242743609805,9.733241293449842,248.17356807175014,9.152688980913135
42.3723449707,-72.5173034668,0,0.0,0.10984308131241084,0.0,0.061626248216833095,1.0,0.8068473609129815,0.0,0.0,36.723981900452486,23.836519258202568,93.09848022460938,2.1972811439090068,2.118370909050148,12.776189287494953,520.1225453366545,6.242569376404976
42.569375,-71.414405,1,0.15384615384615385,0.13780313837375177,0.17647058823529413,0.18887303851640513,0.6425339366515838,0.6644793152639087,0.0,0.0,25.6289592760181,24.972610556348073,75.53266906738281,1.276961982550063,1.1690246717730255,6.329453057329261,128.4565189905054,3.9658296210184654
41.905124455,-69.9995918318,0,0.19004524886877827,0.06704707560627675,0.45701357466063347,0.28416547788873037,0.3167420814479638,0.2550641940085592,0.013574660633484163,0.3566333808844508,5.800904977375565,5.076747503566334,5.165151119232178,0.5312610621206008,0.6767017673394199,3.400989998660194,56.535177912720215,14.344624562843432
42.5825592146,-71.4310767129,1,0.34841628959276016,0.3186875891583452,0.0,0.11497860199714693,0.6515837104072398,0.562339514978602,0.0,0.0002853067047075606,6.334841628959276,9.626248216833096,89.13106536865234,4.08709749918246,2.687003654625049,18.160847465133397,113.36597549741528,68.85516654129907
42.0990528333,-71.1190555,0,0.4841628959276018,0.49586305278174037,0.12669683257918551,0.19400855920114124,0.3574660633484163,0.22796005706134095,0.0,0.0094151212553495,8.0,5.162910128388017,60.10991668701172,1.5737753044815967,1.484130082276022,6.557593428172058,192.45710864832463,48.567245888337695
42.4672554147,-71.0819025866,0,0.17194570135746606,0.22225392296718974,0.013574660633484163,0.037660485021398,0.8144796380090498,0.7395149786019971,0.0,0.0,21.84162895927602,21.99400855920114,56.98986053466797,1.6350626799274628,1.743236776232401,9.657357440172973,133.58112650439259,7.412891126254756
42.4903119901,-73.2039541751,0,0.16289592760180996,0.36861626248216833,0.14479638009049775,0.13723252496433666,0.3031674208144796,0.21911554921540657,0.00904977375565611,0.0019971469329529245,11.447963800904978,9.190870185449358,308.9026794433594,1.0636658891431714,3.9581831766553077,19.79260545845376,19.25494782042025,34.85264760765429
42.2404866667,-71.0057916667,0,0.0,0.010556348074179744,0.0,0.0011412268188302425,1.0,0.9883024251069901,0.0,0.0,74.55656108597285,59.47246790299572,10.735743522644043,0.4193323627934997,1.7698710286664034,11.618910314578953,654.9031725789816,2.5959924916456423
42.1078124619,-71.3178110925,0,0.3891402714932127,0.4182596291012839,0.17647058823529413,0.3463623395149786,0.21266968325791855,0.18202567760342367,0.11764705882352941,0.019115549215406563,3.660633484162896,3.2037089871611983,57.41658020019531,1.0650090499562024,1.0508456450195798,4.925655199378187,72.6568553336807,62.39341927617899
41.61570833,-71.05998883,0,0.04524886877828054,0.30813124108416545,0.28054298642533937,0.14236804564907277,0.33031674208144796,0.30756062767475034,0.07239819004524888,0.039087018544935806,4.122171945701357,7.406276747503567,1.5808138847351074,0.5164282781821146,1.7069432387878876,9.281305758886745,0.0,75.06149013391854
42.0449221667,-70.6930616667,0,0.3076923076923077,0.3520684736091298,0.004524886877828055,0.12410841654778887,0.583710407239819,0.5092724679029957,0.0,0.0025677603423680455,6.271493212669683,7.358059914407988,15.615705490112305,1.2850066701968361,1.166769577181547,5.9244653273366845,51.45940407431983,35.64938035546294
41.2700500488,-70.1923751831,0,0.03619909502262444,0.04251069900142653,0.11764705882352941,0.07360912981455064,0.5610859728506787,0.31925820256776033,0.13574660633484162,0.3449358059914408,13.226244343891402,8.490442225392297,1.7644189596176147,0.592069360332438,0.48834046540580334,2.6962517857177932,34.34556798422969,19.514410829138253
42.7636533333,-70.9991633333,0,0.13122171945701358,0.48017118402282455,0.6334841628959276,0.26961483594864477,0.22171945701357465,0.181169757489301,0.0,0.0002853067047075606,3.8099547511312215,2.3415121255349503,25.031492233276367,1.0259036043916296,1.8654405879005176,8.490077563516808,10.989419114182954,6.460237545874144
42.6362168653,-71.5647496283,1,0.6561085972850679,0.6382310984308132,0.09954751131221719,0.13209700427960058,0.24434389140271492,0.17574893009985734,0.0,0.0,1.7782805429864252,2.3549215406562056,84.21529388427734,2.7126245497181136,1.814585753506514,13.888552661856298,374.55513860723744,20.110140295555752
42.3313964579,-71.3393606808,0,0.29411764705882354,0.34293865905848786,0.09502262443438914,0.08730385164051355,0.6108597285067874,0.5540656205420827,0.0,0.013409415121255349,6.9411764705882355,11.040228245363766,78.37034606933594,1.0419886954695654,1.6767483005050248,9.924640077557788,52.02015879237116,20.332911484365766
42.3319363621,-72.5116034361,1,0.08144796380090498,0.19828815977175462,0.36199095022624433,0.21569186875891583,0.1493212669683258,0.22225392296718974,0.0,0.0,1.9411764705882353,3.7891583452211126,52.402889251708984,0.5765154613549086,1.3492711389564547,9.06298863624059,92.28888809680379,94.93231122008177
42.1628066667,-72.8143683333,0,0.9909502262443439,0.8273894436519258,0.0,0.03138373751783167,0.0,0.11241084165477888,0.0,0.015977175463623396,0.0,3.0262482168330957,188.962158203125,19.268025424641852,11.568615470897806,67.72080179711803,358.95340253798753,297.80963074028296
42.5365616667,-70.8689366667,0,0.0,0.003994293865905849,0.00904977375565611,0.015121255349500713,0.3891402714932127,0.2108416547788873,0.6018099547511312,0.7671897289586306,18.737556561085974,9.227389443651926,0.2931305170059204,0.5905508307907291,0.452859249163063,2.6378008038187573,18.969665643211606,106.38592393280052
42.4588277797,-71.2786884327,0,0.0,0.026818830242510697,0.0,0.0,1.0,0.9731811697574893,0.0,0.0,41.90950226244344,50.28758915834522,38.973060607910156,0.7252632306681197,1.4010449321487723,10.798529487048869,877.1453679495883,37.14331234934245
42.100330554,-71.6489213706,0,0.11764705882352941,0.2553495007132668,0.23529411764705882,0.1209700427960057,0.45701357466063347,0.5977175463623395,0.13122171945701358,0.0094151212553495,14.900452488687783,17.25592011412268,81.69795989990234,1.0724799635006879,1.5826778173151728,6.506859569673764,10.702976016742301,23.093824386679575
42.4915567195,-71.0385798577,0,0.8371040723981901,0.5338088445078459,0.05429864253393665,0.09101283880171183,0.027149321266968326,0.31554921540656206,0.05429864253393665,0.039087018544935806,0.34841628959276016,8.25734664764622,32.29838943481445,2.2912583815659864,2.1745177285964763,13.213066762969094,130.4860695460002,395.14051563527556
42.460527648,-72.376765785,0,0.6380090497737556,0.8436519258202567,0.03619909502262444,0.07960057061340942,0.19457013574660634,0.046790299572039944,0.0,0.0,2.742081447963801,0.4613409415121255,188.43646240234375,3.975449377800873,3.6939407548370724,22.763950314262356,160.3108643537529,5.476822815978515
42.5862533333,-71.5001,1,0.1583710407239819,0.5229671897289586,0.25339366515837103,0.15121255349500715,0.5882352941176471,0.32125534950071327,0.0,0.003708987161198288,8.941176470588236,6.441654778887304,71.52440643310547,2.25160719611984,1.86255719605708,9.564876925605954,65.8920647384481,33.66511567956686
42.7507027778,-70.7993416667,0,0.0,0.005420827389443652,0.6787330316742082,0.4042796005706134,0.11764705882352941,0.03366619115549215,0.0,0.2893009985734665,2.6561085972850678,0.6119828815977175,1.9279078245162964,0.26444744689666966,0.33771380758597336,1.7280443411820858,49.36967272418008,4.642973664644192
42.2831583333,-71.288545,0,0.00904977375565611,0.1660485021398003,0.0,0.16547788873038516,0.9909502262443439,0.653922967189729,0.0,0.014265335235378032,16.5158371040724,11.318687589158346,55.095245361328125,0.9860987779693011,1.2917824979059354,7.353753619529216,335.36664709155815,21.836713016564147
41.6379666667,-70.6175916667,0,0.0,0.14893009985734665,0.0,0.020827389443651926,1.0,0.8293865905848787,0.0,0.0,26.248868778280542,16.251925820256776,11.193921089172363,1.2939786677654856,1.3625176867835194,7.987088465604953,201.38972530354138,39.36208068056557
42.6825553997,-71.6084517,1,0.39819004524886875,0.6245363766048502,0.3031674208144796,0.08644793152639087,0.18099547511312217,0.20684736091298145,0.004524886877828055,0.0002853067047075606,2.009049773755656,2.839657631954351,80.16230773925781,2.273062737907691,1.669991182835637,8.763681708153076,75.93655953980482,3.913851130072366
42.2112406601,-72.6021322061,0,0.0,0.007417974322396576,0.0,0.016833095577746076,0.8009049773755657,0.7880171184022825,0.167420814479638,0.1817403708987161,45.5972850678733,46.99914407988588,20.80288314819336,2.0808170479659824,1.411428472397242,8.516188350202581,24.241157837465547,16.11456821431726
42.1973766588,-71.4915645475,0,0.5248868778280543,0.40970042796005707,0.09049773755656108,0.2065620542082739,0.38461538461538464,0.35520684736091296,0.0,0.0,5.710407239819005,6.8490727532097,96.78192901611328,2.5797339687513063,1.7154369986916977,12.904875970570187,180.91043852803477,10.57019440352945
42.1856192147,-71.938368129,1,0.2895927601809955,0.7500713266761769,0.7104072398190046,0.1646219686162625,0.0,0.07161198288159772,0.0,0.0005706134094151213,0.0,0.7586305278174037,242.32537841796875,1.9320432004036274,2.107529120276004,10.081921080819365,0.0,467.30161954682444
42.52562,-71.18489167,0,0.665158371040724,0.2570613409415121,0.07239819004524888,0.05905848787446505,0.26244343891402716,0.6838801711840228,0.0,0.0,5.791855203619909,15.564336661911556,49.49854278564453,1.9186324105287826,1.6723392864483095,7.343071381034693,178.14060155507642,161.77790228342582
42.255230009,-71.3396260147,1,0.2850678733031674,0.32781740370898715,0.2398190045248869,0.2721825962910128,0.334841628959276,0.33723252496433664,0.0,0.0011412268188302425,5.276018099547511,5.933808844507846,45.20825958251953,0.9321654261450423,1.2442933267429894,5.271682230864523,141.9439700091308,128.9128569658985
42.2866447997,-71.896932,1,0.4253393665158371,0.5965763195435093,0.0,0.13495007132667616,0.38009049773755654,0.2085592011412268,0.0,0.02310984308131241,7.04524886877828,3.0276747503566335,328.97222900390625,3.3323766161948285,2.187511225936247,16.816107858205573,90.27180729105899,34.94469300428915
42.3790666667,-71.2750638889,0,0.02262443438914027,0.10156918687589159,0.0,0.10641940085592011,0.9773755656108597,0.7380884450784594,0.0,0.017118402282453638,22.914027149321267,26.358345221112696,45.64284133911133,2.795836392347959,2.2676484306003855,12.285003102414663,95.55408559052717,1.639088856487991
42.4556970771,-72.9002497203,1,0.9592760180995475,0.6904422253922967,0.04072398190045249,0.09472182596291012,0.0,0.14293865905848788,0.0,0.0,0.0,3.4379457917261056,371.8872375488281,3.154570010919441,4.908832635405367,38.2924760084179,635.8952030209407,621.8142284430763
42.4657656868,-71.9686584954,1,0.4841628959276018,0.5281027104136947,0.058823529411764705,0.25677603423680456,0.19457013574660634,0.09329529243937233,0.26244343891402716,0.09358059914407989,1.5610859728506787,0.9823109843081312,299.8504638671875,1.5779311800433298,1.8719715449744305,8.579103338053319,1.8586020308585196,151.0174747427711
41.9325916667,-70.0424416667,0,0.00904977375565611,0.011126961483594865,0.00904977375565611,0.11355206847360913,0.8416289592760181,0.5067047075606277,0.0,0.31212553495007134,21.493212669683256,12.331811697574892,8.995147705078125,1.447333256134637,0.9869041374136932,7.1587889943860485,272.6794572182715,5.007062854084764
42.0582162028,-72.2626279174,1,0.7375565610859729,0.7917261055634808,0.013574660633484163,0.06419400855920114,0.23529411764705882,0.07018544935805991,0.0,0.0011412268188302425,3.6923076923076925,0.9215406562054208,273.99859619140625,3.2923592453940973,3.216005722914206,17.371309257486477,157.06973578497335,112.7939227893434
42.1381721667,-70.9310083333,0,0.34841628959276016,0.18516405135520686,0.05429864253393665,0.12353780313837376,0.5972850678733032,0.675320970042796,0.0,0.005706134094151213,10.746606334841628,17.68787446504993,43.86985778808594,0.5739697464917987,0.5723919073709588,3.4719276910463552,65.6093575196169,50.97657789776497
42.4717279767,-72.7705662853,1,0.7375565610859729,0.8573466476462197,0.09954751131221719,0.042796005706134094,0.15384615384615385,0.0673323823109843,0.00904977375565611,0.002282453637660485,0.7737556561085973,0.4644793152639087,408.98321533203125,4.792340951468969,5.341271616310044,28.80664248154726,3.406414967453791,77.88173169308786
41.4813473465,-70.6059003159,0,0.01809954751131222,0.11326676176890157,0.0,0.011126961483594865,0.3665158371040724,0.1920114122681883,0.5520361990950227,0.6345221112696149,9.244343891402714,2.3677603423680456,1.7060822248458862,1.078156850206846,0.675405319104094,5.413123052474055,0.0,60.68230127728302
42.4987210804,-72.2790601338,0,0.7104072398190046,0.6998573466476462,0.10407239819004525,0.05848787446504993,0.0,0.002282453637660485,0.07692307692307693,0.1914407988587732,0.0,0.008559201141226819,163.41244506835938,1.8304869642344659,2.5735479467464617,19.667888936210396,0.0,81.36540429914213
42.38884057,-71.11616534,0,0.0,0.0,0.0,0.0,1.0,1.0,0.0,0.0,74.8868778280543,67.13865905848787,13.274664878845215,1.5540414073340991,1.1201662165805282,6.935561411486405,1478.5711526716175,5.261749244315677
42.5015891919,-71.5045637886,1,0.4796380090497738,0.6445078459343795,0.18552036199095023,0.14407988587731813,0.3167420814479638,0.207132667617689,0.0,0.0,4.479638009049774,3.0159771754636235,89.54613494873047,2.911259301056386,2.0499233741075407,14.580210500443398,114.0363526669716,25.176866302251018
42.492729187,-71.2801513672,0,0.0,0.05934379457917261,0.0,0.12325249643366619,1.0,0.8174037089871612,0.0,0.0,31.669683257918553,22.542368045649074,53.40300750732422,1.1078139733073162,1.0022989721087943,5.324866571446427,550.809317551262,17.059475120615435
42.2802019481,-72.2844302282,0,0.6606334841628959,0.668188302425107,0.0,0.14379457917261054,0.248868778280543,0.10156918687589159,0.0,0.0,2.8099547511312215,1.2527817403708987,247.12734985351562,4.0096873168533955,3.7826831842777047,22.85291313172635,286.0329219968055,0.012001582549327436
42.2029968761,-71.6851125826,1,0.4117647058823529,0.2573466476462197,0.04524886877828054,0.11412268188302425,0.502262443438914,0.5606276747503567,0.0,0.0002853067047075606,8.877828054298643,12.81055634807418,150.34524536132812,2.1812476470230013,3.079458052311237,23.634515535693208,323.36103655619604,55.679668754834296
41.7522761259,-70.1881575345,0,0.0,0.00456490727532097,0.08144796380090498,0.034807417974322394,0.03167420814479638,0.2818830242510699,0.6832579185520362,0.6114122681883024,1.3438914027149322,5.370898716119829,-0.8449950218200684,0.7132395531435082,0.5185371198603548,3.97775884256276,0.0,120.75189361451072
42.1328429059,-73.1680661718,1,0.665158371040724,0.7754636233951497,0.06787330316742081,0.0724679029957204,0.1493212669683258,0.05905848787446505,0.11764705882352941,0.07646219686162625,1.1266968325791855,0.36319543509272467,485.8437194824219,2.7033525731566317,2.669053948445951,16.454479541100234,124.91976857364105,6.166937134304367
42.1977466759,-71.6815815864,1,0.45701357466063347,0.2967189728958631,0.00904977375565611,0.08815977175463624,0.4751131221719457,0.49472182596291014,0.0,0.0,10.371040723981901,11.20827389443652,138.4345703125,4.217087141150144,2.98417054427666,22.72998602717158,46.759647223361384,42.282515124789725
41.7710574624,-70.7578544878,0,0.4841628959276018,0.4864479315263909,0.26244343891402716,0.18088445078459345,0.25339366515837103,0.312981455064194,0.0,0.0005706134094151213,4.909502262443439,9.373751783166904,6.232110500335693,0.9059602093142924,1.05529854555564,5.390225566429692,49.66941411431296,13.925956200180151
42.7420780203,-71.0715746228,0,0.502262443438914,0.2978601997146933,0.2850678733031674,0.162339514978602,0.12669683257918551,0.3101283880171184,0.08144796380090498,0.17346647646219687,0.6606334841628959,4.5680456490727535,33.08412551879883,1.855931033920271,1.7562991719009884,7.272071636063664,49.023539414204315,252.13513509806526
42.6768133333,-71.3577583333,0,0.004524886877828055,0.1629101283880171,0.16289592760180996,0.1044222539229672,0.832579185520362,0.7081312410841655,0.0,0.0,16.579185520361992,22.140085592011413,38.9174919128418,1.616216214164245,1.570487246506831,9.14608964986823,149.29074286877832,18.666620145586776
42.5923200028,-72.5970466667,0,0.0,0.06619115549215407,0.0,0.013694721825962911,1.0,0.920114122681883,0.0,0.0,54.34389140271493,42.48102710413695,75.04255676269531,1.1733428052797963,1.6676311657694807,11.061313598952273,566.4173055300533,61.42949069686172
42.57912,-71.973755,0,0.2171945701357466,0.3415121255349501,0.03167420814479638,0.07617689015691868,0.48868778280542985,0.5520684736091298,0.23076923076923078,0.018830242510699,13.773755656108598,14.609129814550641,339.60589599609375,2.835290449493524,2.469565095301099,11.2970383300696,34.360903602627886,60.11885296057611
42.1370610104,-71.5468076617,0,0.18552036199095023,0.2253922967189729,0.07239819004524888,0.06761768901569187,0.4117647058823529,0.6604850213980028,0.31221719457013575,0.03138373751783167,11.447963800904978,23.25477888730385,88.22376251220703,2.631876120217866,2.8350217472423873,19.37573142840993,13.826232009717328,123.01436013429098
42.1129695,-72.54805,0,0.0,0.056776034236804565,0.02262443438914027,0.015406562054208274,0.9773755656108597,0.8579172610556348,0.0,0.06932952924393723,45.13574660633484,38.85563480741797,60.83738708496094,0.8232545533198468,1.0088806063653988,4.793546173760405,15.041864757183923,3.229848965420502
42.4011408333,-71.7875248889,0,0.751131221719457,0.6382310984308132,0.04072398190045249,0.052781740370898715,0.07692307692307693,0.22282453637660485,0.12669683257918551,0.04165477888730385,0.918552036199095,6.184308131241084,123.2726821899414,5.076736880406178,3.6045602092561015,14.722791772039571,0.0,82.06842247403847
42.3466666667,-71.15345,0,0.0,0.0,0.0,0.0,1.0,0.995435092724679,0.0,0.00456490727532097,60.113122171945705,60.868188302425104,37.628082275390625,1.9010740256278034,1.9660099061345133,13.110040135777062,811.4923889820165,5.452643097284078
42.4570116667,-71.351355,0,0.0,0.019400855920114122,0.0,0.15606276747503567,1.0,0.7951497860199714,0.0,0.0019971469329529245,32.366515837104075,22.38373751783167,40.365020751953125,0.2121771828986307,0.7201216229327315,4.144493928880057,314.0218344098049,13.235853173452332
42.2941472222,-71.2601916667,0,0.17194570135746606,0.07703281027104136,0.17647058823529413,0.09215406562054208,0.6425339366515838,0.8282453637660485,0.0,0.0,20.18552036199095,24.484736091298146,45.291725158691406,1.3066881846586698,1.929818402484219,11.119473068671809,12.9596230261363,107.65489040675352
41.2588616667,-70.0977695,0,0.07692307692307693,0.15891583452211128,0.0,0.019115549215406563,0.9230769230769231,0.820827389443652,0.0,0.0011412268188302425,25.375565610859727,26.10784593437946,8.977478981018066,0.13831812267961954,0.30321737322155445,1.1641844048962529,663.0487816798466,0.5191323017323237
42.8174768854,-70.8924074192,0,0.0,0.034236804564907276,0.0,0.015977175463623396,1.0,0.9007132667617689,0.0,0.020827389443651926,33.98642533936651,36.43680456490728,27.830862045288086,1.2244592595581425,1.4125271364012055,7.310439001518985,790.5790278343628,41.09116523969326
41.8388155111,-70.5363864088,0,0.03167420814479638,0.14693295292439373,0.1583710407239819,0.10413694721825963,0.11764705882352941,0.21398002853067047,0.22624434389140272,0.43309557774607704,2.9592760180995477,3.9346647646219686,3.1979787349700928,1.199311541387561,1.3495422829844397,10.954259758357432,16.382990303562433,65.4741174130645
42.1037195778,-71.5749481804,0,0.7737556561085973,0.42653352353780316,0.08144796380090498,0.27303851640513555,0.14027149321266968,0.19914407988587732,0.0,0.05706134094151213,3.5339366515837103,6.378601997146933,140.68800354003906,2.1560243763193565,1.6027423718264713,7.415209367529304,232.92299930249283,105.93838790145573
41.847619046,-69.95039157,0,0.3257918552036199,0.3375178316690442,0.04524886877828054,0.042796005706134094,0.3574660633484163,0.10242510699001427,0.0,0.4077032810271041,7.380090497737557,2.4641940085592013,12.818990707397461,1.6876373584597624,0.8332693541141117,6.451617452714667,250.52209178048113,126.25374250082926
42.3240058158,-72.2079591572,1,0.665158371040724,0.7024251069900143,0.23529411764705882,0.09586305278174037,0.09954751131221719,0.060770328102710415,0.0,0.0,1.0226244343891402,0.6228245363766048,217.08853149414062,3.999576007885649,4.655699754831383,23.648982195020608,120.71077644247033,177.51683801736843
42.5705736127,-71.202972679,0,0.13574660633484162,0.04251069900142653,0.14027149321266968,0.07845934379457917,0.7239819004524887,0.8784593437945791,0.0,0.0005706134094151213,14.063348416289593,18.802567760342367,31.793712615966797,0.3512806214800465,0.41604003669653483,2.0339487068257878,57.909550299195566,26.153354081170118
42.44723667,-71.15148883,0,0.0,0.012268188302425107,0.0,0.0019971469329529245,1.0,0.9044222539229672,0.0,0.07960057061340942,26.28054298642534,24.276462196861626,14.137459754943848,1.4227794939791663,2.0821425713482724,16.462754541729026,427.5459394500221,11.64998399825815
42.4669189453,-71.4915161133,0,0.27149321266968324,0.36547788873038517,0.09049773755656108,0.10670470756062768,0.6380090497737556,0.5258202567760343,0.0,0.0014265335235378032,5.321266968325792,9.204850213980029,90.99234771728516,1.6977629640412648,2.501056742549728,15.62643281453173,141.75113109134747,10.410083611256846
41.90422,-70.79170333,0,0.00904977375565611,0.20542082738944364,0.05429864253393665,0.06932952924393723,0.9321266968325792,0.6088445078459344,0.0,0.050784593437945794,18.013574660633484,13.273038516405135,37.46001052856445,0.2942478213499653,0.4949814428436861,2.0896629917296767,58.08086743316601,7.350614037392436
42.467395,-71.2521666667,0,0.25339366515837103,0.13437945791726105,0.22624434389140272,0.218830242510699,0.3891402714932127,0.6368045649072753,0.0,0.0,14.493212669683258,22.900998573466477,39.15533447265625,1.1011104363718072,1.2052071828015094,7.212116130102952,93.62208249487131,126.5789208932004
42.4981522747,-72.39376897,0,0.8099547511312217,0.943509272467903,0.1583710407239819,0.05306704707560628,0.0,0.0,0.03167420814479638,0.0034236804564907277,0.0,0.0,244.77944946289062,1.554987214390103,4.733596729793103,21.40088343457783,31.53921268223077,7.835454228159176
41.661775,-69.96305,0,0.0,0.012838801711840228,0.2895927601809955,0.162339514978602,0.3665158371040724,0.22796005706134095,0.2986425339366516,0.42710413694721827,10.438914027149321,5.147503566333809,1.9488437175750732,0.8151264284047997,0.5665713170655136,2.4548659084091,45.248514706476946,20.87317857708484
42.748213187,-70.8054531366,0,0.0,0.003994293865905849,0.7963800904977375,0.4136947218259629,0.0,0.028530670470756064,0.12669683257918551,0.4002853067047076,0.0,0.5449358059914408,1.415065050125122,0.08790117612708855,0.22925702094885922,1.73347875330697,0.0,63.51433895454844
41.7225216667,-71.0420305,0,0.6153846153846154,0.6425106990014265,0.17647058823529413,0.1609129814550642,0.07239819004524888,0.033951497860199714,0.13122171945701358,0.13751783166904422,0.7873303167420814,0.4875891583452211,44.29007339477539,0.6131726982229165,1.1931335641950567,6.601158192443377,8.637691966495579,22.126747296834438
41.7864893409,-70.9473823631,0,0.0,0.10213980028530671,0.0,0.1275320970042796,0.45248868778280543,0.17061340941512126,0.5475113122171946,0.5960057061340942,16.375565610859727,3.728388017118402,17.68239974975586,0.49536404122905076,0.4014521925683443,2.2404641757100223,27.13108794449044,15.27604759242248
42.6558418044,-70.9280757032,0,0.48868778280542985,0.21968616262482168,0.0,0.2704707560627675,0.4434389140271493,0.4921540656205421,0.0,0.0,4.457013574660634,9.870756062767475,23.539257049560547,1.508476611080283,0.9060585223395411,3.448998164427898,0.0,31.119534255101684
42.2767888889,-71.8483277778,0,0.0,0.08359486447931526,0.0,0.01768901569186876,1.0,0.8664764621968616,0.0,0.030813124108416547,35.15384615384615,26.3546362339515,191.80130004882812,2.304950340640066,3.3356200424978857,21.926718386025964,449.9812197746739,23.629817046287947
41.6127654833,-70.5471828952,0,0.5248868778280543,0.36205420827389445,0.0,0.007132667617689016,0.0,0.357774607703281,0.0,0.0,0.0,7.9905848787446505,21.522899627685547,0.4537506529012166,0.5318570152358849,2.383159382576667,979.2055626229537,262.3257794590246
42.406380809,-70.9972286092,0,0.0,0.0,0.0,0.0014265335235378032,1.0,0.8542082738944365,0.0,0.11697574893009986,72.49321266968326,61.82111269614836,16.218114852905273,2.6318818302588793,1.096778641348867,6.206360838155569,513.8869443885213,5.051024740501812
42.6036100208,-72.7290201187,0,0.6334841628959276,0.5942938659058488,0.0,0.007988587731811698,0.3665158371040724,0.369472182596291,0.0,0.025392296718972897,6.841628959276018,12.419400855920115,184.76258850097656,12.010410801620242,9.052849619219538,77.33921867371457,439.80951621445877,121.6332225359336
42.597147,-71.344761,0,0.0,0.00884450784593438,0.027149321266968326,0.08245363766048502,0.9728506787330317,0.9087018544935807,0.0,0.0,26.533936651583712,31.7169757489301,39.508026123046875,0.7548232181420875,0.8860287519157845,5.138875162618711,117.82240515660418,21.42692345848101
42.0623454997,-73.3355309995,0,0.3167420814479638,0.17089871611982882,0.0,0.2253922967189729,0.19004524886877827,0.23166904422253923,0.07692307692307693,0.017118402282453638,2.425339366515837,5.6145506419400855,207.96331787109375,0.30123584788803437,0.7360466726503773,4.563977850529504,2.621156573738807,143.49160823455432
42.2333814188,-70.8653219294,0,0.3755656108597285,0.3689015691868759,0.04072398190045249,0.1369472182596291,0.583710407239819,0.4579172610556348,0.0,0.0,6.280542986425339,6.732382310984308,19.677156448364258,1.6113600148668072,1.2632021680626009,7.649800392480868,437.8075514750109,3.028598940072193
42.0667652,-71.3281114,0,0.04072398190045249,0.1398002853067047,0.00904977375565611,0.12410841654778887,0.9502262443438914,0.6693295292439372,0.0,0.06562054208273894,48.84615384615385,20.27617689015692,74.69752502441406,0.6933326187374931,1.2958368568867797,8.696795367748921,462.22880935177466,10.173654083244134
42.48237167,-71.974655,0,0.334841628959276,0.4847360912981455,0.5972850678733032,0.36148359486447934,0.06787330316742081,0.08701854493580599,0.0,0.0,0.9366515837104072,0.9560627674750357,299.0360412597656,0.8866035644961496,1.746928269741032,10.027165533158394,0.0,176.45550345817003
42.446107587,-71.4752815865,0,0.3212669683257919,0.3509272467902996,0.22624434389140272,0.30527817403708984,0.45248868778280543,0.31840228245363766,0.0,0.0017118402282453639,6.02262443438914,6.396005706134094,64.80011749267578,0.6007997110117336,1.255027606027665,6.898968395213226,75.30682018266805,37.698802211400626
41.8635803585,-70.9938717085,0,1.0,0.5164051355206848,0.0,0.14265335235378032,0.0,0.14122681883024252,0.0,0.12068473609129815,0.0,3.0308131241084166,31.228647232055664,1.4332700493996136,1.1430327671462346,7.057990017878337,244.00502102534344,346.11135020595214
42.0090620839,-70.8797088604,0,0.04072398190045249,0.2559201141226819,0.6968325791855203,0.48445078459343793,0.05429864253393665,0.10242510699001427,0.0,0.041940085592011414,0.7330316742081447,1.8741797432239657,16.028669357299805,0.5867848285309071,0.5464843622546329,2.8818537975308316,0.0,333.3002836617027
42.470325,-72.931659,0,0.3665158371040724,0.6430813124108417,0.01809954751131222,0.05021398002853067,0.2579185520361991,0.07560627674750357,0.0,0.0,1.7194570135746607,0.7931526390870185,452.1600341796875,5.481559216188743,5.828518716811758,54.11875866976375,81.57899511374546,4.884390932548485
42.1084278333,-72.582145,0,0.0,0.0,0.0,0.0,1.0,1.0,0.0,0.0,43.65158371040724,66.07218259629101,56.861637115478516,2.8316697290696076,1.534233383002875,14.322112256621471,1194.3334006523996,7.27918775644714
42.5646333333,-72.53183,0,0.3665158371040724,0.6054208273894437,0.0,0.0,0.13574660633484162,0.07161198288159772,0.0,0.0,3.1176470588235294,1.473894436519258,98.58897399902344,0.2069778782876838,1.2029935992781742,8.829166675150423,328.0895764584311,81.29070554502148
41.9916082188,-70.7084841658,0,0.16289592760180996,0.06333808844507846,0.6742081447963801,0.1651925820256776,0.049773755656108594,0.6419400855920114,0.11312217194570136,0.12553495007132667,0.6199095022624435,20.374322396576318,1.3515751361846924,0.6836667139193886,1.1090405296278163,5.584403244164049,0.0,264.4112782768717
41.6769370891,-70.3555594882,0,0.0,0.039942938659058486,0.013574660633484163,0.03052781740370899,0.9864253393665159,0.7808844507845935,0.0,0.14664764621968615,18.58823529411765,15.228530670470755,20.222579956054688,0.949734437118621,1.1318800295237605,8.4356687531278,156.24115209834142,11.18583365132551
42.5911305556,-72.4833444444,0,0.5339366515837104,0.6813124108416547,0.0,0.04079885877318117,0.3665158371040724,0.21968616262482168,0.0,0.0,9.710407239819004,5.996861626248217,95.94548034667969,3.2387107587081188,5.169351560691837,43.84654230865548,152.56453568979182,89.93884868581699
42.4016633333,-72.6541633333,0,1.0,0.8490727532097004,0.0,0.0804564907275321,0.0,0.0042796005706134095,0.0,0.0008559201141226819,0.0,0.10898716119828816,94.3227310180664,4.890131460937885,4.23432052670692,34.903006360828236,266.65363748612657,1.3748040723796342
42.5240378912,-73.3159471303,0,1.0,0.9925820256776035,0.0,0.007417974322396576,0.0,0.0,0.0,0.0,0.0,0.0,578.6215209960938,17.596305214371508,10.49281688938873,78.95668095958877,127.98554176891315,1101.496744462446
42.43927,-72.4769033333,0,0.9411764705882353,0.8716119828815977,0.02262443438914027,0.027389443651925822,0.03167420814479638,0.04736091298145506,0.0,0.0,0.19457013574660634,0.5041369472182596,168.40997314453125,4.807488019438786,5.121617632268655,43.87228612482476,201.21856842893496,192.3472799485178
42.31213,-71.3275533333,0,0.0,0.05791726105563481,0.004524886877828055,0.08730385164051355,0.995475113122172,0.854493580599144,0.0,0.0002853067047075606,20.579185520361992,22.609985734664765,48.85924530029297,0.5875560367461953,0.806914838012455,4.009572783020969,216.43936220863552,3.356421493906338
42.424105201,-71.4529378181,0,0.004524886877828055,0.17432239657631954,0.13122171945701358,0.0818830242510699,0.8642533936651584,0.736947218259629,0.0,0.0,27.18552036199095,30.358345221112696,63.97136306762695,0.6535685744525808,1.0404351905700575,4.195784470634746,152.99160772517368,23.23583399257097
42.0652666667,-73.2955033333,1,0.3257918552036199,0.6579172610556349,0.0,0.06818830242510698,0.3076923076923077,0.10242510699001427,0.0,0.0,4.579185520361991,1.3426533523537802,224.87814331054688,3.8600863810401833,3.5696438352170645,23.120274864421326,329.3901283371762,23.24089622228007
42.6457243377,-72.7474281192,0,0.9909502262443439,0.9206847360912982,0.00904977375565611,0.044793152639087015,0.0,0.0,0.0,0.03252496433666191,0.0,0.0,338.4873352050781,4.527428151716679,8.155602481683713,48.56353663530641,217.65861592831314,419.5772759437643
42.1817995934,-70.9384293482,0,0.004524886877828055,0.07731811697574893,0.12669683257918551,0.12610556348074178,0.8687782805429864,0.7965763195435093,0.0,0.0,26.20814479638009,28.063908701854494,33.940372467041016,0.8133591850434051,1.1648959052627046,5.513914398187992,70.64083662653407,35.67290391703174
42.2271888889,-71.1342555556,0,0.02262443438914027,0.08587731811697574,0.8009049773755657,0.527246790299572,0.17647058823529413,0.36433666191155495,0.0,0.006276747503566334,12.054298642533936,20.736376604850214,12.308968544006348,0.16820073514303957,1.131097905340658,7.269775855240402,0.0,141.1003559652173
42.6123759896,-70.6666230877,0,0.0,0.0,0.0,0.015406562054208274,1.0,0.6664764621968616,0.0,0.31726105563480744,79.55203619909503,44.51298145506419,8.007205963134766,1.5843710948958192,1.1430376821205046,8.363056959709729,195.5698150171687,15.204745695369999
42.5674283333,-73.1512138333,0,0.00904977375565611,0.22510699001426535,0.5565610859728507,0.23195435092724678,0.4253393665158371,0.35463623395149785,0.0,0.0008559201141226819,8.705882352941176,8.990014265335235,292.1565856933594,0.9824601712990031,3.2439682362325266,18.82254277519263,0.0,83.49036346211358
42.4314133333,-71.0703934167,0,0.0,0.002282453637660485,0.0,0.00884450784593438,1.0,0.9888730385164052,0.0,0.0,67.14027149321267,62.394579172610555,14.333971977233887,0.9881831847880592,1.779636714365746,10.820335348246457,514.3822641687048,16.13945520789624
42.3966278229,-71.3998381179,0,0.12217194570135746,0.3797432239657632,0.07239819004524888,0.268188302425107,0.8054298642533937,0.28815977175463625,0.0,0.0,31.443438914027148,7.20827389443652,51.22287368774414,1.9856487856289975,1.3676799328401854,7.7031648314178565,197.01819537481484,34.060444255783715
42.69153568,-72.39992971,1,1.0,0.9643366619115549,0.0,0.023965763195435093,0.0,0.011126961483594865,0.0,0.0,0.0,0.1962910128388017,306.95587158203125,6.777488937965091,4.807015357034069,29.332798484377175,224.78667399947105,912.0135697625753
42.4558319206,-72.9023047298,1,0.9819004524886877,0.7326676176890157,0.01809954751131222,0.07475035663338088,0.0,0.11526390870185449,0.0,0.0,0.0,2.7888730385164053,379.652587890625,3.2224898970721707,5.051169449952633,39.41499052955409,586.2850501770714,682.7581429017748
42.3089,-71.0116361167,0,0.013574660633484163,0.021968616262482168,0.13122171945701358,0.09358059914407989,0.00904977375565611,0.06504992867332382,0.746606334841629,0.76490727532097,0.14027149321266968,2.88188302425107,-0.9425642490386963,0.4658377339127755,0.4747616142315086,2.6864073382986775,1.7612326251278367,209.48107532338062
42.3570166667,-71.2606583333,0,0.049773755656108594,0.12011412268188303,0.03167420814479638,0.029386590584878743,0.7647058823529411,0.6573466476462196,0.14479638009049775,0.17717546362339515,32.30316742081448,22.221683309557775,15.08573055267334,1.3604589325173573,1.6834783912655624,10.931635272290851,67.47066517567312,14.071964177217936
42.5016045386,-71.5041237793,1,0.4479638009049774,0.6368045649072753,0.24434389140271492,0.1529243937232525,0.2895927601809955,0.20599144079885878,0.0,0.0,4.1945701357466065,3.0168330955777463,80.80952453613281,2.440868180260925,2.0210154738732595,15.283098956858222,84.96679076466509,25.928003499040166
42.5308990479,-71.3519744873,0,0.497737556561086,0.4419400855920114,0.33031674208144796,0.2099857346647646,0.17194570135746606,0.2796005706134094,0.0,0.0002853067047075606,4.787330316742081,5.834522111269615,58.13897705078125,0.7382489889928776,1.4789258017024782,9.731788251327872,127.28581160447638,207.32699695420763
42.6012972222,-70.812825,0,0.45701357466063347,0.385734664764622,0.13574660633484162,0.2573466476462197,0.07692307692307693,0.0978601997146933,0.3031674208144796,0.23024251069900142,0.47058823529411764,1.300713266761769,17.349714279174805,0.615476057224812,1.011602135479746,4.533219751602077,14.79158616447515,185.5037666663742
41.8416889014,-70.6032935758,0,0.027149321266968326,0.5212553495007133,0.0,0.0,0.9728506787330317,0.46704707560627673,0.0,0.0014265335235378032,30.153846153846153,11.795435092724679,42.974998474121094,0.494802985429196,1.0019476232273044,4.209278227929089,972.2962866955871,14.312137696103107
42.1556814155,-71.4020015673,0,0.004524886877828055,0.1289586305278174,0.00904977375565611,0.13009985734664764,0.9864253393665159,0.7069900142653353,0.0,0.0,31.579185520361992,20.05477888730385,60.10834503173828,1.6947978092574814,1.4413942923237628,13.064946613405004,384.24633962097215,30.395477355114437
42.7072906355,-70.9575690624,0,0.27601809954751133,0.418830242510699,0.248868778280543,0.25962910128388017,0.4479638009049774,0.26390870185449355,0.0,0.0,18.8868778280543,9.586305278174038,23.154197692871094,0.389301759633262,0.8807577392631752,5.287286278381887,6.5237284411791645,2.3000098789104855
42.6969133333,-70.971955,0,0.7149321266968326,0.6048502139800286,0.12217194570135746,0.2587731811697575,0.1583710407239819,0.1346647646219686,0.0,0.0002853067047075606,7.819004524886878,4.10413694721826,26.690874099731445,0.8230372463399943,0.7419170621096794,5.575968473673131,113.30078729368144,173.32749489310837
41.7283944444,-70.5186388889,0,0.579185520361991,0.875320970042796,0.0,0.0002853067047075606,0.0,0.06276747503566334,0.0,0.0,0.0,1.4042796005706135,58.90325164794922,0.7080584511053624,0.8587463617490896,3.986859224176342,407.2741857619811,263.51429243776374
41.56646333,-70.594445,0,0.0,0.04136947218259629,0.03167420814479638,0.0362339514978602,0.9683257918552036,0.8955777460770328,0.0,0.023395149786019972,40.47511312217195,29.3018544935806,5.435794830322266,0.5659067080349769,0.5240651119723129,2.2623690043719185,78.8471383547459,78.55722461113903
41.720905304,-70.2266769409,0,0.2171945701357466,0.12239657631954351,0.058823529411764705,0.6019971469329529,0.7239819004524887,0.18059914407988586,0.0,0.07760342368045649,13.764705882352942,3.0576319543509274,6.754642009735107,0.5861896189783764,0.5792835591540202,3.1570555151026465,241.86891490315998,0.06968111286622339
42.6241877044,-72.4614912271,1,1.0,0.8365192582025678,0.0,0.0025677603423680455,0.0,0.05420827389443652,0.0,0.0,0.0,0.5905848787446505,154.892578125,5.476712616522045,5.642924547727927,32.4304567359751,3.7887023610474593,238.78781104087133
42.6409336481,-71.0040882264,0,0.5565610859728507,0.7700427960057061,0.416289592760181,0.18858773181169758,0.0,0.035092724679029956,0.027149321266968326,0.005991440798858773,0.0,0.4513552068473609,34.54535675048828,1.4233628192940968,1.79718708296663,6.806562592436764,75.56348108095472,113.29613322964462
42.25403667,-70.84768667,0,0.13574660633484162,0.12296718972895863,0.15384615384615385,0.14236804564907277,0.7104072398190046,0.6847360912981455,0.0,0.047931526390870186,11.764705882352942,13.385734664764621,13.965420722961426,0.8819647081952903,1.0319884525540302,5.757227753845095,110.23242466160677,24.556037582376327
42.408229454,-71.3497169413,0,0.42081447963800905,0.38373751783166904,0.00904977375565611,0.09757489300998573,0.5429864253393665,0.43708987161198287,0.0,0.050784593437945794,5.384615384615385,6.16262482168331,53.42879867553711,1.2091888515090297,1.3197028365349754,5.816658854967375,195.5006598732091,92.25637338018254
42.3944387958,-73.2725928259,0,0.2579185520361991,0.4724679029957204,0.2895927601809955,0.2507845934379458,0.4343891402714932,0.2485021398002853,0.0,0.0011412268188302425,14.968325791855204,7.312125534950071,359.3792724609375,2.4334220855816193,2.3955160402594777,15.567496254952635,123.05581545714054,62.50636598389108
42.4969713902,-71.4849067201,0,0.4751131221719457,0.3728958630527817,0.34841628959276016,0.3398002853067047,0.17647058823529413,0.23880171184022825,0.0,0.0002853067047075606,2.733031674208145,5.905848787446505,66.91256713867188,0.8245635526224865,1.2348547973810302,6.6549871398537,20.143601381070354,213.47477386048647
41.4417318162,-70.6094150898,0,0.3393665158371041,0.3332382310984308,0.0,0.007703281027104137,0.6606334841628959,0.6,0.0,0.056490727532097,11.461538461538462,15.164051355206848,29.11128044128418,1.7405475678852753,1.6368413986296895,11.453999515333777,721.8086721788958,1.5209765252907939
42.24628,-70.85952,0,0.416289592760181,0.25763195435092723,0.3891402714932127,0.08730385164051355,0.15384615384615385,0.5877318116975749,0.03619909502262444,0.01768901569186876,1.8597285067873304,13.065620542082739,6.985391139984131,1.3059506882745113,1.567825343838309,9.335836607271718,80.50199108086316,157.10886008589785
41.9982033333,-71.0672916667,1,0.10407239819004525,0.038801711840228244,0.6380090497737556,0.8647646219686163,0.25339366515837103,0.08787446504992867,0.0,0.0,5.257918552036199,3.0887303851640513,20.614343643188477,0.41134093193638693,0.21014986956615841,1.5044043456865517,21.450265544151723,1.3960023816831313
42.4661970001,-71.9693377241,1,0.4253393665158371,0.5238231098430813,0.07692307692307693,0.2659058487874465,0.19909502262443438,0.09358059914407989,0.2986425339366516,0.09358059914407989,1.6108597285067874,0.9743223965763196,300.81878662109375,0.8119906753337262,1.8361919085456562,8.138525780872445,20.67160752607111,159.62393741352335
42.657283783,-71.3625259399,0,0.5610859728506787,0.5629101283880171,0.4117647058823529,0.26048502139800284,0.0,0.17489300998573468,0.0,0.0,0.0,4.770042796005706,47.9091911315918,1.721457474851717,1.4538500132467989,6.366009403247051,112.80251327756159,277.7239494269537
42.1975364408,-71.6817922362,1,0.4479638009049774,0.2984308131241084,0.013574660633484163,0.0898716119828816,0.502262443438914,0.4938659058487874,0.0,0.0,12.135746606334841,11.056490727532097,138.4345703125,4.217087141150144,2.98417054427666,22.72998602717158,74.704663953075,64.16608060158129
42.4389404273,-73.2006296016,0,0.09049773755656108,0.21797432239657633,0.4253393665158371,0.29015691868758914,0.4841628959276018,0.468188302425107,0.0,0.0,13.950226244343892,12.740656205420827,304.41558837890625,1.3074574539494528,2.7125170316308185,23.417106589174345,133.791458862534,33.693129570555904
42.4933263511,-71.3706645015,1,0.31221719457013575,0.3560627674750357,0.3665158371040724,0.29871611982881596,0.3167420814479638,0.20399429386590584,0.004524886877828055,0.030813124108416547,7.167420814479638,3.98944365192582,55.662479400634766,1.210620562784773,1.2803514045030842,9.09713563457711,27.94001080550778,25.83163391244425
42.6635760515,-72.891604829,1,1.0,0.797432239657632,0.0,0.0025677603423680455,0.0,0.06362339514978602,0.0,0.0,0.0,0.3734664764621969,450.2628173828125,4.673447389930424,6.9530692204304865,46.42932536564282,200.93066370788782,26.373118056933137
42.6157716667,-71.3999866667,1,0.0,0.09671897289586305,0.0,0.15035663338088445,1.0,0.7529243937232525,0.0,0.0,18.81900452488688,14.52867332382311,49.42161560058594,1.3144712370550786,1.53488152547321,8.344042709129656,271.621100993572,6.437544150047784
41.373875,-70.026475,0,0.0,0.0,0.0,0.0,0.0,0.0,0.6787330316742082,0.8978601997146933,0.0,0.0,0.44871285557746887,0.3606829970360428,0.23203898399523812,0.9216883428349495,34.08798548850258,377.99587145669597
42.45278,-72.9050133333,1,0.8823529411764706,0.7691868758915834,0.11764705882352941,0.10328102710413695,0.0,0.037089871611982884,0.0,0.0,0.0,0.4445078459343795,384.6287536621094,3.0448336666392333,4.688013102155776,33.53202926086129,210.0956109558932,392.42730349357976
42.4327192817,-71.4093823358,0,0.7149321266968326,0.49015691868758915,0.0,0.056776034236804565,0.2850678733031674,0.4399429386590585,0.0,0.010841654778887305,3.7013574660633486,6.241369472182596,58.495269775390625,1.258621767452254,1.0996417335730968,6.5272505915143295,376.1075900976928,116.57229559077366
41.502857,-70.701914,0,0.0,0.11355206847360913,0.07239819004524888,0.13951497860199716,0.0,0.007417974322396576,0.8099547511312217,0.6299572039942939,0.0,0.11897289586305278,-0.4465196430683136,0.1576949632113587,0.4228181944032722,2.8089466585382237,0.0,362.3558893101968
42.3709916667,-71.1158972222,0,0.0,0.0,0.0,0.0008559201141226819,1.0,0.969472182596291,0.0,0.029671897289586305,70.93212669683258,62.76376604850214,5.269708633422852,0.7617013360543854,0.4635216411683257,2.655755412556347,283.14071615163465,2.0261220713407195
42.2174987793,-71.0227813721,0,0.01809954751131222,0.04108416547788873,0.049773755656108594,0.038231098430813126,0.9230769230769231,0.8875891583452211,0.00904977375565611,0.018544935805991442,48.963800904977376,40.017118402282456,27.47165298461914,2.176235926136238,1.880083700201629,9.174296826761235,118.60338316153455,24.290354509897043
41.8538342079,-70.600419044,0,0.5610859728506787,0.5278174037089871,0.0,0.0048502139800285305,0.0,0.16405135520684735,0.416289592760181,0.275320970042796,0.0,2.385164051355207,26.27536392211914,1.3190257487838744,1.7302664717170246,9.069946064534555,51.641499504520695,40.40412837305238
42.0878429694,-72.4950527027,0,0.24434389140271492,0.11069900142653352,0.0,0.047075606276747506,0.755656108597285,0.839657631954351,0.0,0.0002853067047075606,12.330316742081449,19.81283880171184,85.44648742675781,2.5525240718555477,1.7049899171790233,9.255282276324712,80.7279799993342,20.87171253534847
41.6078206052,-70.5728771715,0,0.3167420814479638,0.3706134094151213,0.3574660633484163,0.09586305278174037,0.28054298642533937,0.40570613409415124,0.0,0.051069900142653356,4.597285067873303,7.740085592011412,10.074575424194336,0.7898078621706761,0.7457539765750283,3.1865163216684214,0.0,123.82991023633521
42.2265667937,-73.3406232709,0,0.5972850678733032,0.5957203994293866,0.2895927601809955,0.13495007132667616,0.11312217194570136,0.10099857346647646,0.0,0.003138373751783167,2.6425339366515836,1.985734664764622,237.54808044433594,4.838257298637002,4.905444760492124,49.73132749278405,0.0,23.087131877559194
42.7014361111,-72.7756583333,1,0.5203619909502263,0.882453637660485,0.05429864253393665,0.019400855920114122,0.19457013574660634,0.043081312410841656,0.0,0.0,1.6832579185520362,0.4322396576319544,285.20123291015625,5.801355276185557,9.588221052528008,50.696448357926286,126.72850847738624,28.318038410977504
42.32280203,-72.52589302,1,0.39819004524886875,0.32011412268188305,0.1085972850678733,0.12039942938659058,0.27601809954751133,0.26390870185449355,0.0,0.005991440798858773,5.4434389140271495,8.000285306704708,66.07984924316406,1.708193079427121,2.0412238744805244,12.395898899605191,5.650067662948272,62.954397337243726
41.663737542,-70.0794877763,0,0.0,0.0,0.0,0.017403708987161197,0.3936651583710407,0.456490727532097,0.43891402714932126,0.4513552068473609,18.11764705882353,17.23138373751783,2.0626776218414307,0.809089935063845,0.3216960094312889,2.3662793558569515,5.872562182558239,47.83171248328482
41.8279426209,-69.9481232345,0,0.0,0.0,0.5565610859728507,0.38887303851640515,0.0,0.0,0.4434389140271493,0.46847360912981456,0.0,0.0,-0.32162800431251526,0.11460030688503361,0.17753366648366609,0.9361400416888689,0.0,1288.4966418409717
42.40848667,-71.56510333,0,0.04524886877828054,0.30984308131241084,0.18099547511312217,0.05905848787446505,0.7737556561085973,0.6276747503566333,0.0,0.0,21.65610859728507,16.208844507845935,83.57564544677734,1.9972976242177347,2.3833971617103757,14.281001081292887,67.55201134316015,31.76784982371314
42.49517,-71.551127,1,0.7873303167420814,0.5172610556348074,0.2081447963800905,0.05335235378031384,0.0,0.29529243937232524,0.004524886877828055,0.0008559201141226819,0.0,9.668473609129814,105.61900329589844,2.8197299497868453,3.0858842152863883,21.870981210288242,3.873927931026139,215.82919743030055
42.4679629928,-71.3060628873,1,0.1493212669683258,0.14265335235378032,0.19457013574660634,0.34407988587731814,0.5248868778280543,0.41340941512125534,0.004524886877828055,0.0028530670470756064,18.18552036199095,13.34978601997147,43.074615478515625,1.6652440233645627,0.7935379618651941,3.331555239932823,183.31311208322109,52.05952084068614
42.4555473328,-71.9487838745,0,0.7013574660633484,0.574037089871612,0.08597285067873303,0.2838801711840228,0.15384615384615385,0.09158345221112696,0.0,0.0005706134094151213,2.1312217194570136,1.0273894436519257,293.33984375,3.1880387496037423,2.6832680765394743,10.660159125715188,139.64472762167884,72.40270308262693
42.3347041196,-73.2912743057,1,0.5972850678733032,0.5035663338088445,0.03619909502262444,0.16776034236804566,0.3167420814479638,0.19971469329529243,0.0,0.008559201141226819,5.5610859728506785,3.4716119828815977,344.7925109863281,3.2808514164392677,3.2397286683663764,20.90756966142599,380.62835841004244,35.36783280587185
42.2831166667,-71.1385194444,0,0.0,0.0048502139800285305,0.0,0.0,1.0,0.9951497860199715,0.0,0.0,56.62443438914027,55.38459343794579,34.444671630859375,2.244541189664891,2.2995243428609005,14.071622118183704,1073.9614661006299,12.354638623569478
42.498825,-72.2129683333,0,0.34841628959276016,0.720114122681883,0.5384615384615384,0.24536376604850213,0.1085972850678733,0.03166904422253923,0.0,0.0,0.8733031674208145,0.2992867332382311,229.7801513671875,0.9043056487248786,2.3820616773159857,11.89901414415418,0.0,58.610599199505515
42.0604921165,-73.0591863021,0,0.6018099547511312,0.8439372325249643,0.19909502262443438,0.05962910128388017,0.16289592760180996,0.051069900142653356,0.0,0.011126961483594865,2.927601809954751,0.703281027104137,231.87753295898438,11.551793773493621,11.1468082326867,68.6477835889082,0.0,106.21254213103373
42.6043898049,-71.6175466468,1,0.6199095022624435,0.5651925820256776,0.31221719457013575,0.12582025677603423,0.06334841628959276,0.23737517831669044,0.0,0.0025677603423680455,1.6244343891402715,4.649643366619116,68.63092041015625,1.5709007270815705,1.3451894336097086,8.34742910496147,0.0,150.40609744758865
42.3173067092,-71.4754682566,0,0.8642533936651584,0.331811697574893,0.04524886877828054,0.08359486447931526,0.09049773755656108,0.501283880171184,0.0,0.0002853067047075606,1.5701357466063348,10.691012838801711,89.06239318847656,2.1334605717666166,2.12963676778471,11.81790044591794,111.0530833637212,228.9876625114282
42.4309916667,-71.7614222222,1,0.29411764705882354,0.3885877318116976,0.3665158371040724,0.07218259629101284,0.3167420814479638,0.4054208273894436,0.0,0.0,3.2081447963800906,8.434807417974323,164.4072723388672,3.891858306785186,2.791442694607533,17.97294060561637,112.05475225191651,21.838856847297073
42.3629878991,-71.145067066,0,0.0,0.0,0.07239819004524888,0.007988587731811698,0.7918552036199095,0.9572039942938659,0.13574660633484162,0.034807417974322394,43.79185520361991,56.48188302425107,4.559197425842285,0.8026035653372054,0.7849223250684253,3.890389005862196,41.81363909505241,24.497004170641233
42.1644,-71.2461,0,0.1493212669683258,0.1209700427960057,0.1085972850678733,0.143509272467903,0.45701357466063347,0.6670470756062767,0.0,0.006276747503566334,9.484162895927602,19.20970042796006,45.15993881225586,0.8424912041641391,1.0121750921028012,5.108692765519024,35.38070582496443,12.714937733781612
41.568842806,-70.6154436337,0,0.27149321266968324,0.32724679029957204,0.00904977375565611,0.05734664764621969,0.4660633484162896,0.5141226818830242,0.24434389140271492,0.09243937232524964,10.891402714932127,16.234236804564908,7.679592132568359,1.2738167390418436,1.109721268957134,6.944166187626086,14.684140414087071,39.84151482663088
42.5374789071,-72.4889964425,0,0.9683257918552036,0.9905848787446505,0.03167420814479638,0.002282453637660485,0.0,0.005706134094151213,0.0,0.0,0.0,0.0442225392296719,261.9532470703125,3.1093970121270518,6.943158474181754,44.11567051982539,732.8717737919625,861.7994218187245
42.30903667,-71.32586667,0,0.0,0.02653352353780314,0.0,0.05877318116975749,1.0,0.8881597717546362,0.0,0.019971469329529243,17.20361990950226,23.54607703281027,43.569000244140625,0.5186526594994887,0.8312788669964009,3.8189432352749404,64.17517110776862,34.61661634780596
42.0604749204,-71.0823903214,0,0.3257918552036199,0.31041369472182595,0.03167420814479638,0.15378031383737517,0.6425339366515838,0.48245363766048505,0.0,0.0028530670470756064,17.619909502262445,15.596291012838801,38.1939697265625,0.7234647545783441,0.6138420763400692,3.280512306739824,28.971072223469374,0.4028442926383585
42.2367677924,-71.3751470694,1,0.6153846153846154,0.47617689015691866,0.07692307692307693,0.2085592011412268,0.24434389140271492,0.2761768901569187,0.0,0.0034236804564907277,4.714932126696833,4.368045649072753,47.98252868652344,1.983533912651346,1.793656980038829,10.795149814482057,265.79013786542396,107.97046205552114
41.2556055556,-70.8318916667,0,0.00904977375565611,0.10413694721825963,0.0,0.0550641940085592,0.0,0.0,0.9049773755656109,0.7931526390870185,0.0,0.0,1.3337730169296265,0.8747456260435652,0.476596692873736,4.313981198161984,0.0,7050.961999300421
42.4199133333,-72.5476216667,1,0.04524886877828054,0.22796005706134095,0.502262443438914,0.27845934379457915,0.004524886877828055,0.09728958630527818,0.0,0.0005706134094151213,0.10407239819004525,2.3483594864479316,46.909088134765625,0.16934200889122716,0.2162838432937434,1.028760321096318,6.9601499586918525,500.3076471754035
42.32948,-72.53377,1,0.6018099547511312,0.3948644793152639,0.03167420814479638,0.051925820256776035,0.03167420814479638,0.29985734664764624,0.0,0.0,0.751131221719457,7.487589158345221,70.72598266601562,2.154800448227302,1.4627884122230013,10.343649701029978,292.95662923176155,193.6410855643227
42.4352495806,-71.1142873764,0,0.7828054298642534,0.6930099857346648,0.10407239819004525,0.04821683309557775,0.11312217194570136,0.23081312410841653,0.0,0.02225392296718973,0.6742081447963801,8.60827389443652,40.248680114746094,1.7535870294389944,1.9215307000178603,10.303792958435613,62.57477381582409,107.68695835535281
42.33768,-71.9552,1,0.4298642533936652,0.407132667617689,0.12669683257918551,0.31212553495007134,0.3167420814479638,0.11383737517831669,0.12669683257918551,0.11212553495007133,2.5520361990950224,1.479315263908702,313.89886474609375,2.0247556282148,1.6366249473709065,8.80913133275931,128.4435942259625,1.4397294083341412
42.71142,-73.2406466667,0,1.0,0.9252496433666191,0.0,0.005706134094151213,0.0,0.03252496433666191,0.0,0.0,0.0,0.30756062767475034,459.572265625,7.839168599695032,8.717271813474834,49.57949651057432,378.3838868154596,675.5317033897742
42.8173163093,-70.8711206908,0,0.0,0.025677603423680456,0.004524886877828055,0.21569186875891583,0.6787330316742082,0.5206847360912982,0.3167420814479638,0.2370898716119829,35.16742081447964,30.584022824536376,0.9641412496566772,0.49303461044761665,0.7244802692527521,4.7906213908488136,38.03295124767031,1.8737224967898476
42.2345906628,-71.8397609531,0,0.46153846153846156,0.045934379457917264,0.08144796380090498,0.04507845934379458,0.416289592760181,0.8750356633380885,0.03619909502262444,0.03223965763195435,6.230769230769231,31.73437945791726,148.91651916503906,3.3666931841298458,1.8382179004178514,10.76334483566946,94.94876402555606,80.41930423458612
42.7017091401,-71.1072902475,0,0.08597285067873303,0.3572039942938659,0.027149321266968326,0.030242510699001426,0.5656108597285068,0.2944365192582026,0.0,0.23737517831669044,18.65158371040724,9.58716119828816,53.181392669677734,2.6553865739608447,2.872677920633252,14.912399708159745,197.05716256737335,0.39416007755948435
41.9521083333,-71.0001861111,0,0.3212669683257919,0.17203994293865907,0.2171945701357466,0.21198288159771755,0.12669683257918551,0.5526390870185449,0.0,0.0,4.357466063348416,9.132382310984308,20.205045700073242,0.6345834974720682,0.7198593763091382,4.767884394326826,166.77724970703883,338.5294672763265
42.5322761399,-73.1836113791,0,0.06787330316742081,0.40827389443651924,0.0,0.029957203994293864,0.8687782805429864,0.22796005706134095,0.0,0.1977175463623395,22.963800904977376,5.610841654778888,320.274169921875,3.859087877679463,5.625729651443834,43.13415381286638,163.27597939194553,13.787133201185984
42.0407256372,-70.7043643209,0,0.7692307692307693,0.6239657631954351,0.13122171945701358,0.13723252496433666,0.0,0.1312410841654779,0.049773755656108594,0.06704707560627675,0.0,1.2082738944365192,20.053714752197266,1.0979442169660392,1.1711217839372159,4.400449806974983,29.286177826479044,727.462851099166
42.1661347384,-70.7249649056,0,0.0,0.02168330955777461,0.17647058823529413,0.524679029957204,0.0,0.05392296718972896,0.8190045248868778,0.3466476462196862,0.0,1.4111269614835948,-1.049405574798584,0.20829778308823885,0.29410418945062433,1.074420766715752,0.0,801.7195292542896
42.38385,-72.4677283333,0,1.0,0.8796005706134095,0.0,0.0094151212553495,0.0,0.09586305278174037,0.0,0.0,0.0,1.6239657631954352,142.9867706298828,7.08438564262472,5.415192990995285,40.10102557751195,248.6574445570311,369.1217461487271
42.0668947238,-72.261130695,1,0.7647058823529411,0.7286733238231099,0.2081447963800905,0.11982881597717546,0.0,0.09243937232524964,0.0,0.0,0.0,0.901283880171184,296.3084411621094,1.152292688601677,2.274458891966932,13.850852023831049,149.68884847271426,550.2027176131238
42.09750833,-72.0247195,1,0.583710407239819,0.505848787446505,0.248868778280543,0.14065620542082738,0.09954751131221719,0.27303851640513555,0.0,0.019686162624821684,3.51131221719457,7.999429386590585,178.11192321777344,4.785496245060529,3.6245851048657762,27.479677596377872,173.90860996445477,230.88011265093076
42.4460966667,-71.3913883333,0,0.09049773755656108,0.18088445078459345,0.3574660633484163,0.17403708987161198,0.5339366515837104,0.6262482168330956,0.0,0.0042796005706134095,9.493212669683258,10.394008559201142,40.68656539916992,0.8643215986560425,1.3575528618724446,5.97322103311552,44.03543151039049,1.3963843966499505
42.4885855718,-71.2665584052,0,0.0,0.04850213980028531,0.013574660633484163,0.11754636233951497,0.9864253393665159,0.8336661911554921,0.0,0.0002853067047075606,23.95475113122172,27.373751783166906,38.14910888671875,1.027464005486894,0.7745992401350129,3.655701900446752,276.6172104233967,42.12133100589252
42.5324033333,-71.5537416667,0,0.2850678733031674,0.5794579172610557,0.48868778280542985,0.1971469329529244,0.19004524886877827,0.18316690442225392,0.0,0.0,1.1131221719457014,1.8368045649072753,83.10073852539062,1.6707304845257556,2.317522226440531,9.719946174992776,39.254199857161225,0.8750515010987396
42.4089042358,-71.0719268925,0,0.0,0.0,0.1085972850678733,0.019686162624821684,0.7013574660633484,0.9423680456490727,0.18099547511312217,0.03680456490727532,45.203619909502265,68.54151212553495,1.8066611289978027,0.4153902371813438,0.6419064228897647,3.696384432576161,50.45313591182002,62.4765232182058
42.7177781142,-73.192799706,0,0.11312217194570136,0.21169757489301,0.11312217194570136,0.14179743223965763,0.7737556561085973,0.6239657631954351,0.0,0.005706134094151213,27.6289592760181,16.737232524964337,186.49810791015625,1.3141335968580998,3.4949799405161746,23.64185973953678,259.68800406472155,12.260198222583979
42.3619883333,-71.0585166667,0,0.0,0.0,0.0,0.0,1.0,0.9192582025677604,0.0,0.08074179743223965,85.16289592760181,72.23823109843082,6.704469680786133,1.1936196082282402,0.9726490285496314,5.185346341912185,593.7694474058522,26.13014103796887
42.8156148759,-70.9588522464,1,0.4479638009049774,0.32211126961483594,0.4479638009049774,0.18830242510699002,0.0,0.20057061340941512,0.10407239819004525,0.22738944365192582,0.0,3.373181169757489,6.353830814361572,2.3647798480765987,1.9277333919527668,14.40673765785464,34.44395331941451,17.336258192081345
41.3802158922,-70.6566788367,0,0.9230769230769231,0.7018544935805991,0.004524886877828055,0.015406562054208274,0.06334841628959276,0.11840228245363767,0.0,0.005706134094151213,0.7149321266968326,1.6938659058487875,7.287076473236084,0.6288342013180346,0.5038840111240512,2.5589740220124906,66.22880243078039,46.880903737349904
42.6279955794,-72.1423668205,0,0.2398190045248869,0.6125534950071326,0.40271493212669685,0.21825962910128388,0.35294117647058826,0.15263908701854492,0.0,0.005991440798858773,10.244343891402714,2.7035663338088445,251.48300170898438,3.3133047143403442,4.208568851678,18.9203199864758,11.998546128967448,36.894207793653806
42.2863466667,-71.5322716667,0,0.6606334841628959,0.31497860199714695,0.0,0.06904422253922968,0.3393665158371041,0.6082738944365192,0.0,0.0068473609129814554,3.3529411764705883,15.488159771754637,106.55599975585938,2.3272786541373254,2.2767550371134986,13.214827697439409,118.22757147191795,38.56294587633478
42.4069438825,-71.5345530663,0,0.04072398190045249,0.3021398002853067,0.5520361990950227,0.24222539229671897,0.0,0.31925820256776033,0.027149321266968326,0.00456490727532097,0.0,5.462196861626248,58.38936233520508,0.6086956910988263,1.2497309234210972,5.529232585711313,0.0,437.5247197969162
42.3645166667,-71.7251183333,0,0.9140271493212669,0.6730385164051356,0.0,0.09186875891583453,0.027149321266968326,0.11326676176890157,0.0,0.07960057061340942,0.6199095022624435,2.664479315263909,171.7186279296875,4.028395894667947,2.639372704855088,14.268233052171817,118.04751045259843,287.4224282272215
42.6688603069,-71.6284313131,1,0.13122171945701358,0.5055634807417975,0.03167420814479638,0.10213980028530671,0.0,0.16119828815977175,0.0,0.025106990014265335,0.0,2.256490727532097,137.60360717773438,2.0358978108564987,2.7272218137215862,14.446594057015368,373.252616546682,285.1176737777103
42.32272143,-72.52624839,1,0.34841628959276016,0.3263908701854494,0.11312217194570136,0.11583452211126961,0.33031674208144796,0.26904422253922966,0.0,0.005991440798858773,8.239819004524886,8.202853067047075,66.07984924316406,1.708193079427121,2.0412238744805244,12.395898899605191,0.06316758522448865,78.60826453701549
42.1281083333,-71.2771083333,1,0.03619909502262444,0.23281027104136948,0.5158371040723982,0.2972895863052782,0.334841628959276,0.4125534950071327,0.0,0.0,9.180995475113122,15.651355206847361,59.357418060302734,0.5278418212025249,0.7225617877299915,3.1235210119186156,75.03641188705927,2.853006092914829
42.7147742854,-70.7897147595,0,0.0,0.013694721825962911,0.3076923076923077,0.35178316690442224,0.0,0.029671897289586305,0.6923076923076923,0.5346647646219687,0.0,0.8659058487874465,-0.8123590350151062,0.23948645825950912,0.42209469363976154,2.2845659091188124,0.0,546.733073854352
42.5675092765,-71.7977521733,1,0.20361990950226244,0.2844507845934379,0.0,0.005706134094151213,0.7963800904977375,0.698716119828816,0.0,0.007703281027104137,29.443438914027148,22.266191155492155,185.75039672851562,2.6547007707379136,3.3569233024389784,23.750900410416858,550.6566715418528,35.326313412738074
42.1475072541,-70.7913155482,0,0.583710407239819,0.5186875891583452,0.12669683257918551,0.2231098430813124,0.2895927601809955,0.1971469329529244,0.0,0.028815977175463622,3.3755656108597285,3.2134094151212556,30.11013412475586,2.3741786867514425,2.004861537722318,15.833189525037682,195.5786253937388,29.618963165874927
42.2444259611,-72.5791407649,1,0.08144796380090498,0.21141226818830242,0.08144796380090498,0.14407988587731813,0.751131221719457,0.6125534950071326,0.0,0.0,22.941176470588236,15.087874465049929,44.32622528076172,1.4915890560997538,1.4819848466484478,6.217850196778957,31.07873262798184,64.9064525249345
42.2806329584,-71.0213003227,0,0.0,0.0,0.0,0.00884450784593438,1.0,0.7398002853067047,0.0,0.2456490727532097,61.203619909502265,48.24251069900143,3.260528326034546,0.41801548169391384,0.4459513583325333,2.8466002269464403,288.7940369591338,6.3993632503598565
42.2877711,-72.3384970216,1,0.579185520361991,0.5201141226818831,0.0,0.0818830242510699,0.14027149321266968,0.05791726105563481,0.23529411764705882,0.2850213980028531,2.737556561085973,0.7024251069900143,174.82981872558594,3.910996865247264,3.835977296110658,30.461242371683344,2.0143362059571426,50.59980629021781
42.3615014184,-71.5770587919,0,0.19909502262443438,0.30328102710413696,0.5565610859728507,0.14322396576319543,0.24434389140271492,0.5497860199714694,0.0,0.0,6.384615384615385,16.545506419400855,88.23807525634766,1.9150226934295926,2.757615480682272,15.449616966498366,0.0,30.739733432638417
42.4673818274,-70.8980509148,0,0.0,0.007132667617689016,0.0,0.061626248216833095,1.0,0.7001426533523538,0.0,0.22082738944365193,36.53846153846154,25.08758915834522,6.74729061126709,1.3865683116140142,1.4060861575398291,8.607481063178707,425.50696037217074,5.195857972776628
42.3454866,-71.0405587997,0,0.0,0.0,0.0,0.0025677603423680455,1.0,0.8747503566333809,0.0,0.12268188302425106,86.4524886877828,73.76405135520685,3.5732181072235107,0.4574099360011499,0.5685205120151737,2.54452886021976,252.6434420471043,14.867599745915504
42.4215898818,-72.4219131697,0,0.7737556561085973,0.8912981455064194,0.04524886877828054,0.026818830242510697,0.167420814479638,0.06790299572039943,0.0,0.0005706134094151213,1.167420814479638,0.6333808844507846,354.4056396484375,2.5225925954166444,2.8188816669660803,12.819486204406914,101.17374389360916,1.0382901404838223
42.209675,-71.51689167,0,0.09954751131221719,0.3572039942938659,0.2398190045248869,0.11126961483594865,0.6606334841628959,0.5258202567760343,0.0,0.0,9.877828054298643,10.83052781740371,144.0657958984375,1.713754652610658,1.4123893865815471,10.525420364576986,39.824733016515225,38.01583580491722
41.7188835144,-70.0322952271,0,0.15384615384615385,0.3118402282453638,0.0,0.025677603423680456,0.8461538461538461,0.579172610556348,0.0,0.07760342368045649,21.040723981900452,13.880171184022824,17.71320915222168,0.5420489982230058,0.8490770897070595,3.3238870256208197,328.56575161672896,30.537284487342745
42.2471117661,-72.4413342789,0,0.5158371040723982,0.7483594864479315,0.03619909502262444,0.05335235378031384,0.4479638009049774,0.1962910128388017,0.0,0.0,8.538461538461538,3.285021398002853,224.34815979003906,1.6855570326555889,3.046177782188886,15.137439102952586,671.5786546390012,2.1278911816071138
41.980318022,-70.9162744927,0,0.17647058823529413,0.374037089871612,0.0,0.1971469329529244,0.8235294117647058,0.331811697574893,0.0,0.0,33.3710407239819,9.813124108416547,18.935516357421875,1.7452914443941725,1.0602697476084328,5.503070611111328,327.8197816573027,34.295682149452695
42.5382802809,-71.7372521272,0,0.0,0.10042796005706134,0.0,0.03537803138373752,1.0,0.8573466476462197,0.0,0.0005706134094151213,37.217194570135746,33.1358059914408,117.30059051513672,3.0477371205120942,2.5897858364629234,21.23480694646959,221.52335371466845,26.298669108832758
42.36168718,-72.26246117,0,0.46153846153846156,0.8362339514978602,0.5384615384615384,0.1629101283880171,0.0,0.0,0.0,0.0005706134094151213,0.0,0.0,239.39724731445312,1.447195801587231,2.6492208475840364,14.170940390317359,28.218372130910893,15.526033005837439
42.2600841616,-72.4178855494,1,0.7013574660633484,0.4898716119828816,0.0,0.21055634807417975,0.2986425339366516,0.23081312410841653,0.0,0.0,3.02262443438914,6.2881597717546365,171.99813842773438,2.492745561381032,1.8091859329771394,10.407184687677287,197.05821211312957,152.09617246255465
42.0467981,-71.2122444,0,0.13574660633484162,0.2767475035663338,0.14027149321266968,0.1383737517831669,0.6199095022624435,0.5780313837375178,0.09954751131221719,0.006276747503566334,21.380090497737555,22.364621968616262,54.828067779541016,0.5627570741599287,0.6192625861739806,3.0510671613529543,0.0,46.51422823238505
42.2693901062,-71.4414291382,0,0.13574660633484162,0.07960057061340942,0.05429864253393665,0.030242510699001426,0.8099547511312217,0.8017118402282454,0.0,0.08673323823109844,29.43891402714932,24.687303851640515,72.30928802490234,1.7814869889305431,1.9175851025019186,8.358316269944922,314.0623229094606,20.632008325296383
42.0221593036,-71.2919183448,0,0.19909502262443438,0.2122681883024251,0.08597285067873303,0.1783166904422254,0.5294117647058824,0.42653352353780316,0.18099547511312217,0.16576319543509271,13.217194570135746,10.210271041369472,57.4178466796875,1.6418679942937713,0.8115917822564916,4.526682927333291,111.93289355845661,60.46378472550988
41.9719366667,-70.676195,0,0.00904977375565611,0.0042796005706134095,0.0,0.0002853067047075606,0.4841628959276018,0.5146932952924393,0.3393665158371041,0.44821683309557775,11.502262443438914,18.967760342368045,5.629965782165527,1.600469938743153,1.1987372982791895,11.251980768795844,73.52902946008453,104.04325041328802
42.0874930863,-71.0207830761,0,0.0,0.0,0.0,0.0017118402282453639,1.0,0.9982881597717547,0.0,0.0,71.95927601809954,60.458202567760345,39.091068267822266,1.26670319100096,0.9231197411068045,7.548740186520398,612.1427550921705,26.206254826342867
42.715605,-70.99285,0,0.46153846153846156,0.3828815977175464,0.23529411764705882,0.20399429386590584,0.3031674208144796,0.4048502139800285,0.0,0.0011412268188302425,6.447963800904978,10.23509272467903,31.011032104492188,2.572856587191559,1.8185687285962984,15.474393273371987,100.73250370643586,29.828317674889433
42.665965,-72.3129033333,0,0.669683257918552,0.9152639087018545,0.19909502262443438,0.061626248216833095,0.0,0.0034236804564907277,0.12669683257918551,0.014835948644793153,0.0,0.017403708987161197,254.43386840820312,3.3554206984328614,5.204960580004164,29.74558308862384,38.53155239023635,4.194780185350605
42.28571669,-71.85345061,0,0.3936651583710407,0.22881597717546362,0.20361990950226244,0.04736091298145506,0.39819004524886875,0.7069900142653353,0.004524886877828055,0.016547788873038517,5.208144796380091,18.839372325249645,192.0111541748047,4.0748902700802905,3.9705379814019373,23.930134225352102,89.27437923311157,88.13474324444206
42.3951133333,-71.388915,0,0.09502262443438914,0.3215406562054208,0.6832579185520362,0.4833095577746077,0.08144796380090498,0.13295292439372325,0.0,0.0,0.9502262443438914,3.5814550641940084,36.874420166015625,0.31942011001330667,0.8475403879292325,5.097040201430181,0.0,186.5013537306867
42.5862383333,-71.5001966667,1,0.1583710407239819,0.5229671897289586,0.25339366515837103,0.15121255349500715,0.5882352941176471,0.32125534950071327,0.0,0.003708987161198288,8.941176470588236,6.441654778887304,71.52440643310547,2.25160719611984,1.86255719605708,9.564876925605954,72.9742730145824,29.163515388733348
42.4138194333,-72.1962912694,1,1.0,0.8972895863052782,0.0,0.05563480741797432,0.0,0.011697574893009986,0.0,0.0,0.0,0.07075606276747504,274.92578125,3.7970377593724,4.212753937434534,33.074331998331004,183.78891386103575,312.3241972860344
42.4057865786,-71.5765007899,0,0.5701357466063348,0.39885877318116975,0.03619909502262444,0.06476462196861626,0.3936651583710407,0.5286733238231098,0.0,0.0,6.3031674208144794,14.693865905848787,85.07770538330078,3.2615651699609405,2.3565720908609773,14.336458966306026,80.96460148367622,6.240022545517419
42.7027747734,-71.1292649154,0,0.0,0.0002853067047075606,0.0,0.00884450784593438,1.0,0.9583452211126962,0.0,0.03252496433666191,57.06334841628959,41.628815977175464,23.527618408203125,1.8112323779058457,1.7975151027628973,12.267724084217276,7.771986296216149,84.20214102135202
41.4686402,-70.6058361,0,0.05429864253393665,0.13295292439372325,0.0,0.005135520684736091,0.9457013574660633,0.748074179743224,0.0,0.08616262482168331,11.28054298642534,9.549786019971469,18.81842803955078,0.9027396212962474,1.0693768038670428,6.339987155894666,735.8211087603494,3.917000641113722
42.471205,-71.1320945,1,0.0,0.00456490727532097,0.0,0.013409415121255349,1.0,0.9820256776034236,0.0,0.0,72.04072398190046,43.497860199714694,19.291759490966797,1.8628416683119613,2.076921896685019,13.385896072340982,222.55997251749864,85.1574992848383
42.1768733461,-70.9536941504,0,0.0,0.0673323823109843,0.0,0.11212553495007133,1.0,0.8205420827389444,0.0,0.0,58.19457013574661,32.23566333808844,53.04331970214844,1.3499731984301053,1.1532870538212676,5.7901738027835545,344.91425026625734,53.20045557810359
42.5738959294,-71.0282267724,0,0.07239819004524888,0.13780313837375177,0.18099547511312217,0.17375178316690443,0.746606334841629,0.6810271041369472,0.0,0.0025677603423680455,10.805429864253394,15.689015691868759,29.291690826416016,2.3066544992824,1.631260793674854,6.340236072657454,57.193627496613566,1.8985829783718333
42.6366214979,-71.5665984352,1,0.5203619909502263,0.6225392296718973,0.1085972850678733,0.1472182596291013,0.3574660633484163,0.1803138373751783,0.0,0.0,3.583710407239819,2.4159771754636234,79.66015625,1.5423718782343707,1.8220390706880583,14.505333753893787,247.93294694239233,63.60023147325992
41.772510731,-70.0751893552,0,0.0,0.0048502139800285305,0.02262443438914027,0.027960057061340943,0.27601809954751133,0.3420827389443652,0.5339366515837104,0.5788873038516406,6.846153846153846,6.93095577746077,3.0064704418182373,1.1882196834487062,0.6153448384744248,5.8864847552065624,0.0,122.20056289846825
41.5716285706,-70.6366119385,0,0.17194570135746606,0.2485021398002853,0.049773755656108594,0.09386590584878744,0.7782805429864253,0.4921540656205421,0.0,0.14293865905848788,7.986425339366516,8.108987161198288,14.167196273803711,2.0535351311529992,1.550189353878758,11.291156430368165,177.5130879929833,43.455473327844345
42.5911971579,-70.8224016801,0,0.20361990950226244,0.39372325249643364,0.09502262443438914,0.25449358059914406,0.43891402714932126,0.275320970042796,0.248868778280543,0.07075606276747504,19.714932126696834,9.102710413694721,17.458255767822266,0.8845808332396905,1.2546943526387333,5.084684695852469,29.919961917100927,13.061248426084306
42.6043147842,-71.6175493291,1,0.6199095022624435,0.5651925820256776,0.31221719457013575,0.12582025677603423,0.06334841628959276,0.23737517831669044,0.0,0.0025677603423680455,1.6244343891402715,4.649643366619116,68.45330810546875,1.6988449739153682,1.3238338786083599,7.39688632007493,1.418820733398791,147.34577034724845
42.0926722222,-72.5907555556,0,0.01809954751131222,0.0011412268188302425,0.02262443438914027,0.075320970042796,0.45701357466063347,0.7141226818830243,0.48868778280542985,0.20627674750356634,17.97737556561086,46.84450784593438,16.334657669067383,1.3229110803799393,1.1141691531943734,4.860064728086565,2.8961262219360906,110.35031175003886
42.4423866667,-71.5604466667,0,0.27601809954751133,0.6077032810271041,0.09954751131221719,0.12667617689015692,0.3076923076923077,0.17261055634807418,0.0,0.0005706134094151213,4.773755656108597,3.891583452211127,81.95690155029297,2.669324735515769,2.5489175365503236,17.260449172340095,121.27676147191116,6.949957511096174
42.52861,-71.7257139722,1,0.3257918552036199,0.1689015691868759,0.0,0.03651925820256776,0.6742081447963801,0.7945791726105563,0.0,0.0,13.669683257918551,25.482168330955776,139.15145874023438,3.687656882652003,2.680752085041103,22.24340247725382,209.8998315676357,96.71375346697609
42.8569090599,-70.9660489923,0,0.3031674208144796,0.20285306704707562,0.5113122171945701,0.40342368045649074,0.013574660633484163,0.19686162624821682,0.0,0.0068473609129814554,0.29411764705882354,3.889586305278174,28.36720085144043,0.7192161128435745,1.174073655014124,5.298316449968632,15.878007593142256,128.8224536388785
42.2177875674,-71.4734094091,0,0.7194570135746606,0.4031383737517832,0.167420814479638,0.19087018544935805,0.11312217194570136,0.3977175463623395,0.0,0.0014265335235378032,1.9276018099547512,6.906990014265335,83.27326965332031,2.2379207278359785,1.9666201908282934,9.447185038248088,431.98461657917636,211.943052533613
42.6164633333,-72.7581866667,0,0.39819004524886875,0.5412268188302425,0.06334841628959276,0.046790299572039944,0.2895927601809955,0.20085592011412268,0.0,0.047931526390870186,13.683257918552036,4.7914407988587735,156.79934692382812,1.6148225297641907,4.491325412158751,24.960708587973738,196.85514028577785,246.6552458930526
42.1164699722,-72.870857,1,0.9276018099547512,0.9289586305278174,0.0,0.019686162624821684,0.07239819004524888,0.04935805991440799,0.0,0.0019971469329529245,0.6063348416289592,0.36148359486447934,269.99029541015625,11.374126568456248,7.140586058851714,40.67959600859354,64.66863711025465,7.817773059967364
42.64977,-72.2148816667,0,0.3212669683257919,0.4898716119828816,0.19457013574660634,0.1477888730385164,0.0,0.061626248216833095,0.39819004524886875,0.2399429386590585,0.0,0.9132667617689015,196.60911560058594,0.39403030211421897,3.001082976564896,15.821745640409482,0.0,300.13005140687216
42.372475,-71.33198,1,0.4796380090497738,0.4607703281027104,0.43891402714932126,0.3326676176890157,0.08144796380090498,0.20285306704707562,0.0,0.0,0.6199095022624435,2.5495007132667618,48.925331115722656,0.4465984963480565,0.6840519292492949,3.519378167388199,80.92159270643408,206.12885285313288
42.4011616667,-72.4267583333,0,0.5520361990950227,0.8017118402282454,0.4479638009049774,0.17660485021398004,0.0,0.0008559201141226819,0.0,0.0,0.0,0.016547788873038517,307.2154235839844,2.0909220259963814,2.390269691643865,16.88988110018574,20.61623920466358,136.2751096366362
42.67681,-73.06397,0,0.9321266968325792,0.9914407988587732,0.04524886877828054,0.006562054208273894,0.0,0.0005706134094151213,0.02262443438914027,0.0014265335235378032,0.0,0.007703281027104137,702.1708984375,9.117888777415391,11.081377317120504,57.46135236266012,6.399451130269899,847.3162580333172
42.4433529261,-71.2572891753,1,0.0,0.18288159771754636,0.0,0.051069900142653356,1.0,0.7546362339514978,0.0,0.0017118402282453639,45.39366515837104,22.817974322396577,60.77504348754883,1.489437000876793,1.8388989417053976,10.34076845032502,72.86271221596644,4.665533855674332
42.5213056862,-70.891164802,0,0.0,0.0,0.0,0.011126961483594865,1.0,0.8388017118402282,0.0,0.14978601997146934,79.30316742081448,60.19828815977176,5.6602864265441895,0.43820810209198674,0.5961880255750821,2.7748113007014847,205.58479440833707,11.661869230742326
42.2068833333,-71.6212216667,0,0.5701357466063348,0.6407988587731812,0.0,0.14835948644793154,0.4253393665158371,0.17489300998573468,0.0,0.0,14.095022624434389,3.4316690442225393,151.37684631347656,4.823374157523401,3.3886682240318082,20.512028170234082,28.311588923466946,37.91737294788872
42.6777933333,-72.2798966667,0,0.7149321266968326,0.8758915834522111,0.004524886877828055,0.023395149786019972,0.0,0.03366619115549215,0.27149321266968324,0.03965763195435093,0.0,0.5415121255349501,229.913330078125,5.823571099263639,7.560176137589566,45.10020457992227,25.60923623869908,211.92592992672786
42.419848006,-71.4651016155,0,0.6877828054298643,0.5209700427960057,0.3076923076923077,0.19514978601997146,0.004524886877828055,0.22881597717546362,0.0,0.02653352353780314,0.049773755656108594,6.684450784593438,58.52307891845703,1.400551187171865,1.5573990702933092,5.927110457923247,14.91922662864972,4.165688749844038
41.76621606,-70.09720706,0,0.03167420814479638,0.048787446504992865,0.0,0.07703281027104136,0.2579185520361991,0.2950071326676177,0.49321266968325794,0.5332382310984308,7.8054298642533935,6.577746077032811,9.875585556030273,1.821660286384056,0.6764156945473602,4.710159172785923,0.0,43.89720971625995
41.996805,-70.9257133333,0,0.0,0.1674750356633381,0.17647058823529413,0.16005706134094153,0.8235294117647058,0.5646219686162625,0.0,0.0005706134094151213,38.52488687782805,19.277603423680457,16.986459732055664,0.796804511621747,0.6688107597954868,3.270792914078775,93.36740825943406,35.61895779651958
42.6441116667,-72.731025,0,1.0,0.8787446504992867,0.0,0.019686162624821684,0.0,0.05991440798858773,0.0,0.0,0.0,0.9543509272467903,335.2220458984375,14.174036582319093,10.464603397936099,79.50226153832115,645.5472172503078,546.0260543653379
