latitude,longitude,presence,forest_fraction_250m,forest_fraction_1000m,wetland_fraction_250m,wetland_fraction_1000m,developed_fraction_250m,developed_fraction_1000m,open_water_fraction_250m,open_water_fraction_1000m,mean_impervious_250m,mean_impervious_1000m,elevation_m,mean_slope_250m,mean_slope_1000m,terrain_ruggedness_1000m,distance_to_water_m,distance_to_road_m
42.2767888889,-71.8483277778,0,0.0,0.08359486447931526,0.0,0.01768901569186876,1.0,0.8664764621968616,0.0,0.030813124108416547,35.15384615384615,26.3546362339515,191.80130004882812,2.304950340640066,3.3356200424978857,21.926718386025964,449.9812197746739,23.629817046287947
42.2907788958,-71.3140163365,1,0.6470588235294118,0.4054208273894436,0.09954751131221719,0.023395149786019972,0.04072398190045249,0.3717546362339515,0.18099547511312217,0.18231098430813125,0.9004524886877828,9.648502139800286,41.4505500793457,2.655721719036469,1.9153085660736706,14.817764377639914,86.6020132417998,350.3024476863117
42.3952777778,-72.7327777778,0,0.31221719457013575,0.65848787446505,0.0,0.02253922967189729,0.6244343891402715,0.28017118402282454,0.0,0.0,12.063348416289593,5.766333808844508,173.65773010253906,2.867012258068465,4.8670037606831515,29.823357653816274,128.60765573153773,40.568218286722576
42.1621932983,-71.5363235474,0,0.0,0.075320970042796,0.0,0.019971469329529243,1.0,0.9047075606276748,0.0,0.0,44.452488687782804,25.613409415121254,148.3767852783203,3.4092165645520547,2.303230285986909,21.30867289951075,369.11033295912057,31.685388279249217
42.6434223058,-70.6273336418,1,0.4298642533936652,0.555206847360913,0.33031674208144796,0.1674750356633381,0.1085972850678733,0.18687589158345222,0.11764705882352941,0.07132667617689016,5.1855203619909505,5.937803138373752,28.768136978149414,2.2705671989996272,1.890489048461996,6.428311312271308,0.0,128.68768040121554
42.023981011,-71.2217972251,0,0.0,0.013694721825962911,0.013574660633484163,0.07303851640513552,0.9095022624434389,0.8970042796005706,0.07692307692307693,0.016262482168330955,31.63348416289593,36.30613409415121,45.739654541015625,0.39035815228215553,0.4081602229596375,2.9659161192421384,140.54466752634923,27.155628707476243
42.55316667,-72.06945833,1,0.6018099547511312,0.5614835948644793,0.03619909502262444,0.12810271041369473,0.36199095022624433,0.26390870185449355,0.0,0.0,10.049773755656108,5.757489300998573,339.0310363769531,2.3923297484269566,2.47390634236579,20.047537091027923,193.20704908721817,145.4008975345983
42.4727235619,-71.6155399583,0,0.7058823529411765,0.5783166904422254,0.08144796380090498,0.15834522111269614,0.21266968325791855,0.15549215406562053,0.0,0.0,2.6063348416289593,2.0139800285306704,102.210693359375,2.4161432810880523,2.7987803912164955,19.859789469784502,36.96089405714775,39.84172577593465
42.6318033333,-72.8537666667,0,1.0,0.8062767475035664,0.0,0.006562054208273894,0.0,0.0667617689015692,0.0,0.01768901569186876,0.0,0.6981455064194009,333.6933898925781,13.382523985983799,10.641688395774572,72.42599885073145,646.2597303046506,595.6282057295508
42.1876452081,-73.0986672195,0,0.5656108597285068,0.6550641940085592,0.09954751131221719,0.11184022824536377,0.2986425339366516,0.1971469329529244,0.03167420814479638,0.024536376604850214,1.9457013574660633,3.103281027104137,420.7838134765625,3.598262589019831,4.191753369790328,28.247918254288418,216.63318226543433,23.00657748803429
42.3522044635,-72.4105178976,0,0.13574660633484162,0.6890156918687589,0.2986425339366516,0.17574893009985734,0.20361990950226244,0.08587731811697574,0.35294117647058826,0.046790299572039944,2.0361990950226243,0.927246790299572,284.5883483886719,1.2881604267555629,1.8642436071407116,11.64809616985496,13.198626032771516,0.3219716639754946
42.8538944444,-70.9195333333,0,0.10407239819004525,0.10071326676176891,0.0,0.047075606276747506,0.8959276018099548,0.8356633380884451,0.0,0.016547788873038517,22.669683257918553,28.706990014265337,33.429603576660156,3.1652617116053166,1.8993304873663772,10.206976420260697,347.42610903103116,14.472562633361516
42.3207586993,-72.6433698871,0,0.0,0.08017118402282454,0.0,0.029957203994293864,1.0,0.8613409415121255,0.0,0.005706134094151213,35.203619909502265,30.485877318116977,59.91538619995117,1.87263574972387,1.8945416136752198,8.068019075003019,202.2854537754351,76.55331926848072
42.4530627265,-71.353615797,1,0.0,0.026248216833095576,0.22171945701357465,0.12296718972895863,0.7285067873303167,0.820827389443652,0.0,0.0011412268188302425,19.642533936651585,25.18944365192582,39.99909973144531,0.19404874937997701,0.726958021296293,4.387752709145102,203.94700514372988,21.342871983366432
42.0998500035,-70.9345592442,1,0.18099547511312217,0.12296718972895863,0.5927601809954751,0.38145506419400854,0.21266968325791855,0.4815977175463623,0.0,0.0017118402282453639,7.552036199095022,12.723823109843082,23.78694725036621,0.38653969198714017,0.7485393141855663,4.381481854760095,41.31294328924603,165.60333100604205
42.501008953,-71.5401747265,0,0.1493212669683258,0.49186875891583454,0.24434389140271492,0.10898716119828816,0.45701357466063347,0.23509272467902995,0.0,0.0008559201141226819,27.877828054298643,8.979743223965762,74.88758087158203,2.0508039852303153,3.238746461194063,19.783466732599084,333.00246697963394,60.74503831814448
42.239595,-71.2622083333,0,0.8778280542986425,0.8102710413694721,0.10407239819004525,0.11640513552068474,0.0,0.048787446504992865,0.01809954751131222,0.0017118402282453639,0.0,0.8259629101283881,49.19575119018555,4.244266129809009,2.90468724235559,20.916278045696526,14.348569795838387,589.8569109845275
42.238692424,-71.962149949,0,0.5339366515837104,0.5831669044222539,0.1493212669683258,0.2616262482168331,0.09502262443438914,0.07902995720399429,0.0,0.025677603423680456,1.3031674208144797,0.8390870185449358,285.5203857421875,2.429594763624014,2.0296903204082564,9.864700998804826,170.25167176872174,143.85686267360975
42.2560725336,-71.3230737075,1,0.8642533936651584,0.5089871611982881,0.09954751131221719,0.08445078459343795,0.0,0.2844507845934379,0.03619909502262444,0.009985734664764621,0.0,4.580884450784594,41.965797424316406,1.346059901429489,1.8218894373764432,12.402182473468168,47.697386251124314,386.57701285657726
42.1175554699,-70.6723156434,0,0.0,0.0,0.013574660633484163,0.1689015691868759,0.497737556561086,0.23166904422253923,0.33031674208144796,0.5135520684736091,27.914027149321267,8.612268188302425,1.7520424127578735,0.9695172882674776,0.6348204310570308,4.937950700900539,90.8665961073212,0.10044253329441598
42.3554484887,-71.4397903244,1,1.0,0.5497860199714694,0.0,0.051925820256776035,0.0,0.3874465049928673,0.0,0.0,0.0,11.35777460770328,93.68797302246094,3.391492824253108,3.361062615078099,22.93188275936459,460.84249753862514,341.7849600839962
42.6260732546,-70.717448494,0,0.5475113122171946,0.5965763195435093,0.45248868778280543,0.13580599144079886,0.0,0.2559201141226819,0.0,0.0019971469329529245,0.0,6.9398002853067045,24.22244644165039,1.4918157626823938,1.9341608034784814,9.279956869030903,9.922163148895168,348.6284008036892
42.51367,-71.29808,0,0.38009049773755654,0.27189728958630527,0.2669683257918552,0.46333808844507846,0.22624434389140272,0.18288159771754636,0.0,0.033951497860199714,3.986425339366516,3.4328102710413693,40.35769271850586,0.7877829041052226,0.7958347812616939,4.61918968224097,260.74014129932704,72.60159264569633
41.754306832,-69.9317598721,0,0.0,0.010271041369472182,0.35294117647058826,0.3269614835948645,0.0,0.0,0.20361990950226244,0.517546362339515,0.0,0.0,1.2857258319854736,0.3527018087396864,0.25587582421154503,1.2419461604737672,29.57161659982911,6.435285633741886
42.8012691595,-70.9648458067,1,0.9004524886877828,0.5814550641940086,0.0,0.11925820256776035,0.0,0.14122681883024252,0.0,0.019971469329529243,0.0,2.138088445078459,26.116992950439453,3.627057759679529,2.752854545402556,12.262464871448019,338.1898692913364,229.6848257190971
42.2739944793,-71.2625949378,0,0.10407239819004525,0.24479315263908702,0.2398190045248869,0.279885877318117,0.6561085972850679,0.46562054208273895,0.0,0.0,13.06787330316742,10.574322396576319,42.82815170288086,0.9571273545509167,1.084707798576308,6.008758399170918,13.09179485664082,14.668216872153755
41.953965169,-70.822321545,1,0.7239819004524887,0.5161198288159772,0.10407239819004525,0.2687589158345221,0.09049773755656108,0.1500713266761769,0.0,0.0025677603423680455,0.6515837104072398,3.049358059914408,21.472103118896484,1.876001567003611,0.9016577348325154,6.884494391819241,170.2069362300136,170.0952195352945
42.61083333,-71.078125,0,0.8461538461538461,0.7261055634807418,0.08597285067873303,0.19971469329529243,0.0,0.055920114122681885,0.04524886877828054,0.016262482168330955,0.0,0.7087018544935806,40.754554748535156,0.6920256551959603,1.1105008701304284,5.653113886133903,9.557766125510046,177.543109451942
42.20157843,-71.72453518,0,0.3076923076923077,0.4433666191155492,0.3257918552036199,0.2282453637660485,0.3665158371040724,0.27646219686162626,0.0,0.0,8.085972850678733,6.421398002853067,120.90861511230469,3.779444110187539,2.8661876841317238,17.791627321913452,113.76546849209059,28.727346895496787
42.4631616667,-70.9578466667,0,0.0,0.0,0.0,0.0,1.0,1.0,0.0,0.0,67.52488687782805,75.80741797432239,8.108745574951172,0.31086310827329516,0.7035100355454957,4.465806097763603,1087.3392482627312,4.833251713438186
42.5092,-73.198633,0,0.39819004524886875,0.4433666191155492,0.09049773755656108,0.18202567760342367,0.27149321266968324,0.18316690442225392,0.18099547511312217,0.05934379457917261,4.32579185520362,3.8724679029957203,302.100341796875,1.119540685799887,4.800703604006315,30.173291481137383,7.465980058001676,2.2030457584358456
42.0213460565,-70.6152609766,0,0.0,0.0,0.0,0.017974322396576318,0.0,0.0,0.7285067873303167,0.8927246790299572,0.0,0.0,-0.5691635012626648,0.27299641337132047,0.18547339888804218,0.8026411627776616,0.0,106.92500926212826
42.0738555556,-73.2236777778,0,0.6380090497737556,0.7905848787446506,0.17194570135746606,0.13295292439372325,0.1493212669683258,0.04850213980028531,0.0,0.017118402282453638,1.1764705882352942,0.30385164051355207,431.46673583984375,3.3273423913809888,3.7020336172451267,20.04999682914225,0.0,43.79003050827233
42.259965,-71.6482833333,0,0.7375565610859729,0.30613409415121257,0.167420814479638,0.12952924393723253,0.013574660633484163,0.25677603423680456,0.08144796380090498,0.2348074179743224,0.2171945701357466,5.6599144079885875,98.88912200927734,2.109793467022264,1.4607313304964982,8.761137289609618,81.3875041778339,308.30333953293655
42.8039607255,-70.9733171105,1,0.6470588235294118,0.49072753209700426,0.18552036199095023,0.14122681883024252,0.02262443438914027,0.18830242510699002,0.09049773755656108,0.019971469329529243,0.248868778280543,2.9854493580599146,18.920612335205078,1.9992729796910393,2.4138030962374284,11.034142127082184,2.7627571707904406,258.73024332609185
41.27230833,-70.10186667,0,0.0,0.0,0.0,0.007988587731811698,1.0,0.9920114122681883,0.0,0.0,44.470588235294116,40.74008559201141,11.107664108276367,0.3386264965089238,0.5685751952650243,3.4455102214746542,871.3838180938668,24.68752741831907
42.657283783,-71.3625259399,0,0.5610859728506787,0.5629101283880171,0.4117647058823529,0.26048502139800284,0.0,0.17489300998573468,0.0,0.0,0.0,4.770042796005706,47.9091911315918,1.721457474851717,1.4538500132467989,6.366009403247051,112.80251327756159,277.7239494269537
42.2982946921,-71.1316429589,0,0.18099547511312217,0.11925820256776035,0.058823529411764705,0.011697574893009986,0.7601809954751131,0.8684736091298145,0.0,0.0005706134094151213,38.022624434389144,26.41255349500713,37.84959411621094,1.7468207006388878,2.489809706792862,15.372284553489674,12.731498295189969,57.589305702911304
42.2229260123,-71.4605348741,0,0.755656108597285,0.5951497860199715,0.167420814479638,0.12838801711840228,0.0,0.17432239657631954,0.058823529411764705,0.015691868758915834,0.0,3.3386590584878744,90.30420684814453,2.217432890979058,2.4185693338788847,9.88503518182935,12.110410414697208,274.66919718050514
42.1149709999,-70.147575,0,0.0,0.0,0.0,0.0,0.0,0.0,1.0,1.0,0.0,0.0,0.0,0.0,0.0,0.0,0.0,4612.714305338521
42.3649630849,-71.2443404647,0,0.0,0.027389443651925822,0.09954751131221719,0.016833095577746076,0.7601809954751131,0.8710413694721826,0.14027149321266968,0.08302425106990015,41.69230769230769,47.017118402282456,14.447393417358398,1.5924826980469882,1.3000901112104022,6.910751038619265,59.35683900715465,47.5678566347249
42.32427623,-71.1831951424,1,0.497737556561086,0.17032810271041368,0.013574660633484163,0.039087018544935806,0.48868778280542985,0.7831669044222539,0.0,0.007417974322396576,15.751131221719458,27.665905848787446,70.76802062988281,1.0783742472176907,1.8361277837043612,7.7520352933023124,63.22220254242613,47.04785351648819
42.0490548219,-71.2647561486,1,0.9004524886877828,0.49358059914407987,0.03619909502262444,0.1731811697574893,0.06334841628959276,0.2967189728958631,0.0,0.020542082738944364,0.8778280542986425,5.414550641940085,72.6756591796875,2.783163240661667,1.376767492115431,8.368218862761625,63.27250391729908,12.423755498503237
41.3002718496,-70.0074635088,0,0.13122171945701358,0.07931526390870186,0.42081447963800905,0.4316690442225392,0.38461538461538464,0.22082738944365193,0.0,0.09614835948644793,4.742081447963801,3.3549215406562056,4.650504112243652,0.5547030374370171,0.5016751096795464,3.5023401618417904,203.30867670051677,53.060885594564574
42.7118495773,-73.2029140526,0,0.0,0.03651925820256776,0.0,0.03281027104136947,1.0,0.9049928673323823,0.0,0.0,54.42081447963801,25.903566333808843,210.40330505371094,1.6547752563167186,1.7322959067284693,9.998693522025098,313.0756309675239,24.972318568562432
42.0489695,-70.6422116667,0,0.0,0.0,0.0,0.02368045649072753,0.0,0.013124108416547788,0.5882352941176471,0.8502139800285307,0.0,0.4536376604850214,1.0612164735794067,0.35697050285867665,0.2518272967533874,1.124938087625077,2.5387083549317238,98.35382274229067
42.0176820022,-70.8831092175,1,0.43891402714932126,0.2721825962910128,0.14027149321266968,0.34122681883024253,0.013574660633484163,0.10213980028530671,0.09502262443438914,0.112981455064194,0.15384615384615385,1.842796005706134,20.731552124023438,0.7073435520244934,0.4777046841726908,2.503586511133977,113.09752712103231,289.78264712830367
42.395857391,-71.429452384,0,0.36199095022624433,0.3158345221112696,0.09502262443438914,0.13780313837375177,0.5429864253393665,0.5383737517831669,0.0,0.0,7.9457013574660635,7.534664764621969,62.32277297973633,1.4637531009553657,1.456058949537537,6.929949238322756,300.0370397823388,24.655905869848613
42.6548495808,-70.9276626429,1,0.3891402714932127,0.22482168330955776,0.0,0.26562054208273894,0.49321266968325794,0.4898716119828816,0.0,0.0,4.402714932126697,9.803423680456492,21.693431854248047,1.3445690850369607,0.864372009104751,3.6143063438314114,97.33299539416015,43.09939197313661
42.0587395494,-71.0510624155,0,0.004524886877828055,0.06048502139800285,0.049773755656108594,0.0282453637660485,0.9457013574660633,0.908416547788873,0.0,0.0,28.289592760180994,38.16034236804565,33.216941833496094,0.20450236213195164,0.41027153905401803,1.8821561857603655,33.57892197905518,3.9515078391605782
42.1605223418,-71.1599224806,0,0.02262443438914027,0.0804564907275321,0.049773755656108594,0.2995720399429387,0.9276018099547512,0.6199714693295293,0.0,0.0,40.56561085972851,26.26562054208274,22.04820442199707,1.3191371825792166,1.4462209524236416,8.586491350035985,260.61789540349156,13.361344667272874
41.6862093156,-70.8830906823,0,0.4253393665158371,0.4793152639087018,0.0,0.24336661911554922,0.5746606334841629,0.2074179743223966,0.0,0.0028530670470756064,10.217194570135746,4.4165477888730384,24.808469772338867,0.6540687249730296,0.6428611360637054,4.51991906952572,337.6413223757848,69.73547731155925
41.6779284412,-69.9422293436,0,0.0,0.0,0.0,0.005991440798858773,0.0,0.18601997146932953,0.6832579185520362,0.5828815977175463,0.0,5.602853067047076,-0.4410111904144287,0.3149603853553221,0.5638096712421561,3.383468877057753,0.0,365.64727943992824
41.5604216667,-70.6315083333,1,1.0,0.5432239657631954,0.0,0.014550641940085592,0.0,0.4385164051355207,0.0,0.003708987161198288,0.0,11.378601997146934,36.441036224365234,0.7448772715594496,1.5333121013737063,7.654667364814812,369.498642669482,110.34402570430856
42.4901274513,-72.1807172797,1,0.5113122171945701,0.6191155492154066,0.07692307692307693,0.11783166904422254,0.18552036199095023,0.14379457917261054,0.0,0.0,0.9683257918552036,1.9412268188302426,312.2942199707031,2.8467178922287912,2.1908749063283013,14.594793890820467,333.0623702555771,116.61065250076972
42.2275147778,-72.2473804444,0,0.7692307692307693,0.8202567760342369,0.19004524886877827,0.08102710413694722,0.04072398190045249,0.08587731811697574,0.0,0.0014265335235378032,0.6470588235294118,2.568045649072753,253.50851440429688,5.545852707149529,6.980754353279536,33.18403688379537,90.11895532302725,617.158857335797
42.4080727226,-71.2271462735,0,0.07692307692307693,0.14208273894436518,0.01809954751131222,0.052781740370898715,0.9049773755656109,0.8014265335235378,0.0,0.003708987161198288,32.28054298642534,33.33865905848788,82.57380676269531,2.453651005282771,2.374338693340661,11.0420918753375,387.1357675786839,49.620384172663115
41.6706558582,-70.5666989833,1,0.3393665158371041,0.40171184022824535,0.0,0.0,0.579185520361991,0.4804564907275321,0.0,0.0,18.013574660633484,15.84679029957204,40.26462173461914,0.5773154606810019,0.9928887791827845,5.5987728744813685,1335.6394156980882,0.37065220948371824
42.355861757,-70.9676016402,0,0.0,0.0,0.0,0.005420827389443652,0.35294117647058826,0.22567760342368046,0.40271493212669685,0.7209700427960057,21.144796380090497,15.85620542082739,3.1400225162506104,1.0150251139181312,0.6049127084936986,3.653440023610569,43.80148830187903,32.67739016917364
42.56986926,-72.7377678,0,1.0,0.9429386590584878,0.0,0.014835948644793153,0.0,0.019971469329529243,0.0,0.0,0.0,0.1825962910128388,388.3394775390625,11.566455866740773,7.808190289003288,56.31496035469899,547.582463182269,45.89480673839018
42.3183708056,-72.2053375,0,0.5565610859728507,0.7355206847360913,0.004524886877828055,0.06134094151212553,0.23529411764705882,0.14208273894436518,0.0,0.0002853067047075606,2.3710407239819005,3.6256776034236804,210.6387939453125,5.750719209118527,5.446529537869373,33.67319428933821,127.30423630339367,36.667910978523686
42.546215,-72.2464116667,0,0.5339366515837104,0.6388017118402283,0.4343891402714932,0.17574893009985734,0.004524886877828055,0.07902995720399429,0.0,0.023965763195435093,0.08597285067873303,1.1463623395149787,182.0547637939453,0.9272466311796528,2.2537147498448844,13.272048885451484,62.88199986240179,419.4635071058889
42.4699361111,-71.3331,0,0.013574660633484163,0.16348074179743224,0.06334841628959276,0.2670470756062768,0.7239819004524887,0.4253922967189729,0.0,0.07874465049928674,12.669683257918551,8.267332382310984,40.928802490234375,0.3853785401763284,0.8438704148442985,5.0251067404844365,189.05534897388912,15.225477305807425
42.3492908333,-73.3621088889,0,0.3212669683257919,0.5634807417974322,0.21266968325791855,0.09671897289586305,0.2171945701357466,0.19001426533523538,0.0,0.006562054208273894,3.2850678733031673,2.1203994293865907,288.5352783203125,4.441921664356149,5.395163156476635,39.61103424905499,69.20161225265933,103.28009956918194
42.1349094925,-70.7596142597,1,0.46153846153846156,0.4607703281027104,0.0,0.06362339514978602,0.5384615384615384,0.4630527817403709,0.0,0.0,9.06787330316742,8.05848787446505,46.6776237487793,2.4113754319695104,2.356805070768335,15.297956426469558,403.892100953645,100.41248722441861
41.9356176,-70.6373588,0,0.23529411764705882,0.18202567760342367,0.0,0.0,0.7647058823529411,0.774037089871612,0.0,0.0,19.683257918552037,19.811982881597718,29.48518943786621,0.7050310297558846,1.058328252747653,5.22146948554847,422.9610965829589,23.922218202029505
42.0168646938,-71.2007316203,0,0.23529411764705882,0.23823109843081314,0.36199095022624433,0.2984308131241084,0.40271493212669685,0.4419400855920114,0.0,0.0048502139800285305,7.049773755656108,9.5848787446505,40.411930084228516,0.24398492470968863,0.32839006226613454,2.4642874820897247,129.6016437426288,3.1231957121250047
42.5154321223,-71.0632840413,0,0.0,0.0019971469329529245,0.2081447963800905,0.08159771754636234,0.7918552036199095,0.8858773181169758,0.0,0.03052781740370899,27.312217194570135,30.36633380884451,19.53884506225586,0.6669274246202668,1.0928411938323015,4.668112668565586,35.26114520533126,104.79012104759708
42.5954383333,-70.7716216667,0,0.3891402714932127,0.5398002853067047,0.583710407239819,0.2536376604850214,0.013574660633484163,0.20399429386590584,0.013574660633484163,0.0008559201141226819,0.11312217194570136,4.846219686162625,13.783500671386719,2.7364860706935525,2.0215674575476745,9.086145681708794,0.0,172.21900781202666
42.2602611111,-71.1072277778,0,0.0,0.0,0.013574660633484163,0.005135520684736091,0.9864253393665159,0.9948644793152639,0.0,0.0,35.94570135746606,39.91526390870185,14.615506172180176,2.0154260390253182,1.6863501365729001,12.838723630674494,31.88891602505533,11.090946307729325
42.0791028333,-70.1647195,0,0.0,0.0,0.0,0.0011412268188302425,0.0,0.0,0.416289592760181,0.4881597717546362,0.0,0.0,0.8127042055130005,0.7066664044256539,0.4865914802974348,3.2514159426204516,1.0217712735332825,932.7062748709193
42.5508003235,-73.1477813721,0,1.0,0.8964336661911555,0.0,0.010556348074179744,0.0,0.04992867332382311,0.0,0.0,0.0,0.5788873038516406,475.5723876953125,13.987930776731881,8.821342679643152,68.87309700023293,648.2853797933525,661.9113860595857
42.00522869,-71.1246633722,0,0.5565610859728507,0.5378031383737518,0.18099547511312217,0.22054208273894438,0.004524886877828055,0.13380884450784594,0.09954751131221719,0.0333808844507846,0.09954751131221719,2.302139800285307,24.776630401611328,0.3663822518728844,0.8039639200217362,4.800372070176117,0.0,331.45192871969647
41.76574667,-69.94198667,1,0.14027149321266968,0.09557774607703282,0.23076923076923078,0.3463623395149786,0.0,0.029671897289586305,0.29411764705882354,0.3751783166904422,0.0,0.5563480741797432,4.902007579803467,1.28547453214908,0.8991500229433953,3.741275107681478,39.04306112765863,368.7534532573165
42.4946760276,-71.1629651636,0,0.0,0.012838801711840228,0.3936651583710407,0.1332382310984308,0.6063348416289592,0.8539229671897289,0.0,0.0,19.149321266968325,38.23166904422254,30.24778938293457,0.30558021249342493,0.6817944902921997,2.8290578986847157,0.0,19.948370948022507
42.17386982,-71.01934791,0,0.06334841628959276,0.12524964336661912,0.34841628959276016,0.28416547788873037,0.5882352941176471,0.5891583452211127,0.0,0.0,20.475113122171944,23.861340941512125,36.39926528930664,2.148257631409351,1.2897385126588767,10.024944090998103,75.50976828610288,18.730301364906065
42.57982,-71.2882466667,0,0.0,0.10556348074179743,0.25339366515837103,0.23566333808844508,0.746606334841629,0.63509272467903,0.0,0.02368045649072753,47.29864253393665,22.693295292439373,36.55556106567383,0.5901856061692321,0.6168901876679871,2.071335833358109,91.21854754069771,83.19964395350986
41.6379666667,-70.6175916667,0,0.0,0.14893009985734665,0.0,0.020827389443651926,1.0,0.8293865905848787,0.0,0.0,26.248868778280542,16.251925820256776,11.193921089172363,1.2939786677654856,1.3625176867835194,7.987088465604953,201.38972530354138,39.36208068056557
42.4238873266,-71.1435200909,1,0.049773755656108594,0.007417974322396576,0.00904977375565611,0.003138373751783167,0.579185520361991,0.8630527817403709,0.36199095022624433,0.12610556348074178,15.705882352941176,35.19572039942938,1.154403567314148,1.1099376505255707,1.2581242846242775,5.960933416265121,0.0,51.88109992974579
42.3813466667,-71.1115638333,0,0.0,0.0,0.0,0.0,1.0,1.0,0.0,0.0,55.217194570135746,66.66019971469329,4.8499908447265625,0.3184859417161995,0.9525105870013472,7.425085097499627,1466.934674659005,8.359334666115915
42.5963592529,-70.9307327271,0,0.058823529411764705,0.1557774607703281,0.05429864253393665,0.2174037089871612,0.8868778280542986,0.5412268188302425,0.0,0.05135520684736091,20.529411764705884,11.78373751783167,21.92641258239746,1.260421838855586,1.0044157249647998,4.637407486202131,145.48024745491165,46.61214679364599
42.7137016667,-72.4926183333,0,0.8461538461538461,0.9118402282453638,0.1493212669683258,0.06276747503566334,0.004524886877828055,0.018830242510699,0.0,0.0,0.13122171945701358,0.12696148359486448,126.88213348388672,4.3286237732852,4.208187037252592,19.617938239301026,13.295259008542047,53.14106492326837
42.3487888889,-71.183075,0,0.0,0.0,0.0,0.0,1.0,1.0,0.0,0.0,22.923076923076923,32.86447931526391,40.53909683227539,2.8489672737158025,2.651827002248141,14.043501264793614,783.5945648678465,14.517626871812684
42.2739366667,-71.6314616667,0,0.18099547511312217,0.1557774607703281,0.11764705882352941,0.1746077032810271,0.7013574660633484,0.6396576319543509,0.0,0.012553495007132667,9.81447963800905,18.51925820256776,89.4429702758789,1.4854219243701008,1.3059481604875458,8.211837759982076,55.72285026144232,37.68016867726881
42.2106847562,-72.5982706695,0,0.0,0.0002853067047075606,0.03619909502262444,0.013694721825962911,0.746606334841629,0.8159771754636234,0.2081447963800905,0.1651925820256776,45.49321266968326,47.02767475035663,18.18085479736328,0.9034638311951275,1.7704385987739457,7.667364104916672,3.4884893064836175,13.290307400810129
41.912175,-71.3798666667,0,0.0,0.08273894436519258,0.0,0.05021398002853067,1.0,0.7982881597717546,0.0,0.05620542082738944,38.705882352941174,27.8151212553495,26.565889358520508,1.4222971391131185,1.3239149571266107,6.259870297696353,120.97837613218283,19.126581642379442
42.0216051441,-70.9460222983,1,0.665158371040724,0.2967189728958631,0.19457013574660634,0.21312410841654778,0.09049773755656108,0.44821683309557775,0.0,0.006562054208273894,0.995475113122172,11.123537803138374,17.00470733642578,0.7311983727802,0.7300659137502797,3.7316677624091006,140.4919407359818,144.37793185203253
42.2454633333,-71.0321666667,0,0.0,0.06990014265335236,0.0,0.012838801711840228,1.0,0.9172610556348074,0.0,0.0,55.886877828054295,44.158059914407986,24.449201583862305,3.304099248217194,2.309926243023425,15.410248379320823,185.15549353230992,11.247425160190506
41.6096716667,-70.549295,0,0.5113122171945701,0.47332382310984306,0.0,0.018544935805991442,0.03619909502262444,0.3089871611982882,0.0,0.0,0.39819004524886875,6.366333808844508,20.259702682495117,0.6238941057428815,0.6295231568576869,2.5051395093976008,774.7655937597102,236.1614818178924
42.3465674,-71.551453,0,0.0,0.02653352353780314,0.0,0.006276747503566334,1.0,0.9651925820256776,0.0,0.0,64.76018099547511,44.352639087018545,123.44422912597656,2.72719120184406,2.4394448996231812,13.842094794359067,607.2056652436033,0.6787666307078019
42.3661705196,-71.1156680729,0,0.0,0.0,0.0,0.0005706134094151213,0.918552036199095,0.9686162624821684,0.08144796380090498,0.030813124108416547,57.94117647058823,67.11098430813124,2.6622695922851562,0.40389938171290335,0.4344194564393747,2.633848043679842,47.15780799111267,20.026565315663284
42.0998500035,-70.9346370283,1,0.18099547511312217,0.12296718972895863,0.5927601809954751,0.38145506419400854,0.21266968325791855,0.4815977175463623,0.0,0.0017118402282453639,7.552036199095022,12.723823109843082,23.78694725036621,0.38653969198714017,0.7485393141855663,4.381481854760095,43.5465301637797,170.74022620132257
42.2656965405,-71.1243748292,0,0.0,0.05563480741797432,0.0,0.016262482168330955,1.0,0.9281027104136947,0.0,0.0,37.411764705882355,40.101854493580596,15.862937927246094,2.0381381774088307,1.9784006726282393,13.621886462423856,163.10587461665028,44.405952676792985
42.8222283333,-70.92755,0,0.29411764705882354,0.4253922967189729,0.02262443438914027,0.075320970042796,0.33031674208144796,0.30042796005706135,0.0,0.14265335235378032,4.51131221719457,6.668188302425107,28.73383903503418,1.3044852807139404,1.5918104703367473,10.116245668364197,143.09416273609324,6.0288746289117405
41.8841186057,-70.8187428117,1,0.26244343891402716,0.1774607703281027,0.4072398190045249,0.34008559201141225,0.2081447963800905,0.11526390870185449,0.02262443438914027,0.025677603423680456,3.755656108597285,2.457917261055635,30.221817016601562,0.26898050320241645,0.30322687170103046,1.5954044712178221,31.828621702658115,12.721087944119413
42.4829866667,-71.3265166667,1,0.2850678733031674,0.3078459343794579,0.5384615384615384,0.35691868758915835,0.0,0.10898716119828816,0.13574660633484162,0.12068473609129815,0.0,1.934950071326676,34.63713836669922,0.44132588657510397,0.8930774716729694,5.360933294461644,0.0,156.50326219811294
41.5276593767,-70.9852783662,0,0.11764705882352941,0.17717546362339515,0.579185520361991,0.2456490727532097,0.09502262443438914,0.07417974322396577,0.0,0.32268188302425105,1.009049773755656,1.063052781740371,2.1220619678497314,0.4000357724712439,0.5572067944803983,4.578330457786294,48.68563509129184,62.20036480203594
42.3534323802,-71.1047692224,0,0.0,0.0,0.0,0.0,0.5701357466063348,0.8379457917261056,0.4298642533936652,0.16205420827389444,37.61538461538461,58.76262482168331,1.1797813177108765,0.3705997394178311,0.3622180166134037,1.763219353378159,10.897122789311565,12.95343914802341
41.6377538691,-70.5077986792,0,0.5972850678733032,0.5991440798858774,0.12669683257918551,0.07332382310984308,0.03167420814479638,0.1746077032810271,0.0,0.09814550641940085,0.7285067873303167,3.5651925820256776,13.161553382873535,1.3080757492903312,1.1834402639553727,5.8454780793699666,0.0,34.31485618824291
42.79842,-70.8591616667,0,0.0,0.054778887303851644,0.0,0.038801711840228244,1.0,0.6955777460770328,0.0,0.07104136947218259,30.805429864253394,18.66077032810271,9.31840705871582,0.6081737044826386,0.8248278024935437,4.709902456779417,72.83405986023213,3.650598634812894
41.9892511706,-70.7037823573,1,0.19004524886877827,0.06932952924393723,0.4117647058823529,0.1360912981455064,0.3936651583710407,0.538944365192582,0.0,0.2502139800285307,8.018099547511312,15.842225392296719,3.6199657917022705,0.7108086766816624,1.0706991196480755,6.529700884659779,0.0,170.7773481573123
41.6349516426,-70.8909717281,0,0.013574660633484163,0.013124108416547788,0.2669683257918552,0.11497860199714693,0.6877828054298643,0.7437945791726106,0.03167420814479638,0.12125534950071326,18.760180995475114,30.818544935805992,1.1073579788208008,0.2521955079538111,0.6474273088406305,4.1639858544544355,22.427888712013218,1.9622489098973912
42.48827833,-72.475075,0,0.9049773755656109,0.8907275320970043,0.08144796380090498,0.030242510699001426,0.00904977375565611,0.05164051355206847,0.0,0.0,0.14027149321266968,0.5383737517831669,189.87258911132812,6.347253937703248,6.126064822761737,42.21319069121864,4.302057764058884,227.0878295321564
42.8012746199,-70.9648277747,1,0.9004524886877828,0.5814550641940086,0.0,0.11925820256776035,0.0,0.14122681883024252,0.0,0.019971469329529243,0.0,2.138088445078459,26.116992950439453,3.627057759679529,2.752854545402556,12.262464871448019,338.76094461106726,228.84542609641656
42.4059944153,-71.2897186279,0,0.13574660633484162,0.3215406562054208,0.46153846153846156,0.2721825962910128,0.34841628959276016,0.35520684736091296,0.013574660633484163,0.019686162624821684,3.013574660633484,8.667617689015692,57.074668884277344,1.097214008413917,1.9798007129973898,11.82939277916489,29.591237807873792,47.43401144714582
42.2119731,-71.6915833979,0,0.058823529411764705,0.2630527817403709,0.11312217194570136,0.07303851640513552,0.7782805429864253,0.6008559201141227,0.049773755656108594,0.05449358059914408,30.063348416289593,17.68273894436519,96.6299819946289,1.8146533414946775,2.5668728261772555,19.841807824574985,41.92118531517247,0.8628636971265378
42.6300503088,-70.8448071316,1,0.24434389140271492,0.2804564907275321,0.23529411764705882,0.32011412268188305,0.22624434389140272,0.331811697574893,0.0,0.0,6.48868778280543,5.010271041369472,11.898329734802246,0.8149713549871377,1.158723356420983,5.038239932660521,214.12443323904048,99.28523851583685
42.0801057702,-71.2101598879,0,0.4841628959276018,0.331811697574893,0.15384615384615385,0.12011412268188303,0.20361990950226244,0.4793152639087018,0.13574660633484162,0.017118402282453638,4.6923076923076925,10.906990014265336,71.54326629638672,1.9988824467427229,1.8400843972728407,10.732246706839938,39.55221914825431,58.065583934969986
42.5860385855,-71.5989795133,0,0.5248868778280543,0.5049928673323824,0.15384615384615385,0.1768901569186876,0.0,0.0659058487874465,0.0,0.007417974322396576,0.0,1.8316690442225392,65.0433349609375,1.6966470730842014,1.5788525993060087,11.895147274570736,149.8482758733906,282.91843924069906
41.2249,-70.8076,0,0.0,0.0,0.0,0.0,0.0,0.0,1.0,1.0,0.0,0.0,0.0,0.0,0.0,0.0,0.0,9298.058794250388
42.23272167,-71.76377833,1,0.19457013574660634,0.27560627674750354,0.02262443438914027,0.07731811697574893,0.7828054298642534,0.6470756062767475,0.0,0.0,23.429864253393664,26.18830242510699,157.7435760498047,3.011108531986455,2.5943696958830493,14.622645511124993,183.89544258468158,26.18215601157423
42.4748666667,-71.3091138889,1,0.6877828054298643,0.21055634807417975,0.22171945701357465,0.31098430813124106,0.0,0.41340941512125534,0.0,0.0034236804564907277,0.0,12.298716119828816,40.3543815612793,0.4993166514324476,0.8366116334855835,3.5622757247676407,80.19933175217022,460.75160121763116
42.2891316667,-71.8289983333,0,0.058823529411764705,0.13580599144079886,0.1583710407239819,0.019115549215406563,0.7828054298642534,0.8445078459343794,0.0,0.0002853067047075606,16.97285067873303,19.251069900142653,186.22169494628906,2.6909390508966498,3.5108406551297606,16.343651630911392,42.68951668198013,18.9528445266017
42.7216833333,-73.2622966667,0,1.0,0.9677603423680456,0.0,0.0,0.0,0.03223965763195435,0.0,0.0,0.0,0.3072753209700428,610.8230590820312,11.779197388088757,12.74629382273445,78.8835101020102,533.8656235973722,281.75646318449077
42.3284527778,-71.3979,0,0.20361990950226244,0.07760342368045649,0.12669683257918551,0.09186875891583453,0.669683257918552,0.8008559201141227,0.0,0.007703281027104137,19.11764705882353,29.900998573466477,49.85388946533203,2.1277245027832152,1.327667171014366,6.510622012735024,29.70215420111327,89.39395543351984
42.3951922451,-71.1203396973,0,0.0,0.0,0.0,0.0,1.0,1.0,0.0,0.0,78.07239819004525,70.17432239657631,8.017685890197754,0.3943343115271032,0.8099022170301025,4.16446495702767,1117.6652605419501,30.33177264380992
42.056849725,-70.2004110406,1,0.4660633484162896,0.2704707560627675,0.5339366515837104,0.32895863052781743,0.0,0.2744650499286733,0.0,0.04108416547788873,0.0,12.20827389443652,4.185555458068848,0.38181490704080345,0.8374618565040529,2.9869003070354196,123.94146529169565,19.40617288698563
42.0999459977,-70.932254616,1,0.21266968325791855,0.12696148359486448,0.4253393665158371,0.35748930099857346,0.29411764705882354,0.5027104136947218,0.0,0.0005706134094151213,7.389140271493213,13.4490727532097,26.55146026611328,0.5983714178388596,0.6859765139735747,5.019536768097428,38.89351307255462,95.97476249128268
41.65391667,-70.21080833,0,0.01809954751131222,0.005991440798858773,0.07692307692307693,0.08559201141226819,0.9049773755656109,0.7951497860199714,0.0,0.11241084165477888,38.2262443438914,30.221398002853068,3.875502586364746,0.3151473997987197,0.317916369507734,1.4241967079274036,127.62299177136757,1.029237337397028
41.8646489038,-70.0081188977,0,0.0,0.0019971469329529245,0.0,0.03109843081312411,0.3257918552036199,0.4205420827389444,0.4796380090497738,0.4955777460770328,10.968325791855204,9.517831669044222,1.7565279006958008,1.0901029465594074,0.5795343447870374,5.118679308486788,20.034065357704982,55.401918174104864
42.1787164691,-72.6383785119,0,0.0,0.0282453637660485,0.00904977375565611,0.029101283880171185,0.9909502262443439,0.9007132667617689,0.0,0.04108416547788873,47.8235294117647,36.828530670470755,78.75741577148438,1.1830391244697098,2.7686629293026574,24.39272729384705,255.30423040325897,31.28093153568916
42.4599349682,-71.6763784115,0,0.5248868778280543,0.27646219686162626,0.03167420814479638,0.14465049928673324,0.2398190045248869,0.275320970042796,0.0,0.0002853067047075606,5.361990950226244,6.534094151212553,80.08613586425781,2.0981986086301583,1.0769000143552716,7.159025940771393,56.33025286349968,198.03726947544342
42.2824655588,-71.1732385756,0,0.0,0.026248216833095576,0.3574660633484163,0.1369472182596291,0.6380090497737556,0.7880171184022825,0.004524886877828055,0.04507845934379458,28.547511312217196,37.09243937232525,29.27839469909668,0.8630728637426051,1.148266595161015,4.612466227921238,0.0,123.42108471505496
42.8566783333,-70.7886583333,0,0.0,0.0,0.0,0.0,0.0,0.0,1.0,1.0,0.0,0.0,0.0,3.381642604713465e-06,0.03718848680204135,0.33122387984595153,0.0,2365.631150413315
41.84423,-70.540475,0,0.14027149321266968,0.26562054208273894,0.27601809954751133,0.11554921540656206,0.5158371040723982,0.3774607703281027,0.00904977375565611,0.1449358059914408,10.389140271493213,7.123823109843081,8.140254020690918,1.5610958162444684,1.4199787672607207,8.747095509461326,0.0,65.90718686474281
42.35357,-70.8920666667,0,0.0,0.0,0.07692307692307693,0.006276747503566334,0.0,0.0,0.9004524886877828,0.9911554921540656,0.0,0.0,-0.26421093940734863,0.18102833455473158,0.08226136390730716,0.6022636924366762,11.327147965809205,4001.160475812067
42.421305,-72.5133833333,0,0.7963800904977375,0.4781740370898716,0.0,0.08245363766048502,0.1583710407239819,0.31326676176890156,0.0,0.010841654778887305,2.2171945701357467,4.563766048502139,97.51073455810547,1.642901437846879,2.78201319151557,17.145714392131325,248.64772973420074,201.23010086666304
42.1885389722,-71.198729,0,0.0,0.0,0.0,0.0,1.0,1.0,0.0,0.0,67.65610859728507,54.201141226818834,32.233890533447266,1.2257324169191628,1.3925248884486925,11.331002335364152,592.4766589844119,6.637253809338727
42.2703227,-71.2511054,0,0.7375565610859729,0.31326676176890156,0.1583710407239819,0.08616262482168331,0.10407239819004525,0.6005706134094151,0.0,0.0,1.9864253393665159,11.887589158345222,50.612449645996094,1.3227476038314538,1.2268033089430017,6.011783544632659,6.51094807908694,209.10995426447127
42.30090333,-70.90715,0,0.0,0.0,0.03167420814479638,0.005420827389443652,0.4751131221719457,0.26419400855920117,0.4796380090497738,0.7181169757489301,18.70135746606335,11.328388017118403,10.432258605957031,2.508916252565958,1.0745726997149385,6.1678603133869725,26.820105740989664,27.000930750285296
42.3332722222,-71.1490777778,0,0.0,0.0,0.0,0.0,1.0,0.9095577746077033,0.0,0.08958630527817403,39.60633484162896,38.77803138373752,40.13307189941406,1.945115949792812,2.3908974466595936,12.67997559148309,458.2360436587613,13.705110212624415
42.5349605872,-72.7451538129,0,0.45248868778280543,0.7283880171184023,0.0,0.009985734664764621,0.14479638009049775,0.05706134094151213,0.0,0.0,1.339366515837104,0.5360912981455064,237.62118530273438,6.528157273508032,6.270881427470138,50.84585560019974,260.48553264001856,11.041130572077689
41.50348333,-71.10811667,0,0.004524886877828055,0.005135520684736091,0.03619909502262444,0.07047075606276748,0.502262443438914,0.2624821683309558,0.19457013574660634,0.5238231098430813,13.855203619909503,4.181740370898716,3.4597296714782715,0.8701681606655186,0.6659498221999581,3.8631966706187875,89.41211004878488,12.737686396454059
42.6481388889,-71.6120138889,0,0.6832579185520362,0.6122681883024251,0.004524886877828055,0.09957203994293866,0.14027149321266968,0.14208273894436518,0.0,0.0,1.6199095022624435,1.6790299572039944,130.47164916992188,2.6976578755209024,2.9313163760051992,18.945156832934167,394.41548926324424,5.820094022888077
42.5265217036,-71.5397407964,1,0.7601809954751131,0.7104136947218259,0.0,0.12667617689015692,0.2398190045248869,0.14179743223965763,0.0,0.0019971469329529245,6.380090497737557,2.5289586305278173,124.26033020019531,3.5470262979645875,3.5684078474041647,20.31380171392928,304.5227188816773,3.682987399107874
42.154795,-72.621368,0,0.0,0.05420827389443652,0.0,0.17261055634807418,1.0,0.5985734664764621,0.0,0.17261055634807418,40.31674208144796,24.16034236804565,18.864511489868164,0.3624304678599792,1.0809106129859158,4.801504351578258,129.53586769541045,8.706537699658522
42.295925,-71.1142888333,0,0.09049773755656108,0.014550641940085592,0.0,0.007703281027104137,0.9095022624434389,0.9760342368045649,0.0,0.0017118402282453639,47.43438914027149,37.94065620542083,33.73841857910156,3.1386395941065683,1.8606365480262872,8.434704009003658,369.25096362511493,30.597126557316926
42.3426951,-71.1333355997,0,0.0,0.0,0.0,0.0,1.0,1.0,0.0,0.0,34.37556561085973,60.19971469329529,65.50991821289062,5.44640647044347,2.455077723994594,14.303610325758926,1442.4178011828612,22.805175381734323
42.5292092063,-71.4349840618,0,0.12217194570135746,0.2787446504992867,0.02262443438914027,0.13865905848787446,0.8552036199095022,0.4921540656205421,0.0,0.02310984308131241,25.83710407239819,16.726961483594863,83.46046447753906,2.079784269367995,1.3714256428409755,7.566502878872282,300.54455872991474,63.35966609964296
42.4297606123,-72.6706207171,1,0.5882352941176471,0.774037089871612,0.03167420814479638,0.025962910128388018,0.23529411764705882,0.12039942938659058,0.0,0.0,2.4434389140271495,1.1452211126961485,185.23512268066406,5.970891792438625,5.238569650667287,34.671306639116885,59.48412491094549,89.43150106492017
42.1705783333,-71.6387783333,0,0.33031674208144796,0.42910128388017116,0.08144796380090498,0.09614835948644793,0.4751131221719457,0.39115549215406564,0.05429864253393665,0.034236804564907276,10.67420814479638,9.405991440798859,100.36579895019531,2.5371228737904166,2.445285884261207,21.28583914708621,39.618420334978744,1.8283678554345157
42.1326305,-73.30448,0,0.4343891402714932,0.5754636233951498,0.15384615384615385,0.1181169757489301,0.18552036199095023,0.07018544935805991,0.0,0.08587731811697574,2.171945701357466,0.5703281027104137,288.2936096191406,5.048651631126912,4.147662095786863,38.506379073681046,250.49659882288404,1.556300970568892
42.3800716667,-72.5112916667,0,0.0,0.10984308131241084,0.0,0.029101283880171185,1.0,0.8442225392296719,0.0,0.0,33.39819004524887,23.918402282453638,93.4683609008789,0.9573566654032982,2.100767646310095,14.092862175294893,207.72992503730995,22.81198749476227
42.4531409053,-71.0821481438,1,0.5384615384615384,0.36148359486447934,0.0,0.012268188302425107,0.46153846153846156,0.5466476462196862,0.0,0.07047075606276748,11.624434389140271,20.384308131241085,22.058626174926758,3.796742060807763,2.667654486407348,20.742904766909792,204.27223252947658,68.4266796406351
42.749875,-70.83645,0,0.03619909502262444,0.037660485021398,0.8099547511312217,0.8761768901569187,0.0,0.003708987161198288,0.07239819004524888,0.05848787446504993,0.0,0.08159771754636234,1.8374303579330444,0.1383157732306892,0.1737952099034547,0.7364395836951009,7.701432378898418,5.036565823346241
42.065675,-72.1502666667,0,0.43891402714932126,0.6171184022824536,0.0,0.013980028530670471,0.4660633484162896,0.20912981455064195,0.08144796380090498,0.1275320970042796,3.986425339366516,2.8932952924393724,230.0675048828125,4.86279220290647,3.922518789771854,28.189832487588777,148.81764700854325,7.525720320656193
42.677486,-70.743431,0,0.0,0.0025677603423680455,0.3031674208144796,0.16119828815977175,0.0,0.0,0.15384615384615385,0.48901569186875893,0.0,0.0,2.567121744155884,0.705978068520224,0.3479572698385273,2.1505059029280034,59.651396299325015,2064.8967573004597
42.146017,-72.590709,0,0.0,0.06990014265335236,0.03619909502262444,0.041940085592011414,0.9547511312217195,0.8507845934379458,0.00904977375565611,0.037089871611982884,30.235294117647058,34.59457917261056,39.84649658203125,1.6125905193705494,1.626516104250973,8.69628598046409,14.523430662465355,77.56509822242771
42.4089016667,-71.4498033333,0,0.5113122171945701,0.35463623395149785,0.2081447963800905,0.4077032810271041,0.19909502262443438,0.17061340941512126,0.00904977375565611,0.05420827389443652,10.176470588235293,5.676176890156919,60.94686508178711,0.7472433104008273,0.6987063177803147,3.3933225093097197,207.80914671674998,2.817972006120214
42.4442073631,-72.1464398155,0,0.2986425339366516,0.729243937232525,0.6787330316742082,0.26134094151212556,0.0,0.007132667617689016,0.013574660633484163,0.0011412268188302425,0.0,0.11269614835948645,313.171875,0.7520514159945249,1.9578582157097004,7.613642904371507,0.0,958.2788090643819
41.6840597997,-70.6278702997,0,0.0,0.016262482168330955,0.0,0.08388017118402283,0.6968325791855203,0.2833095577746077,0.28054298642533937,0.5626248216833095,29.330316742081447,9.886162624821683,2.885985851287842,0.5133001374353077,0.6142289916064954,3.167448407881683,68.97338462947998,10.326309731370419
42.5374,-72.6039366667,0,0.09502262443438914,0.31326676176890156,0.38009049773755654,0.105848787446505,0.3167420814479638,0.2738944365192582,0.0,0.009700427960057061,8.18552036199095,6.24793152639087,44.56477737426758,2.8753538311545106,4.542461185606656,44.567370783213974,100.08189919501373,73.51751792132626
42.48275,-72.1630716667,0,0.9095022624434389,0.8345221112696148,0.09049773755656108,0.08359486447931526,0.0,0.017403708987161197,0.0,0.0002853067047075606,0.0,0.14208273894436518,257.5401611328125,3.077960777430647,4.253440642072703,17.973742552232004,239.55060934546134,835.905438283443
41.8029238334,-70.6689777469,0,0.27149321266968324,0.44251069900142653,0.0,0.03366619115549215,0.11764705882352941,0.04935805991440799,0.0,0.02767475035663338,3.235294117647059,1.2134094151212553,23.193737030029297,0.7052368114983378,0.7763613185639844,5.193186301670346,481.80936019767427,0.46440194044442995
42.413230287,-71.5092936611,1,0.4751131221719457,0.44108416547788876,0.07692307692307693,0.11925820256776035,0.3212669683257919,0.2961483594864479,0.06334841628959276,0.0442225392296719,4.891402714932127,4.098716119828816,56.0626106262207,2.206793952672951,2.2180234580672358,12.726699444853649,114.10044336207034,162.24923829067316
42.2574466667,-71.1330111667,1,0.23076923076923078,0.22054208273894438,0.08597285067873303,0.04136947218259629,0.6832579185520362,0.7380884450784594,0.0,0.0,16.3710407239819,32.32211126961484,18.695093154907227,0.662576095365388,1.4606460459945885,8.41369563097734,17.16998191577347,2.2627747924250357
42.2801453895,-71.4514823547,1,0.0,0.21141226818830242,0.0,0.07960057061340942,1.0,0.5583452211126961,0.0,0.143509272467903,21.574660633484164,11.523537803138375,71.7173080444336,2.7168536902135108,2.2573977430700896,13.31678467362368,411.2470638040493,17.618712816978302
42.1628833333,-71.6629466667,1,0.3574660633484163,0.46219686162624823,0.1493212669683258,0.09015691868758915,0.46153846153846156,0.43252496433666193,0.0,0.0,14.122171945701357,11.253922967189729,91.47723388671875,2.6465050316155168,3.439933776993615,20.66112868460022,110.87421598280471,4.09150716005916
42.2575133333,-71.1330333333,1,0.23076923076923078,0.22054208273894438,0.08597285067873303,0.04136947218259629,0.6832579185520362,0.7380884450784594,0.0,0.0,16.3710407239819,32.32211126961484,18.695093154907227,0.662576095365388,1.4606460459945885,8.41369563097734,23.934743767987797,5.406482543078525
42.2774975201,-72.8437369557,0,0.665158371040724,0.7417974322396577,0.0,0.029101283880171185,0.08144796380090498,0.10699001426533523,0.0,0.0,0.5972850678733032,0.9386590584878745,352.93017578125,3.355530234283773,5.229629470429688,30.793642784286185,313.88967103983066,188.9578602371037
42.2562616667,-71.9610883333,0,0.2669683257918552,0.46704707560627673,0.1085972850678733,0.17261055634807418,0.37104072398190047,0.16005706134094153,0.0,0.005420827389443652,12.203619909502262,3.849928673323823,298.77130126953125,1.8150036466073247,1.8769487506698264,7.635810305752073,78.76475612811397,12.612066923779391
42.09994354,-70.9323035065,1,0.21266968325791855,0.12696148359486448,0.4253393665158371,0.35748930099857346,0.29411764705882354,0.5027104136947218,0.0,0.0005706134094151213,7.389140271493213,13.4490727532097,26.55146026611328,0.5983714178388596,0.6859765139735747,5.019536768097428,38.51564124582556,94.71040774566649
42.1564528333,-70.8806533333,0,0.0,0.07674750356633381,0.14479638009049775,0.2507845934379458,0.8416289592760181,0.6701854493580599,0.013574660633484163,0.0011412268188302425,46.067873303167424,21.95435092724679,41.32051086425781,0.39866816386933707,0.524096751225648,3.7730851253526723,238.6843805912622,55.445365586539246
42.49680786,-70.91142386,0,0.7782805429864253,0.268188302425107,0.22171945701357465,0.21398002853067047,0.0,0.4984308131241084,0.0,0.0002853067047075606,0.0,16.977460770328104,25.45838165283203,2.512107680936038,1.8407102302109266,10.758263462802203,93.51525256446176,366.38279358653915
42.8125506538,-70.9650157895,1,0.5248868778280543,0.4399429386590585,0.4660633484162896,0.1942938659058488,0.0,0.13152639087018544,0.0,0.11440798858773181,0.0,2.3426533523537802,7.609839916229248,2.919790401772578,2.317506821801623,14.069402058660708,5.934629517465643,415.85976480463245
42.6270153997,-71.5052004,0,0.6153846153846154,0.598002853067047,0.27601809954751133,0.15748930099857347,0.004524886877828055,0.08644793152639087,0.0,0.0017118402282453639,0.12669683257918551,1.6542082738944366,61.96714401245117,1.6496369662468475,1.9810348409437282,9.75332574914243,16.72675844028894,32.49675382400453
42.079063,-72.548612,0,0.0,0.05534950071326676,0.0,0.035948644793152636,1.0,0.9087018544935807,0.0,0.0,39.90497737556561,35.32239657631954,57.454856872558594,0.8700672240934583,1.0856117309968092,6.810191047766526,343.52490954417124,33.546254727858056
42.2320797807,-71.4979520627,0,0.06787330316742081,0.23937232524964336,0.02262443438914027,0.275320970042796,0.8461538461538461,0.3828815977175464,0.0,0.0028530670470756064,34.80995475113122,12.436519258202567,88.65723419189453,1.3128967926998587,1.4572236042480924,8.919728143915535,139.45681012300284,11.35212062306681
42.20563,-71.4561833333,0,0.13574660633484162,0.2984308131241084,0.14479638009049775,0.24165477888730386,0.7058823529411765,0.41512125534950073,0.0,0.0,8.429864253393665,6.5369472182596295,85.09857940673828,1.1043630009715395,1.5424889345240713,6.811662383326661,94.14659104268503,0.8799263620973132
42.4507694066,-73.2665342011,0,0.0,0.07503566333808845,0.0,0.06904422253922968,1.0,0.8313837375178317,0.0,0.0,37.619909502262445,36.957489300998574,318.3792419433594,2.345266556250548,1.7424672856109402,10.358646594316035,271.3204718971026,26.23440698472272
42.085210919,-71.7188574561,0,0.3167420814479638,0.5543509272467902,0.12217194570135746,0.18288159771754636,0.5610859728506787,0.21169757489301,0.0,0.003708987161198288,13.009049773755656,4.398002853067047,132.64144897460938,1.4744887518483207,2.02779896983881,8.663177040819578,118.37052354851556,21.7016444898704
42.1061388333,-70.8119966667,0,0.18552036199095023,0.192867332382311,0.2081447963800905,0.3195435092724679,0.5565610859728507,0.4399429386590585,0.049773755656108594,0.03109843081312411,16.176470588235293,13.603138373751783,5.593269348144531,1.1465894038744227,1.2438586457585128,7.195644823494319,7.1510198230385,0.3759225905836168
42.6969261169,-71.00806427,1,0.1085972850678733,0.4970042796005706,0.4117647058823529,0.13666191155492155,0.27601809954751133,0.24165477888730386,0.19457013574660634,0.08388017118402283,2.923076923076923,3.6054208273894437,29.519826889038086,1.1044788895350064,1.8362645422510913,11.155773632401477,15.493506190991296,50.068531102906825
41.9962116667,-70.0175695,0,0.2579185520361991,0.3181169757489301,0.02262443438914027,0.07760342368045649,0.0,0.03252496433666191,0.39819004524886875,0.4716119828815977,0.0,0.5087018544935806,1.4812380075454712,3.004819672220286,1.6471092883888743,16.60426601794498,61.92526559867128,297.84130634680884
42.0123303439,-71.2527406441,0,0.3936651583710407,0.2399429386590585,0.17647058823529413,0.324679029957204,0.4298642533936652,0.42938659058487877,0.0,0.0042796005706134095,9.330316742081449,9.076462196861627,51.970027923583984,0.5263923171552665,0.5917775019248509,3.3882688805564434,128.16782952029558,33.18638340520368
42.6753477397,-72.3208833845,0,0.751131221719457,0.7994293865905849,0.248868778280543,0.1609129814550642,0.0,0.005135520684736091,0.0,0.02368045649072753,0.0,0.06333808844507846,264.65264892578125,2.197452792393299,3.51005990298646,15.19404032737547,139.6044025660674,93.46419146473012
42.4884803199,-71.2673081675,0,0.0,0.04821683309557775,0.004524886877828055,0.11126961483594865,0.995475113122172,0.8405135520684736,0.0,0.0,24.244343891402714,27.930385164051355,42.573673248291016,1.1729905013311062,0.7496884365368975,3.6084063338508323,316.20834029845895,12.41604262944139
42.3688,-71.43804667,1,0.11764705882352941,0.15092724679029956,0.11312217194570136,0.112981455064194,0.7285067873303167,0.7158345221112696,0.0,0.0002853067047075606,10.054298642533936,18.937232524964337,48.84754943847656,0.6259850222679919,0.7005053088604983,2.8374375657725217,113.02496291654843,33.22342998228317
41.6597616667,-69.95606,0,0.0,0.011126961483594865,0.2171945701357466,0.12410841654778887,0.0,0.1643366619115549,0.42081447963800905,0.5072753209700428,0.0,4.023109843081312,-0.39373892545700073,0.3837676421053522,0.4607467081824291,2.564586188650163,25.080641235794463,320.98756410715214
42.1317968894,-72.449450724,0,0.167420814479638,0.2644793152639087,0.4479638009049774,0.4579172610556348,0.0,0.20599144079885878,0.0,0.0,0.0,4.0524964336661915,76.67385864257812,0.7650392193217209,0.7952989659678628,4.210284483490564,59.15477536199668,490.36842187855154
42.5113499722,-71.9340055556,0,0.4660633484162896,0.6824536376604851,0.0,0.054778887303851644,0.06787330316742081,0.029101283880171185,0.46153846153846156,0.21683309557774608,0.9638009049773756,0.3549215406562054,327.26654052734375,2.8345694203543794,2.849368277530871,14.564276964340904,6.129866228876016,3.92939108774906
42.277675,-72.338773,0,0.6244343891402715,0.5606276747503567,0.3665158371040724,0.12810271041369473,0.0,0.11469329529243938,0.0,0.05905848787446505,0.0,2.0276747503566335,117.59335327148438,2.1414357082353392,3.4416562726149516,17.099438539860746,0.0,168.8035860300371
41.8748248696,-71.3205424281,0,0.08144796380090498,0.26847360912981455,0.18552036199095023,0.1783166904422254,0.5746606334841629,0.4992867332382311,0.0,0.02253922967189729,10.375565610859729,10.020542082738944,25.398540496826172,0.6754648573141817,0.9165478460320116,7.352475982124514,171.92049203919115,70.06225686604193
42.7098053621,-73.1905457419,0,0.20361990950226244,0.18716119828815977,0.248868778280543,0.11383737517831669,0.5384615384615384,0.5640513552068473,0.0,0.0,14.285067873303168,18.99058487874465,186.1383514404297,1.2196226902125231,3.1636330900941387,17.709643916624714,108.91895788833749,55.39320092737376
42.349125,-71.25512,0,0.14027149321266968,0.06790299572039943,0.0,0.04165477888730385,0.8552036199095022,0.7911554921540657,0.004524886877828055,0.08758915834522112,12.904977375565611,26.851069900142654,16.61702537536621,0.8035438241969118,1.3584702470361671,7.498607935784847,114.08769427145984,1.6635862563518942
42.25397833,-70.99381333,0,0.0,0.0005706134094151213,0.004524886877828055,0.10756062767475036,0.995475113122172,0.8342368045649072,0.0,0.05620542082738944,80.43891402714932,52.65021398002853,4.269937515258789,0.3067603929898006,0.7607881813819686,3.634009058599169,192.43600145833437,26.743661457488702
42.0998015807,-70.9326361004,1,0.19004524886877827,0.12524964336661912,0.4751131221719457,0.3651925820256776,0.28054298642533937,0.49671897289586303,0.0,0.0005706134094151213,7.018099547511312,13.281312410841656,24.18352699279785,0.46586847929300546,0.6972802083282583,4.553456957289154,24.663491998793674,103.37909327794593
42.54612,-71.4131616667,0,0.334841628959276,0.3985734664764622,0.248868778280543,0.23366619115549214,0.3665158371040724,0.30271041369472185,0.0,0.0002853067047075606,6.683257918552036,4.97660485021398,71.91754913330078,2.5085122857547146,1.634805705503996,8.02677767089257,68.04908444237243,2.40585372993205
42.8071888365,-70.9734659238,1,0.5656108597285068,0.47360912981455067,0.049773755656108594,0.13751783166904422,0.28054298642533937,0.17774607703281028,0.0,0.019971469329529243,3.918552036199095,3.3115549215406563,38.703346252441406,3.178576224248098,2.182762329031769,9.841857827166196,296.47112319219144,100.26555222676868
42.456265,-72.34287,0,0.502262443438914,0.8433666191155492,0.2850678733031674,0.08673323823109844,0.11764705882352941,0.02310984308131241,0.03167420814479638,0.005420827389443652,0.7375565610859729,0.11383737517831669,253.73255920410156,1.460542293690559,4.033756796183593,18.962089229294197,36.34042526744625,0.7256955956197826
42.3072466667,-72.61553,0,0.03619909502262444,0.03052781740370899,0.21266968325791855,0.15092724679029956,0.12217194570135746,0.24878744650499288,0.0,0.06276747503566334,3.97737556561086,9.770328102710414,34.267330169677734,0.18563798580510826,0.2927317708073955,1.387190473288071,361.7809785830295,5.36454214855263
42.1556814155,-71.4020015673,0,0.004524886877828055,0.1289586305278174,0.00904977375565611,0.13009985734664764,0.9864253393665159,0.7069900142653353,0.0,0.0,31.579185520361992,20.05477888730385,60.10834503173828,1.6947978092574814,1.4413942923237628,13.064946613405004,384.24633962097215,30.395477355114437
42.537933061,-72.7577709241,0,0.6742081447963801,0.8185449358059914,0.0,0.007703281027104137,0.03167420814479638,0.030242510699001426,0.0,0.0,0.15384615384615385,0.24165477888730386,241.9211883544922,4.320801172219408,4.496444166622824,22.04459730662527,131.97596106124192,116.80217201854451
42.5653004134,-71.3448281028,0,0.1583710407239819,0.33580599144079887,0.01809954751131222,0.12011412268188303,0.8235294117647058,0.4898716119828816,0.0,0.007417974322396576,19.334841628959275,10.325534950071326,46.64324188232422,1.2764026487780014,1.443796751611926,6.866757719041157,420.76385247041196,48.46027684901439
42.2233356902,-71.1330134713,0,0.0,0.2413694721825963,1.0,0.5497860199714694,0.0,0.17289586305278173,0.0,0.0,0.0,9.2527817403709,12.513871192932129,0.27234875486613436,1.5356683783309526,13.721745803436729,259.321925047752,567.1563837428597
42.5012638889,-72.3315277778,0,0.37104072398190047,0.8194008559201141,0.0,0.010556348074179744,0.3076923076923077,0.11554921540656206,0.0,0.0,6.877828054298643,1.738373751783167,329.2509460449219,2.9298007119075797,5.9896863191310805,37.56633757246822,306.3942205484636,16.186267336069662
42.4110216667,-71.3272783333,1,0.5339366515837104,0.3845934379457917,0.0,0.15720399429386592,0.39819004524886875,0.3018544935805991,0.0,0.00912981455064194,9.900452488687783,6.283309557774608,69.39533996582031,1.0268524316766336,1.0933582892568938,4.81883753214783,106.2558938153911,34.55975385957167
42.3316443517,-71.9941111749,0,0.36199095022624433,0.7027104136947219,0.45248868778280543,0.12296718972895863,0.01809954751131222,0.09728958630527818,0.0,0.0,0.5067873303167421,1.8556348074179743,244.03697204589844,2.9866808815856163,3.533233441155812,20.465783969645454,8.007071067158641,355.4068419604307
42.8011901314,-70.9648332091,1,0.9004524886877828,0.5814550641940086,0.0,0.11925820256776035,0.0,0.14122681883024252,0.0,0.019971469329529243,0.0,2.138088445078459,26.116992950439453,3.627057759679529,2.752854545402556,12.262464871448019,345.33848023655446,238.2391725992861
42.6404616667,-71.1335445,1,0.0,0.18801711840228244,0.01809954751131222,0.026818830242510697,0.9819004524886877,0.7851640513552068,0.0,0.0,17.221719457013574,15.253352353780313,82.77832794189453,0.8317775412899433,1.8840758239251585,13.217484425983095,236.9836954401633,39.42384083283859
41.5956813977,-70.6106512798,1,0.6108597285067874,0.595435092724679,0.0,0.0,0.3891402714932127,0.3349500713266762,0.0,0.0,9.081447963800905,8.192296718972896,28.99673080444336,1.4448744390685282,1.2926115681837222,10.091515076556588,1050.4557455672439,23.31308921698796
42.331045,-71.798905,0,0.07239819004524888,0.039942938659058486,0.05429864253393665,0.010556348074179744,0.8733031674208145,0.9495007132667618,0.0,0.0,23.65610859728507,30.908131241084167,196.4115447998047,1.8965988246064605,2.335402391877868,18.225457677075227,68.41321534066324,16.866243142791404
41.9803214764,-71.1416293055,1,0.334841628959276,0.3269614835948645,0.38461538461538464,0.35977175463623395,0.27601809954751133,0.2821683309557775,0.0,0.005420827389443652,5.1945701357466065,7.497860199714693,22.128883361816406,0.4781945359946362,0.42776690561583697,2.0350587052399294,7.623140449283883,94.12687907698427
42.3313964579,-71.3393606808,0,0.29411764705882354,0.34293865905848786,0.09502262443438914,0.08730385164051355,0.6108597285067874,0.5540656205420827,0.0,0.013409415121255349,6.9411764705882355,11.040228245363766,78.37034606933594,1.0419886954695654,1.6767483005050248,9.924640077557788,52.02015879237116,20.332911484365766
42.3381745833,-71.1110544205,0,0.0,0.0,0.0,0.002282453637660485,1.0,0.9948644793152639,0.0,0.0028530670470756064,50.71493212669683,65.53067047075606,7.511449337005615,0.6534677045591697,1.272989261707144,8.211071585235736,15.052004257243583,43.585262571428835
42.33362,-72.580155,0,0.18552036199095023,0.07646219686162625,0.12217194570135746,0.16062767475035664,0.4841628959276018,0.4273894436519258,0.0,0.028815977175463622,11.076923076923077,11.082738944365193,40.06230545043945,0.5449184610827533,0.8477214263779289,5.448099696771217,143.3421985473417,8.735090719441425
42.1447024526,-71.8698470936,0,0.24434389140271492,0.36861626248216833,0.6380090497737556,0.26276747503566333,0.10407239819004525,0.3238231098430813,0.0,0.0008559201141226819,2.3122171945701355,9.465620542082739,145.7152862548828,0.8082292053398397,2.46155019741806,11.454608123063798,0.0,186.00262030074398
42.6773619752,-70.6376611059,1,0.5520361990950227,0.48673323823109843,0.09049773755656108,0.05449358059914408,0.34841628959276016,0.4399429386590585,0.0,0.016833095577746076,3.9547511312217196,6.529243937232525,36.183624267578125,1.4255307074351258,1.687436012787751,9.926109991932853,301.74831957588657,21.248140569178936
42.8430739937,-71.0160878237,0,0.3257918552036199,0.5808844507845934,0.2895927601809955,0.13067047075606278,0.38461538461538464,0.22653352353780315,0.0,0.0034236804564907277,6.212669683257919,4.376034236804565,36.20512390136719,0.7833933621042019,2.4716917606106845,12.958704123746225,143.12719246989118,81.39352952253259
41.7385420854,-70.5068988288,1,0.995475113122172,0.8576319543509272,0.0,0.002282453637660485,0.004524886877828055,0.13067047075606278,0.0,0.007703281027104137,0.09502262443438914,3.0099857346647645,54.678714752197266,2.642277126720921,2.1373810228055055,12.62236602431637,788.184272460169,5.785557757763414
42.0803400229,-70.6758534908,0,0.24434389140271492,0.10641940085592011,0.5610859728506787,0.3229671897289586,0.19004524886877827,0.5027104136947218,0.004524886877828055,0.00884450784593438,3.9728506787330318,10.3848787446505,2.162564516067505,0.41190076252638974,1.0262000579341437,6.981255887515466,22.846220650647126,228.17542262525134
42.7835166667,-70.8984616667,0,0.7601809954751131,0.5426533523537803,0.18099547511312217,0.32125534950071327,0.058823529411764705,0.09472182596291012,0.0,0.003138373751783167,0.4298642533936652,1.7700427960057061,15.381674766540527,0.7422392849312495,0.7409336132626384,4.337718577206367,147.740399734959,659.6444763733197
41.9185794192,-70.7986521442,0,0.09954751131221719,0.2282453637660485,0.09954751131221719,0.12924393723252497,0.6153846153846154,0.4804564907275321,0.0,0.08017118402282454,13.692307692307692,13.799144079885878,32.32968521118164,0.9605804565505631,0.8930510126578007,3.857319849656942,18.45241273408371,12.479509922752586
42.4952914709,-71.5028188418,0,0.7873303167420814,0.5905848787446505,0.0,0.18516405135520686,0.21266968325791855,0.21797432239657633,0.0,0.0,2.8009049773755654,2.6992867332382313,108.66778564453125,4.378327882474049,2.0548033336237452,13.59048334003096,341.45912386686723,211.2403488277754
42.6563566667,-73.11236,0,0.20361990950226244,0.33723252496433664,0.0,0.048787446504992865,0.5203619909502263,0.31982881597717544,0.0,0.0,23.918552036199095,15.97774607703281,229.90725708007812,4.591081981473226,7.540783431654005,75.88406790922716,358.66887468735797,11.374247664260887
41.7740841983,-70.6008233875,1,0.14027149321266968,0.5951497860199715,0.6108597285067874,0.12810271041369473,0.00904977375565611,0.15121255349500715,0.09954751131221719,0.014835948644793153,0.04072398190045249,3.9529243937232525,9.194169998168945,0.5340735492606499,1.0190543834786676,5.600702944541615,38.121822031658816,248.522242554332
42.6279133333,-71.0683361667,1,0.6742081447963801,0.5460770328102711,0.14027149321266968,0.256490727532097,0.18552036199095023,0.17517831669044223,0.0,0.002282453637660485,8.877828054298643,5.934094151212554,42.78491973876953,1.4082282190143742,0.7465979296932893,4.151610902763402,11.804649233181289,42.163950993505004
42.4566416667,-71.4068616667,1,0.33031674208144796,0.11611982881597717,0.16289592760180996,0.16547788873038516,0.5067873303167421,0.6676176890156919,0.0,0.03195435092724679,16.226244343891402,18.948930099857346,43.79117965698242,1.5746080876787185,1.1083209959161873,5.8619319696993655,31.86582723925595,163.59973882907974
42.8038894288,-70.9736667747,1,0.6334841628959276,0.4855920114122682,0.19457013574660634,0.14208273894436518,0.04072398190045249,0.1914407988587732,0.06787330316742081,0.019971469329529243,0.6561085972850679,3.0319543509272466,19.364795684814453,2.3303772167671846,2.2390096524201066,9.274794300437849,3.79972479716727,263.26158696298313
42.0998599542,-70.9345592442,1,0.18099547511312217,0.12296718972895863,0.5927601809954751,0.38145506419400854,0.21266968325791855,0.4815977175463623,0.0,0.0017118402282453639,7.552036199095022,12.723823109843082,23.78694725036621,0.38653969198714017,0.7485393141855663,4.381481854760095,42.38201869509972,164.93565225063892
42.59538667,-71.59936333,0,0.7420814479638009,0.6930099857346648,0.1583710407239819,0.11583452211126961,0.01809954751131222,0.08701854493580599,0.05429864253393665,0.013409415121255349,0.751131221719457,1.2476462196861626,64.01696014404297,1.377548483874458,1.5698979136810374,10.64948706330732,23.91841254402745,137.8355597691562
41.8661827187,-70.8568566665,1,0.0,0.3309557774607703,0.17194570135746606,0.30042796005706135,0.07239819004524888,0.10156918687589159,0.7330316742081447,0.22881597717546362,0.9728506787330317,1.887018544935806,25.836759567260742,0.16665030201138173,0.6148053409796562,4.321576615033098,18.966847781364436,16.86934976618137
42.1699391086,-71.8776029189,0,0.416289592760181,0.4122681883024251,0.004524886877828055,0.03851640513552068,0.579185520361991,0.4716119828815977,0.0,0.0,22.714932126696834,15.940656205420828,217.37747192382812,4.07625515771527,3.0701201895632515,22.207632690555712,310.38588645066943,27.241983113038067
42.5641716667,-70.77648,0,0.0,0.04650499286733238,0.08597285067873303,0.08102710413694722,0.248868778280543,0.34122681883024253,0.5248868778280543,0.4921540656205421,3.9411764705882355,6.114693295292439,0.7922760844230652,1.6201745349532735,1.1246922942286448,5.381340662458671,15.441228020515648,108.89861053223154
42.8039068733,-70.973685462,1,0.6334841628959276,0.4855920114122682,0.19457013574660634,0.14208273894436518,0.04072398190045249,0.1914407988587732,0.06787330316742081,0.019971469329529243,0.6561085972850679,3.0319543509272466,19.364795684814453,2.3303772167671846,2.2390096524201066,9.274794300437849,1.458791181857041,261.1122264610494
42.2124833333,-70.8117533333,1,0.2895927601809955,0.46504992867332384,0.027149321266968326,0.2499286733238231,0.6832579185520362,0.28359486447931526,0.0,0.0011412268188302425,13.981900452488688,4.758915834522111,32.375343322753906,2.0843594738618068,1.1736104192833416,9.187507092151783,474.82819181655,37.47913873953897
42.420675084,-72.3997210221,0,0.7239819004524887,0.9520684736091298,0.13574660633484162,0.012838801711840228,0.14027149321266968,0.035092724679029956,0.0,0.0,1.4298642533936652,0.25164051355206846,278.97674560546875,3.277103158591172,4.998888044813919,38.481347273154306,23.07550184153309,20.03647920003974
42.4152540866,-71.560338812,1,0.6923076923076923,0.583737517831669,0.14027149321266968,0.08273894436519258,0.167420814479638,0.29472182596291013,0.0,0.0005706134094151213,0.8868778280542986,6.002853067047075,82.79454040527344,2.967230599584196,3.0749512212537695,16.89844940972949,10.098711545171728,135.75767409950925
42.4526857317,-71.0816009755,1,0.5384615384615384,0.35549215406562057,0.0,0.012553495007132667,0.46153846153846156,0.5706134094151213,0.0,0.0522111269614836,12.34841628959276,21.790014265335234,37.06211853027344,5.3764220693907525,2.7679159208477677,21.527810825039598,263.4742416266541,95.18449656828813
42.0680716313,-71.1417368761,0,0.7828054298642534,0.4710413694721826,0.16289592760180996,0.1731811697574893,0.05429864253393665,0.23509272467902995,0.0,0.050784593437945794,2.1266968325791855,4.1997146932952925,70.99192810058594,0.7346072070296754,0.687190539342267,3.824747875332104,38.13167829189964,233.5624556293546
41.9633333333,-71.1841883333,1,0.4841628959276018,0.33009985734664765,0.027149321266968326,0.20028530670470757,0.48868778280542985,0.4641940085592011,0.0,0.0,20.891402714932127,14.898430813124108,25.99327278137207,1.2007882572387958,0.6385982426730323,5.038631034729866,328.95635910731284,141.96596475252633
42.83577,-70.8999416667,0,0.19457013574660634,0.14322396576319543,0.07239819004524888,0.2553495007132668,0.013574660633484163,0.38659058487874465,0.6199095022624435,0.1977175463623395,0.5113122171945701,14.667047075606277,0.6152524948120117,0.5522083332078449,1.263279091573475,6.453802730292274,0.0,191.6866004913975
42.589325,-71.3264166667,0,0.0,0.013124108416547788,0.0,0.013694721825962911,1.0,0.9731811697574893,0.0,0.0,47.40723981900452,42.131526390870185,54.02815628051758,1.807286255295867,1.2777706217205445,7.573446999209116,186.61453532352164,25.605937458160533
42.537013,-71.343143,1,0.5294117647058824,0.4530670470756063,0.07692307692307693,0.28530670470756064,0.3936651583710407,0.25049928673323824,0.0,0.0002853067047075606,7.3122171945701355,4.252211126961484,50.460994720458984,0.8072050377339048,0.984626494213005,5.1500010041645465,140.5536124636456,50.824435300946554
42.1816489646,-70.8128198236,1,0.4434389140271493,0.6048502139800286,0.45248868778280543,0.23509272467902995,0.10407239819004525,0.15406562054208273,0.0,0.0,0.5248868778280543,2.1691868758915835,39.8543701171875,0.9972424466353539,1.2020905015506382,4.894316780975333,0.0,176.84340399903763
41.9098834662,-70.5642592907,0,0.2398190045248869,0.2647646219686163,0.004524886877828055,0.07417974322396577,0.40271493212669685,0.38316690442225393,0.0,0.05249643366619115,7.914027149321267,9.688730385164051,10.108107566833496,1.2880891641493568,1.1864307698896515,6.299244507545666,17.741429636876525,121.08837336567997
42.0809988378,-71.2644666976,0,0.2895927601809955,0.19087018544935805,0.09954751131221719,0.10613409415121255,0.6108597285067874,0.6901569186875891,0.0,0.003994293865905849,13.081447963800905,25.574893009985736,89.59113311767578,1.5417257145388872,1.2719772423037474,6.092124456920299,97.63069456637336,37.22255517873678
42.8038742641,-70.973584773,1,0.6334841628959276,0.4855920114122682,0.19457013574660634,0.14208273894436518,0.04072398190045249,0.1914407988587732,0.06787330316742081,0.019971469329529243,0.6561085972850679,3.0319543509272466,19.364795684814453,2.3303772167671846,2.2390096524201066,9.274794300437849,7.595089473129403,265.8002218168171
42.44822167,-71.1012945,1,0.48868778280542985,0.5018544935805992,0.04524886877828054,0.03737517831669044,0.058823529411764705,0.18345221112696147,0.40271493212669685,0.2659058487874465,1.760180995475113,7.0801711840228245,56.91773223876953,1.6419134653453697,1.5743345678515617,7.231346884659722,22.50733514538684,252.31723324555523
42.6567701368,-70.5981473011,1,0.33031674208144796,0.025677603423680456,0.08597285067873303,0.015977175463623396,0.5067873303167421,0.38887303851640515,0.058823529411764705,0.5221112696148359,13.81447963800905,9.401426533523537,11.6397705078125,2.15116302350633,1.0642547877801485,9.484450542497203,144.55278294127112,55.02217011519974
41.5726241017,-70.6146821812,0,0.4298642533936652,0.41169757489301,0.13574660633484162,0.05135520684736091,0.00904977375565611,0.3757489300998573,0.3891402714932127,0.1514978601997147,0.3167420814479638,10.37774607703281,4.8333611488342285,1.0101472799603934,1.1130939543329876,5.606117403524889,60.60010981414694,14.620349703822079
42.0798861667,-71.4007116667,0,0.0,0.021398002853067047,0.027149321266968326,0.060770328102710415,0.9728506787330317,0.9172610556348074,0.0,0.0005706134094151213,43.11764705882353,38.31754636233951,89.95834350585938,1.0266541536716034,1.3297245633341133,7.619678518683453,168.1416112188476,43.1850377867618
42.1223271858,-72.7948780435,0,0.17647058823529413,0.32952924393723254,0.5701357466063348,0.14607703281027104,0.22624434389140272,0.5024251069900143,0.013574660633484163,0.00456490727532097,3.3891402714932126,11.079885877318118,57.546783447265625,1.9251532501032769,1.5332142080080895,8.305309888441244,0.0,100.3923814981636
42.50783833,-70.89914667,0,0.0,0.0002853067047075606,0.0,0.009700427960057061,1.0,0.9891583452211127,0.0,0.0008559201141226819,67.09049773755656,55.054778887303854,4.812338829040527,0.4110982609375271,1.0726041668644763,5.722436194335421,78.81531590267109,19.77387070137735
42.6929409342,-70.6314658444,0,0.06334841628959276,0.09044222539229672,0.04072398190045249,0.020256776034236805,0.013574660633484163,0.13238231098430814,0.669683257918552,0.7195435092724679,0.15384615384615385,2.9315263908701854,1.9036740064620972,1.6348158140208648,0.9249251576847695,8.440557961345483,0.0,256.7109837225669
42.665375,-71.548295,0,0.09954751131221719,0.329243937232525,0.049773755656108594,0.16205420827389444,0.8506787330316742,0.4864479315263909,0.0,0.0019971469329529245,17.23076923076923,11.301283880171184,65.17044067382812,0.7264082631137392,0.7724600791680529,5.836918236300293,267.28329849466934,6.498670561701406
42.2161116667,-71.4409166667,0,0.6742081447963801,0.4972895863052782,0.0,0.08758915834522112,0.3257918552036199,0.36034236804564906,0.0,0.0,3.1266968325791855,7.471611982881598,100.6805648803711,5.498197211427438,2.7694535586079714,19.767554946653608,301.9195559190743,40.681923748321296
42.3197449722,-72.4027609722,0,0.9683257918552036,0.868188302425107,0.03167420814479638,0.047075606276747506,0.0,0.047075606276747506,0.0,0.0,0.0,0.3723252496433666,210.24066162109375,4.592467537808467,4.960208030577895,36.377486760594465,200.83800869649153,253.6227977862534
42.1549095066,-70.7410097122,0,0.6787330316742082,0.4804564907275321,0.027149321266968326,0.1905848787446505,0.2669683257918552,0.24507845934379457,0.0,0.06990014265335236,3.6018099547511313,3.8562054208273895,20.732440948486328,1.2125873102281435,1.8555107917392601,10.607674824274474,325.36137750243455,105.5893348038939
42.532045,-72.5233166667,0,0.4796380090497738,0.5566333808844508,0.058823529411764705,0.1115549215406562,0.18552036199095023,0.18744650499286733,0.0,0.0,3.004524886877828,3.6405135520684735,85.38243865966797,3.7328450502789994,3.643321544690783,31.287966074328732,69.70935425525705,5.791209593535266
41.7440054119,-70.1940233375,0,0.004524886877828055,0.021112696148359488,0.07239819004524888,0.07475035663338088,0.9230769230769231,0.6873038516405136,0.0,0.1629101283880171,14.864253393665159,12.52296718972896,6.964067459106445,0.5409169149751436,1.0142981834847093,4.898542490677764,26.448461711644157,6.278097082091121
42.6978958025,-72.3191859168,1,0.6742081447963801,0.8659058487874465,0.11312217194570136,0.07360912981455064,0.08597285067873303,0.026818830242510697,0.12217194570135746,0.023965763195435093,0.832579185520362,0.1760342368045649,304.66558837890625,1.5261124396152335,3.291029602852818,19.137213907064105,14.287967359569592,134.42727365564446
42.28998109,-71.18641707,0,0.03167420814479638,0.08758915834522112,0.02262443438914027,0.2676176890156919,0.9049773755656109,0.6062767475035663,0.0,0.028815977175463622,36.00452488687783,19.269900142653352,30.874849319458008,0.5899369518136136,0.9024880050961661,5.079985345341237,222.45975313310055,5.2295215727192845
42.5071933333,-71.4075533333,0,0.7782805429864253,0.5223965763195435,0.2081447963800905,0.12810271041369473,0.013574660633484163,0.3472182596291013,0.0,0.002282453637660485,0.2081447963800905,10.833666191155492,59.90333938598633,2.447084766190415,1.8293255043898546,10.135001514821194,39.21050357006,258.67130647519656
42.24984667,-71.494775,0,0.6923076923076923,0.4145506419400856,0.24434389140271492,0.09671897289586305,0.04524886877828054,0.48131241084165477,0.01809954751131222,0.003138373751783167,0.39819004524886875,12.821968616262483,96.38287353515625,1.349488259296454,2.1600130466680145,13.322095364370451,130.07094081647892,4.55308624366238
41.6463512809,-70.6241146667,0,0.04524886877828054,0.1181169757489301,0.08144796380090498,0.07161198288159772,0.7601809954751131,0.6696148359486448,0.11312217194570136,0.124679029957204,7.67420814479638,14.52639087018545,5.013974666595459,0.7467304332694688,0.6916822813322211,4.080357713774506,19.36621985882819,91.86046744959096
42.3330367209,-71.5053118694,0,0.5203619909502263,0.4841654778887304,0.3031674208144796,0.14436519258202568,0.04524886877828054,0.11868758915834522,0.13122171945701358,0.21312410841654778,0.11312217194570136,3.518687589158345,82.58194732666016,2.44397935983394,1.9751034732845745,13.693632665401788,43.60821964452362,25.16184151146546
42.0872789768,-70.7997929993,1,0.49321266968325794,0.4282453637660485,0.497737556561086,0.3757489300998573,0.0,0.16005706134094153,0.0,0.0,0.0,4.3854493580599145,3.660128593444824,0.5326475508814928,0.8316892212946114,4.126142311499702,60.59742862673329,435.78438756719646
42.5328183168,-71.7449048006,0,0.0,0.012268188302425107,0.0,0.04536376604850214,1.0,0.9423680456490727,0.0,0.0,70.26244343891403,48.62339514978602,93.68724060058594,1.1288891822075469,2.1996029117337232,10.324836131622408,273.581449227477,18.67747624008457
42.09259607,-71.15281903,0,0.669683257918552,0.7181169757489301,0.17194570135746606,0.10727532097004279,0.1583710407239819,0.16861626248216832,0.0,0.0005706134094151213,1.8914027149321266,3.390299572039943,98.8758316040039,1.4266508822667936,1.3755022482638395,8.300979350925152,65.56235976319874,183.44686140618057
41.999406217,-71.3151585641,0,0.7330316742081447,0.3420827389443652,0.0,0.112981455064194,0.2579185520361991,0.534379457917261,0.0,0.0,4.524886877828054,16.48159771754636,103.51688385009766,2.6616661343055705,1.8229960685238449,10.075834498207655,162.27421141332286,30.03966568171958
42.2048523,-70.716057,0,0.0,0.0002853067047075606,0.0,0.026818830242510697,0.18099547511312217,0.1760342368045649,0.7330316742081447,0.766904422253923,11.149321266968325,8.372325249643367,-0.28427478671073914,0.24572447122509805,0.37198511587563454,1.8676027389385024,35.583557031983354,14.872066196562352
41.68977689,-70.01191699,0,0.5475113122171946,0.21597717546362338,0.02262443438914027,0.027960057061340943,0.4298642533936652,0.6918687589158345,0.0,0.06048502139800285,11.972850678733032,20.779743223965763,17.03790855407715,0.7426291175456318,0.9315897139388783,3.3971464881810833,81.07922663448183,4.703402298532168
42.0884357,-72.55475,0,0.0,0.011412268188302425,0.0,0.003708987161198288,1.0,0.9837375178316691,0.0,0.0011412268188302425,62.276018099547514,55.12467902995721,58.5078239440918,0.18077888152513696,0.46994125419525373,2.197612848789927,556.7160668261356,16.070754728926108
42.3356366667,-71.117325,0,0.0,0.003994293865905849,0.0,0.0,1.0,0.9877318116975748,0.0,0.008273894436519259,67.6606334841629,60.662767475035665,8.030004501342773,0.7650187577004781,1.5518905449915208,7.209281129947898,449.9533013905537,1.553000806741455
42.1631419831,-71.138670885,1,0.8461538461538461,0.11184022824536377,0.1493212669683258,0.07132667617689016,0.004524886877828055,0.7848787446504993,0.0,0.03052781740370899,0.00904977375565611,24.103566333808846,46.387969970703125,2.034288279138134,1.3356486613927485,7.977596211704129,208.572371411354,316.0247554099095
41.8938333333,-69.98375,0,0.5339366515837104,0.5241084165477888,0.004524886877828055,0.1614835948644793,0.45701357466063347,0.30042796005706135,0.0,0.0,11.69683257918552,7.560342368045649,10.635478019714355,0.6132911796100564,0.6166480871954884,2.9705862794751194,233.91644403862486,54.56982214391312
42.6035135997,-72.5373278997,0,0.3076923076923077,0.2912981455064194,0.0,0.01825962910128388,0.0,0.11611982881597717,0.6923076923076923,0.5449358059914408,0.0,3.092154065620542,56.808013916015625,1.6000246655498236,2.64519451631727,13.547749520487567,0.0,394.72725091530674
42.4928929169,-70.8396892548,0,0.00904977375565611,0.0008559201141226819,0.38009049773755654,0.03566333808844508,0.6108597285067874,0.28017118402282454,0.0,0.6647646219686163,14.30316742081448,9.55320970042796,9.686779975891113,1.2086749389420113,0.7706911371841582,4.724343208037858,133.3783664492151,73.97431450503196
41.3037188603,-70.0972222164,0,0.0,0.0,0.0,0.0,0.0,0.0,1.0,0.9660485021398003,0.0,0.0,-1.887269377708435,0.20159256477788223,0.1487881820944817,0.934566946962766,0.0,834.6449688175053
41.6246354958,-71.0151012796,1,0.2579185520361991,0.24450784593437946,0.058823529411764705,0.2536376604850214,0.33031674208144796,0.4268188302425107,0.24434389140271492,0.030813124108416547,11.167420814479637,12.866191155492155,29.575408935546875,0.617350545740063,0.7762594369458256,5.212010184763812,7.976991586208815,72.3984902638427
42.4524333415,-71.0816009752,1,0.5972850678733032,0.36119828815977173,0.0,0.012838801711840228,0.40271493212669685,0.5646219686162625,0.0,0.0522111269614836,10.46606334841629,21.55891583452211,37.06211853027344,5.3764220693907525,2.7679159208477677,21.527810825039598,290.6980649348088,113.50017881535359
42.4762910834,-71.8857979004,0,0.8733031674208145,0.8379457917261056,0.027149321266968326,0.05877318116975749,0.06334841628959276,0.06875891583452211,0.0,0.0008559201141226819,1.0271493212669682,0.5087018544935806,377.8201599121094,5.91540629947605,6.501220784849572,53.041983396714464,26.61770436596252,9.857334620592129
42.4441083333,-71.8733966667,0,0.6108597285067874,0.6893009985734665,0.08597285067873303,0.10556348074179743,0.22624434389140272,0.12582025677603423,0.0,0.0019971469329529245,1.995475113122172,1.9298145506419402,319.7270812988281,4.357307411605736,3.304791109883652,23.19937044697418,193.21620765998242,100.68248174720067
42.6409336481,-71.0040882264,0,0.5565610859728507,0.7700427960057061,0.416289592760181,0.18858773181169758,0.0,0.035092724679029956,0.027149321266968326,0.005991440798858773,0.0,0.4513552068473609,34.54535675048828,1.4233628192940968,1.79718708296663,6.806562592436764,75.56348108095472,113.29613322964462
42.2688694444,-71.006825,0,0.0,0.0094151212553495,0.16289592760180996,0.14265335235378032,0.8371040723981901,0.7027104136947219,0.0,0.14037089871611982,38.42986425339367,36.9320970042796,2.5131723880767822,0.3790641208885535,0.5039085933787436,2.6245831685805388,135.42432982306548,6.614219670771841
42.4038450072,-71.2100465968,1,0.334841628959276,0.20228245363766048,0.5475113122171946,0.18373751783166906,0.09954751131221719,0.5880171184022824,0.01809954751131222,0.0011412268188302425,1.7692307692307692,17.71440798858773,54.538944244384766,2.178896780951419,1.934766709733859,10.88665134307225,28.2056375029043,190.46684548363663
42.46054167,-71.62920333,0,0.3212669683257919,0.519543509272468,0.1085972850678733,0.1666191155492154,0.5701357466063348,0.27646219686162626,0.0,0.0,10.990950226244344,5.0447931526390875,102.00874328613281,3.0701567038257727,3.3206356580102283,28.768429387546394,29.595260758170078,48.377771977338206
41.7434027778,-70.1791555556,1,0.3212669683257919,0.08787446504992867,0.0,0.09586305278174037,0.35294117647058826,0.6673323823109844,0.3257918552036199,0.09500713266761769,6.040723981900452,11.663338088445078,7.082263946533203,1.0838693743046546,1.529027984804134,11.337911319596657,105.4428697063272,131.59005677167113
42.4085687103,-71.2519540252,0,0.0,0.03138373751783167,0.0,0.03138373751783167,1.0,0.7880171184022825,0.0,0.14750356633380884,43.90497737556561,33.33808844507846,72.08186340332031,1.2602566904842418,1.3424044776849606,6.6076194322381525,137.36618679466133,55.11846889135984
42.5511833333,-70.8385472222,1,0.0,0.1557774607703281,0.013574660633484163,0.03281027104136947,0.5746606334841629,0.3383737517831669,0.35294117647058826,0.4442225392296719,20.02262443438914,10.214265335235378,8.649949073791504,2.6770777533436387,1.196347308028044,11.183279747056654,18.84317742902152,1.9464866195275972
42.1126353974,-71.6043618322,0,0.4253393665158371,0.5743223965763196,0.5610859728506787,0.2553495007132668,0.013574660633484163,0.07902995720399429,0.0,0.0,0.23076923076923078,1.4613409415121255,74.5829086303711,0.9160286926289543,2.3321985444211384,18.77183052076651,0.0,3.8089694939852703
42.1118671787,-72.3763978109,0,0.8144796380090498,0.7209700427960057,0.0,0.14379457917261054,0.18552036199095023,0.13009985734664764,0.0,0.0,2.063348416289593,1.2998573466476462,214.8759765625,1.6401964338465889,1.8985641374673399,12.061413936699788,526.6209291030227,105.55661165648218
42.4151166667,-71.1205445,0,0.0,0.0,0.0,0.0034236804564907277,1.0,0.9957203994293866,0.0,0.0008559201141226819,66.59276018099547,58.59971469329529,6.621901988983154,0.8935507094569284,1.5840560618380382,8.593990810832398,311.7285769060662,3.1974904840844585
42.4407591205,-73.2638554462,0,0.1085972850678733,0.12924393723252497,0.08144796380090498,0.08416547788873038,0.8099547511312217,0.7814550641940086,0.0,0.0019971469329529245,24.805429864253394,33.42767475035663,300.7405090332031,0.8590668766720754,1.4464153977979899,6.9006175956678595,132.89227448163862,87.15316084701254
41.6387672442,-70.5545439236,0,0.00904977375565611,0.21055634807417975,0.0,0.0025677603423680455,0.0,0.21654778887303852,0.0,0.0005706134094151213,0.0,6.179457917261056,28.526914596557617,0.58435103852366,0.5028273219920465,2.4644575315280113,625.2895987436001,411.4093790009874
42.481221,-73.178922,0,0.6923076923076923,0.5375178316690442,0.13122171945701358,0.039087018544935806,0.17647058823529413,0.26191155492154067,0.0,0.005991440798858773,4.796380090497737,7.635948644793153,353.014404296875,3.733747314286404,3.404412551793311,22.58189875698107,147.24987257339774,69.9516181744412
42.63325,-71.50146,0,0.3031674208144796,0.6601997146932953,0.6289592760180995,0.1195435092724679,0.004524886877828055,0.11041369472182597,0.01809954751131222,0.015691868758915834,0.05429864253393665,2.0159771754636235,57.8923225402832,1.4539585091441531,2.3734392483283377,13.687155410083577,2.982423639707789,251.96364953077142
42.1183319092,-71.4070205688,0,0.579185520361991,0.3241084165477889,0.04072398190045249,0.15834522111269614,0.38009049773755654,0.46276747503566334,0.0,0.0,9.076923076923077,9.156348074179743,64.3026351928711,3.5930232168757277,1.955165576385048,12.911721739641283,297.6633509765238,23.341044860177554
42.7007216667,-73.1419305,0,0.25339366515837103,0.5064194008559201,0.013574660633484163,0.04992867332382311,0.7330316742081447,0.4399429386590585,0.0,0.0005706134094151213,32.55203619909502,15.63737517831669,208.6062469482422,5.621074380663134,6.232102509084243,47.516103221648464,404.8767109199245,39.828321935050795
42.8125446486,-70.9649694665,1,0.5248868778280543,0.4399429386590585,0.4660633484162896,0.1942938659058488,0.0,0.13152639087018544,0.0,0.11440798858773181,0.0,2.3426533523537802,7.609839916229248,2.919790401772578,2.317506821801623,14.069402058660708,2.449556622658488,414.78728329655786
42.4203033333,-71.180655,0,0.0,0.003994293865905849,0.0,0.0,1.0,0.9948644793152639,0.0,0.0011412268188302425,30.72398190045249,41.796861626248216,94.1673355102539,3.935244434975538,3.2334063773459722,22.088399439121236,514.1351629288405,18.91622673684802
42.3862272,-71.2057728,0,0.0,0.07788873038516406,0.06334841628959276,0.04251069900142653,0.9366515837104072,0.8784593437945791,0.0,0.0008559201141226819,42.86877828054298,36.05449358059914,20.370132446289062,3.0680194306290165,1.9873000455922079,12.822087529368478,86.37092665403578,4.7674461333820775
42.6439855994,-70.6270541656,1,0.4117647058823529,0.543509272467903,0.35294117647058826,0.16576319543509271,0.15384615384615385,0.20171184022824537,0.06787330316742081,0.07018544935805991,6.832579185520362,6.212268188302425,27.822607040405273,2.453329009867432,1.862895968307905,6.210757906844412,0.0,168.29514511351698
42.5823878902,-72.4847500026,0,0.8959276018099548,0.5634807417974322,0.0,0.026248216833095576,0.10407239819004525,0.3920114122681883,0.0,0.008273894436519259,1.4751131221719458,11.724679029957205,157.61366271972656,9.164231944453999,6.711695815371139,44.544148446463055,381.5856186717956,191.99696883378834
42.5171350642,-70.9488322959,0,0.04072398190045249,0.03252496433666191,0.07239819004524888,0.09072753209700428,0.8416289592760181,0.837660485021398,0.04524886877828054,0.029671897289586305,43.46153846153846,37.69614835948645,18.55598258972168,0.7186389424251707,1.0931720978269701,5.472678348117077,139.42202562064176,35.48098765334639
42.0083488137,-70.9656356597,0,0.17647058823529413,0.2485021398002853,0.6018099547511312,0.24707560627674752,0.22171945701357465,0.5029957203994294,0.0,0.0011412268188302425,4.963800904977376,11.299857346647647,20.719633102416992,1.2109431310442043,1.1804349186390832,4.9553958818822315,1.1987318538057516,16.876393185994807
42.3275671521,-72.8741502239,0,0.8642533936651584,0.914978601997147,0.0,0.035948644793152636,0.13574660633484162,0.04821683309557775,0.0,0.0,0.8552036199095022,0.3089871611982882,237.15008544921875,11.457695685635613,9.549715889208393,51.59390256024831,57.344968906551294,33.16656373629089
41.5843916667,-69.9923533333,0,0.0,0.0,0.0,0.0,0.0,0.0,0.5294117647058824,0.7828815977175464,0.0,0.0,1.0694656372070312,0.4175844892288735,0.25382708166192103,1.3091319146180822,0.0,8355.997421783084
42.338240943,-71.0922544543,0,0.0,0.0,0.0,0.002282453637660485,1.0,0.9922967189728958,0.0,0.005420827389443652,79.0497737556561,73.07360912981456,3.5730719566345215,0.16574537461299121,0.6943614878270796,5.045678166928964,344.7374812279901,39.36506544381376
42.4102318083,-71.0908559535,0,0.0,0.005991440798858773,0.0,0.019115549215406563,1.0,0.9335235378031383,0.0,0.037089871611982884,80.71493212669684,61.31212553495007,3.6691129207611084,0.15517541143983626,0.2678338768094267,1.1439368263572438,617.2208615587746,12.367940328762096
41.6395492554,-70.2351608276,0,0.0,0.0,0.0,0.12353780313837376,1.0,0.6028530670470756,0.0,0.192867332382311,37.49321266968326,21.24878744650499,2.542553186416626,0.35167666417621857,0.261852920492794,1.5742947741013877,237.40219707701965,25.95615066738465
42.62282703,-72.22024915,0,0.746606334841629,0.6676176890156919,0.049773755656108594,0.13523537803138375,0.16289592760180996,0.12667617689015692,0.0,0.002282453637660485,1.2986425339366516,2.2855920114122683,234.5079803466797,2.9133811709320927,3.9055691442713174,34.61932070555699,416.7060859163006,19.880425345370288
42.4905179321,-71.8220442161,1,0.8461538461538461,0.5708987161198288,0.013574660633484163,0.2202567760342368,0.13574660633484162,0.08445078459343795,0.0,0.018544935805991442,2.0497737556561084,0.9680456490727533,232.4442596435547,6.219492229508929,3.4694888438661295,24.869636736378418,46.36107304131966,61.9515948629821
42.4375616667,-71.188605,1,0.4072398190045249,0.1783166904422254,0.00904977375565611,0.06305278174037089,0.583710407239819,0.7426533523537803,0.0,0.015691868758915834,12.497737556561086,19.061626248216832,67.08248901367188,3.337516022486504,1.960721028800519,13.142875704085228,256.26389461515004,105.73810874813735
42.49216,-71.7107466667,0,0.4298642533936652,0.5480741797432239,0.416289592760181,0.3186875891583452,0.0,0.09814550641940085,0.0,0.0,0.0,2.0992867332382312,81.9832992553711,1.325316188322243,1.8457769487252564,10.793076709490867,30.38685571971922,454.9450347033516
42.777245,-70.9463966667,0,0.7013574660633484,0.4587731811697575,0.2579185520361991,0.18459343794579172,0.004524886877828055,0.14293865905848788,0.00904977375565611,0.1609129814550642,0.11764705882352941,1.568901569186876,22.022796630859375,0.6089183257351201,1.0571194921278009,4.609758238696509,23.409333177162342,243.7240179922522
42.7098992583,-73.1953477831,0,0.03619909502262444,0.09671897289586305,0.11312217194570136,0.09500713266761769,0.8235294117647058,0.6950071326676177,0.0,0.0,21.8868778280543,23.835378031383737,191.99827575683594,1.4133683664861574,1.8581355591870379,10.319474724434377,40.701932134267125,12.591109455856843
41.7240064664,-71.206785684,0,0.05429864253393665,0.012268188302425107,0.11312217194570136,0.011697574893009986,0.8054298642533937,0.7403708987161198,0.027149321266968326,0.23423680456490728,30.574660633484164,27.08188302425107,4.053949356079102,1.5344304693889326,1.0976115938312243,6.025997919116817,7.719616838683918,38.63376824695976
42.3823559855,-71.2059098108,0,0.0,0.03138373751783167,0.0,0.034236804564907276,1.0,0.9343794579172611,0.0,0.0,53.18552036199095,41.6867332382311,22.16621208190918,1.1783720134074616,1.6743621691744508,9.376428636281995,118.81779137422713,1.942482770043986
42.3989916667,-71.0400778333,0,0.0,0.0,0.0,0.0,1.0,1.0,0.0,0.0,83.64253393665159,78.00171184022824,1.8782479763031006,0.4118501886496576,1.271253311610739,7.696351167061525,782.0145849477071,33.72297636386181
42.8125411405,-70.9649751495,1,0.5248868778280543,0.4399429386590585,0.4660633484162896,0.1942938659058488,0.0,0.13152639087018544,0.0,0.11440798858773181,0.0,2.3426533523537802,7.609839916229248,2.919790401772578,2.317506821801623,14.069402058660708,3.01894820281181,415.34378676618985
42.359449896,-72.4859262968,0,0.27149321266968324,0.22853067047075606,0.004524886877828055,0.20627674750356634,0.665158371040724,0.3897289586305278,0.0,0.0068473609129814554,17.081447963800905,10.192867332382312,63.7584228515625,2.4664837118190674,1.5811123052001088,15.152486487637248,156.23322162342112,9.332314628379745
42.6166514005,-70.963780262,0,0.6515837104072398,0.6085592011412269,0.058823529411764705,0.07503566333808845,0.28054298642533937,0.1957203994293866,0.0,0.0,3.4072398190045248,3.362339514978602,41.975830078125,2.0437692829492717,2.6404450500480814,13.669894353565146,327.1001347162647,78.44348586179889
42.42727,-71.12387,0,0.17194570135746606,0.24222539229671897,0.0,0.007132667617689016,0.8280542986425339,0.7500713266761769,0.0,0.0005706134094151213,29.194570135746606,32.328102710413695,16.882274627685547,2.34666835207908,1.764973559308158,11.345515899070396,337.8651290183824,97.90531198587354
42.504075,-71.22238,0,0.0,0.007703281027104137,0.0,0.09443651925820257,1.0,0.8978601997146933,0.0,0.0,23.262443438914026,27.9885877318117,55.29982376098633,1.2409817261807423,1.5792311075742678,7.637525707707389,726.7737138398816,27.093501211944023
42.3026600758,-71.1710594295,1,0.14027149321266968,0.08730385164051355,0.3257918552036199,0.10556348074179743,0.5339366515837104,0.807132667617689,0.0,0.0,12.506787330316742,21.05363766048502,43.242408752441406,0.810917166417181,1.933391715017758,8.80817743078667,32.00991974673762,16.410585555359795
41.2827146536,-69.9639502262,0,0.00904977375565611,0.07047075606276748,0.0,0.028530670470756064,0.26244343891402716,0.31611982881597717,0.45248868778280543,0.5035663338088445,4.592760180995475,4.669900142653352,13.270089149475098,3.0578035249412974,1.1078464963429773,9.488086892251987,86.31368515593742,62.948201399554804
42.37596167,-71.49115,1,0.5656108597285068,0.4225392296718973,0.027149321266968326,0.15378031383737517,0.4072398190045249,0.4136947218259629,0.0,0.0,9.588235294117647,6.600855920114123,70.46543884277344,1.5273118956978604,1.6228953145020741,12.384162268759356,109.27487352138328,7.401658041925907
42.1464111667,-70.966295,1,0.14027149321266968,0.22425106990014265,0.2398190045248869,0.3834522111269615,0.6199095022624435,0.2850213980028531,0.0,0.1035663338088445,14.361990950226245,7.675891583452211,50.44443893432617,0.5136107210945126,0.4048968851587379,1.974452965152574,31.624070470002994,21.248472658925525
42.285448,-71.3538593,0,0.0,0.017974322396576318,0.02262443438914027,0.013980028530670471,0.9773755656108597,0.8524964336661911,0.0,0.112981455064194,35.42081447963801,36.829671897289586,48.17798614501953,0.6891487921159244,0.9727119953529069,6.955493578186414,26.66515681827391,61.1024025778432
42.081346507,-71.4153728821,0,0.00904977375565611,0.12610556348074178,0.5067873303167421,0.20912981455064195,0.167420814479638,0.6179743223965763,0.27149321266968324,0.03109843081312411,9.289592760180996,26.757203994293867,70.6895751953125,0.34555509518250654,1.5133010625771213,6.6068490246050535,31.44042272629144,274.74372373013966
42.4539616667,-71.0812305,1,0.334841628959276,0.3415121255349501,0.0,0.011982881597717546,0.665158371040724,0.5808844507845934,0.0,0.05877318116975749,19.71945701357466,21.94978601997147,22.058626174926758,3.796742060807763,2.667654486407348,20.742904766909792,146.0083957196396,6.461916634851352
42.4484013501,-72.3995743729,0,0.8597285067873304,0.912981455064194,0.07239819004524888,0.012553495007132667,0.06787330316742081,0.04821683309557775,0.0,0.0,0.47058823529411764,0.5032810271041369,304.42529296875,3.957679386972361,4.7471747485629185,34.19327130255232,12.829077495618677,5.892591147548731
42.2968966667,-71.0981833333,1,0.17647058823529413,0.07674750356633381,0.04524886877828054,0.026248216833095576,0.7239819004524887,0.8918687589158345,0.05429864253393665,0.005135520684736091,15.036199095022624,26.035663338088444,25.162248611450195,1.1542510483004131,1.428862310193166,7.802704109752501,14.443611505876682,21.085277676123123
41.799652,-71.3397369722,0,0.05429864253393665,0.04450784593437946,0.3257918552036199,0.13238231098430814,0.6199095022624435,0.8231098430813124,0.0,0.0,47.21266968325792,47.837945791726106,3.8948116302490234,0.43861638667756875,0.9926750000869483,5.365700924927488,47.5629435518216,62.46131772237542
42.6815153,-70.9460590997,0,0.4841628959276018,0.4847360912981455,0.5158371040723982,0.3386590584878745,0.0,0.16205420827389444,0.0,0.0,0.0,2.499572039942939,26.505022048950195,0.4904742806819399,0.5531695619151938,3.3031726677222113,85.79288066643748,442.35401820419986
42.1067643363,-71.2207992979,1,0.6968325791855203,0.4833095577746077,0.0,0.15606276747503567,0.11764705882352941,0.25335235378031384,0.0,0.013980028530670471,2.316742081447964,7.10413694721826,94.84549713134766,2.569044375681307,1.9022883640299566,12.041608656551906,287.28223793558556,79.52626981634234
42.15959912,-72.6287104,0,0.14027149321266968,0.04964336661911555,0.3574660633484163,0.04907275320970043,0.06334841628959276,0.736947218259629,0.4343891402714932,0.16005706134094153,1.248868778280543,25.85848787446505,14.052044868469238,1.0010817000127925,1.6406442472954654,11.960994851161065,0.0,256.76985637649994
42.28328,-71.8241716667,0,0.0,0.029101283880171185,0.0,0.02253922967189729,1.0,0.9466476462196861,0.0,0.0014265335235378032,17.131221719457013,20.175748930099857,183.8325958251953,4.109913000293377,3.117842372161985,14.177252864436623,455.924407157179,31.603909657872784
42.0535764179,-70.9232936569,1,0.5113122171945701,0.43195435092724677,0.45701357466063347,0.21597717546362338,0.02262443438914027,0.25905848787446506,0.0,0.0,0.5294117647058824,6.383166904422254,24.316158294677734,0.7453877529618211,0.7968067957083411,3.414763137714102,6.107366987137202,366.6948071752292
41.28498,-70.23594667,0,0.0,0.0,0.0,0.007417974322396576,0.0,0.0,1.0,0.9417974322396576,0.0,0.0,-1.8675227165222168,0.22422961896538846,0.1195208414909019,1.0392643875666527,0.0,1233.916811319288
42.0869073131,-71.610122379,0,0.5384615384615384,0.2593437945791726,0.1493212669683258,0.3021398002853067,0.14027149321266968,0.3897289586305278,0.16289592760180996,0.02225392296718973,2.8778280542986425,9.61169757489301,76.94559478759766,0.9800824731917902,1.1866672031967531,5.573515396880277,14.359730539834748,188.35715491684329
42.27815,-71.133775,0,0.0,0.042796005706134094,0.0,0.002282453637660485,1.0,0.9549215406562054,0.0,0.0,61.28054298642534,46.99486447931526,52.9936408996582,2.1056430218748976,2.662665268854745,16.51672007361588,586.8257495141655,16.04184059001392
42.4282272498,-72.3488864015,0,0.7330316742081447,0.8504992867332383,0.2669683257918552,0.1369472182596291,0.0,0.0005706134094151213,0.0,0.0,0.0,0.0042796005706134095,272.36651611328125,2.503944056745621,3.960721705182318,26.147335159942656,24.579419037959976,10.975716293012999
41.3796230891,-70.5270386692,0,0.14479638009049775,0.2399429386590585,0.0,0.02767475035663338,0.8099547511312217,0.6425106990014265,0.0,0.0,15.470588235294118,13.544650499286734,12.78697395324707,0.48341881846142226,0.4864717954396533,2.021816346301699,574.2570688073001,35.86401598548696
42.0498189498,-71.2667769939,1,0.7918552036199095,0.5617689015691869,0.11764705882352941,0.18858773181169758,0.09049773755656108,0.2122681883024251,0.0,0.019971469329529243,2.081447963800905,3.7768901569186877,68.266357421875,2.494264045850267,1.3539648465668102,8.646310747218655,60.95148654624597,56.39932456070286
42.580112388,-70.7777901884,0,0.2669683257918552,0.24251069900142652,0.05429864253393665,0.06419400855920114,0.6787330316742082,0.6867332382310984,0.0,0.006562054208273894,12.16289592760181,18.156348074179743,21.659378051757812,0.5755160689199714,1.4780015654000445,9.401592610568768,101.92932662705704,56.250506131962794
42.6176716667,-71.4921883333,0,0.6561085972850679,0.7166904422253922,0.027149321266968326,0.10898716119828816,0.19457013574660634,0.08758915834522112,0.0,0.0002853067047075606,6.153846153846154,2.2530670470756062,119.60862731933594,4.153443522648401,2.8757066719284388,15.582343976149067,23.407628992512645,31.29969876723762
42.3580998549,-71.4259031591,0,0.17647058823529413,0.1543509272467903,0.5203619909502263,0.27503566333808843,0.29411764705882354,0.5440798858773181,0.0,0.0,11.728506787330316,22.621683309557774,39.83686065673828,0.6103908469923786,1.0829761076797157,7.660027837769648,23.984061190216625,48.058760636722496
41.5858797003,-70.9355129142,1,0.0,0.013124108416547788,0.14027149321266968,0.05249643366619115,0.8597285067873304,0.5166904422253923,0.0,0.38088445078459343,10.986425339366516,13.471611982881598,11.824682235717773,1.2978634044315622,0.8828741002282006,7.250656303169029,374.8633406031172,40.91825118104098
42.2781918332,-71.1936863341,0,0.07692307692307693,0.11697574893009986,0.8054298642533937,0.5594864479315264,0.11312217194570136,0.26904422253922966,0.0,0.0456490727532097,2.497737556561086,8.027104136947218,26.829421997070312,0.10585544601447802,0.8556339115959605,5.509208873028338,22.04851177776547,481.83611448759245
42.3161485461,-71.416085948,1,0.0,0.017403708987161197,0.20361990950226244,0.037945791726105564,0.7918552036199095,0.933808844507846,0.004524886877828055,0.010841654778887305,23.918552036199095,28.08188302425107,45.5569953918457,1.0851063354419779,1.6363143386955652,7.527520921180602,1.1477009574812316,51.566390324352376
42.1788333333,-72.675665,0,0.9276018099547512,0.6758915834522111,0.07239819004524888,0.027389443651925822,0.0,0.21569186875891583,0.0,0.07189728958630527,0.0,5.195720399429387,161.8280792236328,5.024182360388265,4.33919312383684,26.19601740292525,230.89926760238342,215.92795434687355
42.3732565602,-71.2790393829,0,0.13574660633484162,0.1614835948644793,0.12217194570135746,0.10242510699001427,0.2669683257918552,0.6559201141226819,0.11312217194570136,0.0362339514978602,7.090497737556561,19.246219686162625,31.486331939697266,0.7286429068395395,2.274727780574067,10.186604360216041,70.98928531184882,320.68066178098667
42.1255195,-71.0778361667,0,0.02262443438914027,0.15406562054208273,0.18099547511312217,0.15121255349500715,0.7963800904977375,0.6944365192582026,0.0,0.0,22.380090497737555,20.411982881597716,74.4240493774414,0.42559054680532465,0.8469369467760498,4.4607960888953535,113.41120851394516,4.350847845395403
42.542930603,-71.0275115967,0,0.06334841628959276,0.02225392296718973,0.13574660633484162,0.08416547788873038,0.8009049773755657,0.8932952924393723,0.0,0.0002853067047075606,14.429864253393665,22.405991440798857,35.10027313232422,0.8120005102957026,1.2653134951830682,7.71067174410082,18.736967753696785,37.61923373871042
42.3442559592,-72.5655353476,0,0.1085972850678733,0.13209700427960058,0.4660633484162896,0.14407988587731813,0.058823529411764705,0.21911554921540657,0.0,0.0017118402282453639,0.7013574660633484,8.050784593437946,38.320411682128906,0.6921203089583813,0.6661020948288526,3.0424514157955924,55.02872375509208,444.16036259749353
41.758342,-70.498029,0,0.0,0.07075606276747504,0.14479638009049775,0.1629101283880171,0.8552036199095022,0.7300998573466476,0.0,0.03223965763195435,27.06787330316742,16.299572039942937,5.399292945861816,1.080420267166178,1.1658357814756857,7.051897365888385,83.01316532912206,7.807222271888659
42.18382,-72.68905,0,0.004524886877828055,0.18088445078459345,0.0,0.04821683309557775,0.8235294117647058,0.5717546362339515,0.167420814479638,0.18145506419400856,19.58371040723982,15.263338088445078,81.38002014160156,0.6309128915169426,1.596290250757562,10.670912717833973,130.13720774659006,12.643373028596526
42.1263598001,-71.1706468,0,0.058823529411764705,0.21398002853067047,0.02262443438914027,0.17860199714693295,0.918552036199095,0.5982881597717546,0.0,0.008559201141226819,10.81447963800905,14.047360912981455,89.94686126708984,1.823008464550244,2.0301517373335076,13.597924490824013,539.9436681951124,6.026383958847957
42.6519944444,-71.2312055556,0,0.3076923076923077,0.34978601997146935,0.1583710407239819,0.15320970042796006,0.5339366515837104,0.48245363766048505,0.0,0.0,8.16289592760181,9.150356633380884,65.0643539428711,0.4175208421193807,1.1814506672522578,6.042000684585861,84.02743978940653,31.291415454191053
41.8476341667,-71.1119177778,0,0.4117647058823529,0.2821683309557775,0.18552036199095023,0.22139800285306704,0.19909502262443438,0.39115549215406564,0.17647058823529413,0.05962910128388017,3.5972850678733033,11.23052781740371,8.191642761230469,1.052334464367979,1.1233858707251207,6.077423635394673,62.48309531981603,109.98399539978963
42.609233051,-71.2826564415,1,0.013574660633484163,0.03651925820256776,0.004524886877828055,0.2094151212553495,0.9819004524886877,0.7455064194008559,0.0,0.0002853067047075606,34.46606334841629,28.270756062767475,40.28771209716797,0.5713148030759518,0.8002579413287073,5.447145567749247,343.141868296558,99.78327181687033
41.5632574841,-70.6149510587,0,0.0,0.1355206847360913,0.02262443438914027,0.047075606276747506,0.9773755656108597,0.7660485021398002,0.0,0.04536376604850214,29.660633484162897,24.80599144079886,9.240934371948242,0.7196826916679511,1.0462195954630988,8.072988493450191,106.70423305996367,50.49374983153933
42.4451616667,-71.4919816667,1,0.4796380090497738,0.4,0.2398190045248869,0.3021398002853067,0.2669683257918552,0.1803138373751783,0.0,0.0002853067047075606,5.212669683257919,3.3406562054208275,66.0753402709961,0.3637160310610728,1.1317802320965813,5.333517089073857,219.10947965856195,1.0711996203762169
42.4044583333,-71.1851283333,1,0.38461538461538464,0.14208273894436518,0.004524886877828055,0.020827389443651926,0.6108597285067874,0.8248216833095577,0.0,0.0,9.733031674208144,18.713266761768903,76.38487243652344,0.8927469708670225,2.6458438471595565,15.469092075447067,4.480580229389482,219.6217113205058
41.993202763,-71.2397391991,0,0.13574660633484162,0.3195435092724679,0.12217194570135746,0.2738944365192582,0.7420814479638009,0.3543509272467903,0.0,0.0,14.968325791855204,8.018830242510699,42.5826530456543,0.28123478322075907,0.3723342914468642,2.060707570493289,197.77311222302052,32.866769739184605
42.256311048,-73.3511801452,0,1.0,0.9540656205420828,0.0,0.0042796005706134095,0.0,0.028530670470756064,0.0,0.0002853067047075606,0.0,0.7917261055634808,478.3677673339844,10.13940861470662,12.230075450386835,80.96576713037359,682.2088232042385,771.8741200808539
42.6533434712,-71.2781636594,0,0.0,0.09871611982881598,0.0,0.0034236804564907277,0.6787330316742082,0.7920114122681883,0.3212669683257919,0.10213980028530671,27.3710407239819,24.31012838801712,19.03130531311035,2.036452262031928,2.5052597371000527,12.452937423780133,73.24217082317507,11.865409189393723
42.0313244478,-70.9236753533,1,0.1583710407239819,0.21626248216833097,0.8416289592760181,0.3281027104136947,0.0,0.30841654778887306,0.0,0.0002853067047075606,0.0,5.957774607703281,15.286818504333496,0.14820867979644292,0.54623064973918,2.9657374842123803,0.0,353.33276533815905
42.5985319104,-72.4987432812,0,0.48868778280542985,0.6975748930099858,0.0,0.05563480741797432,0.14479638009049775,0.06619115549215407,0.3438914027149321,0.112981455064194,5.108597285067873,1.5258202567760342,81.54378509521484,4.884388511123621,5.021716566563775,22.711005091592828,105.36448683921296,7.441779394443102
41.8142849,-71.24552484,0,0.3212669683257919,0.329243937232525,0.4072398190045249,0.36405135520684734,0.22624434389140272,0.26562054208273894,0.0,0.0,2.167420814479638,5.472467902995721,23.212297439575195,1.1726675965157851,0.974630181997238,6.3122555903622155,111.35264328222546,39.22542297454441
42.4891282426,-72.4835842475,0,1.0,0.9047075606276748,0.0,0.038801711840228244,0.0,0.026818830242510697,0.0,0.0,0.0,0.2085592011412268,255.91885375976562,4.836831258658362,5.111096598439285,27.58415386052981,280.97301546935154,119.64804968633695
41.9324666581,-70.068609212,1,0.4072398190045249,0.23195435092724678,0.14479638009049775,0.11726105563480742,0.33031674208144796,0.12182596291012839,0.07692307692307693,0.41626248216833095,7.34841628959276,2.518402282453638,17.49209976196289,2.417093581571618,1.1586610386180836,7.218258367416997,179.43392225476077,121.27305682752657
42.5268117343,-71.4764177799,0,0.12669683257918551,0.5303851640513552,0.5429864253393665,0.1651925820256776,0.01809954751131222,0.1660485021398003,0.29411764705882354,0.11697574893009986,0.09954751131221719,2.3289586305278176,76.1123046875,0.7974864648611238,2.1605880109544136,9.693234316384547,0.0,306.74675068357806
42.4668225453,-72.2584692238,0,0.746606334841629,0.760342368045649,0.049773755656108594,0.12154065620542083,0.0,0.0,0.1583710407239819,0.08930099857346648,0.0,0.0,160.71530151367188,1.237725949958136,3.427037825278685,17.634936287343585,46.22443630972544,1.86715977250923
42.5394338,-71.8627928,0,0.8506787330316742,0.7035663338088445,0.01809954751131222,0.04365192582025677,0.12217194570135746,0.19514978601997146,0.00904977375565611,0.007988587731811698,1.0723981900452488,5.530670470756062,269.4910888671875,5.225815834485053,4.053552115877909,18.462288998007182,243.38485176805284,217.22331228982785
42.24547084,-73.25381859,0,0.8371040723981901,0.8630527817403709,0.16289592760180996,0.1369472182596291,0.0,0.0,0.0,0.0,0.0,0.0,536.0728149414062,3.1432378981367814,3.8823419011769693,20.595966797032148,80.52388660863804,957.859389359372
42.7626655411,-70.9458255409,0,0.3212669683257919,0.4088445078459344,0.24434389140271492,0.192867332382311,0.4343891402714932,0.3948644793152639,0.0,0.0,9.48868778280543,9.62453637660485,21.186290740966797,0.6329347642739,0.6415772791548472,3.8656654949703695,393.01439498830104,2.7385628459661606
42.46543,-71.12958617,0,0.0,0.042796005706134094,0.0,0.007703281027104137,1.0,0.9386590584878745,0.0,0.009985734664764621,45.12217194570136,41.31754636233951,10.695295333862305,1.5480909660738587,2.203993266236089,15.091967905556551,39.43309798679625,83.40417426684614
42.4160708699,-71.154877885,0,0.0,0.0011412268188302425,0.0,0.0002853067047075606,1.0,0.9178316690442225,0.0,0.07988587731811697,65.86877828054298,44.47674750356634,15.91602897644043,1.2869163610541672,1.8403962052485405,12.472753680152216,235.0634799875516,6.594264090902917
42.5927416667,-70.9511866667,0,0.0,0.0818830242510699,0.09954751131221719,0.15263908701854492,0.9004524886877828,0.6034236804564908,0.0,0.1486447931526391,26.69683257918552,16.208559201141227,24.636014938354492,2.672400511512415,1.7621818917020686,9.630824070572123,194.0118748843608,17.932541419023092
42.1473770142,-71.0626525879,0,0.0,0.08473609129814551,0.0,0.18630527817403708,1.0,0.7189728958630528,0.0,0.0,69.91402714932127,40.44108416547789,69.84041595458984,1.7108667175172394,1.2358732972724893,6.069994447367092,331.05906972513156,48.69841668802047
42.6664194444,-71.3697444444,0,0.5882352941176471,0.5235378031383737,0.4117647058823529,0.27646219686162626,0.0,0.15834522111269614,0.0,0.03281027104136947,0.0,3.774037089871612,48.559818267822266,1.1712233978346276,1.6735437950236918,10.72552139756322,1.964902423438687,44.9434374485853
42.8125501963,-70.9649862935,1,0.5248868778280543,0.4399429386590585,0.4660633484162896,0.1942938659058488,0.0,0.13152639087018544,0.0,0.11440798858773181,0.0,2.3426533523537802,7.609839916229248,2.919790401772578,2.317506821801623,14.069402058660708,3.567066348881443,414.83988365267055
42.47320333,-73.16217783,0,0.13122171945701358,0.317546362339515,0.03167420814479638,0.07475035663338088,0.8371040723981901,0.5917261055634807,0.0,0.005991440798858773,34.19004524886878,20.44821683309558,347.5350341796875,1.3884752579556248,3.4725403048774797,23.80495947980812,153.9006008202303,2.2671177311174477
42.4854694444,-72.6197805556,0,0.5746606334841629,0.33580599144079887,0.09954751131221719,0.1289586305278174,0.22624434389140272,0.2927246790299572,0.0,0.0,4.773755656108597,7.7991440798858775,63.60661697387695,0.24008002855971775,0.29468151478811183,2.1841862345205723,490.7622517506682,7.462378361521629
42.3938172393,-73.2423273325,0,0.013574660633484163,0.289586305278174,0.746606334841629,0.3805991440798859,0.10407239819004525,0.14893009985734665,0.0,0.0019971469329529245,1.918552036199095,2.164051355206847,291.305419921875,0.5796180404091074,1.859880113041849,8.777077929234306,12.129417271613534,58.575075566563136
42.1648277,-71.2503218,0,0.11312217194570136,0.15920114122681883,0.06334841628959276,0.16490727532097005,0.8235294117647058,0.6077032810271041,0.0,0.006276747503566334,18.031674208144796,14.789158345221113,49.509212493896484,1.0766250360089162,1.0201170738310474,4.927638668320777,179.89154688198596,19.841932481986372
42.0582465656,-73.3517679848,0,0.14027149321266968,0.3118402282453638,0.22624434389140272,0.23081312410841653,0.22171945701357465,0.06818830242510698,0.0,0.020827389443651926,2.7104072398190047,0.6425106990014265,203.02212524414062,1.2377999760795313,2.3138068676121524,18.03926112193674,54.5766439096472,68.33730596713613
41.9949417114,-70.0526123047,0,0.04524886877828054,0.23794579172610555,0.4434389140271493,0.1472182596291013,0.5113122171945701,0.6059914407988588,0.0,0.003708987161198288,8.723981900452488,11.956918687589159,4.4336161613464355,1.8131242545054032,1.9995115685775637,9.763263918347088,37.7628149133825,43.95975405072585
42.4511083333,-71.040825,1,0.5384615384615384,0.1797432239657632,0.1085972850678733,0.035092724679029956,0.35294117647058826,0.7674750356633381,0.0,0.015406562054208274,5.506787330316742,19.78002853067047,45.87051773071289,2.082621202925868,2.1739477652436014,8.769512493078105,0.0,136.75011791909031
42.0814290147,-71.0242132707,0,0.0,0.0,0.0,0.0,1.0,1.0,0.0,0.0,64.74660633484163,62.4679029957204,35.67322540283203,0.7482948717177408,0.7350262378440926,5.082445973353307,14.370173350120005,66.0198118759629
42.4770634268,-71.6498062187,0,0.497737556561086,0.4450784593437946,0.14027149321266968,0.17146932952924393,0.16289592760180996,0.07104136947218259,0.0,0.0002853067047075606,4.221719457013575,1.6730385164051356,81.32340240478516,1.1157936791841445,1.7692249761025074,10.39375042206259,276.179094966831,89.87662438787802
41.8534705585,-71.1769786937,0,0.6787330316742082,0.5788873038516406,0.12669683257918551,0.2653352353780314,0.004524886877828055,0.11440798858773181,0.0,0.0,0.17647058823529413,1.8008559201141228,38.59455871582031,1.5375676757718366,1.0158746333507027,6.522854270413346,188.61689474268726,651.5059790673022
42.4069723594,-71.3270992549,1,0.4479638009049774,0.3281027104136947,0.0,0.18544935805991442,0.3574660633484163,0.3238231098430813,0.0,0.005706134094151213,5.918552036199095,6.161483594864479,62.70960998535156,1.3620809681192554,1.053338983556319,5.260099862013465,0.0,33.214543172381546
42.14112827,-72.11476802,0,0.5248868778280543,0.46847360912981456,0.16289592760180996,0.10813124108416548,0.17647058823529413,0.14122681883024252,0.12217194570135746,0.249358059914408,1.7149321266968325,2.052496433666191,221.2237091064453,2.3642062800439145,2.4532790713159742,9.441724277246184,97.57025300828995,3.636139680211428
42.4137166667,-71.314545,1,0.4343891402714932,0.39743223965763197,0.3936651583710407,0.3064194008559201,0.12669683257918551,0.24593437945791727,0.04524886877828054,0.02368045649072753,2.167420814479638,4.58830242510699,53.25515365600586,0.8738603330267425,1.2657731966463488,7.224282118316719,0.0,178.22234507554214
42.36749667,-71.02351383,0,0.0,0.0,0.0,0.003138373751783167,1.0,0.9378031383737517,0.0,0.05905848787446505,88.47963800904978,79.14094151212554,3.6731090545654297,0.18093541853696607,0.28582217101598584,1.4501243269064044,420.68316704390594,60.444665392109776
42.5695447864,-71.149238046,0,0.0,0.013694721825962911,0.0,0.1788873038516405,1.0,0.8074179743223966,0.0,0.0,37.55656108597285,24.889300998573468,30.89652442932129,0.8203146323713771,0.6667610168577329,3.0321460004022955,302.24289567672133,76.59849972285362
42.4901037692,-71.3669322552,1,0.7601809954751131,0.4738944365192582,0.19457013574660634,0.2616262482168331,0.0,0.14379457917261054,0.03619909502262444,0.033095577746077035,0.0,2.4975748930099857,60.585845947265625,1.1087252589906977,1.3697156080672481,9.114792743304942,171.78652083409494,380.9503622294466
42.3907583333,-71.4892972222,1,0.751131221719457,0.41797432239657634,0.10407239819004525,0.09728958630527818,0.14479638009049775,0.30699001426533523,0.0,0.16490727532097005,2.0452488687782804,7.914122681883025,60.61164474487305,1.251968063009851,0.8263111641779178,3.9771501200129804,22.539537354967823,109.46607457860001
41.5589971899,-70.6296782198,1,0.8235294117647058,0.4793152639087018,0.013574660633484163,0.014265335235378032,0.16289592760180996,0.5027104136947218,0.0,0.003708987161198288,3.262443438914027,13.555206847360912,36.54289245605469,1.0987189484486535,1.3896697755876601,9.83732428315694,234.92184898172923,134.30237653090944
42.3791966667,-72.5222783333,0,0.0,0.025392296718972897,0.0,0.0028530670470756064,1.0,0.9717546362339515,0.0,0.0,27.76923076923077,29.979743223965762,89.7042007446289,1.5183082254204434,2.174960134106631,15.17235520334318,887.1963506842026,5.014914921989583
42.2103611111,-71.0924694444,1,0.8280542986425339,0.672753209700428,0.13122171945701358,0.10756062767475036,0.027149321266968326,0.1629101283880171,0.0,0.029386590584878743,0.5475113122171946,4.950641940085592,61.20726776123047,2.894469859983736,3.5772605386733964,23.2950694582971,144.5711335453215,280.50625213370256
42.404968,-71.171177,0,0.0,0.012553495007132667,0.0,0.0,1.0,0.9726105563480741,0.0,0.014835948644793153,25.1131221719457,30.40342368045649,41.57875442504883,3.9940023185338527,2.7122786456171086,25.60241172646354,485.7096415725266,37.02458730055397
42.5893133333,-70.8988716667,0,0.9728506787330317,0.2904422253922967,0.0,0.09215406562054208,0.0,0.3275320970042796,0.0,0.24764621968616263,0.0,6.920399429386591,35.048675537109375,2.6254807066477124,1.4250151108579818,7.598638323635294,296.8617140145716,439.6178890335444
41.7753243141,-70.4949357736,0,0.0,0.013124108416547788,0.1583710407239819,0.05791726105563481,0.03619909502262444,0.31554921540656206,0.7239819004524887,0.5061340941512126,1.1538461538461537,13.918972895863053,0.32301759719848633,0.6560216346359664,0.6421140986409386,3.720761929051656,0.0,53.378586493993986
42.099899919,-70.932292544,1,0.21266968325791855,0.12696148359486448,0.4253393665158371,0.35748930099857346,0.29411764705882354,0.5027104136947218,0.0,0.0005706134094151213,7.389140271493213,13.4490727532097,26.55146026611328,0.5983714178388596,0.6859765139735747,5.019536768097428,33.623572275018276,99.56761304576011
42.473205,-71.941925,0,0.5520361990950227,0.47902995720399427,0.4479638009049774,0.37375178316690444,0.0,0.10328102710413695,0.0,0.026818830242510697,0.0,1.3340941512125535,289.9132385253906,1.0598172095057894,1.929370806491778,10.48584590684187,29.259955073792682,495.22134700499277
42.2770387522,-73.3171825658,0,0.004524886877828055,0.16918687589158346,0.46153846153846156,0.3728958630527817,0.3167420814479638,0.3549215406562054,0.0,0.0002853067047075606,7.3710407239819,6.546932952924394,250.80165100097656,0.3588982177627998,1.9304137873523746,14.385362185876003,158.00826053453727,16.77818031094205
42.2297299805,-71.1741874516,0,0.0,0.003138373751783167,0.06787330316742081,0.12011412268188303,0.9321266968325792,0.8442225392296719,0.0,0.03252496433666191,63.58371040723982,47.94607703281027,28.916175842285156,0.3563488508204577,0.8988741408758378,3.6812992565592912,214.87388582587928,42.938717450116386
42.1084666667,-70.7472216667,0,0.17647058823529413,0.19914407988587732,0.0,0.051069900142653356,0.8235294117647058,0.7112696148359486,0.0,0.0034236804564907277,38.61085972850679,31.546932952924394,31.98196029663086,0.30799148946082494,0.8102506159720968,3.1371648643219454,556.8981757082529,29.35200117931305
42.3911283333,-71.0883638333,0,0.0,0.0,0.0,0.0011412268188302425,1.0,0.9669044222539229,0.0,0.03195435092724679,68.44796380090497,74.48388017118403,3.3458313941955566,0.7095035136992428,1.1486585480656928,7.762380755327352,50.13779454029193,86.58926859000333
42.2648116667,-71.613275,0,0.0,0.07817403708987161,0.0,0.1754636233951498,1.0,0.7429386590584879,0.0,0.0014265335235378032,35.18099547511312,26.01854493580599,92.05953216552734,0.6526489955826835,1.5024691931698313,11.835499112019775,213.04482563912092,5.981212828267757
42.40663,-71.2473533333,0,0.0,0.010556348074179744,0.049773755656108594,0.025962910128388018,0.9502262443438914,0.9164051355206847,0.0,0.047075606276747506,47.60180995475113,40.54978601997147,66.12432098388672,1.3450417709714768,1.8274322867868138,7.0418651761471045,134.16560617037928,18.317609007094294
41.73253946,-70.9280984636,1,0.665158371040724,0.5480741797432239,0.004524886877828055,0.2550641940085592,0.33031674208144796,0.18972895863052783,0.0,0.0,7.289592760180995,4.993152639087018,35.728553771972656,0.8353014882061918,0.693709732947491,4.478461486266718,398.68711138978847,9.478767676594693
42.6652648766,-71.8949090224,0,0.36199095022624433,0.48359486447931527,0.03167420814479638,0.13723252496433666,0.29411764705882354,0.15263908701854492,0.29411764705882354,0.21055634807417975,5.796380090497737,2.6927246790299573,344.5617980957031,1.4292128044347316,2.2852173502656785,12.4825259137653,16.12340841408796,13.017259642061811
42.2867166667,-71.1606055556,0,0.0,0.0042796005706134095,0.0,0.0011412268188302425,1.0,0.9945791726105564,0.0,0.0,41.01809954751131,49.53352353780314,60.488609313964844,2.48778478959985,1.5532780994301547,8.103495535884223,988.2040921929029,5.710188281352332
42.3409582997,-72.2708254,0,0.832579185520362,0.887018544935806,0.167420814479638,0.10156918687589159,0.0,0.0019971469329529245,0.0,0.0025677603423680455,0.0,0.007132667617689016,271.0062255859375,2.452871074025909,4.329310938783686,23.768830696453804,72.47324764856506,116.15108554264992
42.6313603683,-70.623656257,0,0.6787330316742082,0.41198288159771757,0.08597285067873303,0.11269614835948645,0.23529411764705882,0.27360912981455066,0.0,0.14094151212553496,3.737556561085973,7.082738944365192,19.84710693359375,2.6590419476719123,1.7722892545780546,12.625991741889276,235.05334954438717,72.58215725211058
42.4965871754,-71.3647336849,1,0.4751131221719457,0.527246790299572,0.19004524886877827,0.21540656205420827,0.14027149321266968,0.1746077032810271,0.19004524886877827,0.029386590584878743,4.67420814479638,3.533238231098431,56.199485778808594,1.4273664702868922,1.3673984164031123,10.456976949961277,8.563135592352445,209.65782658689872
42.0952229228,-71.3879858459,1,0.02262443438914027,0.18659058487874466,0.0,0.08901569186875892,0.9773755656108597,0.6975748930099858,0.0,0.026248216833095576,22.782805429864254,15.171184022824537,100.452880859375,2.3418162942952274,1.8543360228909114,9.243602432597097,293.8524779586609,57.02632799110591
41.5455966667,-70.6308966667,0,0.11764705882352941,0.07845934379457917,0.13574660633484162,0.06961483594864479,0.5565610859728507,0.5309557774607703,0.167420814479638,0.27303851640513555,7.67420814479638,9.838801711840228,2.788182497024536,1.425881978496939,0.8351842588966781,6.29144665720282,34.110296537763105,71.09046316103547
42.3103099328,-72.616576301,0,0.04072398190045249,0.024536376604850214,0.027149321266968326,0.11497860199714693,0.20361990950226244,0.3312410841654779,0.004524886877828055,0.020542082738944364,7.597285067873303,13.11469329529244,34.3569221496582,0.18499731830911426,0.28424154642921695,1.220604870467442,338.2809958815944,0.9304731696523068
42.767036438,-71.0341720581,0,0.0,0.07303851640513552,0.00904977375565611,0.009985734664764621,0.6923076923076923,0.7783166904422254,0.2986425339366516,0.12667617689015692,31.29864253393665,26.867332382310984,2.127915620803833,1.210898303663714,2.1270895082825314,11.78721031941102,29.758250627480688,26.560227331483027
42.5939340232,-71.5877502202,0,0.3212669683257919,0.4912981455064194,0.0,0.056776034236804565,0.5972850678733032,0.17917261055634806,0.0,0.0048502139800285305,12.099547511312217,3.9957203994293864,95.91727447509766,2.113884919539204,1.829295075471649,12.428825161530831,698.4402424755053,12.325389058671608
42.3202047,-71.303120619,1,0.1085972850678733,0.09500713266761769,0.0,0.030242510699001426,0.8914027149321267,0.8718972895863053,0.0,0.0002853067047075606,12.167420814479637,13.797717546362339,70.40628051757812,0.8027833626893819,1.5937962522236613,11.858686415629318,130.73845450807408,100.54495354455385
41.676554955,-69.949117776,0,0.0,0.0,0.01809954751131222,0.029101283880171185,0.8778280542986425,0.42339514978602,0.013574660633484163,0.3942938659058488,26.28054298642534,12.347788873038516,5.091055393218994,0.9595979463622576,0.7478989767384533,4.136025663212137,126.09322840283286,5.547171760064237
41.3300812692,-70.7855274162,0,0.3076923076923077,0.3106990014265335,0.3755656108597285,0.1674750356633381,0.1583710407239819,0.0912981455064194,0.12217194570135746,0.3252496433666191,1.9773755656108598,1.143509272467903,5.312295913696289,1.3475124578443358,1.410952283264792,9.349108736241288,3.1300140227959337,12.506585741967829
42.1426537515,-72.4513539193,0,0.755656108597285,0.36690442225392295,0.11764705882352941,0.10813124108416548,0.12669683257918551,0.4624821683309558,0.0,0.0,1.909502262443439,12.790584878744651,77.7528076171875,1.1253596459943755,1.3914021160405112,10.191201059089277,100.69852109646153,147.12001534661403
42.2890054695,-71.2259417037,0,0.0,0.003138373751783167,0.0,0.0,1.0,0.9960057061340941,0.0,0.0008559201141226819,24.43438914027149,34.1432239657632,65.98882293701172,2.250397333765074,1.88164593621108,8.650837789788737,989.4763120547674,6.369300286448194
42.40586507,-72.52948496,0,0.004524886877828055,0.10898716119828816,0.0,0.0964336661911555,0.9230769230769231,0.5449358059914408,0.0,0.0002853067047075606,30.72398190045249,17.111840228245363,57.50144958496094,1.7923412901026399,1.384942584291974,12.797610488214193,173.89545216715126,22.679444419909036
42.6677249941,-70.6182523551,0,0.0,0.04621968616262482,0.004524886877828055,0.017974322396576318,0.0,0.22510699001426535,0.995475113122172,0.6912981455064194,0.0,7.829671897289586,-0.14073769748210907,0.12290891324909259,1.2853327238170007,11.00582048276902,0.0,253.45060928963642
42.8125281729,-70.9650091572,1,0.5248868778280543,0.4399429386590585,0.4660633484162896,0.1942938659058488,0.0,0.13152639087018544,0.0,0.11440798858773181,0.0,2.3426533523537802,7.609839916229248,2.919790401772578,2.317506821801623,14.069402058660708,6.115108398495312,417.87059555039144
41.6346154974,-70.9233787342,0,0.0,0.0,0.0,0.0,1.0,0.7865905848787447,0.0,0.21340941512125536,86.38009049773756,59.94693295292439,8.81380558013916,1.9152317052954517,1.1266162468698027,11.632069422198214,194.27681588782298,1.197236004851621
42.5000840938,-72.6991778613,1,0.40271493212669685,0.7135520684736091,0.167420814479638,0.023395149786019972,0.18552036199095023,0.1312410841654779,0.004524886877828055,0.0017118402282453639,2.0452488687782804,2.1922967189728957,192.98037719726562,2.9181301953645873,6.254420578553706,35.796038254884046,69.32183805898507,42.95023865496914
42.3252234239,-72.5389599948,1,0.6289592760180995,0.4316690442225392,0.14479638009049775,0.08616262482168331,0.08144796380090498,0.21055634807417975,0.0,0.0025677603423680455,2.484162895927602,6.397432239657632,70.98023986816406,1.2278203050873313,1.695051323665435,11.19302317462404,197.7863473117436,216.49593668624433
41.7409233436,-70.6242693024,0,0.0,0.0,0.05429864253393665,0.007132667617689016,0.7285067873303167,0.4456490727532097,0.15384615384615385,0.5255349500713267,45.502262443438916,21.69928673323823,2.7590725421905518,0.46814459597549113,0.43884088822988093,1.9794322817687293,26.604098706784626,8.480491663990165
41.8276565001,-70.6287201105,0,0.3076923076923077,0.41398002853067045,0.248868778280543,0.06533523537803139,0.16289592760180996,0.30813124108416545,0.0,0.10014265335235378,4.108597285067873,11.05021398002853,18.399211883544922,1.5683860549410462,1.388632531157861,6.680361786736118,16.823303976452774,202.1207511279004
42.18556348,-71.01341619,1,0.07239819004524888,0.10613409415121255,0.31221719457013575,0.2419400855920114,0.6153846153846154,0.5708987161198288,0.0,0.07902995720399429,25.665158371040725,17.131241084165477,35.52470779418945,0.879893138360931,0.9830286096338993,6.9851006021152635,68.01481217195597,260.0339767173528
42.420805,-72.2303,0,0.502262443438914,0.7283880171184023,0.4660633484162896,0.15378031383737517,0.027149321266968326,0.0048502139800285305,0.0,0.09044222539229672,0.22624434389140272,0.04108416547788873,164.50668334960938,1.0802434258040359,2.171850783177566,13.716709384683545,72.57721632857468,5.550487466781612
42.2811804247,-72.3440377136,0,0.4796380090497738,0.4527817403708987,0.0,0.07132667617689016,0.09954751131221719,0.09557774607703282,0.14479638009049775,0.3035663338088445,2.746606334841629,1.7283880171184023,149.9563446044922,4.651428910910893,2.5520968985212042,16.212854463586382,113.59936598280366,62.7524996528773
42.2282916667,-72.1868533333,0,0.4253393665158371,0.6345221112696149,0.31221719457013575,0.20342368045649073,0.248868778280543,0.09386590584878744,0.0,0.0005706134094151213,1.3665158371040724,1.8054208273894436,200.37368774414062,2.3946797100231847,3.2521820330426454,21.620410927285235,196.7066498186256,19.791922594410824
42.5069235354,-71.5295579724,0,0.3031674208144796,0.3780313837375178,0.5565610859728507,0.22082738944365193,0.05429864253393665,0.20627674750356634,0.0,0.0005706134094151213,0.7058823529411765,5.360912981455064,74.44853210449219,3.083256578911732,2.565266792139025,19.225029681272403,0.0,224.45509303418487
42.0449221667,-70.6930616667,0,0.3076923076923077,0.3520684736091298,0.004524886877828055,0.12410841654778887,0.583710407239819,0.5092724679029957,0.0,0.0025677603423680455,6.271493212669683,7.358059914407988,15.615705490112305,1.2850066701968361,1.166769577181547,5.9244653273366845,51.45940407431983,35.64938035546294
42.3887666667,-71.149505,0,0.10407239819004525,0.018544935805991442,0.013574660633484163,0.024821683309557776,0.669683257918552,0.7554921540656205,0.2081447963800905,0.19971469329529243,28.782805429864254,41.62111269614836,4.1369757652282715,0.31311145024440123,0.631513803259233,3.1975451118802916,60.300811517480405,56.06216877643088
42.5911305556,-72.4833444444,0,0.5339366515837104,0.6813124108416547,0.0,0.04079885877318117,0.3665158371040724,0.21968616262482168,0.0,0.0,9.710407239819004,5.996861626248217,95.94548034667969,3.2387107587081188,5.169351560691837,43.84654230865548,152.56453568979182,89.93884868581699
42.342005,-71.16577783,0,0.0,0.0,0.0,0.0,0.995475113122172,0.9386590584878745,0.004524886877828055,0.06048502139800285,44.7420814479638,42.49586305278174,38.28010940551758,2.7880074350704716,2.7359375780496444,15.761811516190509,230.86988808182718,1.769180179499642
42.6437081556,-70.6278194489,1,0.35294117647058826,0.5446504992867333,0.2895927601809955,0.16975748930099857,0.23076923076923078,0.19543509272467904,0.11312217194570136,0.07132667617689016,11.389140271493213,6.11811697574893,32.73365783691406,2.582606351837514,1.9265500868437833,6.256643689249721,0.0,98.63579064526037
42.0998659246,-70.9345511976,1,0.18099547511312217,0.12296718972895863,0.5927601809954751,0.38145506419400854,0.21266968325791855,0.4815977175463623,0.0,0.0017118402282453639,7.552036199095022,12.723823109843082,23.78694725036621,0.38653969198714017,0.7485393141855663,4.381481854760095,42.850477243320356,164.00661889137848
42.4451617739,-70.9889812553,0,0.0,0.0,0.167420814479638,0.30756062767475034,0.8009049773755657,0.4992867332382311,0.0,0.03680456490727532,36.52036199095023,24.73808844507846,2.32211971282959,0.15710454573859461,0.9569941572137747,5.03028509529929,45.34612939517721,17.269293597963532
42.3084446431,-71.7433610626,0,0.7058823529411765,0.32439372325249644,0.04524886877828054,0.13808844507845935,0.24434389140271492,0.42567760342368044,0.0,0.05449358059914408,5.923076923076923,10.759771754636233,160.9414825439453,3.6335961259453313,2.842363819709777,18.26040206072909,439.9051557945491,170.0769309049582
41.5210433333,-71.02795,0,0.027149321266968326,0.22853067047075606,0.12669683257918551,0.33523537803138376,0.6334841628959276,0.12268188302425106,0.0,0.0068473609129814554,23.710407239819006,3.1529243937232523,12.835082054138184,1.5405827572471178,1.194686182814905,5.568776475456883,222.72958804276237,15.751246417538944
42.1366721667,-70.83757,0,0.1085972850678733,0.15378031383737517,0.25339366515837103,0.3181169757489301,0.6334841628959276,0.5252496433666192,0.0,0.0,30.520361990950228,20.094151212553495,24.218608856201172,1.9998447365744196,1.1467639941276726,7.110147758043652,224.2680685646571,23.98463988598122
42.70807167,-71.08866117,0,0.0,0.24764621968616263,0.0,0.04365192582025677,1.0,0.3594864479315264,0.0,0.28530670470756064,18.217194570135746,5.52867332382311,60.93790054321289,1.3715034621444562,2.1286810522248087,12.904730563549487,225.3497524220339,14.629571903752568
42.6463882206,-71.1264850572,1,0.23529411764705882,0.2767475035663338,0.03619909502262444,0.13580599144079886,0.7285067873303167,0.5843081312410842,0.0,0.0025677603423680455,11.352941176470589,12.72753209700428,79.13836669921875,1.0705806537693932,1.35213228691684,7.68909689015301,190.92413670440385,31.295592524161997
42.61066167,-71.13829167,0,0.4117647058823529,0.4205420827389444,0.08144796380090498,0.17004279600570613,0.31221719457013575,0.3095577746077033,0.18552036199095023,0.09500713266761769,4.221719457013575,5.128958630527817,27.382387161254883,0.7360572910518001,1.508239823918188,9.81288462501701,11.539107464291263,25.485844842550936
41.70538667,-70.25254667,0,0.004524886877828055,0.15092724679029956,0.02262443438914027,0.3332382310984308,0.9728506787330317,0.45991440798858774,0.0,0.05306704707560628,13.271493212669684,6.944365192582025,8.754602432250977,1.2765649917738509,0.8060485767733836,5.41511390487905,207.08564103743072,44.4666111585111
42.29424537,-71.13257646,0,0.0,0.10328102710413695,0.0,0.011126961483594865,1.0,0.8850213980028531,0.0,0.0005706134094151213,31.58823529411765,36.82910128388017,38.20099639892578,1.5529518799354687,2.2050137404472,13.205534046186015,75.02753077686492,54.76047670367765
41.727895,-70.5172716667,0,0.4796380090497738,0.8747503566333809,0.0,0.0002853067047075606,0.0,0.06419400855920114,0.0,0.0,0.0,1.4676176890156918,60.07841491699219,0.38399686361148944,0.8788130372425162,4.024078882891298,336.4404853251847,388.9106536580652
42.3289920499,-71.1049294885,1,0.0,0.0042796005706134095,0.0,0.0,1.0,0.9874465049928673,0.0,0.008273894436519259,52.42986425339367,66.1358059914408,48.62305450439453,4.250887001694426,2.404471151700216,11.210594636119536,656.2997946294836,66.11257662436958
42.6301383333,-71.1474,0,0.2398190045248869,0.3534950071326676,0.03167420814479638,0.11041369472182597,0.7194570135746606,0.46219686162624823,0.0,0.04051355206847361,14.040723981900452,9.465620542082739,38.47386932373047,1.5361851112008895,1.837718940347429,12.483265301582586,236.49387756027954,6.2135615577603325
42.6164034483,-72.700076331,0,0.2850678733031674,0.5380884450784593,0.13122171945701358,0.0673323823109843,0.14479638009049775,0.09900142653352353,0.0,0.0,1.3936651583710407,1.0927246790299572,382.416015625,3.7830858034113666,4.71557149507494,37.54472566005652,21.391358986688566,11.501918523726596
42.4186947833,-72.4016720536,0,0.9004524886877828,0.9412268188302425,0.004524886877828055,0.020827389443651926,0.09502262443438914,0.03452211126961484,0.0,0.0,0.9411764705882353,0.23052781740370898,305.0180358886719,4.896172907830651,4.7749066758972045,37.64392577530291,283.17944175454255,179.3703828141049
42.4052305556,-71.6845361111,0,0.06787330316742081,0.24108416547788872,0.0,0.0456490727532097,0.746606334841629,0.48958630527817404,0.17647058823529413,0.18659058487874466,14.158371040723981,17.18573466476462,102.68668365478516,5.83149288662274,3.32222501468007,14.626823259721657,39.42703612203818,35.035493020091664
41.6633222222,-70.3616027778,0,0.0,0.020542082738944364,0.0,0.029101283880171185,1.0,0.9503566333808845,0.0,0.0,25.728506787330318,22.752639087018544,16.17601776123047,0.34129034104244443,0.49699481232027,2.929467944881243,396.3654788465611,22.507549354785265
42.1938466667,-70.8916033333,0,0.058823529411764705,0.1346647646219686,0.0,0.14293865905848788,0.9411764705882353,0.7223965763195435,0.0,0.0,19.959276018099548,11.496148359486448,30.400230407714844,1.4519321673251855,1.0271966272331257,7.803597986888009,111.66104003296448,31.93437707574109
42.0615426263,-71.6761845165,0,0.8733031674208145,0.6262482168330956,0.1085972850678733,0.12639087018544937,0.01809954751131222,0.23395149786019973,0.0,0.0,0.2850678733031674,7.386875891583452,139.7711639404297,1.961682816971732,1.8507507078440704,6.9369344535937625,66.49147490218603,284.8656615999789
42.8010753563,-70.9648025513,1,0.9004524886877828,0.5814550641940086,0.0,0.11925820256776035,0.0,0.14122681883024252,0.0,0.019971469329529243,0.0,2.138088445078459,26.116992950439453,3.627057759679529,2.752854545402556,12.262464871448019,356.52646775204516,250.5649023260161
42.2343333333,-70.8768305556,1,0.02262443438914027,0.08416547788873038,0.0,0.14151212553495007,0.9773755656108597,0.766904422253923,0.0,0.0,21.063348416289593,13.75663338088445,13.857747077941895,1.0686177321755972,1.066947713668122,4.9232819326610775,258.90848363840246,7.929201202298225
42.408,-71.3075166667,1,0.669683257918552,0.5061340941512126,0.23076923076923078,0.24821683309557774,0.07239819004524888,0.17032810271041368,0.0,0.026818830242510697,1.9592760180995474,2.17546362339515,52.51261901855469,0.8963244763701971,1.2361817453791943,5.2867412355919265,17.405036731129066,191.7077341319331
42.3594071696,-71.1669811378,0,0.0,0.0,0.0,0.0008559201141226819,0.7104072398190046,0.9469329529243937,0.2895927601809955,0.0522111269614836,33.12217194570136,56.58459343794579,1.4185492992401123,1.444254580282213,1.6170282750078964,8.617692912557136,33.02400396910225,160.55314081213072
42.6013361111,-71.4166111111,0,0.2398190045248869,0.28587731811697575,0.02262443438914027,0.10756062767475036,0.7375565610859729,0.5706134094151213,0.0,0.0008559201141226819,9.520361990950226,9.05734664764622,57.45093536376953,3.861388315927964,2.33097269132454,17.032397000515502,237.19667305482736,44.075966416740464
42.1676623265,-71.6852183975,0,0.3891402714932127,0.5098430813124109,0.013574660633484163,0.1360912981455064,0.5972850678733032,0.34750356633380886,0.0,0.0,19.53846153846154,9.632524964336662,108.12354278564453,3.832370680575782,2.9257300067426635,25.980254039596293,110.78664601141485,47.245109258720554
42.49267,-71.8947216667,0,0.9321266968325792,0.9480741797432239,0.0,0.0,0.058823529411764705,0.04621968616262482,0.0,0.0,0.4253393665158371,0.34065620542082736,511.3888854980469,6.288566352612332,9.896356555654535,54.05538890556969,70.34375738726752,32.28983296399142
42.0862208773,-71.5694507026,0,0.8642533936651584,0.5977175463623395,0.11764705882352941,0.16633380884450785,0.013574660633484163,0.181169757489301,0.0,0.030242510699001426,0.049773755656108594,2.6944365192582027,140.83250427246094,2.864440649127236,1.7502597540506537,6.456310668295517,88.08179639459195,387.5464828124869
42.3673607086,-71.2467665762,0,0.0,0.014835948644793153,0.08144796380090498,0.012268188302425107,0.8371040723981901,0.9055634807417974,0.08144796380090498,0.06619115549215407,34.38914027149321,49.444793152639086,20.998205184936523,1.6600095687761316,1.5718570491532826,10.609446662889228,74.67889747634327,11.720832398994432
42.4138194333,-72.1962912694,0,1.0,0.8972895863052782,0.0,0.05563480741797432,0.0,0.011697574893009986,0.0,0.0,0.0,0.07075606276747504,274.92578125,3.7970377593724,4.212753937434534,33.074331998331004,183.78891386103575,312.3241972860344
42.3637018392,-71.9893209008,0,0.24434389140271492,0.6222539229671897,0.3891402714932127,0.11241084165477888,0.08597285067873303,0.11212553495007133,0.27149321266968324,0.07475035663338088,1.4660633484162895,1.902710413694722,257.67205810546875,2.1408559787474797,3.4156791679122844,20.742444710466124,0.0,27.787045642553547
41.3105641253,-70.2719406059,0,0.0,0.003138373751783167,0.004524886877828055,0.023395149786019972,0.0,0.0,0.6199095022624435,0.7968616262482169,0.0,0.0,-1.2361856698989868,0.26440043290687076,0.36584701255212176,1.9091373837028915,0.0,399.0161051823394
42.2013561245,-70.8446358517,1,0.7828054298642534,0.7940085592011412,0.0,0.15691868758915833,0.20361990950226244,0.046790299572039944,0.0,0.0014265335235378032,3.7058823529411766,0.47275320970042795,42.509090423583984,1.7143480085375404,1.2280344138562524,7.681169148694268,460.0507418296067,10.139369908944811
41.2994444,-70.0054891,0,0.167420814479638,0.10784593437945791,0.3891402714932127,0.4122681883024251,0.2669683257918552,0.2268188302425107,0.0,0.07475035663338088,3.3710407239819005,3.48188302425107,4.615973472595215,0.6067507410113285,0.5043842960484337,3.6615702013141282,48.54908722215738,9.804941645470333
42.8125452918,-70.9649804356,1,0.5248868778280543,0.4399429386590585,0.4660633484162896,0.1942938659058488,0.0,0.13152639087018544,0.0,0.11440798858773181,0.0,2.3426533523537802,7.609839916229248,2.919790401772578,2.317506821801623,14.069402058660708,3.2611145816453346,415.1192053517513
42.595825,-72.2169916667,0,0.4117647058823529,0.32268188302425105,0.0,0.029386590584878743,0.583710407239819,0.6413694721825963,0.004524886877828055,0.0034236804564907277,15.312217194570136,23.848216833095577,185.04934692382812,3.737034494148157,4.331952125042466,28.296588443963063,35.982961334653154,60.0319165662577
42.7135916667,-73.2053083333,0,0.0,0.05734664764621969,0.0,0.029386590584878743,1.0,0.8955777460770328,0.0,0.0,47.49321266968326,25.01597717546362,215.1693878173828,1.286728329120229,1.8195966164976742,10.412299628913487,555.5097536167893,34.33781142459272
42.3462468841,-71.5583642945,0,0.0,0.021398002853067047,0.0,0.011126961483594865,1.0,0.9378031383737517,0.0,0.029671897289586305,63.02714932126697,40.52125534950071,151.6599884033203,2.424885024043926,2.6689782049831896,12.29866245935854,753.5282045080521,14.766067284781014
42.0959321041,-72.5946335338,0,0.0,0.0011412268188302425,0.0,0.026248216833095576,0.5475113122171946,0.7680456490727532,0.45248868778280543,0.20342368045649073,35.13574660633484,52.9660485021398,15.546517372131348,1.107710960437202,1.0761152068355586,4.780730790291919,28.006967328693445,15.588214156740003
42.0650657701,-71.8260983978,0,0.8778280542986425,0.9358059914407989,0.12217194570135746,0.035092724679029956,0.0,0.0282453637660485,0.0,0.0,0.0,0.5112696148359487,254.68299865722656,2.69042378281557,2.7751661059269845,17.48450478922882,0.0,750.5614439753051
42.5371425832,-71.5009211843,0,0.11312217194570136,0.22196861626248215,0.02262443438914027,0.06504992867332382,0.6153846153846154,0.6761768901569187,0.23076923076923078,0.03252496433666191,11.805429864253394,18.063623395149786,67.44705963134766,0.3711169102567801,1.2612782904536548,7.484614005760905,94.01385312052355,36.86725898541149
42.0742815595,-71.5554519266,0,0.5294117647058824,0.7052781740370899,0.21266968325791855,0.09500713266761769,0.2579185520361991,0.14065620542082738,0.0,0.002282453637660485,3.7149321266968327,2.2861626248216833,127.83149719238281,0.8976469656054957,2.284069029029525,9.157687834062342,62.68395798993323,90.69165345742394
42.6511845264,-70.8429489643,0,0.09049773755656108,0.1520684736091298,0.42081447963800905,0.3118402282453638,0.248868778280543,0.19258202567760344,0.0,0.0008559201141226819,5.407239819004525,3.703851640513552,7.490622520446777,0.26730460443878257,0.6979626430266304,2.6150859541744764,50.25459619997863,20.782868346031933
41.9675966667,-70.8470083333,0,0.2579185520361991,0.2085592011412268,0.11312217194570136,0.3549215406562054,0.14027149321266968,0.07047075606276748,0.0,0.012268188302425107,1.8642533936651584,1.1617689015691868,14.939711570739746,0.6811719461330837,0.37832812827003104,1.7615120142243252,205.67609345377076,3.6070431135965446
42.4642533333,-71.32824,0,0.14027149321266968,0.10727532097004279,0.39819004524886875,0.1971469329529244,0.4253393665158371,0.5914407988587732,0.0,0.0,10.619909502262443,11.084736091298145,41.49753952026367,0.5385365002445472,0.8131050836619469,4.4732337302017156,35.347884468803045,204.3702071120921
42.0797508078,-70.6779557594,0,0.1493212669683258,0.10128388017118402,0.2986425339366516,0.2833095577746077,0.5067873303167421,0.566904422253923,0.04524886877828054,0.008559201141226819,9.850678733031675,10.896148359486448,4.601356029510498,0.8155613785464423,1.183198278071923,7.306402775597429,81.26835749264087,103.6011624098393
42.4138532679,-71.0528161749,0,0.0,0.0,0.0,0.0,1.0,1.0,0.0,0.0,73.710407239819,70.06647646219686,34.59162521362305,1.0754479959297425,1.8442398356382952,8.072694601205878,1372.0122139961193,20.940527829386053
42.0631331211,-70.2165788412,0,0.0,0.07303851640513552,0.16289592760180996,0.2268188302425107,0.03167420814479638,0.018830242510699,0.0,0.0002853067047075606,0.7149321266968326,0.3666191155492154,2.276494264602661,1.1393579894497299,1.0319163910412232,4.457089703362674,666.2984740250022,7.67703733917716
42.37489,-72.2425883333,0,0.7601809954751131,0.6633380884450785,0.22624434389140272,0.10156918687589159,0.013574660633484163,0.011412268188302425,0.0,0.1101283880171184,0.167420814479638,0.08131241084165478,182.3323974609375,2.260928025911133,2.745659699786608,20.382498845919596,29.113209699165633,160.78069592174717
42.1822166667,-71.4429033333,1,0.3076923076923077,0.3905848787446505,0.19457013574660634,0.1934379457917261,0.497737556561086,0.41055634807417973,0.0,0.0,9.28054298642534,12.404850213980028,74.79003143310547,0.9851694335965535,1.2636336974550912,8.181053344903878,28.288602660310946,72.93020905432118
42.0610274594,-70.1724552959,1,0.24434389140271492,0.15891583452211128,0.1583710407239819,0.10784593437945791,0.5701357466063348,0.29386590584878747,0.0,0.30699001426533523,22.307692307692307,11.294151212553494,3.912229061126709,0.5436713826901036,0.6564837715176215,4.32811337195,111.7412304974043,30.09382940630553
41.5775094,-70.5279111,0,0.0,0.05620542082738944,0.04072398190045249,0.07503566333808845,0.5429864253393665,0.5138373751783167,0.3891402714932127,0.34236804564907275,12.081447963800905,12.962910128388017,5.166136264801025,0.7454704013236114,0.5424092809044271,3.273143651992526,28.960774306129863,47.449154645339135
42.3944911547,-71.2305231807,0,0.3257918552036199,0.2102710413694722,0.049773755656108594,0.02653352353780314,0.6244343891402715,0.7629101283880171,0.0,0.0,28.669683257918553,26.763195435092726,57.3355598449707,2.4330327344772953,2.8146242857656607,17.363777028270533,276.2733932654099,0.8139677310441489
41.8189157162,-69.9596900836,0,0.0,0.03366619115549215,0.46153846153846156,0.5015691868758916,0.027149321266968326,0.16547788873038516,0.24434389140271492,0.25049928673323824,0.29411764705882354,3.466476462196862,1.4549247026443481,0.7778735318651561,0.4934900822459755,2.7022649602953908,11.259238762726671,95.95404988299977
42.4106216667,-71.6904216667,0,0.0,0.08131241084165478,0.0,0.013124108416547788,1.0,0.7295292439372325,0.0,0.1609129814550642,33.37556561085973,28.70413694721826,143.8607635498047,3.6181003650302097,3.272852350426171,14.604908561959757,182.2529619837761,51.15717003091442
42.20525,-71.1355138333,0,0.004524886877828055,0.25848787446504995,0.17194570135746606,0.25962910128388017,0.8235294117647058,0.47617689015691866,0.0,0.0,43.081447963800905,17.316119828815978,20.841960906982422,1.7212235308333654,1.8370604553740544,15.05870747633171,37.73335249554274,2.5329853083254363
42.1284146214,-71.1997283393,1,0.832579185520362,0.6995720399429387,0.167420814479638,0.2136947218259629,0.0,0.06533523537803139,0.0,0.0,0.0,0.8037089871611983,96.8861312866211,1.1497663786361623,2.3351297196395167,12.352489633822426,131.27723647733745,542.076106363511
42.4874502371,-71.3938475898,1,0.583710407239819,0.5580599144079886,0.248868778280543,0.2074179743223966,0.14479638009049775,0.17489300998573468,0.0,0.0014265335235378032,2.8506787330316743,2.784308131241084,57.837100982666016,1.8295392708439744,1.543057657621207,9.074366502643699,196.21149614208358,54.10593451606415
42.3134818053,-71.4109049321,1,0.18552036199095023,0.013409415121255349,0.0,0.029671897289586305,0.8144796380090498,0.9477888730385164,0.0,0.00912981455064194,21.18099547511312,31.233666191155493,67.38861846923828,1.737741136049408,1.6273488960285916,7.475956306010259,431.665537243225,176.54150063102887
42.1762909722,-71.0307669722,0,0.0,0.0644793152639087,0.04524886877828054,0.18659058487874466,0.9547511312217195,0.7472182596291013,0.0,0.0002853067047075606,24.846153846153847,30.508416547788872,39.38991165161133,1.173166395113797,0.9662532555150527,6.148268036689876,0.0,23.91099145716693
42.7637600618,-70.8015627746,1,0.0,0.0017118402282453639,0.06787330316742081,0.2787446504992867,0.00904977375565611,0.02368045649072753,0.0,0.41569186875891584,0.14027149321266968,0.42368045649072755,3.480112075805664,0.40572620111221824,0.3147756159776548,1.8991506518938224,50.92869310276833,247.73374223666892
42.1675890261,-70.7688629227,1,0.13574660633484162,0.3817403708987161,0.4796380090497738,0.22425106990014265,0.3257918552036199,0.37774607703281027,0.0,0.0011412268188302425,4.389140271493213,6.091583452211127,11.763873100280762,0.9920692396133551,1.3578117469582243,9.362132076330832,46.09803222993142,75.21746427492683
42.1563198594,-71.0348008247,0,0.0,0.023395149786019972,0.0,0.019971469329529243,1.0,0.9509272467902996,0.0,0.005706134094151213,29.036199095022624,33.90385164051355,47.28031921386719,1.7809511615201816,1.2262129866613127,10.959914370261547,96.40673802757331,27.466686562910233
42.80862,-70.8787783333,0,0.0,0.010841654778887305,0.0,0.007132667617689016,1.0,0.946077032810271,0.0,0.035948644793152636,42.3710407239819,48.31726105563481,12.873919486999512,1.3771629849238296,1.1821657494856925,6.423354977792844,257.487069995734,73.2168494927815
41.6879283072,-70.774860888,0,0.36199095022624433,0.4567760342368046,0.2171945701357466,0.35263908701854496,0.37104072398190047,0.162339514978602,0.004524886877828055,0.0048502139800285305,9.959276018099548,3.0385164051355207,5.617493152618408,0.4165730499423062,0.491903676836801,2.9908412628769288,1.4013041121927687,67.68890661643447
42.6963152565,-70.9935480419,1,0.665158371040724,0.5358059914407989,0.16289592760180996,0.16576319543509271,0.17194570135746606,0.22339514978601996,0.0,0.0673323823109843,1.7692307692307692,2.799144079885877,37.145660400390625,1.5893796659077724,1.328438543650749,6.385307153308913,12.471231236103533,128.76981997084062
42.31867,-71.2713083333,0,0.00904977375565611,0.019400855920114122,0.0,0.00456490727532097,0.9909502262443439,0.9751783166904422,0.0,0.0008559201141226819,19.09049773755656,21.607703281027103,49.646297454833984,1.0682956608518919,2.4373254115793173,13.645901672905179,74.02726440839417,3.0692027206655554
42.29064312,-71.1835243,0,0.0,0.0667617689015692,0.0,0.22881597717546362,1.0,0.6835948644793153,0.0,0.014550641940085592,38.58371040723982,19.77175463623395,33.359561920166016,0.684997132443963,0.9742104233458733,4.581608924994295,293.2669708073361,0.11391122132691764
42.5453783333,-72.36448,0,0.9819004524886877,0.9101283880171184,0.0,0.07788873038516406,0.004524886877828055,0.005420827389443652,0.0,0.0005706134094151213,0.049773755656108594,0.06219686162624822,303.0357360839844,4.025493919579328,3.5164840173649305,19.008985355404153,76.36308612343254,16.38034407292982
42.2822454718,-71.5194421601,0,0.37104072398190047,0.31697574893009983,0.05429864253393665,0.10727532097004279,0.5746606334841629,0.5275320970042796,0.0,0.0,9.728506787330316,13.029957203994293,100.4161376953125,1.8263177585511632,1.6810776465441806,9.036292415556725,157.3953198615316,74.23872251525036
42.3333948866,-73.3152834926,0,0.08144796380090498,0.33352353780313837,0.0,0.07817403708987161,0.2986425339366516,0.14265335235378032,0.6199095022624435,0.4222539229671897,3.773755656108597,2.0385164051355207,279.08074951171875,1.856546589901007,2.819983521305959,16.75983561953725,10.634380841258308,95.88509795425742
42.46684667,-71.33310833,0,0.05429864253393665,0.1557774607703281,0.19457013574660634,0.17432239657631954,0.7058823529411765,0.5988587731811698,0.0,0.025392296718972897,14.846153846153847,11.182310984308131,41.08381652832031,0.6014560241726252,1.0030131512266869,5.240720745176128,63.249036072146744,3.7950422063892377
42.1274028333,-71.1161638333,0,0.0,0.05962910128388017,0.15384615384615385,0.08587731811697574,0.8371040723981901,0.8507845934379458,0.0,0.0028530670470756064,31.040723981900452,34.895007132667615,55.78616714477539,0.8613141393191209,0.8768612662475506,5.756670265282351,187.67178408545706,25.013552292129045
42.251,-70.7942972222,0,0.027149321266968326,0.09814550641940085,0.03619909502262444,0.09843081312410841,0.8235294117647058,0.2935805991440799,0.11312217194570136,0.4559201141226819,16.687782805429865,6.64679029957204,5.73209810256958,0.9357734776214452,0.7148859414190606,4.322196861213102,152.85876958350943,2.6207236706679953
42.2674444444,-71.1236194444,0,0.07692307692307693,0.03452211126961484,0.004524886877828055,0.0042796005706134095,0.918552036199095,0.9611982881597717,0.0,0.0,36.69683257918552,40.93922967189729,14.94063663482666,3.3791249537281223,2.255790459563377,14.67851206970995,367.6355152307595,46.34556934075888
42.573875,-70.730255,0,0.12669683257918551,0.11469329529243938,0.0,0.07760342368045649,0.027149321266968326,0.1166904422253923,0.5746606334841629,0.5960057061340942,0.5972850678733032,1.8787446504992866,5.791938781738281,1.7756216682685508,1.1004353328092975,5.963770540205334,0.0,338.21583389838014
42.3957541735,-71.4687034155,0,0.5746606334841629,0.5338088445078459,0.17647058823529413,0.2396576319543509,0.248868778280543,0.18858773181169758,0.0,0.030813124108416547,2.7194570135746607,3.9763195435092724,60.87725067138672,0.6184671803444979,0.6534979104264705,2.625094505623802,201.6843183900276,19.10732904201692
42.343969964,-72.2307319161,1,0.17647058823529413,0.6165477888730385,0.3076923076923077,0.124679029957204,0.0,0.0048502139800285305,0.00904977375565611,0.0014265335235378032,0.0,0.05420827389443652,155.89646911621094,2.469739765820334,5.203346822070433,30.610006732780143,0.0,332.1836259380164
41.6972472822,-70.3717791662,0,0.36199095022624433,0.2978601997146933,0.6153846153846154,0.35920114122681884,0.02262443438914027,0.2972895863052782,0.0,0.003994293865905849,0.18552036199095023,5.725249643366619,10.189727783203125,1.1212896437679403,1.0060433469320815,6.672500846944289,115.87442334896843,257.6650358586293
42.66147167,-72.20983833,0,0.45248868778280543,0.7640513552068474,0.47058823529411764,0.18944365192582024,0.0,0.00884450784593438,0.07692307692307693,0.025106990014265335,0.0,0.10413694721825963,196.82861328125,4.784047946838297,5.360681324401679,36.10905226546468,0.0,843.0888275489648
42.4777436435,-71.2279140565,0,0.4117647058823529,0.25164051355206846,0.0,0.05449358059914408,0.5882352941176471,0.6847360912981455,0.0,0.0,5.9457013574660635,21.920399429386592,70.96772766113281,1.470040996491786,1.8548076398843099,7.241676582053516,546.0286210054683,30.2714054625678
41.631205,-70.57927,0,0.3167420814479638,0.32724679029957204,0.004524886877828055,0.0002853067047075606,0.6787330316742082,0.5920114122681883,0.0,0.024821683309557776,12.438914027149321,11.908416547788873,23.110916137695312,0.8748415231481718,1.0022921352539114,5.495441650144191,639.55137649792,145.31771286976775
42.6626959796,-71.2498606154,0,0.09502262443438914,0.3386590584878745,0.02262443438914027,0.07189728958630527,0.22624434389140272,0.34008559201141225,0.22171945701357465,0.11184022824536377,5.049773755656108,9.268188302425107,20.665788650512695,1.7882604174640244,2.538399383596795,17.71876853736795,24.482545443917985,75.0068594989325
41.8441281701,-69.9528376479,0,0.4434389140271493,0.35863052781740373,0.2669683257918552,0.09272467902995721,0.14027149321266968,0.14236804564907277,0.13574660633484162,0.29158345221112697,2.7149321266968327,3.1592011412268186,7.392284870147705,1.6693559958846127,0.8358227677660688,6.12806764005749,53.838494965448625,230.16705213429887
42.4187866667,-72.5436466667,0,0.027149321266968326,0.14037089871611982,0.6018099547511312,0.28017118402282454,0.02262443438914027,0.09500713266761769,0.004524886877828055,0.0019971469329529245,0.18552036199095023,2.683594864479315,47.22185134887695,0.12802713519526643,0.3338932516016163,1.812489039791056,75.12084841969603,558.3955101203153
41.3234595861,-70.8128204494,0,0.01809954751131222,0.18459343794579172,0.12217194570135746,0.14094151212553496,0.07692307692307693,0.024821683309557776,0.34841628959276016,0.4710413694721826,1.0950226244343892,0.3203994293865906,8.181300163269043,1.3337421019842126,0.7258921920516787,6.8120666854726695,77.23171513216467,145.38502132331544
41.5912807268,-70.645268513,0,0.0,0.03052781740370899,0.3665158371040724,0.18316690442225392,0.0,0.150641940085592,0.334841628959276,0.5238231098430813,0.0,2.84679029957204,0.8142666816711426,0.23802309063450877,0.3140275951679917,1.693503210759874,60.071185251568,2.494584565872032
42.3084369722,-72.6160919722,0,0.03167420814479638,0.028815977175463622,0.21266968325791855,0.13808844507845935,0.14027149321266968,0.28873038516405136,0.0,0.026818830242510697,4.5610859728506785,11.149786019971469,34.06258773803711,0.17487995950433033,0.3082048749498719,1.3034626235089057,323.9602419336146,0.5609178382950137
42.245715007,-71.952823482,0,0.8642533936651584,0.5817403708987161,0.12217194570135746,0.15549215406562053,0.0,0.05306704707560628,0.0,0.10784593437945791,0.0,1.701283880171184,280.8331298828125,1.9180447442442494,2.090769301549529,11.59807123279111,131.0403902650054,532.6229706369819
42.556915,-72.67984,0,0.7647058823529411,0.8037089871611983,0.02262443438914027,0.005135520684736091,0.09502262443438914,0.07731811697574893,0.11764705882352941,0.03651925820256776,1.0407239819004526,0.6211126961483595,86.37431335449219,6.292864607842478,7.257835317858703,40.34115245905827,46.0552656015021,145.2073725289095
42.6432516667,-72.472892,0,0.22171945701357465,0.2827389443651926,0.09502262443438914,0.03851640513552068,0.19909502262443438,0.09671897289586305,0.167420814479638,0.1492154065620542,4.203619909502263,1.8131241084165477,74.54765319824219,3.5275890381708086,2.6101039916301785,17.9789476662692,95.22568254279425,40.18337891544542
42.4124916453,-73.3129655258,0,0.47058823529411764,0.5089871611982881,0.1493212669683258,0.11355206847360913,0.27149321266968324,0.14379457917261054,0.03619909502262444,0.12439372325249644,4.280542986425339,2.879315263908702,367.61419677734375,2.0875711764280767,3.3373846945724117,25.467899430598493,135.13198363115043,2.2738298415490497
42.4527222609,-71.0818166999,1,0.5746606334841629,0.36148359486447934,0.0,0.012553495007132667,0.4253393665158371,0.555206847360913,0.0,0.06134094151212553,10.923076923076923,20.9885877318117,37.06211853027344,5.3764220693907525,2.7679159208477677,21.527810825039598,255.1700206072833,103.56794280860208
42.3638735306,-71.2075685205,0,0.0,0.0,0.1583710407239819,0.019400855920114122,0.8416289592760181,0.9805991440798859,0.0,0.0,42.81900452488688,55.75920114122682,12.254043579101562,0.7986804927432934,0.5585348096431986,2.7102076585652255,9.838014169757505,45.64420944470925
42.3856861111,-71.1049638889,0,0.0,0.0,0.0,0.0,1.0,1.0,0.0,0.0,67.76923076923077,70.05106990014265,23.79448699951172,1.9865542416884954,1.5239424911093626,8.405526655779086,1407.7445814076823,27.09009326295855
42.6650478,-73.261678,1,0.1085972850678733,0.3902995720399429,0.23529411764705882,0.10099857346647646,0.14479638009049775,0.05420827389443652,0.0,0.0002853067047075606,1.334841628959276,0.7255349500713266,325.11358642578125,3.304123009163222,5.63691213660394,47.52104691023384,150.25859745344118,2.5908083568239166
42.8040326463,-70.973248693,1,0.6470588235294118,0.49072753209700426,0.18552036199095023,0.14122681883024252,0.02262443438914027,0.18830242510699002,0.09049773755656108,0.019971469329529243,0.248868778280543,2.9854493580599146,18.920612335205078,1.9992729796910393,2.4138030962374284,11.034142127082184,5.002539403719197,251.4308681762203
42.1084778333,-72.09845,0,0.09502262443438914,0.3805991440798859,0.1085972850678733,0.16062767475035664,0.7601809954751131,0.3934379457917261,0.03619909502262444,0.029101283880171185,26.361990950226243,15.584308131241084,179.9378204345703,2.3799071224948705,2.670125162558618,19.513786115920254,119.49891022912534,191.73709282616107
41.4686402,-70.6058361,0,0.05429864253393665,0.13295292439372325,0.0,0.005135520684736091,0.9457013574660633,0.748074179743224,0.0,0.08616262482168331,11.28054298642534,9.549786019971469,18.81842803955078,0.9027396212962474,1.0693768038670428,6.339987155894666,735.8211087603494,3.917000641113722
41.452482,-70.562661,0,0.0,0.05420827389443652,0.04524886877828054,0.025106990014265335,0.9547511312217195,0.7452211126961483,0.0,0.14550641940085593,31.8868778280543,24.61312410841655,5.1364922523498535,0.4999184784104496,0.7353981268939193,4.314519427056608,406.1171616130287,1.7440012127266753
41.8477273343,-70.6765052329,0,0.8597285067873304,0.7980028530670471,0.0,0.014835948644793153,0.09502262443438914,0.0884450784593438,0.04072398190045249,0.09158345221112696,1.1312217194570136,1.3649072753209701,41.22028732299805,1.3282472896287272,0.9430935187845412,5.541449662780899,171.27404567563846,126.77982120941418
42.0275195,-70.8862833333,0,0.4343891402714932,0.47446504992867333,0.22624434389140272,0.29386590584878747,0.07239819004524888,0.10470756062767475,0.10407239819004525,0.029957203994293864,1.2986425339366516,1.6947218259629102,21.797327041625977,0.5399797976241965,0.6370413114200101,3.5274943993411485,0.0,94.25362186425983
42.2671641727,-71.0644380414,1,0.13122171945701358,0.04450784593437946,0.08597285067873303,0.13209700427960058,0.5746606334841629,0.7574893009985735,0.20361990950226244,0.06048502139800285,10.271493212669684,22.50984308131241,10.456790924072266,3.6508076087106867,1.5855981711527,8.923839071784494,38.38217230807659,175.0762680171732
42.4625969,-71.1736185,0,0.0,0.11383737517831669,0.0,0.043937232524964336,1.0,0.837660485021398,0.0,0.0,29.361990950226243,25.381455064194007,31.477678298950195,2.296792876685014,2.76037922817944,18.308760177482924,206.7885342619013,6.110252574815993
42.29027,-71.0873195,0,0.0,0.0042796005706134095,0.0,0.020256776034236805,1.0,0.9754636233951498,0.0,0.0,62.57013574660633,54.32154065620542,19.363252639770508,0.568080495352246,1.1108819104757333,5.168861229397134,382.62696534443455,53.38537140066745
42.2815655115,-71.8139184639,0,0.0,0.015406562054208274,0.0,0.013409415121255349,1.0,0.9563480741797432,0.0,0.014835948644793153,24.959276018099548,32.45763195435093,179.69192504882812,2.0594281680358097,2.8299064086634926,16.483275977451722,625.1483400640849,5.841508278840272
42.3481455167,-71.1815875365,0,0.0,0.0,0.0,0.0,1.0,1.0,0.0,0.0,26.828054298642535,32.38145506419401,46.39694595336914,2.7767062670454967,2.705766040360778,14.432316706390923,642.4613478617626,27.817573725928032
42.2494916667,-71.5155333333,0,0.19909502262443438,0.4587731811697575,0.0,0.013409415121255349,0.6199095022624435,0.28416547788873037,0.0,0.15920114122681883,25.32579185520362,12.733808844507847,133.5183563232422,2.6743923128389566,2.796698536237403,18.47778115185993,239.3703062995712,10.307462492364944
41.76902,-70.0237195,0,0.7239819004524887,0.5432239657631954,0.0,0.017403708987161197,0.07239819004524888,0.3024251069900143,0.17194570135746606,0.11726105563480742,1.3167420814479638,5.985449358059914,16.682212829589844,1.7115326025171336,1.5793998906620474,7.450065342002108,68.07540443888668,61.3341718960192
42.3500865539,-72.1956937703,0,0.17194570135746606,0.4673323823109843,0.20361990950226244,0.15320970042796006,0.2669683257918552,0.14693295292439373,0.0,0.0048502139800285305,5.0,2.220827389443652,259.88055419921875,1.9572178604217845,2.678044690699981,13.16123977604355,109.77463698583006,80.00860036557732
42.5853421307,-71.3678727207,0,0.1493212669683258,0.2253922967189729,0.0,0.10841654778887304,0.8506787330316742,0.6573466476462196,0.0,0.0,9.972850678733032,11.166619115549215,94.25373840332031,4.453462151564612,2.5313739082852504,12.961016688413382,521.8009253488813,36.42477958028471
42.4625545745,-71.8912625322,0,0.995475113122172,0.8536376604850214,0.0,0.04022824536376605,0.004524886877828055,0.06390870185449359,0.0,0.002282453637660485,0.004524886877828055,0.7312410841654778,460.2140197753906,9.502928298359103,5.833135477111974,31.106063599389504,194.17520646080894,204.256007049087
42.4212716667,-71.7285383333,0,0.31221719457013575,0.36547788873038517,0.14027149321266968,0.17489300998573468,0.248868778280543,0.12981455064194009,0.013574660633484163,0.011126961483594865,2.316742081447964,2.4057061340941512,151.7097625732422,2.6996808433381774,2.7390831844703483,11.895298954631444,130.47346541270582,3.5446514636048745
42.6388664068,-70.6411018399,1,0.5927601809954751,0.6781740370898716,0.2850678733031674,0.18716119828815977,0.08144796380090498,0.07703281027104136,0.0,0.04621968616262482,0.9909502262443439,1.897289586305278,25.824125289916992,1.9963394164495212,1.754330595662628,7.965655237129024,79.7872701992608,209.53301030289887
42.0781958755,-70.7224175614,0,0.5429864253393665,0.41626248216833095,0.3574660633484163,0.16262482168330955,0.049773755656108594,0.37089871611982883,0.027149321266968326,0.0042796005706134095,0.416289592760181,4.190014265335235,19.74970817565918,0.5985464279436501,1.0196613264387648,5.194435364210776,83.87782508135244,409.2299563944399
42.6336328823,-70.6144091114,0,0.11312217194570136,0.3383737517831669,0.1583710407239819,0.10784593437945791,0.5565610859728507,0.16348074179743224,0.04524886877828054,0.31840228245363766,11.628959276018099,3.4639087018544936,5.991278171539307,2.288373168917741,1.4457372038185778,12.905921020811366,40.98066336825309,2.4412214069607603
42.5232670696,-71.0869342109,0,0.004524886877828055,0.010841654778887305,0.22624434389140272,0.131811697574893,0.7692307692307693,0.7263908701854493,0.0,0.13095577746077033,23.330316742081447,31.242510699001425,25.24573516845703,0.36913049136865855,0.41243821393714364,1.7320774633392104,35.627795410044506,14.461231155030992
41.97085833,-70.68464667,0,0.0,0.04450784593437946,0.0,0.010556348074179744,1.0,0.8302425106990015,0.0,0.08616262482168331,48.262443438914026,27.726105563480743,25.76280403137207,1.896959767205326,1.6041548484353174,13.20293760891672,278.6346812147972,21.974759165053175
42.6266376721,-72.7231665329,0,1.0,0.9640513552068474,0.0,0.0094151212553495,0.0,0.01768901569186876,0.0,0.002282453637660485,0.0,0.18630527817403708,346.0962219238281,12.482951227596393,10.361495632790529,89.50607951366386,224.92264513945057,610.4534798508079
42.0581333333,-71.1661388889,0,0.579185520361991,0.43594864479315265,0.09049773755656108,0.312981455064194,0.29411764705882354,0.21483594864479316,0.0,0.016262482168330955,3.3122171945701355,4.1997146932952925,69.66154479980469,1.0381365987382816,1.005122160997818,6.118753775460247,144.18023038907356,7.337704337684715
41.3947069722,-70.565651,0,0.45701357466063347,0.5201141226818831,0.0,0.0025677603423680455,0.5429864253393665,0.44079885877318115,0.0,0.0,5.0633484162895925,5.736376604850214,10.385721206665039,0.6839243789762303,0.4832721308394998,2.445389305161026,1298.1352079119217,5.389296517256084
42.2147362008,-71.2154691365,0,0.07692307692307693,0.11526390870185449,0.04524886877828054,0.18459343794579172,0.8778280542986425,0.6984308131241084,0.0,0.0,26.60633484162896,17.233380884450785,72.86210632324219,1.1360747551717714,1.1408374039716065,5.356331702047076,440.40018685648516,63.1763704881337
42.3813638889,-72.6955944444,0,0.6108597285067874,0.6262482168330956,0.00904977375565611,0.07075606276747504,0.248868778280543,0.22054208273894438,0.0,0.0,5.180995475113122,3.816833095577746,149.1011505126953,3.638544382585991,3.8569434598391563,27.684507610848193,276.5695132096995,11.81006669902889
41.3777949722,-70.0313799722,0,0.0,0.0,0.0,0.0005706134094151213,0.0,0.0,0.7330316742081447,0.8676176890156919,0.0,0.0,-0.5655807256698608,0.2909742606458105,0.21649535829106223,0.9182546940147767,0.0,968.7122594597936
42.5017602528,-72.8149916545,0,0.9321266968325792,0.8248216833095577,0.03167420814479638,0.05905848787446505,0.00904977375565611,0.05335235378031384,0.0,0.0005706134094151213,0.049773755656108594,1.1449358059914407,461.726806640625,3.360960814192538,3.322840955216127,22.02790487383507,342.5708700609857,119.22568275964151
42.6152688,-71.3873803,0,0.00904977375565611,0.04650499286733238,0.0,0.047931526390870186,0.9909502262443439,0.9055634807417974,0.0,0.0,15.212669683257918,17.384593437945792,50.1115608215332,2.6471355776942986,2.0474683288914344,17.067894335950225,328.65442261796716,26.901709920973374
42.6475610961,-70.6126147136,0,0.4660633484162896,0.4031383737517832,0.1493212669683258,0.1195435092724679,0.27601809954751133,0.4485021398002853,0.04072398190045249,0.014835948644793153,1.6425339366515836,8.94750356633381,25.09134864807129,0.8629908378966903,1.0778469577050125,4.9738831504406145,8.591811565765932,30.874168791188804
41.653195,-70.1973716667,0,0.0,0.0,0.07239819004524888,0.08159771754636234,0.6334841628959276,0.5988587731811698,0.2850678733031674,0.2385164051355207,15.266968325791856,22.176034236804565,1.9556055068969727,0.446896785709624,0.29865039584962455,1.9564912182015646,42.241433683109975,3.179032230107321
42.44346153,-73.22569113,0,0.049773755656108594,0.013124108416547788,0.4660633484162896,0.16348074179743224,0.46153846153846156,0.743509272467903,0.0,0.011982881597717546,10.180995475113122,26.634522111269614,300.4877014160156,0.596712439928369,0.6793000279258797,4.371914392757663,277.43638571044823,20.532198615396005
41.2615883333,-69.9636533333,0,0.0,0.04992867332382311,0.0,0.0,0.5429864253393665,0.39600570613409414,0.19457013574660634,0.4502139800285307,24.828054298642535,10.523537803138375,7.964915752410889,1.5447199965821659,0.7673828888339551,6.365767830632275,180.21820131904937,30.919532153307475
42.2596467803,-71.7520832134,0,0.05429864253393665,0.112981455064194,0.0,0.033951497860199714,0.49321266968325794,0.6219686162624821,0.45248868778280543,0.22767475035663337,20.339366515837103,20.919828815977176,115.87408447265625,2.4060177876311633,2.003988646432867,15.439817845849175,26.829763784394366,127.07512775868078
42.4988259282,-71.5422130377,0,0.31221719457013575,0.5027104136947218,0.12217194570135746,0.10071326676176891,0.5656108597285068,0.27845934379457915,0.0,0.0008559201141226819,33.04977375565611,11.167475035663339,77.46544647216797,2.1220295923513817,3.1018560478911112,18.15474065410373,227.93515373350078,84.75614992614281
42.3309258026,-71.4190977491,1,0.1583710407239819,0.054778887303851644,0.0,0.012553495007132667,0.8416289592760181,0.9326676176890157,0.0,0.0,18.18552036199095,23.895577746077034,56.9896354675293,0.4664603195833092,1.1063760000308966,6.064707652505253,149.86300567956422,138.60826385652678
42.2489767679,-71.150206649,0,0.0,0.002282453637660485,0.02262443438914027,0.017403708987161197,0.9773755656108597,0.9794579172610557,0.0,0.0008559201141226819,34.574660633484164,39.26619115549215,29.88538932800293,1.7808914070568629,1.6053611924992477,7.540951636374306,185.97047980571364,3.5108002085805756
41.53217,-70.6544716667,1,0.3574660633484163,0.18744650499286733,0.0,0.061626248216833095,0.6425339366515838,0.5880171184022824,0.0,0.12439372325249644,4.647058823529412,7.595149786019971,15.425895690917969,1.2643162761292015,1.543116608265405,8.293471236541563,308.50762034577366,17.46634284422049
42.4409166667,-71.0772861667,0,0.7737556561085973,0.2687589158345221,0.0,0.021112696148359488,0.22624434389140272,0.6887303851640514,0.0,0.011982881597717546,1.7330316742081449,30.19543509272468,57.34429168701172,4.2394393395199375,2.7671746867266727,21.94419713490595,34.33608008330259,162.89961571278027
42.4053676997,-71.1357574,1,0.0,0.0,0.0,0.0,1.0,1.0,0.0,0.0,44.58371040723982,63.90699001426533,4.155426979064941,0.9506119415233967,0.945473883527614,6.551763565966637,101.06058517632373,7.428721724491366
41.897145,-70.02411667,0,0.0,0.013124108416547788,0.013574660633484163,0.08530670470756063,0.004524886877828055,0.0362339514978602,0.6244343891402715,0.7500713266761769,0.08144796380090498,0.6938659058487875,3.79093337059021,1.1158333935982623,0.3825797495067598,2.3776261246315245,42.85181984252853,48.121529992892185
42.302495,-71.1231528333,0,0.05429864253393665,0.050784593437945794,0.0,0.016833095577746076,0.9457013574660633,0.9323823109843081,0.0,0.0,15.864253393665159,36.115263908701856,34.64495086669922,2.8594504005838477,2.553391940438737,18.421081202674547,237.463423905397,0.7817474918460234
42.3146166667,-71.2226033333,0,0.0,0.002282453637660485,0.0,0.015406562054208274,1.0,0.9817403708987161,0.0,0.0005706134094151213,41.38461538461539,44.66619115549216,50.123958587646484,3.0604798982217134,1.6864635989664944,8.880803838333632,273.919082673106,75.68660272886024
42.8009698501,-70.9648083587,1,0.9321266968325792,0.583737517831669,0.004524886877828055,0.12125534950071326,0.0,0.13865905848787446,0.0,0.019971469329529243,0.0,2.1021398002853067,26.116992950439453,3.627057759679529,2.752854545402556,12.262464871448019,365.1277318675187,262.3107227645358
42.3629966781,-71.0497389903,0,0.0,0.0,0.0,0.0008559201141226819,0.7420814479638009,0.5537803138373751,0.2579185520361991,0.44536376604850214,57.737556561085974,44.899286733238235,1.257727026939392,0.6797621758988318,0.5866914928056851,3.7039744123603913,26.36161235600499,27.895081762635577
42.5634727222,-71.1732330278,0,0.00904977375565611,0.03937232524964337,0.07239819004524888,0.19800285306704707,0.918552036199095,0.7569186875891584,0.0,0.005706134094151213,15.09049773755656,18.828530670470755,29.58604621887207,0.8349954415768722,0.40415693912959194,2.2739542953166043,200.03795158058023,16.254305576402146
42.4527742824,-71.0815480368,1,0.5384615384615384,0.35549215406562057,0.0,0.012553495007132667,0.46153846153846156,0.5706134094151213,0.0,0.0522111269614836,12.34841628959276,21.790014265335234,37.06211853027344,5.3764220693907525,2.7679159208477677,21.527810825039598,255.24762575083696,84.99339036414945
41.7647166667,-70.0546638333,0,0.11764705882352941,0.048787446504992865,0.03619909502262444,0.06191155492154066,0.6199095022624435,0.8556348074179744,0.2171945701357466,0.03138373751783167,16.8868778280543,19.392867332382313,12.300333976745605,1.338202226473277,1.1669921587768581,6.588646171266128,82.88548784743688,2.1224812034435487
42.6263103724,-70.9494418416,0,0.02262443438914027,0.2861626248216833,0.497737556561086,0.1840228245363766,0.2398190045248869,0.28416547788873037,0.0,0.0,3.02262443438914,7.6134094151212555,11.150866508483887,1.677759779677639,2.1205397059417255,15.083620370296092,0.0,8.766381619259972
42.5076645003,-71.3275113796,1,0.5113122171945701,0.4964336661911555,0.08597285067873303,0.192867332382311,0.3936651583710407,0.22853067047075606,0.0,0.02767475035663338,4.742081447963801,3.3566333808844506,50.38051223754883,1.4439595664769773,1.2053425167998706,10.266560130675433,358.9560214337544,150.33527749226914
42.1813461079,-70.9351771697,0,0.004524886877828055,0.020542082738944364,0.13122171945701358,0.1477888730385164,0.8642533936651584,0.8211126961483595,0.0,0.0,19.764705882352942,30.453067047075606,39.81618881225586,1.3911630038055864,1.0085930432419512,5.31081218715061,67.36373339872554,5.74965666906845
42.4092611378,-72.5280881301,0,0.2579185520361991,0.10613409415121255,0.0,0.08245363766048502,0.7330316742081447,0.5948644793152639,0.0,0.0,19.624434389140273,18.11241084165478,60.52396011352539,1.520443776788823,1.356410635446902,12.311840316387983,131.7810568796672,25.04136290688502
41.6566925049,-70.1210861206,0,0.0,0.0,0.0,0.007703281027104137,0.8416289592760181,0.5592011412268189,0.04524886877828054,0.3920114122681883,38.963800904977376,23.274179743223964,2.9884166717529297,0.6727219006754339,0.35443060789113834,2.723542576570362,99.90492610411879,32.60168104339633
42.0156735415,-71.1245786772,0,0.2398190045248869,0.35805991440798857,0.20361990950226244,0.30841654778887306,0.00904977375565611,0.2621968616262482,0.0,0.0011412268188302425,0.11312217194570136,6.0359486447931525,27.173297882080078,0.8197900701212842,0.7497371637609808,3.7991716686395427,14.560485787216674,333.40623589100653
42.4569666667,-73.2274166667,0,0.0,0.0094151212553495,0.0,0.007417974322396576,1.0,0.9814550641940085,0.0,0.0005706134094151213,53.09502262443439,47.712981455064195,322.2055969238281,2.1018821245285286,1.8305512341596395,16.380277684802795,603.8371595889782,4.443983028871189
41.7598855636,-69.9801879154,0,0.3574660633484163,0.27132667617689016,0.11312217194570136,0.09358059914407989,0.3031674208144796,0.5035663338088445,0.2171945701357466,0.12211126961483595,5.153846153846154,7.869329529243937,10.698111534118652,1.059033642039616,1.2906041926082692,6.401960971446535,88.54086383862253,73.7168455257117
42.5923200028,-72.5970466667,0,0.0,0.06619115549215407,0.0,0.013694721825962911,1.0,0.920114122681883,0.0,0.0,54.34389140271493,42.48102710413695,75.04255676269531,1.1733428052797963,1.6676311657694807,11.061313598952273,566.4173055300533,61.42949069686172
41.2466133333,-70.0960695,0,0.06787330316742081,0.033951497860199714,0.16289592760180996,0.021112696148359488,0.7692307692307693,0.5945791726105564,0.0,0.19087018544935805,17.597285067873305,14.492154065620541,4.542840957641602,0.35903566169686385,0.42738288012840087,3.326365830748051,138.82762693693505,33.61438366581783
42.6056290488,-71.6159874479,1,0.665158371040724,0.5831669044222539,0.23529411764705882,0.12296718972895863,0.09954751131221719,0.22738944365192582,0.0,0.0019971469329529245,2.3936651583710407,4.168045649072753,71.14601135253906,0.760854863194396,1.2845720678840165,8.273033403153303,92.62197042085435,90.42458013056881
42.38895,-71.7797527778,0,0.3936651583710407,0.41398002853067045,0.027149321266968326,0.06932952924393723,0.5067873303167421,0.32211126961483594,0.0,0.04536376604850214,6.8054298642533935,7.248787446504993,169.1714630126953,3.3721403706668136,3.1256992513119104,16.04882827359602,152.91244691804718,0.39088115522228917
41.3661451681,-70.0199936114,0,0.07692307692307693,0.03195435092724679,0.004524886877828055,0.047931526390870186,0.0,0.0019971469329529245,0.4660633484162896,0.7443651925820257,0.0,0.037089871611982884,0.27986782789230347,0.493966561695551,0.26950563195246696,1.1567373616989851,63.467860976970066,7.9379391969584985
42.1718334482,-71.3167819748,0,0.049773755656108594,0.25677603423680456,0.8552036199095022,0.656490727532097,0.09502262443438914,0.03138373751783167,0.0,0.0028530670470756064,1.4343891402714932,0.451925820256776,34.87849426269531,0.3236206519516643,0.895076605901077,4.894704970304815,0.0,73.4950724717499
42.518905,-72.4508883333,0,0.8144796380090498,0.8970042796005706,0.0,0.060770328102710415,0.0,0.0,0.0,0.0,0.0,0.0,309.4884033203125,5.2632097137618254,3.215776143213424,19.318097018148688,452.2445516006844,865.7604934739117
42.0954181668,-71.0199021691,1,0.0,0.0,0.0,0.03252496433666191,1.0,0.967475035663338,0.0,0.0,62.92760180995475,52.05449358059914,40.795597076416016,1.4718128138945206,1.156280006703173,8.98712045103467,390.2634500483889,46.64703717635644
42.2653728535,-72.7900678915,0,0.4751131221719457,0.8487874465049928,0.5248868778280543,0.12867332382310984,0.0,0.015977175463623396,0.0,0.0,0.0,0.10813124108416548,215.69862365722656,2.8055462003511242,4.824272224428911,22.828012226537687,0.0,318.89177321274093
42.052881,-70.082803,0,0.1583710407239819,0.331811697574893,0.25339366515837103,0.13295292439372325,0.02262443438914027,0.019400855920114122,0.04524886877828054,0.37717546362339516,0.6425339366515838,0.42139800285306706,3.2272884845733643,1.3244048772551857,0.9741530634505348,8.333472490018208,62.205518998334725,107.04343345546305
42.2557644106,-71.3232469292,1,0.8687782805429864,0.5126961483594864,0.09502262443438914,0.08502139800285306,0.0,0.2861626248216833,0.03619909502262444,0.0094151212553495,0.0,4.6156918687589155,41.965797424316406,1.346059901429489,1.8218894373764432,12.402182473468168,27.528115511079,376.4202933592914
42.1978,-73.1642083333,0,0.5746606334841629,0.8253922967189729,0.3257918552036199,0.14379457917261054,0.09954751131221719,0.030813124108416547,0.0,0.0,0.48868778280542985,0.11697574893009986,408.3528137207031,4.666470733766509,4.77601520718227,26.458502876743236,52.908059681280086,126.19105435881383
42.383136387,-71.4663016997,1,0.7013574660633484,0.6131241084165477,0.11764705882352941,0.15863052781740372,0.18099547511312217,0.20770328102710414,0.0,0.008273894436519259,2.248868778280543,2.8416547788873037,56.76106643676758,0.603723807550356,0.5345639086263125,3.2560514699306173,21.177542137677413,16.63821875421173
42.0354919434,-70.1685562134,0,0.0,0.0,0.0,0.0,0.0,0.0,0.8235294117647058,0.9329529243937232,0.0,0.0,-0.5565372705459595,0.14622895742233552,0.07374628286035535,0.5518642375482389,0.0,1856.677222935142
42.0332581486,-70.9277616502,1,0.334841628959276,0.21854493580599144,0.49321266968325794,0.2890156918687589,0.03167420814479638,0.3338088445078459,0.0,0.0002853067047075606,0.7918552036199095,6.860485021398003,17.209571838378906,0.9572583212681207,0.5753264692753521,4.214030247973465,28.724774214530335,168.5571601943109
42.0624121039,-71.551619087,0,0.6923076923076923,0.7817403708987162,0.19004524886877827,0.10727532097004279,0.11312217194570136,0.08787446504992867,0.0,0.0,1.1900452488687783,1.4450784593437946,118.53717803955078,4.09376530123099,2.0961214683562885,12.091096228536912,68.30190047901137,98.80325789045791
42.640921497,-70.9690329266,0,0.03167420814479638,0.20684736091298145,0.1085972850678733,0.20342368045649073,0.8597285067873304,0.5746077032810271,0.0,0.0005706134094151213,13.574660633484163,10.958059914407988,17.336383819580078,0.36988708846468826,0.917263012558375,5.129699936150064,8.234309573422731,84.37035082601899
41.3957392817,-70.5144266272,0,0.004524886877828055,0.005420827389443652,0.23529411764705882,0.06875891583452211,0.5475113122171946,0.5700427960057062,0.21266968325791855,0.31726105563480744,9.316742081447964,16.85934379457917,1.3870553970336914,0.5370548050456034,0.3451738991219395,2.2864238351290647,65.6021007015,161.55065205743162
42.3111,-70.95533,0,0.0,0.0025677603423680455,0.08597285067873303,0.00912981455064194,0.0,0.0,0.8009049773755657,0.9643366619115549,0.0,0.0,0.47971299290657043,0.3220977921816403,0.13284397731626577,0.6513154892662544,45.908012413850514,1168.2049058117477
42.37028954,-72.50815476,0,0.5067873303167421,0.1369472182596291,0.4479638009049774,0.11383737517831669,0.02262443438914027,0.590299572039943,0.0,0.0,0.14479638009049775,19.17432239657632,57.68684005737305,1.107697080041011,1.6980706216170613,13.168080954077576,75.00443363980958,305.053804852392
42.0972274756,-70.9338571103,1,0.004524886877828055,0.12924393723252497,0.9864253393665159,0.37089871611982883,0.00904977375565611,0.48673323823109843,0.0,0.0005706134094151213,0.19004524886877827,13.047075606276747,23.24991798400879,0.26441761197125024,0.7197152597466991,4.062419594970445,0.0,399.12298124316834
42.24458946,-71.00860572,0,0.0,0.0,0.01809954751131222,0.0011412268188302425,0.9819004524886877,0.9988587731811698,0.0,0.0,47.7737556561086,60.7472182596291,20.00760269165039,2.5242274912622267,1.7279224145088914,11.97708329977248,195.62310764420823,11.89422514306307
41.5385166667,-70.636125,0,0.004524886877828055,0.1166904422253923,0.04524886877828054,0.07788873038516406,0.11764705882352941,0.21426533523537802,0.5701357466063348,0.5295292439372326,2.4389140271493215,4.196005706134094,0.55074143409729,0.22802635039078245,0.7037436917270646,5.108989699657554,2.6422044070855586,73.28743998292151
42.3135163937,-71.4123896106,1,0.18552036199095023,0.013124108416547788,0.0,0.034236804564907276,0.8144796380090498,0.943509272467903,0.0,0.00912981455064194,19.84162895927602,30.509557774607703,64.0594482421875,2.141806311328631,1.6813131688716856,7.8717408978281,310.2966841833534,135.63856627422027
42.2423423315,-70.8906022926,0,0.0,0.038231098430813126,0.0,0.07189728958630527,1.0,0.7894436519258202,0.0,0.0992867332382311,46.20814479638009,20.132952924393724,6.341775417327881,1.1571583105486385,1.0498064237924596,6.266848251183357,405.54947703513125,6.01849219437713
42.3904433333,-71.1353,0,0.0,0.005420827389443652,0.0,0.0014265335235378032,1.0,0.9646219686162625,0.0,0.027960057061340943,47.32579185520362,61.801997146932955,4.486331939697266,0.42224189463935347,0.5063026603994291,3.622207782108321,66.49785991526656,94.50509482243076
41.615077538,-70.4810356184,0,0.28054298642533937,0.3426533523537803,0.1493212669683258,0.11783166904422254,0.5475113122171946,0.5186875891583452,0.02262443438914027,0.019971469329529243,24.552036199095024,19.648787446504993,14.211706161499023,1.6327299083945876,1.0082651353274208,4.442926020824379,148.57542806471258,3.3880981857815944
42.36862167,-72.08867783,0,0.4434389140271493,0.4964336661911555,0.004524886877828055,0.05820256776034237,0.4841628959276018,0.24621968616262482,0.0,0.0,3.769230769230769,2.5349500713266764,264.9966735839844,5.944223563239464,3.363865235308866,22.171118182620926,327.8665592265338,523.763064972574
42.2887,-71.5888366667,0,0.08597285067873303,0.12496433666191155,0.0,0.06932952924393723,0.9140271493212669,0.8019971469329529,0.0,0.0,45.86425339366516,28.61198288159772,126.70760345458984,2.2557556561922443,2.4549287724313955,19.192031805164454,82.99093528366477,36.71677447408398
42.2664261944,-71.7866427222,0,0.04072398190045249,0.03223965763195435,0.0,0.0,0.9592760180995475,0.9563480741797432,0.0,0.011412268188302425,60.04524886877828,62.95663338088445,144.3000030517578,4.362118495726791,3.8151291571552384,21.720671578639006,516.7121683320039,54.93786888966851
42.48424272,-71.23557993,0,0.5248868778280543,0.4245363766048502,0.06787330316742081,0.07817403708987161,0.4072398190045249,0.4898716119828816,0.0,0.0,2.7013574660633486,11.551212553495008,56.22638702392578,2.630465271561825,2.1601458284417494,10.850013232349069,144.71543520354146,27.40341530467923
41.3583323282,-70.533318231,0,0.0,0.14550641940085593,0.0,0.04336661911554922,0.24434389140271492,0.2710413694721826,0.0,0.07589158345221113,3.6108597285067874,5.369472182596291,3.6770617961883545,0.16043782332466477,0.24452446434940206,1.6642836743134073,365.10316367054367,13.254310567514686
42.5463475055,-73.0297570211,0,0.6108597285067874,0.7398002853067047,0.33031674208144796,0.18544935805991442,0.058823529411764705,0.023395149786019972,0.0,0.0,0.3574660633484163,0.16861626248216832,590.666259765625,2.1466070181739014,3.7694915334718546,28.842786754917334,732.1144098801069,8.615464670678763
42.470755496,-70.9166043755,0,0.0,0.0005706134094151213,0.0,0.021968616262482168,1.0,0.7817403708987162,0.0,0.19514978601997146,43.07692307692308,41.048502139800284,11.732612609863281,1.6964600469518218,1.4036306272701067,9.727538594739151,302.4156129903925,13.965316168790995
42.2246666667,-71.261925,0,0.3574660633484163,0.579172610556348,0.17647058823529413,0.09985734664764621,0.23076923076923078,0.20827389443651925,0.0,0.0008559201141226819,4.049773755656108,2.9908701854493582,86.50868225097656,1.3587983205047616,1.5060267546695423,6.808660265226076,74.30808717001307,0.7042836760433325
42.0366471667,-70.632095,0,0.0,0.0,0.0,0.0011412268188302425,0.0,0.0,0.6380090497737556,0.8861626248216833,0.0,0.0,0.07213880121707916,0.4052848048708315,0.20610678682822822,0.9282683719095797,0.0,98.06407716588402
42.1985208622,-70.7380984012,1,0.00904977375565611,0.07988587731811697,0.3936651583710407,0.20228245363766048,0.5972850678733032,0.7146932952924394,0.0,0.0028530670470756064,8.09049773755656,14.135235378031384,11.149861335754395,1.2968726711125012,1.244109379252586,5.847087814124213,75.08227783835748,12.105188313995088
42.4879227486,-71.4798741416,0,0.23529411764705882,0.2,0.2669683257918552,0.34579172610556347,0.4117647058823529,0.4199714693295292,0.004524886877828055,0.0005706134094151213,7.009049773755656,8.254493580599144,63.9458122253418,0.757731846568627,0.8815308974151875,3.6477787271675837,5.387883328688155,138.55672180996473
42.5936513627,-71.5149309487,0,0.3891402714932127,0.5203994293865906,0.46153846153846156,0.09044222539229672,0.013574660633484163,0.19258202567760344,0.12669683257918551,0.18716119828815977,0.3393665158371041,2.812268188302425,73.09685516357422,0.5985778652177003,1.3193489771712057,7.643870073493803,35.15186928291801,240.55769296521433
42.5056058263,-71.8965679735,0,0.8235294117647058,0.7902995720399429,0.06334841628959276,0.06191155492154066,0.058823529411764705,0.0659058487874465,0.00904977375565611,0.011412268188302425,0.2986425339366516,1.1654778887303852,328.5994567871094,4.46150551620509,5.835139262189691,45.17655299760067,0.0,153.4505777960993
42.3546909935,-71.0807984746,0,0.0,0.0,0.01809954751131222,0.0019971469329529245,0.5927601809954751,0.7004279600570613,0.3891402714932127,0.29757489300998574,35.42986425339367,50.59686162624822,1.049425482749939,0.3204274107086857,0.3196835924722038,1.6008516831183877,0.0,70.4623985641691
42.5404805556,-71.1105805556,0,0.19004524886877827,0.06904422253922968,0.00904977375565611,0.056490727532097,0.8009049773755657,0.8744650499286734,0.0,0.0,13.606334841628959,20.43851640513552,33.74689865112305,0.8566680785904316,0.7917322343557889,3.3874988407919044,208.54792483908116,17.17857750949181
42.8125247734,-70.965029331,1,0.5248868778280543,0.4399429386590585,0.4660633484162896,0.1942938659058488,0.0,0.13152639087018544,0.0,0.11440798858773181,0.0,2.3426533523537802,7.609839916229248,2.919790401772578,2.317506821801623,14.069402058660708,7.785347007043317,418.93977460343734
42.4863638889,-71.7751861111,0,0.19004524886877827,0.4607703281027104,0.0,0.05420827389443652,0.167420814479638,0.1731811697574893,0.0,0.07189728958630527,2.588235294117647,4.119543509272468,208.2294921875,4.498435101524268,3.066169037186911,21.038091398413368,523.620049837638,62.33785076730352
42.2529381377,-72.2549755322,0,0.02262443438914027,0.1948644793152639,0.19004524886877827,0.13152639087018544,0.7873303167420814,0.5843081312410842,0.0,0.0005706134094151213,33.07239819004525,20.311840228245362,124.15831756591797,1.1694678253330457,2.031888540324049,15.614527778314878,14.456985902918463,32.97264588375467
42.2557013997,-71.5636220947,1,0.05429864253393665,0.19315263908701855,0.416289592760181,0.22225392296718974,0.49321266968325794,0.5075606276747504,0.0,0.0002853067047075606,7.633484162895928,8.896148359486448,88.05516815185547,0.9491454000738087,1.4805145088033664,11.781539080320542,43.582403397976485,45.09759043897246
42.6542589705,-71.162266356,0,0.167420814479638,0.16633380884450785,0.24434389140271492,0.10527817403708987,0.5882352941176471,0.6998573466476462,0.0,0.003138373751783167,6.746606334841629,13.767760342368046,34.398773193359375,1.2882349535612778,1.238052681563273,7.143608822512382,76.94567610127521,84.8643142670607
41.6468287725,-70.3882299923,0,0.0,0.1449358059914408,0.0,0.02368045649072753,1.0,0.8296718972895863,0.0,0.0014265335235378032,28.058823529411764,18.957203994293867,11.211423873901367,0.6941463770880749,0.6945717751209832,3.0920559843466897,697.489295198991,25.631423509416667
41.658675,-70.4238583333,1,0.5248868778280543,0.4356633380884451,0.22171945701357465,0.06961483594864479,0.23529411764705882,0.48359486447931527,0.0,0.0025677603423680455,5.647058823529412,8.136376604850215,19.141923904418945,0.6626799344760419,0.8401417261608065,4.066046617033957,53.40021758182232,146.3635091647384
42.0492339693,-70.1952937525,1,0.0,0.04736091298145506,0.1583710407239819,0.19800285306704707,0.8416289592760181,0.5671897289586305,0.0,0.15891583452211128,46.497737556561084,28.399429386590583,3.146221399307251,0.7577115069152383,0.7896844898450367,3.3432822720013506,37.3044820292963,56.537403542660805
42.07631356,-71.20545714,0,0.35294117647058826,0.41512125534950073,0.004524886877828055,0.13951497860199716,0.6425339366515838,0.3803138373751783,0.0,0.019686162624821684,15.60180995475113,8.618830242510699,87.3741226196289,2.7773363775204705,1.911718769709272,10.379023003926067,321.03368556772966,31.412319595260943
42.4892380516,-72.2636168258,0,0.8099547511312217,0.8693295292439372,0.167420814479638,0.11868758915834522,0.0,0.0,0.0,0.0,0.0,0.0,212.63937377929688,1.5957212726168595,2.9730258104340836,15.251402005896251,154.52231214644567,366.6420689142591
42.8012169543,-70.9648408754,1,0.9004524886877828,0.5814550641940086,0.0,0.11925820256776035,0.0,0.14122681883024252,0.0,0.019971469329529243,0.0,2.138088445078459,26.116992950439453,3.627057759679529,2.752854545402556,12.262464871448019,342.7152294889691,235.37664212018845
42.59061167,-70.987495,1,0.01809954751131222,0.16633380884450785,0.11764705882352941,0.1977175463623395,0.19457013574660634,0.4339514978601997,0.0,0.0017118402282453639,3.6063348416289593,14.199144079885878,22.646621704101562,1.3650994297104562,1.8952011610549706,11.702189089276715,122.64478456283264,74.8481665913463
42.6902925427,-71.1491133333,0,0.0,0.008273894436519259,0.0,0.09757489300998573,1.0,0.8941512125534951,0.0,0.0,68.03167420814479,55.64593437945792,19.573312759399414,0.7795845710127108,1.1599998384659123,7.217077902412205,498.0361343235771,29.338641110201532
42.2058833333,-73.2874166667,0,0.5565610859728507,0.8804564907275321,0.049773755656108594,0.048787446504992865,0.0,0.011126961483594865,0.36199095022624433,0.04450784593437946,0.0,0.08787446504992867,483.4803466796875,3.514412410852216,5.468233848324796,39.862606513969794,11.283560660762774,149.14883607495
42.0758919837,-71.1936374289,0,0.6470588235294118,0.574037089871612,0.22624434389140272,0.20599144079885878,0.08597285067873303,0.18887303851640513,0.04072398190045249,0.0025677603423680455,2.081447963800905,3.940085592011412,73.63581848144531,1.8269472496380064,1.5311977298898114,8.022302178590241,114.68230021242695,217.68967451497576
42.4971166667,-71.421635,1,0.5565610859728507,0.39172610556348075,0.3212669683257919,0.19828815977175462,0.12217194570135746,0.40570613409415124,0.0,0.0,1.2669683257918551,14.142368045649073,47.7015495300293,1.1670294498196268,1.7452484048033405,8.438286187280054,7.794679072713369,3.9488871989471117
42.04656667,-71.45987,0,0.36199095022624433,0.48673323823109843,0.049773755656108594,0.18430813124108417,0.583710407239819,0.275320970042796,0.0,0.0005706134094151213,17.683257918552037,6.343509272467903,89.41683197021484,4.429124658324463,2.8373782182210774,23.57095714722076,164.1632292234724,40.363754564520924
42.8114803486,-70.8587873968,0,0.0,0.0002853067047075606,0.0,0.11726105563480742,0.00904977375565611,0.34693295292439374,0.9909502262443439,0.5346647646219687,0.4479638009049774,18.900142653352354,-1.318922519683838,0.2124741276179928,0.5061113443335347,4.3059849147191205,0.0,288.36800106072116
42.4900466667,-71.5176166667,0,0.6244343891402715,0.5914407988587732,0.09954751131221719,0.1346647646219686,0.27601809954751133,0.23195435092724678,0.0,0.0,3.076923076923077,3.729243937232525,100.59623718261719,2.815869023419767,2.3133339051342743,14.177134721595728,232.89182111073825,8.400847731145335
42.4414508555,-71.5248148791,1,0.9909502262443439,0.6667617689015692,0.0,0.04450784593437946,0.00904977375565611,0.2456490727532097,0.0,0.0,0.19457013574660634,3.8972895863052783,90.92205047607422,2.6034463542327857,2.5554253711458483,13.099855231185876,516.7856672392265,236.6427054552595
42.1000410566,-70.9323544684,1,0.21266968325791855,0.12696148359486448,0.4253393665158371,0.35748930099857346,0.29411764705882354,0.5027104136947218,0.0,0.0005706134094151213,7.389140271493213,13.4490727532097,26.55146026611328,0.5983714178388596,0.6859765139735747,5.019536768097428,49.6589322261351,83.03007702104304
42.139692,-71.640436,0,0.06787330316742081,0.30385164051355207,0.167420814479638,0.20770328102710414,0.5384615384615384,0.40228245363766046,0.17647058823529413,0.04079885877318117,22.615384615384617,10.717546362339515,79.47164154052734,2.735392787310644,3.1445868775047017,20.06874992734563,26.8936357983602,9.974565772592081
41.9493635289,-70.7000458923,1,0.03619909502262444,0.09671897289586305,0.0,0.0017118402282453639,0.8235294117647058,0.8699001426533524,0.13574660633484162,0.030242510699001426,25.60633484162896,33.869614835948646,38.26630783081055,2.7875309624205102,2.013839322047893,8.56199549019711,13.648151083600434,34.851333620791856
42.1450934162,-70.6956898766,0,0.0,0.0005706134094151213,0.2986425339366516,0.13751783166904422,0.3167420814479638,0.22767475035663337,0.248868778280543,0.5888730385164052,22.25339366515837,11.239942938659059,1.5894579887390137,0.45835050115854664,0.4974979988625342,3.676490225640263,54.70995889439655,12.981231948261595
42.0999574709,-70.9322820488,1,0.21266968325791855,0.12696148359486448,0.4253393665158371,0.35748930099857346,0.29411764705882354,0.5027104136947218,0.0,0.0005706134094151213,7.389140271493213,13.4490727532097,26.55146026611328,0.5983714178388596,0.6859765139735747,5.019536768097428,40.06756791447102,93.9345672465736
41.4095019953,-70.5627333373,0,0.8914027149321267,0.3723252496433666,0.0,0.0964336661911555,0.01809954751131222,0.35463623395149785,0.0,0.11754636233951497,0.20361990950226244,5.348359486447931,16.194089889526367,0.9091042961619455,0.8149759254895336,6.26331157932407,515.4636352347087,38.94274448076543
42.1165143051,-72.6832953617,0,0.6515837104072398,0.4253922967189729,0.2171945701357466,0.07189728958630527,0.0,0.225962910128388,0.0,0.008273894436519259,0.0,3.8932952924393724,41.087303161621094,3.434469116778593,2.887383766947622,14.063422243007018,7.8342135963939254,187.6592482338374
41.9211788259,-70.5431689759,1,0.3257918552036199,0.03737517831669044,0.058823529411764705,0.0094151212553495,0.36199095022624433,0.34693295292439374,0.11764705882352941,0.5417974322396576,4.018099547511312,9.833666191155492,8.403562545776367,1.063710516958687,1.0441542576460232,8.636184504202097,13.050070732416108,82.592785569669
42.4431706,-71.5387034,0,0.334841628959276,0.3791726105563481,0.09049773755656108,0.1643366619115549,0.5746606334841629,0.3914407988587732,0.0,0.0002853067047075606,7.841628959276018,6.330955777460771,76.65199279785156,2.390763555076935,1.630336029173694,10.649148026333041,202.62514551298975,0.543650681283784
41.2932578006,-70.0394530962,0,0.21266968325791855,0.23395149786019973,0.4796380090497738,0.22910128388017117,0.14027149321266968,0.1768901569186876,0.09502262443438914,0.25962910128388017,1.9230769230769231,3.431954350927247,3.8748250007629395,0.9245009674295088,0.8100083631039169,6.462238998502122,62.133140136329516,3.7482016508901075
42.8039414403,-70.9733365049,1,0.6470588235294118,0.49072753209700426,0.18552036199095023,0.14122681883024252,0.02262443438914027,0.18830242510699002,0.09049773755656108,0.019971469329529243,0.248868778280543,2.9854493580599146,18.920612335205078,1.9992729796910393,2.4138030962374284,11.034142127082184,4.8409591746385585,260.6771493518153
42.3050583333,-72.4640116667,0,0.5746606334841629,0.7617689015691869,0.2986425339366516,0.10527817403708987,0.004524886877828055,0.08958630527817403,0.0,0.0005706134094151213,0.2986425339366516,1.5700427960057062,120.05298614501953,3.1205721954548706,3.4616906110924917,15.218070611934804,74.41522436191553,258.0189733512907
42.3310818797,-71.4191794469,1,0.1583710407239819,0.054778887303851644,0.0,0.012553495007132667,0.8416289592760181,0.9326676176890157,0.0,0.0,18.18552036199095,23.895577746077034,56.9896354675293,0.4664603195833092,1.1063760000308966,6.064707652505253,131.27397015233626,146.1862539232633
42.4869980277,-72.2598106673,0,0.8868778280542986,0.8365192582025678,0.027149321266968326,0.15320970042796006,0.0,0.0,0.0,0.0,0.0,0.0,195.85406494140625,3.733710360359944,3.232101151251587,14.786704655780456,202.41798506003514,8.286989599006867
42.0560251824,-71.3479915544,0,0.1085972850678733,0.19686162624821682,0.04072398190045249,0.1631954350927247,0.6425339366515838,0.4245363766048502,0.0,0.17945791726105564,25.58371040723982,10.520970042796005,67.60577392578125,0.9432335653827492,1.1991088697283256,6.024150472376967,221.74520528095903,40.885473430191
41.7533350265,-70.1848993733,0,0.0,0.008559201141226819,0.0,0.03195435092724679,0.0,0.2333808844507846,1.0,0.6504992867332382,0.0,4.643651925820257,-0.7814449667930603,0.2761917082072894,0.4906274188881812,3.928507754207496,0.0,351.76269852537985
42.7288179245,-71.0464227239,0,0.23529411764705882,0.3717546362339515,0.13574660633484162,0.11554921540656206,0.38461538461538464,0.2051355206847361,0.1085972850678733,0.21483594864479316,5.411764705882353,3.034236804564907,29.241226196289062,2.4116809236360006,1.725494109425953,9.713068498239515,90.31986359160001,62.257597837391785
42.6356213071,-70.6428592786,1,0.4253393665158371,0.6222539229671897,0.5248868778280543,0.17660485021398004,0.04524886877828054,0.17375178316690443,0.0,0.017403708987161197,0.29411764705882354,7.627960057061341,24.19218635559082,1.5613610270049714,1.7796846954399934,8.590603724179264,33.14548249784672,121.61244683433179
41.4338113368,-70.6040696987,0,0.5565610859728507,0.42139800285306706,0.04072398190045249,0.02168330955777461,0.14479638009049775,0.35977175463623395,0.2579185520361991,0.17517831669044223,1.9683257918552035,5.8656205420827385,18.524883270263672,3.1424888921184575,1.9510754637135705,12.75354802646239,74.24533682518162,51.0096707173495
42.4266572851,-71.4413851226,1,0.22171945701357465,0.11212553495007133,0.04072398190045249,0.04764621968616262,0.7375565610859729,0.8385164051355207,0.0,0.0008559201141226819,17.352941176470587,24.556348074179745,65.29850769042969,1.5000193849699808,1.0354009510375644,4.600195003367039,198.0701567545502,35.4763817416013
42.4381716667,-71.187125,1,0.6832579185520362,0.17717546362339515,0.02262443438914027,0.04736091298145506,0.29411764705882354,0.7657631954350927,0.0,0.0094151212553495,3.67420814479638,19.089300998573467,77.67700958251953,3.8422806134738874,1.9698383735518437,13.774762305716338,237.76544688393383,65.34316258713724
42.488825,-73.1147266667,1,0.9728506787330317,0.6442225392296719,0.0,0.05449358059914408,0.00904977375565611,0.06333808844507846,0.0,0.06504992867332382,0.26244343891402716,1.6291012838801713,401.2693786621094,4.951662218230679,3.543245627114801,24.445706697773055,11.61099959178147,90.8764018868771
42.1207251981,-71.2127103104,1,0.8733031674208145,0.8256776034236805,0.12217194570135746,0.0818830242510699,0.0,0.03566333808844508,0.0,0.0,0.0,0.451925820256776,126.82003021240234,3.20782557327286,3.7314272864885822,17.383805393013766,187.337361974477,430.09916994292087
42.644106043,-70.6272083055,1,0.37104072398190047,0.5403708987161199,0.3257918552036199,0.16861626248216832,0.21266968325791855,0.20171184022824537,0.07692307692307693,0.07047075606276748,10.049773755656108,6.215691868758916,27.822607040405273,2.453329009867432,1.862895968307905,6.210757906844412,0.0,163.92736869143536
42.174775,-72.38672,1,0.8461538461538461,0.6893009985734665,0.049773755656108594,0.08245363766048502,0.10407239819004525,0.1614835948644793,0.0,0.024536376604850214,1.0678733031674208,2.392296718972896,131.3395538330078,5.987991347205756,3.8916534082501615,31.111310657346138,157.11640984167286,1.5776609462363913
42.2282588051,-71.1482638701,0,0.0,0.015406562054208274,0.0,0.21911554921540657,1.0,0.7654778887303851,0.0,0.0,29.32126696832579,28.79429386590585,28.04486846923828,3.53310678488349,1.3430388088349465,12.442878580615385,349.6708519370696,33.89545125302898
41.7459854805,-70.14285291,0,0.01809954751131222,0.10984308131241084,0.6018099547511312,0.2547788873038516,0.3755656108597285,0.6236804564907276,0.004524886877828055,0.007132667617689016,6.3076923076923075,11.127817403708987,2.4617786407470703,1.1260946196195125,1.321659254531855,7.723540914570813,28.24529229168007,2.270382781722331
42.0533805556,-71.3587166667,0,0.4343891402714932,0.46790299572039945,0.49321266968325794,0.16547788873038516,0.04524886877828054,0.27560627674750354,0.027149321266968326,0.06419400855920114,0.6199095022624435,7.394864479315264,65.57076263427734,1.3668754034936452,1.6145896003426194,9.577387395680912,63.0661809780527,237.12337613659392
42.34657,-72.03527783,0,0.4434389140271493,0.5831669044222539,0.05429864253393665,0.10299572039942939,0.17647058823529413,0.1312410841654779,0.0,0.0667617689015692,2.4072398190045248,1.7349500713266761,266.3857727050781,2.1511694907869363,2.7536873557518686,22.62504513371296,29.725883551819404,42.05930330791777
42.307251161,-71.613622075,0,0.12669683257918551,0.17517831669044223,0.4343891402714932,0.21911554921540657,0.06787330316742081,0.4248216833095578,0.17647058823529413,0.045934379457917264,1.1809954751131222,13.62225392296719,85.11576843261719,1.3359403328204937,1.3782744106834637,5.2178487655060595,31.43176084566196,86.61942748535245
42.0118111167,-71.0142833333,0,0.21266968325791855,0.14664764621968615,0.2081447963800905,0.2396576319543509,0.47058823529411764,0.4396576319543509,0.0,0.0,6.040723981900452,10.896433666191156,20.882734298706055,0.45805458154570466,0.42310967092393365,1.6862299561098966,135.05308808192623,8.12457950948478
42.5481083333,-73.2675833333,0,1.0,0.9968616262482168,0.0,0.0,0.0,0.002282453637660485,0.0,0.0,0.0,0.046790299572039944,696.4149169921875,9.342414541463143,11.392025031096559,64.21791975914428,591.8745086828596,1206.1559187752084
42.8125219377,-70.9649889004,1,0.5248868778280543,0.4399429386590585,0.4660633484162896,0.1942938659058488,0.0,0.13152639087018544,0.0,0.11440798858773181,0.0,2.3426533523537802,7.609839916229248,2.919790401772578,2.317506821801623,14.069402058660708,4.812081503888584,417.762900200342
42.5643505092,-71.1795122401,0,0.0,0.03737517831669044,0.013574660633484163,0.13095577746077033,0.9864253393665159,0.7917261055634808,0.0,0.039942938659058486,19.742081447963802,20.370328102710413,30.82425880432129,0.47814486184807226,0.35226781439380533,1.9260388196639209,269.3572615731438,16.08921883397337
42.2264123271,-72.0496002971,0,0.02262443438914027,0.1500713266761769,0.004524886877828055,0.20427960057061342,0.6334841628959276,0.38316690442225393,0.3393665158371041,0.17660485021398004,31.895927601809955,10.593152639087018,187.9228515625,1.0340901238760547,1.4856398034675,7.328700173015539,0.0,20.996281635634084
42.4329357051,-71.6805140434,0,0.10407239819004525,0.1529243937232525,0.16289592760180996,0.09386590584878744,0.7330316742081447,0.7477888730385164,0.0,0.0,36.15384615384615,29.453067047075606,73.9259033203125,0.9966909227413434,1.9616143542854576,10.290074117672242,19.743700984637208,18.302495332488448
42.1540588,-71.4604250997,0,0.11764705882352941,0.36490727532097006,0.27149321266968324,0.25848787446504995,0.6108597285067874,0.3660485021398003,0.0,0.0,10.438914027149321,6.805135520684736,82.57756805419922,1.7787036973954606,1.4160750376503075,8.371707169510957,108.0045434137394,14.474111798938063
42.1274692718,-71.8783560986,0,0.3755656108597285,0.329243937232525,0.4117647058823529,0.29472182596291013,0.2081447963800905,0.3095577746077033,0.0,0.011126961483594865,9.289592760180996,7.787446504992867,148.76795959472656,1.161183802000367,1.5645767692714614,7.7001833902428505,0.0,101.29012868277866
41.3214116907,-69.9923212212,0,0.14479638009049775,0.13751783166904422,0.25339366515837103,0.2599144079885877,0.23076923076923078,0.09358059914407989,0.0,0.3583452211126961,2.8009049773755654,1.5965763195435092,7.036882400512695,0.8570512725860445,0.6815755290585643,4.197252901731056,216.24964032635802,11.786858912957994
42.1807128123,-71.3890139759,1,0.25339366515837103,0.2268188302425107,0.5339366515837104,0.3312410841654779,0.21266968325791855,0.3957203994293866,0.0,0.0,3.4434389140271495,7.196005706134094,42.45361328125,0.46063732074022035,0.9763921525152252,6.468437733519092,15.985659688708138,165.8236340976637
41.3664119722,-70.7454259722,0,0.9864253393665159,0.7960057061340942,0.0,0.019686162624821684,0.004524886877828055,0.053637660485021395,0.0,0.025962910128388018,0.04072398190045249,0.5840228245363766,76.83861541748047,2.810478902157459,3.1361551439824358,18.120967814871037,521.5140627634037,123.27060653949441
42.6326116667,-72.1277116667,0,0.6018099547511312,0.5543509272467902,0.19004524886877827,0.2944365192582026,0.013574660633484163,0.05734664764621969,0.01809954751131222,0.03651925820256776,0.13574660633484162,0.8219686162624822,253.23594665527344,1.3231635905175418,2.618538746681878,12.965663912364702,10.931638810655203,96.39042174687306
42.1430516114,-71.0020156347,0,0.09502262443438914,0.31326676176890156,0.07239819004524888,0.14579172610556348,0.832579185520362,0.538944365192582,0.0,0.0,33.217194570135746,18.276747503566334,58.519535064697266,0.8938416472604526,1.0218619987519904,6.754045516192515,221.88799206882615,15.429294996352409
42.2066281029,-71.424403315,0,0.06787330316742081,0.2844507845934379,0.3031674208144796,0.12154065620542083,0.6289592760180995,0.5820256776034237,0.0,0.007703281027104137,26.542986425339368,17.65249643366619,52.510276794433594,1.3821763206787052,1.680444404200745,12.607396382144362,38.824425397964625,196.6178294161547
42.4683416667,-71.5023783333,0,0.5067873303167421,0.5369472182596291,0.28054298642533937,0.11554921540656206,0.20361990950226244,0.3007132667617689,0.004524886877828055,0.0002853067047075606,2.8054298642533935,4.597146932952924,96.79017639160156,3.539706844964852,2.545751903127364,10.858033208809738,13.058893729950974,6.31742857891387
42.3542701593,-71.0639710632,0,0.0,0.0,0.0,0.0,1.0,0.9900142653352354,0.0,0.009985734664764621,52.68778280542986,74.71212553495008,8.143786430358887,0.8681864746560426,0.8168826518639855,4.804171361766043,235.62740438070838,10.142998871771292
42.2845156937,-72.7738296875,0,0.3755656108597285,0.5922967189728958,0.27601809954751133,0.11326676176890157,0.23529411764705882,0.09985734664764621,0.0,0.0,5.0633484162895925,1.7905848787446506,174.3167266845703,2.3519096919087197,2.7895728938486473,16.139459727192452,165.74361370012682,97.5474846446515
42.2095111111,-71.0925444444,1,0.7918552036199095,0.6590584878744651,0.09049773755656108,0.12582025677603423,0.04524886877828054,0.15977175463623394,0.01809954751131222,0.029386590584878743,0.5882352941176471,5.205706134094151,61.20726776123047,2.894469859983736,3.5772605386733964,23.2950694582971,203.84078123916484,324.9283000467407
42.0462937292,-70.2182540438,0,0.0,0.075320970042796,0.0,0.09386590584878744,0.05429864253393665,0.02253922967189729,0.34841628959276016,0.46219686162624823,2.7963800904977374,0.875320970042796,2.4550795555114746,0.6487308057656862,0.43161190764026003,2.6672510783514385,61.46193761206486,39.97358311995742
42.7112283333,-72.492895,0,0.8280542986425339,0.9061340941512126,0.08597285067873303,0.05249643366619115,0.049773755656108594,0.012838801711840228,0.0,0.0,0.49321266968325794,0.12867332382310984,133.36636352539062,3.362699603685716,4.171590178503628,20.605623744372583,14.918003497306405,0.8667378743538403
42.0096523698,-71.200048075,0,0.04072398190045249,0.1543509272467903,0.7104072398190046,0.23252496433666192,0.248868778280543,0.5743223965763196,0.0,0.0048502139800285305,4.619909502262443,12.681597717546362,37.70063781738281,0.22450452746982322,0.3197139178635305,1.7234311528089694,19.0398726106708,74.37291102600302
42.3373249444,-71.7452472222,1,0.5610859728506787,0.4613409415121255,0.07239819004524888,0.11611982881597717,0.3574660633484163,0.35463623395149785,0.0,0.05049928673323823,8.09049773755656,10.742938659058488,137.47935485839844,1.2546703978976834,2.283708921650162,11.179918104767896,204.77236375853374,10.020654790883183
42.4756734671,-71.919613518,1,0.5158371040723982,0.6333808844507846,0.4298642533936652,0.3186875891583452,0.049773755656108594,0.013980028530670471,0.0,0.010271041369472182,0.36199095022624433,0.10613409415121255,329.9150695800781,0.8962429285169292,1.7617933922821924,9.969958118383254,0.0,95.42048244369387
41.7034187317,-70.0682601929,0,0.0,0.1492154065620542,0.0,0.07332382310984308,1.0,0.7141226818830243,0.0,0.03851640513552068,21.570135746606336,16.28159771754636,19.3485050201416,0.7768457801783649,0.7478054887453963,3.0935526303959056,268.5063841748282,43.89167982952956
42.4343633333,-71.3395616667,0,0.6968325791855203,0.6579172610556349,0.14479638009049775,0.05563480741797432,0.13574660633484162,0.10071326676176891,0.02262443438914027,0.07845934379457917,1.1447963800904977,1.3514978601997147,57.733943939208984,1.4003642826008096,1.6877385407612824,10.318217898859363,11.064808910858273,302.2879085680944
42.6131581069,-72.0201725178,1,0.5475113122171946,0.6271041369472182,0.45248868778280543,0.30470756062767473,0.0,0.0456490727532097,0.0,0.0,0.0,0.9683309557774608,309.300537109375,1.3261544042326958,1.9506028665859916,9.04530424412852,60.61330325016482,640.2679795594897
42.254548063,-71.3371738528,1,0.37104072398190047,0.4079885877318117,0.5294117647058824,0.2245363766048502,0.00904977375565611,0.3044222539229672,0.0,0.0048502139800285305,0.12217194570135746,5.2251069900142655,42.756229400634766,0.7478693233772756,1.2723371485392443,5.148255371198522,0.0,293.2447056806635
41.2517916667,-70.0837388333,0,0.09954751131221719,0.15720399429386592,0.03167420814479638,0.011126961483594865,0.8687782805429864,0.7203994293865906,0.0,0.029386590584878743,20.076923076923077,17.667332382310985,9.15293025970459,0.30604236907154875,0.44913866913513595,2.6037550579206554,184.8514616093154,23.944162720926368
42.6318937537,-70.9177243707,1,0.7058823529411765,0.2761768901569187,0.18552036199095023,0.6399429386590585,0.004524886877828055,0.03452211126961484,0.0,0.0019971469329529245,0.11312217194570136,0.4479315263908702,19.402122497558594,1.9226379653997603,0.7094790326990228,3.561389674124145,103.61452335302322,104.52313993350965
41.68728096,-70.00068163,0,0.3574660633484163,0.08359486447931526,0.027149321266968326,0.030242510699001426,0.6153846153846154,0.8068473609129815,0.0,0.07417974322396577,16.144796380090497,23.64793152639087,12.039948463439941,0.6537915195263714,0.935353472556142,3.996672149111015,366.492721337865,47.11986313948967
42.647045,-71.6255583333,0,0.29411764705882354,0.5560627674750357,0.4479638009049774,0.20912981455064195,0.19909502262443438,0.1788873038516405,0.0,0.0,1.5972850678733033,2.4562054208273896,99.58389282226562,1.4368256546831182,1.9756313801334608,13.76410925206429,141.06240732333393,48.13529302575885
42.26092351,-71.56305766,1,0.12669683257918551,0.16690442225392296,0.10407239819004525,0.2456490727532097,0.7692307692307693,0.5611982881597718,0.0,0.0002853067047075606,17.190045248868778,11.623680456490728,95.83731842041016,3.005089190909379,1.691116586945167,13.640704106525405,128.37192897922546,0.18308153369187818
42.3501033333,-71.229225,0,0.0,0.0,0.0,0.007703281027104137,1.0,0.9922967189728958,0.0,0.0,58.828054298642535,39.772325249643366,15.431550979614258,0.37460063565917534,1.4073327767865114,10.750490953583185,386.9555330017867,7.079237803208611
42.5854751247,-70.7854399093,0,0.22171945701357465,0.42567760342368044,0.058823529411764705,0.124679029957204,0.7194570135746606,0.4496433666191155,0.0,0.0,11.375565610859729,8.911554921540656,32.155967712402344,1.5536307178980944,1.8597143642837257,9.83954088943888,212.82594547829822,18.387289357637204
42.320351,-72.4611029722,0,0.2895927601809955,0.47674750356633383,0.4841628959276018,0.28473609129814553,0.19457013574660634,0.13523537803138375,0.0,0.0,2.226244343891403,1.7027104136947218,59.331199645996094,1.045421106605336,2.5007679127385485,17.461163594176632,7.2126511481367865,0.9859524521365778
41.541725,-70.6229466667,0,0.0,0.00884450784593438,0.0,0.051069900142653356,0.4072398190045249,0.3466476462196862,0.38461538461538464,0.5483594864479315,17.176470588235293,9.241084165477888,0.5155333876609802,0.1992724421725726,0.3322503743490899,2.1412801998804523,53.942034373384644,12.600405583631966
42.2453,-71.4592583333,0,0.3891402714932127,0.2921540656205421,0.004524886877828055,0.10813124108416548,0.19909502262443438,0.4273894436519258,0.3936651583710407,0.14465049928673324,2.4570135746606336,9.658773181169758,67.40345001220703,3.050084346517402,2.12767441628094,13.898637114427713,33.39194815880342,135.38905189593396
42.85947495,-70.9331846,0,0.0,0.12439372325249644,0.0,0.021968616262482168,1.0,0.7843081312410841,0.0,0.05962910128388017,44.8552036199095,31.352924393723253,29.71023941040039,1.8545070540634123,2.9182941845091075,18.14901887718058,200.9529934927153,14.288490991099934
42.6401594667,-70.6348701225,1,0.37104072398190047,0.6168330955777461,0.4660633484162896,0.20970042796005706,0.11764705882352941,0.10527817403708987,0.04524886877828054,0.056776034236804565,0.7692307692307693,2.88074179743224,25.602996826171875,1.3938152746838743,1.856662116631823,6.707092386456182,0.0,161.014940967005
41.6257516537,-70.8954614569,0,0.09049773755656108,0.006562054208273894,0.004524886877828055,0.035092724679029956,0.5746606334841629,0.3298145506419401,0.13574660633484162,0.604564907275321,9.217194570135746,11.473038516405136,2.8440983295440674,0.7628226699101389,0.3760053747568264,2.589848780306842,152.30813830222456,102.273042977521
41.5761716667,-71.1175778333,1,0.39819004524886875,0.4490727532097004,0.5294117647058824,0.2659058487874465,0.0,0.041940085592011414,0.0,0.0005706134094151213,0.0,0.9774607703281027,36.93653869628906,0.804088339618441,1.1177879147937282,9.235842493509043,93.49773756339087,12.72035959940545
42.0755111111,-70.2368277778,0,0.0,0.0,0.0,0.06790299572039943,0.0,0.0014265335235378032,0.4479638009049774,0.5380884450784593,0.0,0.06333808844507846,3.0703787803649902,0.9117412550279762,0.38810762809028665,2.333726078938637,0.0,416.14214941521993
41.4574704943,-70.5706582363,0,0.0,0.0,0.0,0.026818830242510697,1.0,0.9166904422253923,0.0,0.05449358059914408,15.479638009049774,24.09358059914408,12.774368286132812,0.6620635077946773,0.8604458961875616,4.201603700622926,607.9029426819714,8.944453788578762
42.453140593,-71.081748595,1,0.5113122171945701,0.3557774607703281,0.0,0.012268188302425107,0.48868778280542985,0.5617689015691869,0.0,0.06105563480741798,12.782805429864254,21.196005706134095,22.058626174926758,3.796742060807763,2.667654486407348,20.742904766909792,211.28117088284375,60.35313759398602
41.8309216667,-71.275095,0,0.13574660633484162,0.1181169757489301,0.027149321266968326,0.3215406562054208,0.6515837104072398,0.5132667617689015,0.10407239819004525,0.006562054208273894,7.076923076923077,8.354921540656205,13.334953308105469,0.7300257340343584,0.6733084538136358,2.6859385880066617,59.427468241109224,29.677481127633563
42.4683156024,-71.3089733146,1,0.11312217194570136,0.17717546362339515,0.5520361990950227,0.38002853067047077,0.26244343891402716,0.3309557774607703,0.004524886877828055,0.0002853067047075606,5.018099547511312,10.2830242510699,39.05525588989258,1.1443659622378277,0.8209541923087665,3.329685188917693,54.20158030013024,2.063884045436081
42.66653295,-72.32571876,1,1.0,0.8176890156918688,0.0,0.10014265335235378,0.0,0.035948644793152636,0.0,0.020827389443651926,0.0,0.27303851640513555,301.3955383300781,7.067230681859005,4.961276829393257,28.794392064453213,304.4259298389389,300.5134924960129
42.1895,-71.2592,0,0.7013574660633484,0.5951497860199715,0.22624434389140272,0.22054208273894438,0.0,0.11554921540656206,0.0,0.0,0.0,2.49358059914408,63.27964401245117,0.9188803732714224,1.3537787579420872,6.325759328222924,13.614830043959895,610.7724918477321
42.236255,-71.2218033333,0,0.03619909502262444,0.2593437945791726,0.17194570135746606,0.12810271041369473,0.7918552036199095,0.6019971469329529,0.0,0.005420827389443652,14.963800904977376,11.916119828815978,59.333980560302734,1.7934023063039075,2.01874678470635,8.85243641277257,59.26939600135539,27.46081240532279
42.66886,-71.62843,1,0.13122171945701358,0.5055634807417975,0.03167420814479638,0.10213980028530671,0.0,0.16119828815977175,0.0,0.025106990014265335,0.0,2.256490727532097,137.60360717773438,2.0358978108564987,2.7272218137215862,14.446594057015368,373.3649602152672,285.14921186723126
41.75245126,-70.02553509,0,0.48868778280542985,0.6684736091298146,0.09049773755656108,0.027389443651925822,0.09502262443438914,0.029386590584878743,0.3031674208144796,0.2570613409415121,0.497737556561086,0.24336661911554922,15.982349395751953,2.065402632646536,1.8474601528362975,8.706491757577439,32.600480980531124,132.9567436251728
42.7051892065,-70.7828792648,0,0.0,0.0094151212553495,0.18099547511312217,0.2065620542082739,0.0,0.021398002853067047,0.167420814479638,0.5820256776034237,0.0,0.8028530670470756,2.158416748046875,0.4507514572547548,0.38448504320584664,1.639642752041612,105.96345657318572,149.14181460979367
42.4613723755,-71.9383621216,0,0.8235294117647058,0.5429386590584879,0.09954751131221719,0.3049928673323823,0.06334841628959276,0.07589158345221113,0.0,0.0005706134094151213,0.48868778280542985,0.6596291012838802,304.7935791015625,2.876980559864821,2.0309124803074856,13.67082721951022,165.0749597039927,47.49605287291345
42.1648149722,-71.4541559722,0,0.3891402714932127,0.40399429386590585,0.0,0.12610556348074178,0.5701357466063348,0.44308131241084164,0.0,0.0,12.085972850678733,11.480171184022824,107.72145080566406,2.0222632159061025,2.0126666813449816,9.088828605115642,350.1902687828106,54.93438541362572
42.655365931,-70.5988596958,1,0.33031674208144796,0.03366619115549215,0.08597285067873303,0.017974322396576318,0.5701357466063348,0.48216833095577744,0.0,0.4245363766048502,9.235294117647058,11.155492154065621,15.5225830078125,2.3941052934526788,1.1356818516776,9.952011034313708,260.7974798850693,137.74225535753374
42.079042,-70.228391,0,0.0,0.0,0.0,0.05392296718972896,0.0,0.017403708987161197,0.37104072398190047,0.49957203994293864,0.0,0.8159771754636234,3.950117826461792,1.0393974818529341,0.4658378480481945,2.7383369617630304,0.0,406.8882991507375
42.8082416667,-70.9753116667,1,0.5565610859728507,0.4659058487874465,0.21266968325791855,0.13780313837375177,0.11764705882352941,0.18002853067047075,0.0,0.019971469329529243,2.18552036199095,3.146077032810271,37.494686126708984,2.2154501365651513,2.0409514694755817,10.313941700408508,187.35247237059713,190.88225199828284
41.9377439759,-71.1045477158,0,0.04072398190045249,0.14208273894436518,0.0,0.06990014265335236,0.8868778280542986,0.52981455064194,0.07239819004524888,0.24336661911554922,19.90950226244344,14.576890156918688,29.954675674438477,2.2406433392858554,1.257651617605151,6.482752118772737,110.90701266011415,37.59745329901975
42.3239760333,-72.7809159095,0,0.7963800904977375,0.8667617689015692,0.0,0.00456490727532097,0.18099547511312217,0.08131241084165478,0.0,0.0,1.1221719457013575,0.44707560627674753,259.7556457519531,6.7315316245515096,6.6613137376591105,45.29531413243549,104.73752788949338,46.92942774573061
42.1466565936,-71.2268871905,0,0.0,0.034236804564907276,0.0,0.002282453637660485,1.0,0.9631954350927246,0.0,0.0002853067047075606,26.592760180995477,25.801711840228247,79.56806182861328,1.6642178773180543,1.701484347087419,11.852214642067805,562.3909469880417,26.16650177806628
42.6527033333,-70.8043883333,0,0.248868778280543,0.17774607703281028,0.6199095022624435,0.45106990014265336,0.13122171945701358,0.14008559201141227,0.0,0.0,5.493212669683258,2.9035663338088447,2.9638495445251465,0.6970580791420873,0.9147831678176941,4.378614259146812,19.310810673744488,34.168358628057106
42.1025988737,-71.3777511112,0,0.11764705882352941,0.1303851640513552,0.09502262443438914,0.05563480741797432,0.7828054298642534,0.7942938659058488,0.004524886877828055,0.015977175463623396,12.809954751131222,17.657917261055633,71.0615234375,1.6425607927746637,1.8053471320270245,11.774531975653387,21.533289476951456,1.3949271493181488
42.70957167,-71.16071383,0,0.0,0.0,0.0,0.0002853067047075606,1.0,0.9940085592011412,0.0,0.005706134094151213,66.93212669683258,73.90413694721826,18.005306243896484,0.6028624878711463,1.142961308671619,5.3035892768001816,364.28407537922374,93.75654225937416
42.4942004411,-71.890971885,0,0.8959276018099548,0.8927246790299572,0.0,0.0,0.10407239819004525,0.07931526390870186,0.0,0.0,0.9909502262443439,0.8265335235378032,485.9294738769531,11.01221706637648,9.87722176860803,67.71841881128923,14.869674446845789,155.31765595040056
42.3399503321,-72.6524760577,0,0.2850678733031674,0.2621968616262482,0.0,0.14094151212553496,0.7058823529411765,0.5960057061340942,0.0,0.0,15.877828054298643,18.800855920114124,71.28961181640625,1.6404181610253874,1.324075135324495,8.491234623084878,250.3095964233373,15.846729584807985
42.1203137,-72.7489362,0,0.0,0.0,0.0,0.0014265335235378032,1.0,0.9977175463623396,0.0,0.0,74.41176470588235,49.3960057061341,44.811553955078125,0.16883237616657093,0.44752413341043806,3.6136409962415543,911.7294276667097,26.740279629716593
42.3821783929,-71.1958713795,0,0.0,0.005135520684736091,0.0,0.013980028530670471,1.0,0.9808844507845934,0.0,0.0,49.47511312217195,52.3623395149786,28.384485244750977,1.3960372918721753,1.6852615227599952,7.166411658042062,434.3653966853016,24.960555806582324
42.6024109,-70.896283,1,0.14479638009049775,0.25962910128388017,0.3574660633484163,0.2108416547788873,0.46153846153846156,0.3914407988587732,0.027149321266968326,0.11069900142653352,6.950226244343892,6.62567760342368,14.070306777954102,0.7689762550263018,0.8625216748976131,3.6954723002823515,35.08625576555955,67.51880749236142
42.30233,-70.91259667,0,0.0,0.0,0.027149321266968326,0.0068473609129814554,0.6606334841628959,0.2536376604850214,0.31221719457013575,0.7269614835948645,24.339366515837103,10.908131241084165,9.300379753112793,2.292793112001069,0.996834634114033,6.162287440822843,105.7316372932352,1.797582950849245
42.3205966667,-71.1588666667,0,0.0,0.0094151212553495,0.0,0.0002853067047075606,1.0,0.9877318116975748,0.0,0.0025677603423680455,22.43891402714932,22.847646219686162,62.44269943237305,1.4342286934193953,1.6382478704004915,8.92008788378196,143.8648499358825,16.270568414389256
42.1398942,-71.4117307,1,0.2986425339366516,0.22653352353780315,0.167420814479638,0.15805991440798858,0.502262443438914,0.5646219686162625,0.0,0.0,11.633484162895927,14.526676176890158,57.41974639892578,1.3460673897673228,1.2569961467020798,6.815068210599092,221.1890782104015,48.91791148756151
42.2669919498,-71.0640088173,1,0.12669683257918551,0.04621968616262482,0.08144796380090498,0.13723252496433666,0.5656108597285068,0.7495007132667618,0.22171945701357465,0.06134094151212553,8.796380090497738,21.442796005706136,10.456790924072266,3.6508076087106867,1.5855981711527,8.923839071784494,28.5282046802926,191.8766390356055
42.355234209,-71.1283510395,0,0.0,0.0,0.0,0.0,1.0,0.981169757489301,0.0,0.018830242510699,75.18099547511312,74.21711840228245,8.147162437438965,0.5320569278017611,0.6650080013594769,4.818903884937681,842.9026887567738,15.751618218568606
42.0930014302,-70.6467521936,0,0.0,0.0028530670470756064,0.0,0.1594864479315264,0.751131221719457,0.3560627674750357,0.248868778280543,0.4724679029957204,44.07239819004525,16.90756062767475,4.9223151206970215,1.0513613943583795,0.5561851747834378,2.9846690247235887,80.78536236409045,5.715885490627005
42.6830251904,-70.775802233,0,0.02262443438914027,0.12410841654778887,0.5746606334841629,0.5186875891583452,0.2895927601809955,0.075320970042796,0.0,0.04821683309557775,5.289592760180995,1.2139800285306706,4.77329683303833,1.9886345536815742,1.4444736224369268,7.363510776775663,54.75676172135235,30.084904824830673
41.8430166667,-71.2696616667,0,0.058823529411764705,0.20370898716119828,0.2850678733031674,0.3897289586305278,0.3665158371040724,0.317546362339515,0.0,0.0,6.153846153846154,6.450499286733238,10.78110122680664,0.5921867953041778,0.8973685117468557,4.3393354271055475,179.9258651573936,45.3256176349618
42.4474812,-71.2568976789,1,0.22624434389140272,0.11611982881597717,0.0,0.024536376604850214,0.7375565610859729,0.8533523537803138,0.0,0.0,19.873303167420815,23.934094151212552,69.95083618164062,1.5751260900620925,1.9859032994258514,12.092035254942699,44.71381382249366,39.4988906914462
41.8718569898,-70.9442413598,0,0.38461538461538464,0.2239657631954351,0.08597285067873303,0.12781740370898717,0.2081447963800905,0.609129814550642,0.31221719457013575,0.03166904422253923,3.1040723981900453,14.037945791726106,23.832828521728516,0.6003352109135218,0.5467861800034545,2.9736397216304367,14.649709472934424,50.56505393880914
42.2477833333,-71.33912,1,0.7013574660633484,0.46390870185449357,0.2986425339366516,0.2787446504992867,0.0,0.08530670470756063,0.0,0.03566333808844508,0.0,1.3184022824536377,46.71990203857422,1.7298452448009973,1.2585590542752705,5.744821655177683,8.051936362910519,65.42195937511389
42.2839664435,-71.2159388233,0,0.0,0.053637660485021395,0.0,0.019115549215406563,1.0,0.9215406562054208,0.0,0.005420827389443652,23.877828054298643,26.205991440798858,68.37499237060547,1.742985784975196,2.1580359359869483,11.973921605187096,745.8251986976829,12.22135150761382
42.0366647691,-70.9705653264,0,0.09954751131221719,0.16062767475035664,0.1493212669683258,0.17089871611982882,0.24434389140271492,0.5400855920114123,0.0,0.0005706134094151213,4.46606334841629,11.983166904422253,17.890460968017578,0.4686164960317819,0.7748625531488329,3.41042257473625,107.24217128697339,187.66437006181175
42.3566151094,-71.4207264165,0,0.049773755656108594,0.14465049928673324,0.5429864253393665,0.369472182596291,0.39819004524886875,0.4644793152639087,0.0,0.0,6.497737556561086,17.34864479315264,39.43331527709961,0.7008887256316474,0.823312699265891,3.8394591791468344,193.33245271113572,34.306668912674326
42.1095373203,-73.4358443879,0,0.7239819004524887,0.9737517831669045,0.00904977375565611,0.0068473609129814554,0.0,0.0,0.25339366515837103,0.018544935805991442,0.0,0.0,628.009521484375,3.888348220586844,11.137631813261917,63.614953813863345,14.73889662780739,342.4610923543786
42.4064916667,-71.499205,0,0.46153846153846156,0.5760342368045649,0.0,0.06333808844507846,0.1493212669683258,0.2245363766048502,0.2895927601809955,0.11069900142653352,1.8099547511312217,4.099572039942939,63.767723083496094,0.6272273888191591,0.8519001548204651,3.558694026132957,49.50576576626378,161.07658628851814
41.5134896654,-70.9995602652,0,0.0,0.0014265335235378032,0.22624434389140272,0.27845934379457915,0.0,0.01768901569186876,0.3031674208144796,0.4738944365192582,0.0,0.1754636233951498,0.4683614671230316,0.16115896155041837,0.3485549722128288,2.7982073531953353,0.0,158.2860977232564
42.654415,-72.2607766667,0,0.27149321266968324,0.7223965763195435,0.11764705882352941,0.1355206847360913,0.12217194570135746,0.03937232524964337,0.0,0.0005706134094151213,1.737556561085973,0.6456490727532097,179.729248046875,2.3324424193039905,6.502605922558701,46.35852119198205,184.41312447963247,165.46130339071468
42.1463976578,-73.0477463319,0,0.502262443438914,0.5312410841654779,0.17194570135746606,0.03965763195435093,0.058823529411764705,0.05848787446504993,0.2579185520361991,0.3472182596291013,0.7104072398190046,0.7052781740370899,434.438232421875,1.7039605729990286,2.070952213958161,11.814196245402515,0.0,127.82723450921674
42.1312853891,-71.2131248796,0,0.9457013574660633,0.6562054208273894,0.0,0.12011412268188303,0.01809954751131222,0.16833095577746077,0.0,0.0,0.05429864253393665,4.673323823109843,110.64805603027344,2.1887770032426435,2.630495729567732,16.8059701145363,334.2217428288042,256.9148293230349
42.8097505972,-70.9751433569,1,0.6742081447963801,0.48216833095577744,0.2669683257918552,0.13580599144079886,0.03167420814479638,0.1646219686162625,0.0,0.019971469329529243,0.7420814479638009,2.9075606276747505,33.671241760253906,2.3390670070313844,2.129667431694812,11.310599418905863,225.41873169585614,227.41441364062322
42.3083120611,-71.6366976316,0,0.502262443438914,0.16690442225392296,0.058823529411764705,0.11212553495007133,0.43891402714932126,0.7195435092724679,0.0,0.0,6.398190045248869,11.036804564907275,88.67857360839844,1.7685511678082277,1.431886639636271,6.922822576586464,127.35543666800537,143.58239537764877
42.3191449722,-72.427862,0,0.4796380090497738,0.7352353780313837,0.29411764705882354,0.061626248216833095,0.22171945701357465,0.1369472182596291,0.0,0.05534950071326676,3.1900452488687785,1.8191155492154065,100.00057220458984,3.956408747054078,6.053416755578932,45.395889529299566,32.985974987952446,91.3473211487892
42.4040983333,-72.3913166667,0,1.0,0.9708987161198288,0.0,0.01768901569186876,0.0,0.005135520684736091,0.0,0.0008559201141226819,0.0,0.018544935805991442,305.7055969238281,2.6694884779490726,5.503339892308903,34.862982032384735,434.95549224207207,1.2185051467386712
42.4197738349,-71.2105976431,0,0.05429864253393665,0.06219686162624822,0.0,0.10156918687589159,0.9366515837104072,0.8348074179743223,0.00904977375565611,0.0008559201141226819,16.466063348416288,18.98459343794579,64.78289031982422,1.59577511702792,2.12193631613273,9.19031525081704,121.08719136593068,28.47609272582993
41.2920480556,-70.0473430556,0,0.05429864253393665,0.2818830242510699,0.22624434389140272,0.17146932952924393,0.7194570135746606,0.22624821683309557,0.0,0.2507845934379458,17.20814479638009,4.488159771754637,6.3849406242370605,0.9830654583303691,0.9053155029860893,7.425643015433268,225.1269796973363,3.714446150288507
42.0860838616,-70.7988126666,1,0.6606334841628959,0.4587731811697575,0.3212669683257919,0.35634807417974323,0.00904977375565611,0.14893009985734665,0.0,0.0,0.06787330316742081,4.075035663338088,6.707809925079346,0.5674548645106346,0.8511151087746565,4.270811536552382,131.2757426876421,302.98534596548365
41.75468551,-71.0112923105,0,0.7737556561085973,0.6196861626248217,0.013574660633484163,0.08930099857346648,0.21266968325791855,0.2827389443651926,0.0,0.0,4.751131221719457,7.973751783166905,58.49546813964844,0.9656070192358011,1.038363732394213,6.8471132519005575,132.9318354476396,67.47951898068692
42.7318492747,-70.9984550036,0,0.2579185520361991,0.23138373751783167,0.07692307692307693,0.12724679029957203,0.49321266968325794,0.49757489300998575,0.1583710407239819,0.12696148359486448,10.402714932126697,11.093009985734664,27.161243438720703,0.7657986735623207,1.0142091511812377,4.161368552164457,88.51368052952667,139.7780134829357
42.2116083333,-71.2351383333,1,0.6787330316742082,0.24222539229671897,0.05429864253393665,0.06533523537803139,0.2669683257918552,0.6576319543509273,0.0,0.03195435092724679,7.330316742081448,15.910413694721825,66.36209106445312,2.4746631753527075,1.509703975477174,9.561641294438848,0.6340299591526048,164.22053252815476
42.4553366351,-71.123603819,1,0.918552036199095,0.44251069900142653,0.04072398190045249,0.009985734664764621,0.01809954751131222,0.4659058487874465,0.02262443438914027,0.0738944365192582,0.19004524886877827,16.708131241084164,62.646514892578125,3.936917164002276,2.5500178641991833,20.575125932417638,20.67188646791314,245.43904755608403
42.2997055054,-70.8860702515,0,0.0,0.0,0.0,0.003994293865905849,0.5384615384615384,0.33523537803138376,0.46153846153846156,0.6407988587731812,37.20814479638009,21.625106990014267,0.12574389576911926,0.5144306996701805,0.7074602965673661,4.600686141018845,19.495860380797577,9.969357918678874
41.4015833333,-70.598045,0,0.8687782805429864,0.7594864479315264,0.0,0.0002853067047075606,0.058823529411764705,0.1651925820256776,0.0,0.0,0.48868778280542985,3.0847360912981454,14.636797904968262,0.3965618005612402,0.4831925414258552,1.9908043952819534,630.1030711665912,432.24057836039435
42.353655,-71.404869,1,0.10407239819004525,0.17631954350927248,0.3936651583710407,0.3044222539229672,0.502262443438914,0.4833095577746077,0.0,0.0,10.692307692307692,9.629671897289587,39.44412612915039,0.6074494341171369,0.8492648657156562,4.553227676890746,39.169855353219354,141.5682553751617
42.099688802,-70.932335693,1,0.2081447963800905,0.12781740370898717,0.47058823529411764,0.36405135520684734,0.26244343891402716,0.49529243937232525,0.0,0.0005706134094151213,6.257918552036199,13.240513552068474,24.18352699279785,0.46586847929300546,0.6972802083282583,4.553456957289154,10.253669581195192,120.63028439881029
42.594864,-70.9666179722,0,0.13574660633484162,0.06419400855920114,0.08597285067873303,0.15606276747503567,0.7737556561085973,0.7300998573466476,0.0,0.0005706134094151213,23.398190045248867,27.44935805991441,29.294227600097656,2.3141117015681245,1.8440126490261974,9.935203623660337,55.559898081523045,3.255573673212009
42.7092182907,-70.9020865767,1,0.07692307692307693,0.3791726105563481,0.3031674208144796,0.20970042796005706,0.6199095022624435,0.38887303851640515,0.0,0.0,18.647058823529413,14.464479315263908,21.433900833129883,0.5527230303647366,1.6828639145546203,9.62597146926119,83.85742155068286,45.80284356606619
42.2081256995,-73.3811013297,0,0.3167420814479638,0.4944365192582026,0.14479638009049775,0.10527817403708987,0.4479638009049774,0.181169757489301,0.0,0.0025677603423680455,15.83710407239819,4.4031383737517835,239.49131774902344,3.075778936191724,2.9668686319874538,23.873867661345272,197.8253674900294,49.5631185951655
41.6419286111,-70.5438977778,0,0.19004524886877827,0.2787446504992867,0.0,0.006276747503566334,0.8099547511312217,0.5223965763195435,0.0,0.03223965763195435,23.97737556561086,17.703566333808844,29.340574264526367,0.7413209718623642,0.6459904996530126,5.4610515190197235,62.82093115006142,48.3209451413979
42.5569033333,-71.794075,0,0.40271493212669685,0.5443651925820256,0.0,0.02168330955777461,0.5294117647058824,0.41797432239657634,0.0,0.007703281027104137,9.588235294117647,12.57774607703281,177.57110595703125,5.12343462632818,4.037131548484887,30.463369082172434,244.2113227903928,25.102437146663956
42.4638260241,-70.8933003172,0,0.0,0.0008559201141226819,0.07692307692307693,0.047931526390870186,0.8099547511312217,0.41169757489301,0.07692307692307693,0.5278174037089871,23.520361990950228,14.401997146932953,13.870877265930176,2.0444154960759673,0.9527498826830482,5.974077110565612,101.46057135131801,3.155000855619984
42.3689608276,-71.1006719806,0,0.0,0.0,0.0,0.0,1.0,1.0,0.0,0.0,68.89592760180996,73.88730385164051,4.893467903137207,0.4139275673145705,0.3476491873188038,2.335936112626977,1302.8176803573342,0.8187684449014129
42.5210059722,-71.316764,1,0.33031674208144796,0.26333808844507844,0.6515837104072398,0.4875891583452211,0.0,0.11355206847360913,0.0,0.03566333808844508,0.0,1.9249643366619116,36.03508758544922,0.4722519413159747,0.6851432502321957,4.7249306645260365,10.284511357980236,306.3492446135511
42.369185,-71.245235,0,0.0,0.0042796005706134095,0.02262443438914027,0.009985734664764621,0.9321266968325792,0.9497860199714693,0.04524886877828054,0.03537803138373752,59.69683257918552,55.834522111269614,11.948890686035156,1.3824215432401654,1.3738588311887097,7.8176274939437915,24.153681372279767,6.112028790973354
42.8124797244,-70.9649829128,1,0.5248868778280543,0.4399429386590585,0.4660633484162896,0.1942938659058488,0.0,0.13152639087018544,0.0,0.11440798858773181,0.0,2.3426533523537802,7.609839916229248,2.919790401772578,2.317506821801623,14.069402058660708,5.543282100362407,421.77233739634124
42.0661641894,-71.0944470265,1,0.22624434389140272,0.2827389443651926,0.09049773755656108,0.10727532097004279,0.5067873303167421,0.5352353780313838,0.06787330316742081,0.023965763195435093,12.787330316742082,16.590870185449358,38.92583465576172,1.0117758814324127,0.864217351408005,4.517663328651041,36.52698768401993,3.4341271101948077
41.7156638786,-70.233668787,0,0.0,0.12011412268188303,0.6832579185520362,0.5209700427960057,0.3167420814479638,0.33238231098430815,0.0,0.016262482168330955,3.1040723981900453,6.254493580599144,3.2040770053863525,0.4725464985416477,0.5293651312370451,2.328070614073379,0.0,219.2323361078295
42.2472521766,-71.1520572615,0,0.0,0.0019971469329529245,0.00904977375565611,0.014265335235378032,0.9909502262443439,0.9828815977175464,0.0,0.0008559201141226819,47.85067873303167,39.9058487874465,25.70594024658203,1.5592516024832717,1.5613205295143107,7.831496639280661,19.018737097924085,15.60874387677223
42.37453,-71.2454,0,0.0,0.005991440798858773,0.0,0.00456490727532097,1.0,0.974037089871612,0.0,0.015406562054208274,74.2579185520362,60.39942938659058,18.893285751342773,0.6303074660261467,1.5633656457541059,9.472857991757369,419.41810730313665,17.186744386261115
42.7018597185,-70.7773338327,0,0.0,0.0094151212553495,0.07692307692307693,0.14236804564907277,0.0,0.010841654778887305,0.37104072398190047,0.6778887303851641,0.0,0.2890156918687589,1.319780945777893,0.497886905605506,0.2754953978840709,1.5715915765627793,119.50028800084414,214.78281425135293
42.2518439618,-72.3371852903,0,0.36199095022624433,0.6907275320970043,0.24434389140271492,0.14693295292439373,0.013574660633484163,0.027960057061340943,0.0,0.0002853067047075606,0.6199095022624435,0.4205420827389444,117.08646392822266,1.6085272399549113,2.5586717304165223,11.559599181525558,24.418993415619514,196.8353545327917
41.6517142,-70.2874754997,0,0.0,0.0,0.0,0.021112696148359488,1.0,0.9669044222539229,0.0,0.011982881597717546,80.22624434389141,50.16661911554922,10.999194145202637,0.23839176305401322,0.4561842189603267,3.370139736179407,445.579071938317,6.976520755637763
41.5735633333,-70.9661033333,0,0.23076923076923078,0.20770328102710414,0.7420814479638009,0.4904422253922967,0.0,0.07845934379457917,0.027149321266968326,0.06619115549215407,0.0,1.8984308131241083,0.8768649101257324,0.6784627602421558,0.9743376258461123,7.790986758844681,0.0,701.9866528283796
42.0083583333,-70.0658278333,0,0.04072398190045249,0.14407988587731813,0.04524886877828054,0.07360912981455064,0.9140271493212669,0.781169757489301,0.0,0.0,24.74660633484163,17.356062767475034,20.609920501708984,2.2795800761281715,1.9731464204641185,9.71644437549465,79.86195324984043,4.309177068632177
41.7425575256,-70.4073791504,0,0.0,0.035948644793152636,0.0,0.011697574893009986,0.40271493212669685,0.41911554921540656,0.3076923076923077,0.4442225392296719,10.683257918552036,6.627389443651926,3.9980173110961914,1.6647655133776327,0.9844994142956399,8.543816974494119,102.09889404885371,16.68151430681572
42.6838516667,-72.0842233333,0,0.2850678733031674,0.4154065620542083,0.5565610859728507,0.21569186875891583,0.12217194570135746,0.08616262482168331,0.0,0.0011412268188302425,2.1040723981900453,2.037660485021398,255.79522705078125,1.112783640496461,1.4023076689704266,5.984668730081469,0.0,96.52299742637533
42.8082166667,-70.9744116667,1,0.6380090497737556,0.4687589158345221,0.17194570135746606,0.14037089871611982,0.12217194570135746,0.1760342368045649,0.0,0.019971469329529243,1.7647058823529411,3.170898716119829,37.494686126708984,2.2154501365651513,2.0409514694755817,10.313941700408508,259.6742576085785,118.17848678088963
41.5301489701,-71.064146964,0,0.02262443438914027,0.13751783166904422,0.19909502262443438,0.1275320970042796,0.15384615384615385,0.20912981455064195,0.5248868778280543,0.46162624821683307,2.3846153846153846,3.7440798858773183,2.0092461109161377,1.2941234381698894,0.8914140927675434,8.72226168886347,0.0,112.13439629765068
42.4114320882,-71.4539021817,0,0.4298642533936652,0.4413694721825963,0.502262443438914,0.3386590584878745,0.013574660633484163,0.16176890156918688,0.0,0.04079885877318117,0.20361990950226244,6.654778887303852,59.39572525024414,0.7370379823030841,0.7746598260433941,3.456043532620592,42.378787362506394,86.63416850280451
42.5624700008,-70.8549446882,1,0.33031674208144796,0.24365192582025677,0.38009049773755654,0.15092724679029956,0.2895927601809955,0.6037089871611983,0.0,0.0,3.755656108597285,14.828530670470757,18.179920196533203,0.5344130787469831,1.0261644770844853,4.005410479146511,151.1368439480454,144.21195916413984
42.5039972222,-71.7958916667,0,0.39819004524886875,0.7754636233951497,0.08144796380090498,0.06134094151212553,0.02262443438914027,0.05534950071326676,0.0,0.0,0.11312217194570136,0.5925820256776034,247.3406219482422,3.6953333079136623,3.5630169724515492,23.86435306738631,10.504137824536143,396.5608392632654
42.1905416667,-72.576875,0,0.0,0.11526390870185449,0.0,0.011982881597717546,1.0,0.8724679029957204,0.0,0.0002853067047075606,47.959276018099544,32.33808844507846,65.49038696289062,1.4234001634985642,1.0623816107822333,7.5256628624756345,136.9296311844982,6.8555970208658215
42.5435966667,-72.2548866667,0,0.9502262443438914,0.5015691868758916,0.049773755656108594,0.24479315263908702,0.0,0.07703281027104136,0.0,0.09586305278174037,0.0,1.429101283880171,179.9779052734375,3.0084455363074682,1.9166703082971497,9.131198025477568,164.9121574358011,193.75564103845
41.6668690312,-69.95611757,0,0.07692307692307693,0.006276747503566334,0.19909502262443438,0.12553495007132667,0.5746606334841629,0.3118402282453638,0.0,0.37203994293865905,19.285067873303166,7.571754636233951,1.7243378162384033,0.29444952994306434,0.6955479145691252,3.162021625957594,13.834009460966103,31.01235906492372
41.7443095101,-70.7272612118,0,0.38461538461538464,0.1674750356633381,0.1085972850678733,0.18145506419400856,0.45248868778280543,0.5526390870185449,0.027149321266968326,0.08730385164051355,13.692307692307692,18.09728958630528,2.9175374507904053,0.1895923116817849,0.29536526785194894,1.3920576867907202,0.0,108.49195763147044
42.3120966886,-71.4349883795,1,0.1583710407239819,0.09557774607703282,0.06787330316742081,0.10242510699001427,0.7737556561085973,0.8017118402282454,0.0,0.0,15.475113122171946,19.10756062767475,48.960655212402344,0.9329787050354219,1.0640715684183621,4.538678191866455,67.62572611799322,53.13192661962975
42.574302902,-72.7310452258,0,0.9366515837104072,0.8747503566333809,0.06334841628959276,0.014835948644793153,0.0,0.04079885877318117,0.0,0.0,0.0,0.5945791726105564,279.874755859375,6.711479442519883,8.397236818751942,59.39528852360894,107.29157518736463,459.3217756534797
41.9025335442,-70.7585543626,0,0.09502262443438914,0.2057061340941512,0.3031674208144796,0.2542082738944365,0.3438914027149321,0.2174037089871612,0.08597285067873303,0.02253922967189729,5.375565610859729,4.900142653352354,30.897714614868164,0.3187777760912565,0.5477099702982549,2.331775654265872,100.88670121495987,24.198932679890984
42.4045277778,-71.193425,1,0.3755656108597285,0.19600570613409415,0.0,0.08131241084165478,0.6244343891402715,0.6776034236804565,0.0,0.0,12.484162895927602,14.679029957203994,77.32640075683594,2.7714581207943314,1.6925428425353872,12.192670489784142,190.42310646044868,102.95951250129927
42.156241141,-72.0607431205,1,0.8235294117647058,0.7592011412268188,0.17647058823529413,0.21711840228245363,0.0,0.017974322396576318,0.0,0.0025677603423680455,0.0,0.13894436519258202,199.49374389648438,0.9318159158715026,2.696623284790916,12.786085643823888,194.06124505658298,27.15059843370507
42.2619776727,-70.9750150144,0,0.0,0.0028530670470756064,0.20361990950226244,0.18459343794579172,0.7330316742081447,0.3706134094151213,0.06334841628959276,0.4339514978601997,36.92307692307692,18.618259629101285,1.9827286005020142,0.4746221616337306,0.47171074117024986,2.165514966439413,75.37202448988738,42.41489117627459
41.4405783333,-70.6431633333,0,0.8552036199095022,0.8419400855920114,0.10407239819004525,0.0362339514978602,0.004524886877828055,0.04251069900142653,0.0,0.008559201141226819,0.07239819004524888,0.4473609129814551,37.335960388183594,1.608537685344373,1.4585279778075961,10.47087802016224,16.10758395026647,20.76426808736772
42.4531052849,-71.0822232513,1,0.5384615384615384,0.36148359486447934,0.0,0.012268188302425107,0.46153846153846156,0.5466476462196862,0.0,0.07047075606276748,11.624434389140271,20.384308131241085,37.06211853027344,5.3764220693907525,2.7679159208477677,21.527810825039598,207.47973071240438,72.4178610719712
41.6410866667,-70.464455,0,0.47058823529411764,0.3891583452211127,0.14479638009049775,0.07161198288159772,0.38461538461538464,0.5306704707560628,0.0,0.005991440798858773,12.850678733031675,12.91012838801712,18.037071228027344,0.8599123786298457,0.9008316840814752,3.6978961570988362,92.22769373871982,41.338736478392356
42.3786111111,-71.1891666667,0,0.0,0.002282453637660485,0.0,0.0,1.0,0.9977175463623396,0.0,0.0,60.43891402714932,57.28958630527817,29.8153018951416,1.059130779969107,1.66061602469498,7.095617712090526,1016.9379501336107,5.052570933384105
42.4235305218,-71.1002243912,0,0.0,0.0042796005706134095,0.0,0.0019971469329529245,1.0,0.9937232524964337,0.0,0.0,59.52036199095023,58.164336661911555,5.569377899169922,0.4639651774759364,1.5854648509807963,12.841911282641412,830.0453056062901,18.45908124540424
42.5944357978,-70.8178975324,0,0.4072398190045249,0.4490727532097004,0.502262443438914,0.2253922967189729,0.0,0.15634807417974322,0.09049773755656108,0.15805991440798858,0.0,5.300427960057061,16.111040115356445,0.8067759988273244,1.2424735316961977,5.128172846320453,11.071955475271968,487.24676783423695
42.2331,-71.2419,0,0.5565610859728507,0.6590584878744651,0.17194570135746606,0.14293865905848788,0.00904977375565611,0.12239657631954351,0.24434389140271492,0.05934379457917261,0.23076923076923078,1.847360912981455,75.71562194824219,1.840900466244831,1.8606213155443523,8.206740625985773,0.0,97.58882179379727
42.2715333333,-71.2182616667,1,0.01809954751131222,0.0522111269614836,0.18099547511312217,0.10156918687589159,0.7330316742081447,0.8419400855920114,0.06787330316742081,0.0042796005706134095,14.361990950226245,21.143509272467902,35.44325256347656,1.2867588046610874,1.4917119995712564,8.688103510876859,42.02747017724414,109.60435236787237
42.2806936263,-71.0857989909,0,0.0,0.0,0.0,0.0,1.0,1.0,0.0,0.0,66.83710407239819,58.40313837375178,23.989824295043945,0.5575756193287856,1.3875212802513874,6.4031351419509575,1042.3001273843797,17.0185108759282
42.5806694388,-70.6637016968,1,0.0,0.025962910128388018,0.2986425339366516,0.08701854493580599,0.05429864253393665,0.08131241084165478,0.5339366515837104,0.7666191155492154,1.407239819004525,1.2108416547788874,0.8983996510505676,0.6034247222330753,0.45727015166804885,3.6752515012458224,56.894411775916936,57.116352310017184
42.354245,-71.56883333,0,0.22624434389140272,0.20970042796005706,0.08144796380090498,0.08559201141226819,0.6923076923076923,0.7047075606276747,0.0,0.0,14.923076923076923,22.44336661911555,138.2471160888672,2.1903453759268317,3.177272176409556,20.08068033736555,79.3788678062045,35.97101849659737
42.1618128897,-70.7332420349,0,0.0,0.14179743223965763,0.27149321266968324,0.463623395149786,0.07239819004524888,0.15035663338088445,0.6561085972850679,0.2216833095577746,4.02262443438914,3.0679029957203996,-0.6136614084243774,0.535334903415449,0.9555261143698315,8.145345722163128,0.0,174.05368227730355
42.157075,-73.0825416667,0,0.7104072398190046,0.8062767475035664,0.16289592760180996,0.07332382310984308,0.0,0.06219686162624822,0.0,0.0002853067047075606,0.0,0.5523537803138374,376.2448425292969,3.969815083738376,5.067914406544755,33.781005429528236,51.18530552882175,297.9217420118091
42.6620201032,-70.916697312,0,0.5384615384615384,0.5406562054208274,0.416289592760181,0.2419400855920114,0.04524886877828054,0.20256776034236804,0.0,0.0019971469329529245,0.42081447963800905,2.660485021398003,17.059885025024414,0.6346437526486167,0.8261590417013066,4.017130568318864,55.26170073256326,0.3981410332153965
42.6343215581,-72.1307677883,0,0.6606334841628959,0.550641940085592,0.21266968325791855,0.2781740370898716,0.08144796380090498,0.07446504992867332,0.0,0.034236804564907276,1.16289592760181,0.9520684736091298,260.8902587890625,1.5946650525505772,2.502015377572152,10.323227301709434,71.60143434161755,35.571230063314154
42.3923444674,-72.5110391846,0,0.6063348416289592,0.30841654778887306,0.06787330316742081,0.09586305278174037,0.3167420814479638,0.5192582025677603,0.0,0.0,8.723981900452488,13.463908701854493,120.95809936523438,2.705760542850166,2.630231094816974,13.25950704675448,281.7148868027445,43.89246657105992
41.5927544372,-71.0900852797,1,0.49321266968325794,0.5115549215406562,0.04072398190045249,0.17917261055634806,0.3665158371040724,0.2507845934379458,0.0,0.0,7.117647058823529,5.451640513552069,44.730369567871094,1.1804322337142206,1.381526595106178,12.029030474271558,251.6041663329167,3.8449538062904884
41.7956278703,-69.9511822068,0,0.00904977375565611,0.07703281027104136,0.1583710407239819,0.11098430813124108,0.36199095022624433,0.630527817403709,0.43891402714932126,0.1651925820256776,8.266968325791856,11.769186875891583,0.7586366534233093,1.228443151477692,1.3179174956315292,8.068227826260937,0.0,143.48343564390643
42.1905166667,-71.0732583333,0,0.6606334841628959,0.2827389443651926,0.058823529411764705,0.07018544935805991,0.28054298642533937,0.6353780313837375,0.0,0.0005706134094151213,7.271493212669683,24.33808844507846,61.522056579589844,1.710502604924921,1.1837743970807446,6.614375525228785,167.66822929252442,172.91447221377337
42.334805,-71.1954033333,0,0.0,0.019115549215406563,0.0,0.0019971469329529245,1.0,0.9589158345221113,0.0,0.019971469329529243,31.09049773755656,29.3848787446505,42.226497650146484,0.7129320804067177,1.3021738684365254,6.360570276076722,282.87150577142916,7.658238060904068
42.2081116667,-73.3651283333,0,0.7194570135746606,0.5281027104136947,0.04072398190045249,0.08273894436519258,0.2398190045248869,0.331811697574893,0.0,0.03452211126961484,2.429864253393665,5.248216833095578,270.0081787109375,3.3185384191109075,3.8897732547072583,19.915763819435305,186.8571041689642,4.042377143790776
41.7032311498,-70.7643948706,0,0.0,0.06390870185449359,0.0,0.06990014265335236,1.0,0.5960057061340942,0.0,0.2699001426533523,35.46606334841629,17.613409415121254,5.666159152984619,0.8270064195119049,0.5836704988810169,5.137291808248729,166.53257586866613,1.0697790021305407
41.3797616667,-70.7243333333,0,0.8597285067873304,0.844793152639087,0.11312217194570136,0.08502139800285306,0.027149321266968326,0.05021398002853067,0.0,0.0,0.3574660633484163,0.45164051355206847,44.45291519165039,1.3728429532083166,1.8866760544357817,8.46603619990948,123.41221891169718,19.955577962985032
42.3176000648,-71.0368047282,0,0.0,0.0,0.049773755656108594,0.016833095577746076,0.6425339366515838,0.3734664764621969,0.3076923076923077,0.6088445078459344,43.0316742081448,26.818259629101284,2.173680067062378,0.86838718393214,0.40350886684519255,2.759901702257278,0.0,141.01915309803775
42.4083625,-71.1475109,0,0.0,0.0014265335235378032,0.0,0.0005706134094151213,0.8733031674208145,0.8895863052781741,0.12669683257918551,0.10756062767475036,50.78733031674208,50.461055634807416,6.63407564163208,0.8951070071524101,0.76983576159669,3.720932407160665,151.3641070815726,11.487251133495931
42.4916392053,-71.3653933288,1,0.8009049773755657,0.5295292439372326,0.09049773755656108,0.23537803138373753,0.0,0.14693295292439373,0.1085972850678733,0.03109843081312411,0.0,3.1069900142653353,63.84928894042969,1.5212547870886557,1.4258733436089626,8.769080539285401,135.90510043258251,254.915680683694
42.4978479139,-71.3600775801,1,0.8461538461538461,0.651925820256776,0.04524886877828054,0.18288159771754636,0.01809954751131222,0.1289586305278174,0.02262443438914027,0.027389443651925822,0.6380090497737556,2.620256776034237,78.40795135498047,2.140846484396443,1.4603073378764442,9.030208700339516,240.9614743532696,571.8812910441872
42.0337009364,-70.9275737916,1,0.2850678733031674,0.23309557774607703,0.4479638009049774,0.2984308131241084,0.027149321266968326,0.31840228245363766,0.0,0.0002853067047075606,0.7692307692307693,6.504707560627675,17.209571838378906,0.9572583212681207,0.5753264692753521,4.214030247973465,0.0,186.97492927788963
42.4500846,-73.2509381,0,0.0,0.0,0.0,0.0,1.0,0.9788873038516405,0.0,0.021112696148359488,79.70588235294117,63.52011412268188,314.555419921875,0.5254320206026304,1.1526960589203454,5.35936169550755,589.7271877625336,26.05992479302981
42.4816300048,-71.108900053,0,0.0,0.003708987161198288,0.0,0.007703281027104137,1.0,0.9885877318116976,0.0,0.0,55.0,48.03708987161198,20.587120056152344,2.6869393464829434,1.829851451419758,11.888156461301621,10.617689761001163,10.336918476251897
41.66450839,-69.95294519,0,0.0,0.006276747503566334,0.11764705882352941,0.0978601997146933,0.05429864253393665,0.18659058487874466,0.27149321266968324,0.44079885877318115,2.8552036199095023,5.012553495007133,-0.026630569249391556,0.2514865261541153,0.5154088649047509,2.511840550984409,0.0,154.85683238482446
42.32312833,-72.655075,0,0.09502262443438914,0.2079885877318117,0.01809954751131222,0.048787446504992865,0.8642533936651584,0.6567760342368045,0.0,0.0,22.945701357466064,16.455920114122684,48.240726470947266,1.043306337105379,2.037738924825174,9.525564347585288,152.22113232391743,6.679985191527468
42.2275409343,-70.9994770959,0,0.0,0.00912981455064194,0.0,0.0068473609129814554,1.0,0.9840228245363766,0.0,0.0,28.04524886877828,44.30014265335235,31.325719833374023,1.2851971047044553,1.8592127323163419,9.771265346406697,434.3875451557477,26.085494586125197
41.6598275185,-70.5624682089,0,0.11312217194570136,0.24022824536376605,0.0,0.0034236804564907277,0.8868778280542986,0.74151212553495,0.0,0.008273894436519259,51.21266968325792,29.68074179743224,34.01322937011719,0.4758016645355977,0.8232000862243054,4.108101698576452,804.2817741074722,37.06530298066298
42.4268897015,-71.2218154094,0,0.027149321266968326,0.043081312410841656,0.8190045248868778,0.22853067047075606,0.11764705882352941,0.7172610556348075,0.0,0.0,2.0316742081447963,15.4,62.586944580078125,1.0377722200504051,1.7797307473412811,8.103647432700845,13.555070139866913,182.79891610233895
41.6486133333,-70.3661366667,0,0.004524886877828055,0.14379457917261054,0.06787330316742081,0.20427960057061342,0.9276018099547512,0.5948644793152639,0.0,0.0550641940085592,20.36651583710407,10.883309557774608,12.394627571105957,1.1424711203846059,0.9644960192776034,3.858356012617762,230.85233973853371,3.3697928441860343
41.9142166667,-69.9714027778,0,0.15384615384615385,0.31783166904422255,0.0,0.037660485021398,0.013574660633484163,0.03109843081312411,0.26244343891402716,0.43937232524964337,0.17647058823529413,0.7763195435092725,18.67420196533203,3.2459106575135044,1.2141731318071878,8.212996972990318,123.34879732816422,31.715603340859225
42.313205,-71.6327366667,0,0.013574660633484163,0.11897289586305278,0.248868778280543,0.105848787446505,0.7375565610859729,0.7748930099857346,0.0,0.0,5.02262443438914,12.370042796005706,84.6231460571289,1.4071656089551692,1.7197022898908398,6.50361245547341,6.29706344750626,156.13935211405476
42.4069929,-71.32807931,1,0.45248868778280543,0.3269614835948645,0.0,0.17574893009985734,0.3393665158371041,0.3326676176890157,0.0,0.0048502139800285305,5.479638009049774,6.3135520684736095,62.70960998535156,1.3620809681192554,1.053338983556319,5.260099862013465,27.52984587700962,61.58056889473222
42.1527220042,-72.8146938833,0,0.6968325791855203,0.5549215406562055,0.03167420814479638,0.021968616262482168,0.21266968325791855,0.17203994293865907,0.05429864253393665,0.021112696148359488,6.5565610859728505,3.9161198288159773,74.19588470458984,7.654564875077402,6.89367763124508,44.29949682689142,121.61902454541304,64.29431526069484
41.9630183308,-71.1825060251,1,0.5248868778280543,0.34978601997146935,0.058823529411764705,0.19657631954350926,0.416289592760181,0.4467902995720399,0.0,0.0,17.257918552036198,14.253922967189729,22.696678161621094,1.013427212300484,0.6612088773849959,4.996625220022792,203.5840188659651,185.73788008260402
41.2824919628,-70.1082129275,0,0.0,0.0025677603423680455,0.0,0.05420827389443652,1.0,0.9398002853067047,0.0,0.0,30.018099547511312,31.21997146932953,10.258171081542969,0.9331633249247341,0.8166576708073884,4.223076790716145,107.39055100371723,44.10182528827687
42.0274862394,-71.6508933943,0,0.8914027149321267,0.7232524964336662,0.0,0.062482168330955774,0.08597285067873303,0.15549215406562053,0.0,0.0068473609129814554,1.8144796380090498,2.4770328102710413,166.97091674804688,1.7197768162129021,2.2395574590897325,13.906488691319513,408.4029904722934,221.35547061715846
42.5627206024,-72.7339600821,0,0.7963800904977375,0.7922967189728959,0.04072398190045249,0.04764621968616262,0.16289592760180996,0.06333808844507846,0.0,0.0017118402282453639,1.167420814479638,0.5395149786019972,247.09634399414062,5.69540172329582,5.971092649867124,43.43038067760664,618.662583468851,38.70787666042101
41.8507028551,-70.6107296628,1,0.4253393665158371,0.5181169757489301,0.0,0.00912981455064194,0.0,0.11554921540656206,0.334841628959276,0.3209700427960057,0.0,1.4510699001426532,23.837080001831055,1.4956199170763051,1.358241475645322,8.846122757256103,18.26331735465325,177.20477865496363
42.4131552127,-71.5081883124,1,0.5248868778280543,0.43880171184022826,0.14027149321266968,0.12039942938659058,0.22171945701357465,0.28644793152639086,0.07692307692307693,0.05534950071326676,3.3891402714932126,3.9905848787446505,55.621280670166016,1.8229880799112357,2.0854960404506646,12.21657398318339,30.668623681066933,161.4597892900276
41.5953729259,-70.6104957366,1,0.669683257918552,0.5845934379457918,0.0,0.0,0.33031674208144796,0.34522111269614836,0.0,0.0,7.34841628959276,8.401997146932953,28.99673080444336,1.4448744390685282,1.2926115681837222,10.091515076556588,1030.5272731135453,59.540722946503266
42.1374166667,-71.9696366667,0,0.3031674208144796,0.41169757489301,0.09954751131221719,0.10670470756062768,0.5656108597285068,0.34407988587731814,0.0,0.0017118402282453639,19.294117647058822,10.75206847360913,264.6976623535156,1.759872208074494,2.4771059804700593,11.845573235564384,71.33280603970594,33.48545099848454
41.9205033333,-70.54052,1,0.2171945701357466,0.03651925820256776,0.049773755656108594,0.00912981455064194,0.11312217194570136,0.25563480741797434,0.35294117647058826,0.6419400855920114,1.8552036199095023,6.670470756062768,6.601758003234863,1.6170601205925377,1.012137232884076,8.433138529529765,81.50226384468385,52.496971997672574
42.366739,-71.069897,0,0.0,0.0,0.0,0.0,0.746606334841629,0.8861626248216833,0.25339366515837103,0.11383737517831669,53.39819004524887,70.63166904422253,1.2313284873962402,0.4097324287204633,0.623020790059391,3.9337524633600416,14.149584935954877,7.739346951171324
42.625078,-70.896161,0,0.3755656108597285,0.16576319543509271,0.6244343891402715,0.6932952924393724,0.0,0.12667617689015692,0.0,0.0,0.0,2.5169757489300997,14.476235389709473,0.7647025822150145,0.6474361624236713,3.208481216650803,96.36843304023525,486.00595252094837
42.3117819961,-71.2623207418,0,0.13574660633484162,0.14807417974322395,0.03167420814479638,0.029101283880171185,0.832579185520362,0.8111269614835949,0.0,0.007703281027104137,26.70135746606335,16.25392296718973,51.33838653564453,3.4067950251071246,2.5339749655600103,15.541143615602794,540.1278230544566,54.054289898653536
41.7088249282,-70.045294229,1,0.9819004524886877,0.55320970042796,0.01809954751131222,0.03937232524964337,0.0,0.26790299572039944,0.0,0.12610556348074178,0.0,6.533238231098431,19.785938262939453,1.1126055315636678,0.8403378094007503,3.3230421407324866,252.47859958472205,326.8932645015517
42.6183240067,-70.7004966905,0,0.16289592760180996,0.23195435092724678,0.027149321266968326,0.17660485021398004,0.5746606334841629,0.3606276747503566,0.23529411764705882,0.21911554921540657,7.384615384615385,10.219115549215406,6.999504089355469,2.2231252632873377,1.6850255965588559,9.004716440234564,110.28513944191012,7.590012067690145
42.5543813004,-71.1096380582,0,0.04072398190045249,0.19543509272467904,0.15384615384615385,0.22225392296718974,0.8054298642533937,0.5814550641940086,0.0,0.0,19.669683257918553,14.39771754636234,31.97706413269043,1.4016371602054438,0.8639384138946524,4.7336028240567405,88.9747710909982,73.73618790390618
42.3281822205,-73.2896499634,0,0.6289592760180995,0.48302425106990016,0.13122171945701358,0.21169757489301,0.14027149321266968,0.14407988587731813,0.0,0.0005706134094151213,2.0542986425339365,2.646219686162625,334.0122375488281,3.2821688950712877,3.3103832870999366,19.138500692636637,65.10455206547734,37.623648018307044
42.81163,-70.974205,1,0.7194570135746606,0.4998573466476462,0.14479638009049775,0.14835948644793154,0.0,0.1472182596291013,0.0,0.019686162624821684,0.0,2.592296718972896,25.822355270385742,2.578972631198513,2.2311026008063495,12.188714277937429,254.23822817145657,299.4113095977005
41.9055053,-70.5681554,0,0.23076923076923078,0.3141226818830242,0.0,0.0442225392296719,0.0,0.35235378031383735,0.04072398190045249,0.03937232524964337,0.0,7.873038516405136,3.748666524887085,0.5036283333850471,1.5000737571924654,7.299698092191721,0.0,320.3173325822213
42.08191667,-70.19291667,0,0.0,0.0,0.0,0.024251069900142655,0.0,0.0,0.4253393665158371,0.48730385164051354,0.0,0.0,1.352874994277954,0.7123075091739383,0.4867442795644031,3.9950808405621983,24.971833471338535,153.81696494467474
41.7422820907,-70.4208972307,0,0.03167420814479638,0.033095577746077035,0.09954751131221719,0.22339514978601996,0.8235294117647058,0.38002853067047077,0.0,0.2687589158345221,14.438914027149321,8.07246790299572,8.043456077575684,1.4166461839288127,0.9795617843069347,6.713214472857124,177.05198620712895,10.008160243478509
42.6293116667,-71.2875366667,0,0.09954751131221719,0.038231098430813126,0.0,0.005991440798858773,0.9004524886877828,0.9512125534950071,0.0,0.00456490727532097,24.5158371040724,35.31212553495007,42.30242156982422,0.7090650236295539,1.51644759587399,9.291411285565173,45.85999144547924,81.94068698343673
41.8834444444,-70.0656,0,0.0,0.0,0.0,0.0,0.0,0.0,0.8868778280542986,0.95320970042796,0.0,0.0,-1.0156327486038208,0.17153562489146768,0.12126288363887303,0.5540425075130135,0.0,3790.5571510076707
41.6306458517,-69.9668406162,0,0.0,0.0,0.0,0.07589158345221113,0.0,0.0,0.6561085972850679,0.5945791726105564,0.0,0.0,-0.20207343995571136,0.31543333610527363,0.14710273294197304,1.0675670705590108,0.0,2820.4598233631286
42.1872115062,-71.6944062452,0,0.06787330316742081,0.20171184022824537,0.23076923076923078,0.23537803138373753,0.38009049773755654,0.46562054208273895,0.2171945701357466,0.030813124108416547,12.32579185520362,12.41283880171184,88.61430358886719,0.7863046873847909,2.274425494912088,14.006099022019807,10.508350886966115,184.7834133447643
42.8122583333,-70.9744333333,1,0.6923076923076923,0.4984308131241084,0.11764705882352941,0.15463623395149786,0.0,0.14122681883024252,0.0,0.017974322396576318,0.0,2.4256776034236807,30.017045974731445,1.7486843529386087,2.2366298710956234,13.375864008599159,230.1135119349242,289.2796528579879
42.30398,-71.30915,0,0.0,0.06961483594864479,0.0,0.011412268188302425,1.0,0.8687589158345221,0.0,0.04650499286733238,31.823529411764707,21.3320970042796,46.27143478393555,0.413821630192835,0.9642997637452798,5.176483189001193,348.494907296467,35.104541937012776
41.88039338,-70.00143981,0,0.16289592760180996,0.112981455064194,0.6289592760180995,0.34579172610556347,0.0,0.15748930099857347,0.01809954751131222,0.3064194008559201,0.0,4.148930099857346,2.506340742111206,0.47966694658711884,0.5178002771830413,3.795314704296011,0.0,29.959901671933462
42.8040293836,-70.9733515087,1,0.6470588235294118,0.49072753209700426,0.18552036199095023,0.14122681883024252,0.02262443438914027,0.18830242510699002,0.09049773755656108,0.019971469329529243,0.248868778280543,2.9854493580599146,18.920612335205078,1.9992729796910393,2.4138030962374284,11.034142127082184,5.032766610670656,250.77459620200676
42.385895,-73.003812,0,1.0,0.8664764621968616,0.0,0.025106990014265335,0.0,0.0,0.0,0.0,0.0,0.0,494.6133728027344,4.330120425245801,5.632220400905569,43.21417023752369,211.29403199617784,0.8554161186570163
41.6637166667,-69.94393,0,0.0,0.0,0.0,0.020542082738944364,0.0,0.03965763195435093,0.497737556561086,0.5586305278174037,0.0,1.362339514978602,0.26652273535728455,0.2776378125106348,0.28197451448319044,1.5855839125419011,0.0,760.1756008457548
42.5563659752,-71.8822385185,0,0.2850678733031674,0.4833095577746077,0.0,0.04450784593437946,0.6923076923076923,0.3472182596291013,0.0,0.0,19.212669683257918,10.443651925820257,269.7628173828125,1.963871322502861,3.522432512582413,26.451192786454218,230.68132687958,49.39073836716623
42.263016586,-73.2733510106,0,1.0,0.9854493580599144,0.0,0.0002853067047075606,0.0,0.013980028530670471,0.0,0.0,0.0,0.06790299572039943,423.5281677246094,12.825723823524001,9.705518739385367,58.207873520264165,310.2428887954878,477.4819711129499
42.0998639345,-70.9345833841,1,0.18099547511312217,0.12296718972895863,0.5927601809954751,0.38145506419400854,0.21266968325791855,0.4815977175463623,0.0,0.0017118402282453639,7.552036199095022,12.723823109843082,23.78694725036621,0.38653969198714017,0.7485393141855663,4.381481854760095,43.39128871756423,166.2661261271784
42.3063069874,-71.0927859034,1,0.0,0.07760342368045649,0.0,0.0008559201141226819,1.0,0.9215406562054208,0.0,0.0,25.511312217194572,36.81455064194009,40.545326232910156,1.2398849883280953,1.785097768037187,8.076145419652992,0.0,42.01991486336841
42.50498167,-70.83235,0,0.0,0.0,0.02262443438914027,0.006276747503566334,0.3665158371040724,0.12867332382310984,0.6108597285067874,0.8604850213980029,16.09502262443439,5.6022824536376605,1.7219065427780151,1.0003751461708446,0.44780508946566294,3.1217873654556825,34.106247412144164,67.57867534424703
42.33007,-72.53849,1,0.8914027149321267,0.4002853067047076,0.1085972850678733,0.05962910128388017,0.0,0.19543509272467904,0.0,0.0,0.0,4.746362339514978,58.5111083984375,1.6700788863509095,1.2951314835675027,10.25386708413346,17.54975068042023,503.5272595078466
42.3778533333,-71.543205,0,0.00904977375565611,0.08901569186875892,0.0,0.03109843081312411,0.9909502262443439,0.7592011412268188,0.0,0.11783166904422254,26.30316742081448,20.54607703281027,106.49950408935547,3.2387144584571774,2.4327359578734313,12.27812900035016,288.57205195421807,6.178434860214723
42.7339832553,-71.0580183106,0,0.583710407239819,0.47360912981455067,0.05429864253393665,0.10898716119828816,0.07239819004524888,0.0978601997146933,0.27149321266968324,0.2253922967189729,0.3212669683257919,1.0964336661911556,25.56227684020996,2.131012363470834,2.120304073342795,10.014602703802252,8.18337302985743,0.3217827502096811
42.4406142621,-71.5172069438,1,0.9638009049773756,0.6744650499286733,0.0,0.05820256776034237,0.02262443438914027,0.21483594864479316,0.0,0.0,0.3755656108597285,4.607417974322397,103.6893539428711,5.0125985276719955,2.618892056180486,14.712032129987195,355.5164482689701,332.51456486603684
42.6551783333,-73.2037666667,0,0.416289592760181,0.8810271041369472,0.00904977375565611,0.01768901569186876,0.027149321266968326,0.019686162624821684,0.0,0.0,0.37104072398190047,0.13523537803138375,351.5643615722656,8.621345619321689,12.077503364260481,98.5640326503534,230.29219308213536,14.921107086782694
42.0604849271,-71.9084376727,0,0.13122171945701358,0.28473609129814553,0.08597285067873303,0.10927246790299572,0.6199095022624435,0.48359486447931527,0.13122171945701358,0.03452211126961484,13.506787330316742,10.228530670470755,155.41329956054688,2.4852451842835794,2.15829236840589,12.004816154963637,29.02939984158598,34.42879601024348
42.36168718,-72.26246117,0,0.46153846153846156,0.8362339514978602,0.5384615384615384,0.1629101283880171,0.0,0.0,0.0,0.0005706134094151213,0.0,0.0,239.39724731445312,1.447195801587231,2.6492208475840364,14.170940390317359,28.218372130910893,15.526033005837439
42.8011908864,-70.9648028302,1,0.9004524886877828,0.5814550641940086,0.0,0.11925820256776035,0.0,0.14122681883024252,0.0,0.019971469329529243,0.0,2.138088445078459,26.116992950439453,3.627057759679529,2.752854545402556,12.262464871448019,346.9554046055771,237.78654811508144
42.5391662815,-72.1814012134,1,0.5203619909502263,0.8650499286733239,0.4796380090497738,0.12268188302425106,0.0,0.0014265335235378032,0.0,0.0,0.0,0.039087018544935806,369.3517761230469,2.865849594073339,3.4156557102393865,16.139833723788282,46.64312587497729,280.97051896112623
42.2195088894,-71.0111328714,0,0.0,0.02168330955777461,0.0,0.026818830242510697,1.0,0.9323823109843081,0.0,0.018544935805991442,22.153846153846153,39.23452211126961,26.081701278686523,2.7897430854435785,1.5940751143115608,9.822826422404734,234.12251876076178,31.0378677858141
42.0602409722,-71.1600959722,0,0.3891402714932127,0.47902995720399427,0.5746606334841629,0.3332382310984308,0.03167420814479638,0.08273894436519258,0.0,0.034236804564907276,0.19004524886877827,1.233095577746077,60.76576232910156,0.9545755458061392,0.9320292706527951,7.29749510464771,82.50276821093314,15.905867180465599
42.462868,-72.560139,0,1.0,0.8990014265335236,0.0,0.0025677603423680455,0.0,0.075320970042796,0.0,0.0,0.0,1.5446504992867331,129.58816528320312,7.976303873619255,7.448515852243351,52.35953839956562,119.7789877835479,200.36095492766785
41.8764723813,-70.6956911426,0,0.8687782805429864,0.8293865905848787,0.0,0.011412268188302425,0.13122171945701358,0.060770328102710415,0.0,0.06904422253922968,2.3484162895927603,1.0756062767475036,43.58769607543945,1.33121638432125,1.1630814372221503,8.587829311349019,479.8264601509264,0.7048317674449763
42.5050315903,-73.0368824944,0,0.416289592760181,0.7298145506419401,0.07692307692307693,0.1115549215406562,0.3438914027149321,0.08473609129814551,0.0,0.0,5.85972850678733,1.5885877318116977,604.83837890625,3.622383542654705,3.165268456590407,18.72638022508221,270.91435310965227,53.193218284477666
42.3483039722,-71.853994,0,0.09502262443438914,0.16718972895863052,0.0,0.057631954350927245,0.9049773755656109,0.7677603423680457,0.0,0.0028530670470756064,35.49321266968326,19.277603423680457,251.71902465820312,1.9192986798512668,2.4100708423193127,14.496905507672814,127.33990891087856,158.09214723411424
42.6779178624,-72.9482568429,0,0.9095022624434389,0.8593437945791726,0.05429864253393665,0.011126961483594865,0.03619909502262444,0.0028530670470756064,0.0,0.07760342368045649,0.11764705882352941,0.01768901569186876,472.8213195800781,5.371240913522525,7.775678249512243,38.892044107873645,552.2484693139467,0.4766302198056677
42.234582,-71.558317,1,0.5339366515837104,0.5112696148359487,0.2986425339366516,0.09985734664764621,0.167420814479638,0.30156918687589157,0.0,0.056490727532097,3.063348416289593,7.500713266761769,113.13865661621094,2.5759605794117513,2.170367090550016,12.342491931415239,70.17648935021023,118.45771036649815
42.3544124731,-71.0361976526,0,0.0,0.0,0.0,0.0002853067047075606,0.0,0.34236804564907275,1.0,0.6573466476462196,0.0,27.89957203994294,-1.6257445812225342,0.09507816103252799,0.2894152862657447,1.912408017807543,0.0,331.3514026713464
42.03634324,-72.59290071,0,0.004524886877828055,0.11526390870185449,0.8144796380090498,0.57660485021398,0.12217194570135746,0.2513552068473609,0.0,0.0008559201141226819,1.2262443438914028,4.257346647646219,15.224105834960938,0.39419122086121827,0.9667577924432742,7.335956140147121,36.58624391546721,2.124241086082655
42.601064681,-70.8993198863,1,0.33031674208144796,0.2995720399429387,0.36199095022624433,0.1905848787446505,0.14479638009049775,0.3557774607703281,0.12217194570135746,0.12553495007132667,1.420814479638009,5.608559201141227,13.509048461914062,0.7039063340688353,1.0391515929860187,5.118971909810802,116.32559963765736,139.32986120191939
42.6395727547,-70.6402796292,1,0.5927601809954751,0.6781740370898716,0.28054298642533937,0.1840228245363766,0.09502262443438914,0.07275320970042796,0.0,0.052781740370898715,1.1357466063348416,1.6222539229671897,30.06561279296875,2.0190549428106146,1.775552732869083,8.018380911094537,105.38191470035261,190.34768483148815
42.6029466691,-70.8983802829,1,0.25339366515837103,0.2827389443651926,0.46153846153846156,0.2362339514978602,0.16289592760180996,0.3557774607703281,0.09954751131221719,0.09700427960057062,1.085972850678733,5.914978601997147,15.290510177612305,0.6812955688790046,0.8897308698421622,4.264608710998348,0.0,248.71251744829024
42.8040190317,-70.9733652602,1,0.6470588235294118,0.49072753209700426,0.18552036199095023,0.14122681883024252,0.02262443438914027,0.18830242510699002,0.09049773755656108,0.019971469329529243,0.248868778280543,2.9854493580599146,18.920612335205078,1.9992729796910393,2.4138030962374284,11.034142127082184,3.9300471514401107,251.78657044133772
42.0010636214,-70.024839365,0,0.18099547511312217,0.32895863052781743,0.45701357466063347,0.181169757489301,0.14479638009049775,0.06647646219686162,0.013574660633484163,0.30813124108416545,2.425339366515837,1.0273894436519257,4.540132522583008,1.2315741341177067,1.763321624466883,10.149984069178197,21.231554625504383,52.35742236856606
42.1607194444,-71.6058055556,0,0.09049773755656108,0.3757489300998573,0.15384615384615385,0.1360912981455064,0.7058823529411765,0.45249643366619113,0.0,0.0,13.995475113122172,10.896148359486448,83.56886291503906,1.08179850846173,1.7716023053069625,9.807570729370068,37.870041161444775,76.39792685285033
42.803955077,-70.9734129708,1,0.6470588235294118,0.49072753209700426,0.18552036199095023,0.14122681883024252,0.02262443438914027,0.18830242510699002,0.09049773755656108,0.019971469329529243,0.248868778280543,2.9854493580599146,18.920612335205078,1.9992729796910393,2.4138030962374284,11.034142127082184,3.0255069702628132,258.4231756600279
42.4228030778,-71.5525290621,1,0.3891402714932127,0.7286733238231099,0.4117647058823529,0.14750356633380884,0.14027149321266968,0.09358059914407989,0.0,0.0017118402282453639,0.7194570135746606,1.2271041369472182,78.75125122070312,1.2541814143464158,2.710038027911323,18.048136434053834,6.720952363502831,122.8554893733437
42.4193506232,-71.05505517,0,0.0,0.0,0.0,0.0,1.0,1.0,0.0,0.0,65.52941176470588,68.1129814550642,21.115774154663086,2.744238048545167,1.5226618010389386,9.988095183706006,1240.409991248855,5.756822930021947
42.209555,-71.09265,1,0.7239819004524887,0.6607703281027104,0.13122171945701358,0.12524964336661912,0.05429864253393665,0.15863052781740372,0.02262443438914027,0.029386590584878743,1.1945701357466063,5.1643366619115545,61.20726776123047,2.894469859983736,3.5772605386733964,23.2950694582971,194.76019263370927,314.9818837967967
42.3648033333,-71.0658638333,0,0.0,0.0,0.0,0.0,1.0,0.889015691868759,0.0,0.11098430813124108,77.0633484162896,68.91611982881598,6.831050395965576,0.7480471103215112,0.9042931000623341,5.146726844345848,327.5539857449123,14.678572915350719
41.7046244526,-69.9651295652,0,0.04072398190045249,0.019115549215406563,0.01809954751131222,0.12838801711840228,0.9411764705882353,0.6,0.0,0.2370898716119829,23.782805429864254,17.02139800285307,6.805656433105469,1.3243182499979187,0.9706746463095185,5.717088811842711,272.79379758477313,20.55064858638459
42.8084866667,-70.97403,1,0.669683257918552,0.4730385164051355,0.1493212669683258,0.14065620542082738,0.12217194570135746,0.17346647646219687,0.0,0.019971469329529243,1.3755656108597285,3.2151212553495006,37.494686126708984,2.2154501365651513,2.0409514694755817,10.313941700408508,287.2203920843297,99.99043428456811
41.2770083333,-70.0968778333,0,0.0,0.0,0.0,0.06619115549215407,1.0,0.7708987161198289,0.0,0.1520684736091298,49.80995475113122,35.62738944365193,7.3849263191223145,1.2631409898357657,0.6535832127517458,5.5598836689233675,283.2332096104893,8.475241949998797
42.732446,-73.032814,0,1.0,0.9360912981455064,0.0,0.012553495007132667,0.0,0.03166904422253923,0.0,0.0,0.0,0.6430813124108417,750.8538818359375,7.815153860104579,7.5975030410671565,50.020327975369234,434.2840047920083,346.1618493405716
42.5233541754,-71.5907291049,0,0.5972850678733032,0.5640513552068473,0.049773755656108594,0.048787446504992865,0.35294117647058826,0.34122681883024253,0.0,0.0,6.633484162895928,6.554065620542083,116.7148666381836,1.7878083642131415,2.3500248900804817,12.457952776247325,408.5090814131546,6.11178953507349
41.6863033333,-69.9474716667,0,0.0,0.0,0.0,0.028815977175463622,0.0,0.35863052781740373,0.9457013574660633,0.550641940085592,0.0,9.654493580599144,-1.140875220298767,0.45061496497834647,0.7064208219464183,5.989802899925378,0.0,317.3049554639731
42.6305137994,-70.942390971,0,0.004524886877828055,0.2630527817403709,0.05429864253393665,0.2136947218259629,0.9411764705882353,0.4368045649072753,0.0,0.0008559201141226819,36.60633484162896,11.01169757489301,13.113058090209961,0.7718862707701208,1.9592481453814512,11.611961098880807,25.01660685810039,43.19799704723748
42.0995335706,-70.9329204145,1,0.18099547511312217,0.1275320970042796,0.5339366515837104,0.3683309557774608,0.2398190045248869,0.4912981455064194,0.0,0.0005706134094151213,5.769230769230769,13.150071326676176,24.18352699279785,0.46586847929300546,0.6972802083282583,4.553456957289154,1.253881798652163,132.92223767284824
41.3485722243,-70.5063879091,0,0.0,0.017403708987161197,0.027149321266968326,0.015121255349500713,0.0,0.2348074179743224,0.5565610859728507,0.5686162624821683,0.0,5.434522111269615,0.03892356529831886,0.23772484737506602,0.19750911432549004,1.5294031163833803,1.3692935592336015,323.45964399927874
42.42915,-71.20018833,0,0.0,0.08730385164051355,0.5520361990950227,0.18744650499286733,0.4479638009049774,0.7018544935805991,0.0,0.02310984308131241,16.846153846153847,19.65106990014265,51.283294677734375,1.2521477261037113,1.9627249553039916,11.456316969373766,29.926805017960735,49.178996856816596
41.435355,-70.61090833,0,0.7058823529411765,0.5703281027104137,0.0,0.013409415121255349,0.29411764705882354,0.31383737517831667,0.0,0.0818830242510699,7.950226244343892,5.643937232524964,35.388980865478516,1.5801664836553566,1.6245294141572086,12.823087345983732,660.9427145293521,141.95526821080804
42.575766,-71.689026,0,0.5158371040723982,0.5945791726105564,0.13122171945701358,0.08074179743223965,0.2669683257918552,0.26390870185449355,0.0,0.0019971469329529245,8.895927601809955,4.0524964336661915,119.28250885009766,1.6367158969313715,1.9173746230211153,11.541797833950802,250.9215836205063,63.64870978651898
41.63335,-71.00688055,0,0.004524886877828055,0.10927246790299572,0.14027149321266968,0.1472182596291013,0.8552036199095022,0.7340941512125535,0.0,0.0,22.53846153846154,27.94864479315264,47.835304260253906,0.48458210084675163,1.3699987596318672,6.854554281345339,100.38273015325042,0.5109612342698917
42.5572483333,-72.5218,0,0.4117647058823529,0.44707560627674753,0.0,0.0068473609129814554,0.22171945701357465,0.16348074179743224,0.0,0.05734664764621969,3.235294117647059,3.589158345221113,98.48721313476562,0.6307187668298773,1.1396817716699905,5.787019679489996,412.5225219610698,8.271874566777377
42.5421916667,-72.26242,0,0.6606334841628959,0.5472182596291013,0.05429864253393665,0.2659058487874465,0.16289592760180996,0.07189728958630527,0.0,0.07360912981455064,3.1040723981900453,1.345506419400856,179.7626190185547,2.616983649632172,1.998838569362142,9.252906314145063,50.75789710851283,114.93806290804167
42.56962,-73.20485,0,1.0,0.9666191155492154,0.0,0.003994293865905849,0.0,0.005420827389443652,0.0,0.0,0.0,0.08273894436519258,645.925048828125,6.637710411550554,10.128970671046059,60.42696000214698,329.3770535498779,87.16829570206504
42.1939177778,-70.9659994444,0,0.4479638009049774,0.10984308131241084,0.04524886877828054,0.1335235378031384,0.5067873303167421,0.7566333808844508,0.0,0.0,13.950226244343892,27.948074179743223,40.61370086669922,1.2395485685419876,1.0329347425799462,6.3725750496141425,5.1598543505968975,152.98729897768663
42.538445,-72.18203,1,0.4298642533936652,0.8559201141226819,0.5701357466063348,0.12353780313837376,0.0,0.005420827389443652,0.0,0.0,0.0,0.16975748930099857,362.4758605957031,2.1374025851387772,3.3881136308313073,15.103250622833446,31.7752801312994,271.26041301672274
42.1843258571,-73.185681291,0,0.995475113122172,0.743509272467903,0.0,0.0522111269614836,0.004524886877828055,0.038231098430813126,0.0,0.16205420827389444,0.06787330316742081,0.36547788873038517,518.0189819335938,4.3268494465836795,5.595406579276143,48.27508497127787,577.0488118613406,222.0429871056382
42.480617,-71.127774,1,0.0,0.00456490727532097,0.08597285067873303,0.039942938659058486,0.8461538461538461,0.9509272467902996,0.06787330316742081,0.00456490727532097,32.92760180995475,38.27018544935806,18.077396392822266,1.012306745618091,1.5618651152094571,10.700530290792711,40.3434787686858,10.928324749691125
42.3562605633,-71.0956145027,0,0.0,0.0,0.0,0.0002853067047075606,0.6561085972850679,0.7380884450784594,0.3438914027149321,0.2616262482168331,43.529411764705884,55.02995720399429,1.3271926641464233,0.36814218596833137,0.24038988943371523,1.1521282057976967,36.280961244220904,13.328148569345954
42.3363566667,-73.1355216667,0,0.7918552036199095,0.8439372325249643,0.2081447963800905,0.12924393723252497,0.0,0.0017118402282453639,0.0,0.0,0.0,0.013409415121255349,521.11376953125,2.4459930482169088,3.0198036045256815,19.47842717911434,328.85622356975097,1.989896200474761
42.2764955,-71.277027,1,0.6018099547511312,0.36975748930099855,0.3936651583710407,0.3309557774607703,0.004524886877828055,0.27788873038516404,0.0,0.002282453637660485,0.08144796380090498,5.0105563480741795,46.15498733520508,1.0481939082405112,0.8712551698021572,4.11710905133433,0.0,299.48345364768653
41.8563418524,-70.6769987885,0,0.8416289592760181,0.8647646219686163,0.0,0.010556348074179744,0.10407239819004525,0.0522111269614836,0.04524886877828054,0.04621968616262482,1.8687782805429864,0.9768901569186876,38.47723388671875,0.9530180367492022,1.041263395892239,5.033669921355344,188.68723518908783,3.5153008605186686
42.7245833333,-71.0317222222,1,0.6199095022624435,0.5948644793152639,0.18099547511312217,0.24393723252496433,0.19909502262443438,0.13865905848787446,0.0,0.0,3.180995475113122,2.1004279600570612,33.197898864746094,1.9134681921230923,1.6931648437527942,7.825579291868918,199.60143709863704,154.89266303938086
42.4157366667,-71.64964,0,0.5339366515837104,0.5763195435092725,0.3755656108597285,0.131811697574893,0.03167420814479638,0.18145506419400856,0.0,0.0005706134094151213,0.669683257918552,2.7971469329529244,112.32359313964844,2.0377099934587175,2.6938468013737387,17.659642075443603,31.152517503027497,198.41982164607194
42.0864471667,-71.1641528333,1,0.5158371040723982,0.6399429386590585,0.4841628959276018,0.15920114122681883,0.0,0.1934379457917261,0.0,0.0005706134094151213,0.0,3.5957203994293865,89.71480560302734,0.4827188107994716,1.1266941174682126,6.77448824793553,37.334428710996235,329.1360392081113
42.3554923611,-71.4403536016,1,1.0,0.5543509272467902,0.0,0.04850213980028531,0.0,0.38830242510699003,0.0,0.0,0.0,11.139514978601998,93.68797302246094,3.391492824253108,3.361062615078099,22.93188275936459,454.77525307618987,385.81074497228195
42.3926930083,-73.2945261577,0,1.0,0.8308131241084166,0.0,0.10271041369472182,0.0,0.04736091298145506,0.0,0.0002853067047075606,0.0,0.374037089871612,406.0954284667969,5.1208095479825655,7.818220269341738,57.86489265451655,271.2811295545865,508.5573499811901
42.282105,-71.344955,0,0.0,0.05534950071326676,0.0,0.04079885877318117,1.0,0.903851640513552,0.0,0.0,53.73303167420814,36.23651925820257,53.97734832763672,0.37591570437915517,1.0218589940079466,5.582267133529109,419.4824317131728,15.422796050402328
42.0316278777,-71.1297351259,0,0.07692307692307693,0.23566333808844508,0.03619909502262444,0.20228245363766048,0.8868778280542986,0.5395149786019972,0.0,0.015121255349500713,13.339366515837105,10.96833095577746,42.388431549072266,0.7208130250808866,0.7166804397990433,3.659564190979226,143.77962509108033,59.81489270349833
42.5836781423,-71.4988690279,1,0.08144796380090498,0.4125534950071327,0.4117647058823529,0.1486447931526391,0.5067873303167421,0.37860199714693293,0.0,0.05620542082738944,10.330316742081449,7.805991440798858,65.02619171142578,0.7534004902228237,1.8285418680623808,9.590240695199293,8.649625299867564,15.504411985208332
42.6812804105,-70.9294878146,0,0.06334841628959276,0.3286733238231098,0.04524886877828054,0.24878744650499288,0.7828054298642534,0.39400855920114125,0.0,0.002282453637660485,14.927601809954751,8.09472182596291,23.836198806762695,0.8836707296211811,0.9015159117146925,4.130829144925777,254.0424829805096,27.962006569193008
41.6802755731,-69.9566289028,0,0.0,0.0,0.027149321266968326,0.020827389443651926,0.9728506787330317,0.746077032810271,0.0,0.19971469329529243,38.67420814479638,23.126676176890157,10.132476806640625,0.6149725904749866,1.03866409574868,4.651714793311891,173.84453004711804,49.730129956313114
42.5138183857,-70.8654241663,0,0.0,0.0048502139800285305,0.0,0.003708987161198288,0.8099547511312217,0.5845934379457918,0.19004524886877827,0.40684736091298146,18.466063348416288,18.813409415121257,9.166138648986816,1.5164137510245312,1.0341938091174696,8.74144048222424,17.174804478071284,4.9115782566166555
42.0998579641,-70.9345511976,1,0.18099547511312217,0.12296718972895863,0.5927601809954751,0.38145506419400854,0.21266968325791855,0.4815977175463623,0.0,0.0017118402282453639,7.552036199095022,12.723823109843082,23.78694725036621,0.38653969198714017,0.7485393141855663,4.381481854760095,41.99042273397044,164.53977457401015
42.298324585,-71.0105743408,0,0.0,0.0025677603423680455,0.0,0.08388017118402283,1.0,0.3443651925820257,0.0,0.5649072753209701,53.09954751131222,17.11469329529244,18.243606567382812,2.0163262355406477,1.0483979494131055,6.184094210379152,357.35375960836996,2.331937105758309
42.36269229,-71.6187891,0,0.5158371040723982,0.32724679029957204,0.058823529411764705,0.1637660485021398,0.19457013574660634,0.3606276747503566,0.0,0.0,6.904977375565611,14.29358059914408,89.52348327636719,3.5108718616142065,1.7197511083020627,11.695242441844853,105.67714779796607,224.76597760878192
42.65486086,-72.32400494,0,0.8914027149321267,0.8122681883024251,0.07239819004524888,0.08388017118402283,0.0,0.04165477888730385,0.00904977375565611,0.002282453637660485,0.0,0.39115549215406564,249.353759765625,7.811016131109481,6.1106194381919146,29.69757469559179,1.4065078852183606,466.775871627252
42.1397507406,-71.2684672992,0,0.0,0.16490727532097005,0.00904977375565611,0.14465049928673324,0.9909502262443439,0.5997146932952925,0.0,0.0002853067047075606,39.35746606334842,23.00228245363766,51.03318786621094,0.6495928918132161,0.966367489767018,6.064487729732521,46.96157399751805,17.711530121847378
41.5291050341,-70.672926162,0,0.0,0.013124108416547788,0.08597285067873303,0.03138373751783167,0.5746606334841629,0.4171184022824536,0.2986425339366516,0.519543509272468,22.076923076923077,10.405991440798859,1.5237789154052734,0.3104624563271396,0.8907354306349337,8.016754209046127,50.64371334217348,2.4466306839655374
42.3947133333,-72.5381083333,0,0.3076923076923077,0.07617689015691868,0.29411764705882354,0.10756062767475036,0.29411764705882354,0.46847360912981456,0.0,0.0002853067047075606,8.882352941176471,20.42539229671897,44.88471221923828,0.6238033766360094,0.8060638673948822,7.5506606502841835,81.79705406396049,81.33639697204421
42.8040322249,-70.9733214515,1,0.6470588235294118,0.49072753209700426,0.18552036199095023,0.14122681883024252,0.02262443438914027,0.18830242510699002,0.09049773755656108,0.019971469329529243,0.248868778280543,2.9854493580599146,18.920612335205078,1.9992729796910393,2.4138030962374284,11.034142127082184,5.234608267365389,250.75710766285584
41.8515647972,-69.9489216,0,0.16289592760180996,0.32068473609129816,0.013574660633484163,0.039087018544935806,0.12217194570135746,0.0644793152639087,0.39819004524886875,0.48074179743223966,2.7013574660633486,1.2756062767475036,4.882592678070068,1.9871229982967722,0.7534620758431877,6.2887462672019,88.29991565490555,86.23293488961188
42.0245663445,-71.3319958601,0,0.832579185520362,0.6838801711840228,0.16289592760180996,0.0804564907275321,0.004524886877828055,0.21512125534950072,0.0,0.0,0.04524886877828054,4.875891583452211,77.02533721923828,1.9290140320459557,2.096112723681788,13.169392350577777,37.17551056795094,278.8331802572168
42.4081881056,-71.3506352852,0,0.40271493212669685,0.3825962910128388,0.0,0.10042796005706134,0.5701357466063348,0.43024251069900143,0.0,0.056490727532097,6.1945701357466065,6.0459343794579175,53.42879867553711,1.2091888515090297,1.3197028365349754,5.816658854967375,234.785336183818,94.35277580203721
42.2634395033,-71.8257056955,0,0.0,0.04821683309557775,0.0,0.0,1.0,0.9517831669044222,0.0,0.0,45.990950226244344,46.91012838801712,158.255859375,1.6253976512948998,2.1213509990772645,10.17905790289899,770.6368609967217,16.36806168172789
42.3785487672,-71.480592376,1,0.5746606334841629,0.6413694721825963,0.35294117647058826,0.24793152639087018,0.0,0.08159771754636234,0.0,0.0011412268188302425,0.0,1.154636233951498,56.0831298828125,0.7108199777657941,0.7673008985989626,5.105765473808704,21.504931279202445,52.82367554446816
42.4913952025,-71.3639344899,1,0.8733031674208145,0.557774607703281,0.08597285067873303,0.22225392296718974,0.03167420814479638,0.12667617689015692,0.0,0.03537803138373752,1.330316742081448,2.5500713266761768,67.27054595947266,1.2797955632523528,1.4479299627751525,7.717444159617709,229.81654923361145,132.69862033532218
42.5352972222,-71.1060555556,0,0.0,0.01768901569186876,0.03167420814479638,0.06219686162624822,0.9683257918552036,0.920114122681883,0.0,0.0,29.60633484162896,22.62225392296719,32.97701644897461,1.4043474050044067,1.0121450746338272,5.7088882393034694,188.3599852893356,1.446943876401007
42.6367150974,-71.6558389523,1,0.7963800904977375,0.6154065620542083,0.09049773755656108,0.22738944365192582,0.11312217194570136,0.1312410841654779,0.0,0.008559201141226819,2.072398190045249,2.4165477888730384,81.88227081298828,0.5202107731424314,1.526431340297663,8.864298325881357,201.36632388738198,88.35743256563211
42.8038334654,-70.9736833798,1,0.6606334841628959,0.49015691868758915,0.22171945701357465,0.14122681883024252,0.00904977375565611,0.19258202567760344,0.058823529411764705,0.019971469329529243,0.049773755656108594,3.0385164051355207,19.364795684814453,2.3303772167671846,2.2390096524201066,9.274794300437849,9.260170048303856,269.2527101713017
42.4146458249,-70.989035799,0,0.0,0.0,0.0,0.04764621968616262,0.5384615384615384,0.475320970042796,0.3076923076923077,0.42796005706134094,44.97285067873303,33.21112696148359,2.3479158878326416,0.4056421989479901,0.5040947377317186,3.2710928314576906,4.299520410086982,5.030347314038343
42.8071314935,-70.9734193958,1,0.5610859728506787,0.47674750356633383,0.027149321266968326,0.1360912981455064,0.2986425339366516,0.1788873038516405,0.0,0.019971469329529243,4.248868778280543,3.3306704707560626,38.703346252441406,3.178576224248098,2.182762329031769,9.841857827166196,289.1445839218446,94.38460202661625
42.3975905406,-72.54657849,0,0.167420814479638,0.10556348074179743,0.0,0.08131241084165478,0.2669683257918552,0.1660485021398003,0.0,0.0002853067047075606,7.8099547511312215,5.097289586305278,46.871620178222656,0.200845612641201,0.218971433992557,0.8611654199553692,632.1507835185623,2.6828583865131637
41.2624729722,-70.020244,0,0.7058823529411765,0.4978601997146933,0.0,0.0011412268188302425,0.11312217194570136,0.16718972895863052,0.0,0.0,2.2217194570135748,2.8079885877318116,19.17714500427246,0.5979502453262513,0.65613531397694,3.4242415982553234,917.7350723325477,3.0592154067283173
42.6183624268,-71.6165008545,0,0.8054298642533937,0.7263908701854493,0.07239819004524888,0.08901569186875892,0.11764705882352941,0.08930099857346648,0.004524886877828055,0.005135520684736091,0.7963800904977375,1.0932952924393724,85.94277954101562,2.0086560351212834,1.769772605450178,15.263245589368424,27.572142687833544,33.027158662668654
42.2534278794,-70.7702647267,0,0.0,0.04336661911554922,0.1583710407239819,0.0898716119828816,0.004524886877828055,0.0014265335235378032,0.5384615384615384,0.8091298145506419,0.05429864253393665,0.05306704707560628,0.5613300800323486,0.47092229191923685,0.3210208393414896,1.9191313657441678,0.0,69.39148323410338
42.6033568435,-71.2529430349,1,0.08144796380090498,0.11726105563480742,0.6153846153846154,0.23024251069900142,0.29411764705882354,0.6031383737517831,0.00904977375565611,0.044793152639087015,7.076923076923077,14.451925820256776,35.222835540771484,0.5871745456963496,0.8267847891088131,5.713141020933237,22.09492301735617,84.9402506926933
42.5044521153,-72.377629997,0,0.8461538461538461,0.9475035663338088,0.07692307692307693,0.037089871611982884,0.0,0.0,0.06787330316742081,0.010556348074179744,0.0,0.0,275.291748046875,3.7072363425231236,4.972473328782002,30.434030152956446,1.6081204110624707,133.74145273127084
41.9897313362,-71.0788261803,1,0.0,0.02253922967189729,1.0,0.8756062767475036,0.0,0.09586305278174037,0.0,0.0,0.0,4.792867332382311,20.537559509277344,0.06024418609415952,0.16893732067721778,1.2551321749742845,10.459505183673421,727.3576448404617
42.599235,-72.7847416667,0,0.8914027149321267,0.8114122681883025,0.0,0.006562054208273894,0.10407239819004525,0.07731811697574893,0.0,0.0,2.6063348416289593,1.533808844507846,197.18649291992188,11.124527605464534,9.437276991258221,56.33598845789561,148.63517845066548,174.81601394598877
42.3084827098,-71.5967158864,0,0.5972850678733032,0.31269614835948645,0.26244343891402716,0.5206847360912982,0.0,0.12011412268188303,0.0,0.0,0.0,6.938944365192582,103.34832000732422,3.3640962927726528,2.0217184062468445,7.793098079555176,146.799534509136,708.9716326304365
42.00283055,-71.29917167,0,0.0,0.18516405135520686,0.0,0.052781740370898715,1.0,0.677318116975749,0.0,0.0,28.547511312217196,25.337517831669043,58.40433883666992,0.557738048497052,1.0981164295134296,9.171492128965847,292.4891713126429,3.2519804601731104
41.9343177563,-70.0200797519,0,0.027149321266968326,0.1760342368045649,0.03619909502262444,0.09700427960057062,0.9366515837104072,0.621398002853067,0.0,0.0978601997146933,27.60633484162896,18.276462196861626,5.876176357269287,1.1892724349545867,1.0545307596198294,6.624059035517633,133.18363347779808,16.84288803541291
42.4121240985,-71.4647349933,0,0.47058823529411764,0.6242510699001427,0.502262443438914,0.294151212553495,0.027149321266968326,0.006562054208273894,0.0,0.03366619115549215,0.39819004524886875,0.11583452211126961,58.04758834838867,0.46336314186783156,1.1870870713752846,5.903409440102043,96.88523258104047,8.652654308369986
42.3011353824,-71.0358964968,0,0.013574660633484163,0.006276747503566334,0.08144796380090498,0.024251069900142655,0.45701357466063347,0.2995720399429387,0.40271493212669685,0.6613409415121255,11.352941176470589,20.650784593437947,1.440501093864441,0.4837652140277214,0.36217814854595365,2.0407697206842563,32.23472806916922,1.0501521127416766
42.37175333,-71.054175,0,0.0,0.0,0.004524886877828055,0.0014265335235378032,0.4660633484162896,0.7149786019971469,0.5294117647058824,0.28359486447931526,37.0,56.811982881597714,-0.20710702240467072,0.6612478360574781,0.6889409541404053,3.8235240169135194,0.0,91.69250743365454
42.29284142,-71.18287338,0,0.0,0.05848787446504993,0.0,0.16490727532097005,1.0,0.7654778887303851,0.0,0.0048502139800285305,39.13574660633484,22.019115549215407,33.9031867980957,0.6561997895807621,1.0476889778505285,5.1038619722017815,469.52728832924515,12.487333963117944
42.159389139,-71.2129117591,0,0.027149321266968326,0.05905848787446505,0.12669683257918551,0.08701854493580599,0.8461538461538461,0.8442225392296719,0.0,0.00912981455064194,21.32126696832579,30.393723252496432,37.38996505737305,0.7261949154678224,1.3494252479494977,8.009432275602299,54.405984532463606,83.55177242081474
41.9719366667,-70.676195,0,0.00904977375565611,0.0042796005706134095,0.0,0.0002853067047075606,0.4841628959276018,0.5146932952924393,0.3393665158371041,0.44821683309557775,11.502262443438914,18.967760342368045,5.629965782165527,1.600469938743153,1.1987372982791895,11.251980768795844,73.52902946008453,104.04325041328802
41.8622283333,-71.1091083333,0,0.6289592760180995,0.18573466476462197,0.21266968325791855,0.2599144079885877,0.10407239819004525,0.42425106990014266,0.0,0.042225392296718976,2.004524886877828,11.520114122681884,8.803009033203125,1.1947906486437274,0.9873707399841822,6.357229900558726,159.61519739140118,248.04059357286823
42.4913138889,-71.8976277778,0,0.8823529411764706,0.9455064194008559,0.0,0.011126961483594865,0.11764705882352941,0.038231098430813126,0.0,0.0,0.7194570135746606,0.28359486447931526,500.6062316894531,6.355096560596594,8.237421787495357,55.57455285244166,193.85162838421778,4.2317607585522135
42.6855138112,-71.2935129064,0,0.02262443438914027,0.23223965763195434,0.0,0.029671897289586305,0.9728506787330317,0.5808844507845934,0.0,0.0014265335235378032,29.714932126696834,14.227674750356634,78.3372802734375,2.533125877237968,2.1257430497376966,13.093459464263116,329.97872540047456,12.886116938886008
42.3134985171,-71.4109290825,1,0.18552036199095023,0.013409415121255349,0.0,0.029671897289586305,0.8144796380090498,0.9477888730385164,0.0,0.00912981455064194,21.18099547511312,31.233666191155493,67.38861846923828,1.737741136049408,1.6273488960285916,7.475956306010259,429.5315160360763,177.69540619441378
42.1301305,-70.1632916667,0,0.0,0.0,0.0,0.0,0.0,0.0,1.0,1.0,0.0,0.0,0.0,0.0,0.0,0.0,0.0,5709.015056215255
41.37123,-70.6588216667,0,0.22171945701357465,0.49243937232524965,0.0,0.04992867332382311,0.004524886877828055,0.055920114122681885,0.0,0.14037089871611982,0.11312217194570136,0.6593437945791726,6.745546340942383,0.34441516049218435,0.5536780916263897,2.618101539214048,328.6811965046744,245.4708991293946
42.3293616667,-72.6477133333,0,0.03167420814479638,0.02225392296718973,0.0,0.03452211126961484,0.9683257918552036,0.9412268188302425,0.0,0.0,14.009049773755656,26.740941512125534,65.51911926269531,1.247169420736303,1.4565505798259264,7.79333117093013,506.944477166001,24.578149814803165
42.069591,-71.715406,1,0.28054298642533937,0.37089871611982883,0.0,0.09072753209700428,0.669683257918552,0.5118402282453638,0.01809954751131222,0.00456490727532097,14.271493212669684,14.011412268188302,133.98468017578125,2.648463327851467,2.0445255016966075,14.686064882908166,94.52614246143197,84.06174349082471
42.6957307254,-70.8063984763,0,0.0,0.054778887303851644,0.579185520361991,0.524679029957204,0.0,0.1825962910128388,0.416289592760181,0.21854493580599144,0.0,4.699572039942939,0.3785829544067383,0.22574986516135745,1.0726958991030648,7.164678522114747,0.0,474.4223879678145
42.049055791,-71.0814032034,0,0.00904977375565611,0.07902995720399429,0.03619909502262444,0.07646219686162625,0.9411764705882353,0.7971469329529244,0.013574660633484163,0.033951497860199714,47.977375565610856,31.085592011412267,34.45454406738281,0.44958741436936833,0.3988684481822358,2.603876150400922,190.28649709281927,90.71995172272568
42.177028656,-71.5442352295,0,0.38009049773755654,0.36205420827389445,0.25339366515837103,0.14008559201141227,0.3031674208144796,0.48730385164051354,0.0,0.0025677603423680455,4.085972850678733,8.19885877318117,106.63693237304688,1.0683918379531818,1.8687953083983844,10.56530848023336,0.07875121694323037,67.11722391799822
42.062018,-71.110822,1,0.26244343891402716,0.225962910128388,0.13122171945701358,0.14835948644793154,0.6063348416289592,0.6245363766048502,0.0,0.0005706134094151213,11.235294117647058,19.764336661911553,58.93977737426758,0.45990415157431186,0.723728500094618,4.727315742936248,106.55904535257359,0.5621851379370358
42.6032625527,-70.8973503113,1,0.2081447963800905,0.26961483594864477,0.3438914027149321,0.23880171184022825,0.416289592760181,0.3689015691868759,0.00904977375565611,0.09443651925820257,4.34841628959276,6.242225392296719,14.070306777954102,0.7689762550263018,0.8625216748976131,3.6954723002823515,0.0,180.12952673449664
42.6139144897,-72.0787124634,0,0.027149321266968326,0.21911554921540657,0.0,0.2,0.9728506787330317,0.5192582025677603,0.0,0.020542082738944364,35.76018099547511,16.05877318116976,273.6998291015625,1.293156899776614,1.3373450544504666,9.667847221374815,291.47410101002,7.428627720600656
42.6708948296,-71.0538571585,1,0.3891402714932127,0.32496433666191155,0.22171945701357465,0.29814550641940085,0.3665158371040724,0.32781740370898715,0.0,0.0,6.235294117647059,4.942082738944365,39.96920394897461,0.6083183602573958,0.8893106806818651,5.408655083259215,136.5152233919688,29.403376302936966
42.3541070237,-71.2527458866,0,0.24434389140271492,0.09472182596291012,0.02262443438914027,0.047075606276747506,0.48868778280542985,0.6924393723252497,0.23529411764705882,0.150641940085592,10.565610859728507,25.794579172610558,12.326284408569336,0.7150562323402746,0.8942942350608697,3.711530078044768,0.6106908426964914,108.91918396238391
41.274,-70.2055,0,0.0,0.0014265335235378032,0.17194570135746606,0.047931526390870186,0.19004524886877827,0.11697574893009986,0.2579185520361991,0.7152639087018545,6.158371040723982,3.5406562054208273,2.712041139602661,0.5887000948622423,0.29642445769071313,1.8092255177062433,111.95247410066287,5.9568030004210915
42.7506015034,-71.0715353128,0,0.1493212669683258,0.1942938659058488,0.027149321266968326,0.10185449358059914,0.8235294117647058,0.6650499286733238,0.0,0.0094151212553495,22.891402714932127,11.461626248216833,45.509037017822266,2.007804474483286,2.012571437021868,7.257197462306298,184.47110780833688,82.18131125077872
42.4525966915,-71.0819841332,1,0.6334841628959276,0.36776034236804567,0.0,0.012553495007132667,0.3665158371040724,0.5492154065620543,0.0,0.06134094151212553,9.117647058823529,20.80114122681883,37.06211853027344,5.3764220693907525,2.7679159208477677,21.527810825039598,266.42460998510444,122.5865238882905
41.70982,-70.4662383333,0,0.08144796380090498,0.324679029957204,0.0,0.003138373751783167,0.918552036199095,0.6268188302425107,0.0,0.03366619115549215,14.561085972850679,12.288445078459343,43.236080169677734,0.5212291312510603,1.153685674459167,9.564904543294332,586.334535461691,16.228213024035185
42.8010339826,-70.9648374665,1,0.9004524886877828,0.5814550641940086,0.0,0.11925820256776035,0.0,0.14122681883024252,0.0,0.019971469329529243,0.0,2.138088445078459,26.116992950439453,3.627057759679529,2.752854545402556,12.262464871448019,358.14064487310924,255.54274101201722
42.0790237235,-71.1804235177,1,0.4660633484162896,0.430527817403709,0.5203619909502263,0.28587731811697575,0.013574660633484163,0.28131241084165476,0.0,0.0002853067047075606,0.3031674208144796,5.553495007132668,79.21757507324219,0.48746640505220273,1.044085372675108,6.127761189081045,83.69863369356689,251.59061657649193
42.5426510339,-72.5270517555,0,0.5701357466063348,0.44251069900142653,0.14027149321266968,0.11412268188302425,0.1583710407239819,0.17860199714693295,0.0,0.0028530670470756064,1.665158371040724,3.157774607703281,69.04751586914062,1.7603469388162336,1.9583297817867624,11.603072808924933,2.7183056349684183,9.091700865707972
42.4027105388,-71.4607210486,1,0.6289592760180995,0.479885877318117,0.03619909502262444,0.3606276747503566,0.12217194570135746,0.08131241084165478,0.21266968325791855,0.07560627674750357,1.914027149321267,1.0490727532097004,59.408119201660156,0.735191897372658,0.6688861192856195,2.9477396192007186,19.98174931802774,99.19011801006401
42.28294667,-71.29151167,0,0.12669683257918551,0.2,0.00904977375565611,0.11212553495007133,0.8642533936651584,0.6647646219686163,0.0,0.02168330955777461,11.380090497737557,11.467332382310984,45.79570770263672,2.049201249141256,1.2330468649809962,7.480825819125267,167.5296730006101,41.93818805000863
42.2253839379,-71.7381305161,0,0.5656108597285068,0.3024251069900143,0.02262443438914027,0.08216833095577745,0.4117647058823529,0.6105563480741797,0.0,0.0005706134094151213,12.031674208144796,18.227960057061342,125.21125793457031,1.529919557514658,1.6480876990368145,9.26344987545666,143.99877019772225,17.009339327069146
42.2501411438,-71.1223831177,0,0.0,0.0,0.0,0.0,1.0,1.0,0.0,0.0,56.34841628959276,54.33124108416548,17.27218246459961,1.2435466475772017,1.6890915324047862,12.757285472222222,100.64118757056524,1.0432536531421304
42.0610606112,-70.1725483726,1,0.24434389140271492,0.15891583452211128,0.1583710407239819,0.10784593437945791,0.5701357466063348,0.29386590584878747,0.0,0.30699001426533523,22.307692307692307,11.294151212553494,3.912229061126709,0.5436713826901036,0.6564837715176215,4.32811337195,108.50651452920833,24.505098332229352
42.3583648611,-72.8863935556,0,0.9049773755656109,0.7600570613409415,0.0,0.10014265335235378,0.004524886877828055,0.04336661911554922,0.0,0.0002853067047075606,0.16289592760180996,0.36119828815977173,346.42333984375,4.02879529802698,4.498214503279354,26.207799371615497,456.2166533822443,278.11096034904403
42.4355943498,-71.4226522435,1,0.14479638009049775,0.35920114122681884,0.08597285067873303,0.12553495007132667,0.7692307692307693,0.5118402282453638,0.0,0.002282453637660485,31.85972850678733,16.83737517831669,60.63066482543945,0.8598937581833483,1.2271757266506,5.597302500416188,150.34963505131407,36.26779282331005
42.4835887092,-71.5065718442,0,0.23076923076923078,0.46048502139800285,0.579185520361991,0.17004279600570613,0.18552036199095023,0.35520684736091296,0.0,0.0,10.298642533936652,7.296433666191155,73.35989379882812,0.8511928086498758,1.9941690345536407,10.957758874855285,0.0,232.47005208169958
42.2198844192,-71.1819202563,0,0.0,0.012838801711840228,0.004524886877828055,0.026818830242510697,0.995475113122172,0.9603423680456491,0.0,0.0,43.0316742081448,41.834807417974325,25.14173698425293,0.8651800912044249,1.4904170592646129,8.60315203339533,276.19295400123775,19.951558055235544
42.6021569548,-70.8971786522,1,0.19004524886877827,0.27560627674750354,0.45248868778280543,0.2088445078459344,0.28054298642533937,0.3717546362339515,0.058823529411764705,0.11526390870185449,3.02262443438914,6.403708987161198,12.478259086608887,0.735029447811499,0.8834941781406744,4.005801534986845,26.083429061024912,131.8112428174505
42.3353643688,-71.2049153088,0,0.0,0.012268188302425107,0.0,0.011412268188302425,1.0,0.9554921540656205,0.0,0.020827389443651926,24.692307692307693,24.059629101283882,33.25601577758789,1.0714436404525098,1.3864047597570388,6.041746775131686,272.0671600766373,21.83031770974024
42.6518716386,-70.6301621565,1,0.4434389140271493,0.4171184022824536,0.13574660633484162,0.15378031383737517,0.36199095022624433,0.4145506419400856,0.01809954751131222,0.003708987161198288,4.855203619909502,14.135235378031384,23.3465576171875,2.674914489831528,2.0487018606757474,12.108652011577233,16.263450531916277,68.8690821947529
42.4925541536,-71.3209542094,1,0.3755656108597285,0.3215406562054208,0.47058823529411764,0.3840228245363766,0.0,0.15406562054208273,0.15384615384615385,0.06419400855920114,0.0,2.876462196861626,37.43616485595703,1.480552196328514,1.0061824618415178,6.6727668709422785,92.06767904437042,473.9766244861644
41.6575479135,-70.5462386309,0,0.00904977375565611,0.021398002853067047,0.0,0.0,0.8054298642533937,0.9024251069900142,0.0,0.0,12.031674208144796,33.01226818830243,36.3487434387207,0.2033088789000658,0.27870930962745,1.9026133579513476,1713.8542453997884,38.67472708520491
42.31496333,-71.16906167,1,0.25339366515837103,0.11241084165477888,0.0,0.04079885877318117,0.746606334841629,0.8439372325249643,0.0,0.0028530670470756064,14.02262443438914,26.329243937232526,52.78703308105469,1.013804530283022,1.0764821975539696,4.156288864260608,334.0304755001308,8.689091251050167
41.65867,-70.42385,1,0.5248868778280543,0.4356633380884451,0.22171945701357465,0.06961483594864479,0.23529411764705882,0.48359486447931527,0.0,0.0025677603423680455,5.647058823529412,8.136376604850215,19.141923904418945,0.6626799344760419,0.8401417261608065,4.066046617033957,54.27052644951077,145.48419302824612
42.4408683777,-71.0420837402,1,0.01809954751131222,0.10156918687589159,0.0,0.013409415121255349,0.9819004524886877,0.8744650499286734,0.0,0.010556348074179744,24.221719457013574,37.97032810271041,35.68048858642578,4.151034516896839,2.2849853775259086,13.460870986487565,397.5174607175335,13.259667825403552
42.8039016049,-70.9736820838,1,0.6334841628959276,0.4855920114122682,0.19457013574660634,0.14208273894436518,0.04072398190045249,0.1914407988587732,0.06787330316742081,0.019971469329529243,0.6561085972850679,3.0319543509272466,19.364795684814453,2.3303772167671846,2.2390096524201066,9.274794300437849,2.105124150030825,261.73459472941914
42.1129695,-72.54805,0,0.0,0.056776034236804565,0.02262443438914027,0.015406562054208274,0.9773755656108597,0.8579172610556348,0.0,0.06932952924393723,45.13574660633484,38.85563480741797,60.83738708496094,0.8232545533198468,1.0088806063653988,4.793546173760405,15.041864757183923,3.229848965420502
42.1934688468,-71.2121015953,0,0.04524886877828054,0.028815977175463622,0.0,0.03937232524964337,0.9547511312217195,0.9286733238231099,0.0,0.0,31.733031674208146,36.8564907275321,67.7450942993164,1.306348219431127,1.7000249616820386,8.8389026862233,636.6335336672103,33.61582527169258
42.0850660187,-71.627024822,0,0.0,0.0884450784593438,0.2398190045248869,0.294151212553495,0.7601809954751131,0.595435092724679,0.0,0.005135520684736091,22.60633484162896,17.8,76.29633331298828,0.9799009188452206,1.3654839999483135,7.507084318176063,173.4169869079684,46.231550189398035
42.1829416667,-71.0925666667,0,0.07692307692307693,0.15121255349500715,0.27601809954751133,0.2502139800285307,0.6470588235294118,0.512981455064194,0.0,0.07960057061340942,20.764705882352942,16.105563480741797,52.27753448486328,1.6018521134655461,1.4043568597072769,6.839222679407536,83.8249487235997,13.232663051819543
42.3530902088,-71.120438017,0,0.0,0.0,0.0,0.0,1.0,0.95320970042796,0.0,0.046790299572039944,84.09502262443439,66.48416547788874,9.709683418273926,1.0389161011463512,0.6191714419261879,4.779386855814394,297.9636063935791,44.60157082341113
42.4633550028,-70.851555,0,0.0,0.0,0.0,0.0,0.0,0.0,1.0,1.0,0.0,0.0,0.0,0.0,0.00012106287192301751,0.0001240745658503874,2.914236444183531,2662.9063385285735
42.8047216667,-70.9637366667,1,0.45701357466063347,0.5689015691868758,0.06787330316742081,0.11184022824536377,0.02262443438914027,0.13152639087018544,0.0,0.019971469329529243,0.2895927601809955,2.1626248216833095,23.2504940032959,2.679359317553023,2.846865199642973,13.03498398014883,320.7017011450096,164.34149025052383
42.4165877187,-72.2432336985,0,0.9638009049773756,0.889015691868759,0.03619909502262444,0.09671897289586305,0.0,0.0,0.0,0.013124108416547788,0.0,0.0,170.37371826171875,3.012113525411773,3.859260663200914,22.648956174606326,249.27408524918394,0.041310310153084825
41.5521967728,-70.6152147712,0,0.0,0.006276747503566334,0.0,0.02225392296718973,0.9140271493212669,0.9101283880171184,0.08597285067873303,0.06105563480741798,53.828054298642535,30.91554921540656,4.6960954666137695,0.35753138981930616,0.559335910934695,3.0579241368399708,90.8178474491358,9.168207375257365
42.7058616667,-71.2145383333,0,0.0,0.06818830242510698,0.0,0.02168330955777461,1.0,0.8054208273894436,0.0,0.09614835948644793,54.81900452488688,29.033666191155493,22.51464080810547,2.4895967524350993,1.8371910509948834,15.269788918530791,330.98222438411426,35.713119210094
42.5958640349,-70.6659920618,0,0.0,0.005135520684736091,0.0,0.018544935805991442,0.0,0.075320970042796,1.0,0.8918687589158345,0.0,2.066761768901569,-1.690000057220459,0.0004244308723474261,0.3123189870351781,1.9940442107639207,0.0,748.6809931531817
42.1795541997,-71.8696786997,0,0.2850678733031674,0.2724679029957204,0.08597285067873303,0.07845934379457917,0.6289592760180995,0.5723252496433666,0.0,0.05392296718972896,30.248868778280542,22.142082738944364,191.7034149169922,2.540083587505536,2.317131223784183,17.8175061173162,74.72822222080687,18.810690767163372
42.2353476469,-71.6204138444,0,0.28054298642533937,0.40456490727532096,0.09954751131221719,0.1303851640513552,0.6199095022624435,0.45763195435092724,0.0,0.0014265335235378032,12.085972850678733,10.973466476462196,174.96678161621094,1.6149857513174188,2.3690665245954152,16.439219089110402,42.13376214165156,28.840546331462217
42.03665,-70.727575,0,0.3755656108597285,0.385734664764622,0.13574660633484162,0.12582025677603423,0.3212669683257919,0.31611982881597717,0.0,0.05905848787446505,5.475113122171946,7.098430813124108,23.023193359375,1.1234232014442496,0.6710870760595399,4.087583101898021,22.25329338143853,50.967195895237545
42.4529073827,-71.0821159572,1,0.6018099547511312,0.3671897289586305,0.0,0.012553495007132667,0.39819004524886875,0.5400855920114123,0.0,0.07075606276747504,9.950226244343892,20.18259629101284,37.06211853027344,5.3764220693907525,2.7679159208477677,21.527810825039598,230.49579195282033,94.47434267407559
41.6598467749,-70.1258080456,0,0.0,0.008273894436519259,0.0,0.04821683309557775,1.0,0.7880171184022825,0.0,0.12125534950071326,43.918552036199095,34.234807417974324,6.6732378005981445,0.29044614176940714,0.3735379439714396,2.1979430541800915,420.167902014802,3.613909550349114
42.71607167,-71.10040283,1,0.7285067873303167,0.27731811697574893,0.004524886877828055,0.10699001426533523,0.167420814479638,0.33152639087018543,0.08597285067873303,0.21198288159771755,3.4705882352941178,5.782025677603424,45.33019256591797,2.750696305558626,2.3866539878327218,10.750824104335374,40.60391581217158,190.80094564230544
42.3792541343,-71.0993970931,0,0.0,0.0,0.0,0.0,1.0,1.0,0.0,0.0,74.61085972850678,73.39800285306704,3.45561146736145,0.46040845903779154,1.0140169973622981,6.888375983431429,1529.5324425588165,7.952293205223857
42.2987331,-71.2071691,1,0.3665158371040724,0.07104136947218259,0.20361990950226244,0.14693295292439373,0.40271493212669685,0.7124108416547789,0.013574660633484163,0.06790299572039943,8.42081447963801,30.459343794579173,32.28984832763672,1.7780788330310182,1.385715650775338,8.699878114541137,94.24563695129676,123.02307731566617
42.60440654,-71.12968946,0,0.6199095022624435,0.2878744650499287,0.38009049773755654,0.26676176890156916,0.0,0.30927246790299573,0.0,0.13095577746077033,0.0,7.740656205420827,25.754480361938477,0.5552581547218359,0.6501545199581575,2.88624512141745,61.2869698608463,285.7205628546561
42.1001445434,-70.933773357,1,0.14479638009049775,0.12211126961483595,0.5158371040723982,0.37203994293865905,0.31221719457013575,0.4921540656205421,0.0,0.0014265335235378032,9.656108597285067,13.08758915834522,26.55146026611328,0.5983714178388596,0.6859765139735747,5.019536768097428,77.65082220278893,95.05526449036151
42.2686314482,-71.8495691322,0,0.08597285067873303,0.22339514978601996,0.01809954751131222,0.025106990014265335,0.7013574660633484,0.7126961483594865,0.19004524886877827,0.037089871611982884,15.83710407239819,23.013409415121256,167.88873291015625,0.8962344667480401,3.85005539602955,20.37591372388967,67.54831461822636,1.74825872259825
42.5994616667,-70.99315,0,0.17194570135746606,0.23052781740370898,0.23529411764705882,0.15406562054208273,0.579185520361991,0.5574893009985734,0.00904977375565611,0.0019971469329529245,9.873303167420815,13.796291012838802,27.827749252319336,2.949697447913362,2.0368816983439983,10.83009364410218,145.31911607839655,31.980467824168922
42.059975,-71.713183,0,0.579185520361991,0.5797432239657632,0.03619909502262444,0.0964336661911555,0.38461538461538464,0.3044222539229672,0.0,0.0034236804564907277,6.072398190045249,5.9651925820256775,162.02920532226562,1.3530972803224033,1.8294779876002158,10.708128299012841,81.4493290072943,13.15763293433389
42.2837919429,-70.8717761082,0,0.0,0.0,0.0,0.025962910128388018,0.8552036199095022,0.44165477888730387,0.01809954751131222,0.49957203994293864,66.37556561085972,28.447075606276748,2.8131611347198486,0.4086955550708372,0.5209920054676441,2.6730056079516844,166.48525793867742,8.756218798548813
41.5986733261,-70.5712871485,1,0.2081447963800905,0.16348074179743224,0.2081447963800905,0.10042796005706134,0.5520361990950227,0.6430813124108417,0.03167420814479638,0.0724679029957204,12.452488687782806,12.765192582025678,9.897130012512207,1.0104794835250552,0.8614856323590188,3.3551737907430392,22.90413732765601,0.5942365316095825
42.4526039565,-71.0825036313,1,0.6742081447963801,0.37774607703281027,0.0,0.012553495007132667,0.3257918552036199,0.519543509272468,0.0,0.0804564907275321,7.48868778280543,19.19885877318117,37.06211853027344,5.3764220693907525,2.7679159208477677,21.527810825039598,262.3692629305233,127.14940528429707
42.6289571005,-70.8433519303,1,0.36199095022624433,0.2693295292439372,0.4072398190045249,0.32496433666191155,0.14027149321266968,0.3349500713266762,0.0,0.0,1.334841628959276,5.0148359486447935,10.346720695495605,0.640658732423529,1.1943117358335016,5.24698282498835,128.9551352659415,230.92703308933665
42.8072506385,-70.9732834939,1,0.5520361990950227,0.47902995720399427,0.027149321266968326,0.13666191155492155,0.31221719457013575,0.17631954350927248,0.0,0.019971469329529243,4.176470588235294,3.3420827389443652,38.703346252441406,3.178576224248098,2.182762329031769,9.841857827166196,298.15998261879804,88.80016343693867
42.4044633333,-71.185105,1,0.38461538461538464,0.14208273894436518,0.004524886877828055,0.020827389443651926,0.6108597285067874,0.8248216833095577,0.0,0.0,9.733031674208144,18.713266761768903,76.38487243652344,0.8927469708670225,2.6458438471595565,15.469092075447067,2.5435331063727618,220.10520139317717
42.1507570086,-71.9831563411,0,0.5475113122171946,0.43537803138373754,0.0,0.07360912981455064,0.4298642533936652,0.41569186875891584,0.02262443438914027,0.019115549215406563,9.787330316742082,13.074179743223965,248.1780548095703,3.2432056057011067,2.788179400491864,20.081137207401,135.4531326072703,1.2119810953571906
42.4481666667,-71.101425,1,0.5429864253393665,0.5072753209700428,0.04524886877828054,0.03680456490727532,0.07692307692307693,0.18601997146932953,0.33031674208144796,0.25905848787446506,2.2850678733031673,7.221968616262482,56.91773223876953,1.6419134653453697,1.5743345678515617,7.231346884659722,28.77577223813185,240.11441407806944
41.27143,-70.0930416667,0,0.0,0.013409415121255349,0.02262443438914027,0.07902995720399429,0.9773755656108597,0.8485021398002853,0.0,0.047075606276747506,54.5972850678733,37.6793152639087,5.732118606567383,0.405098548849655,0.5945614729654876,3.883676653427814,459.55579129838776,7.701331132514625
42.0717860997,-71.6966927997,0,0.3076923076923077,0.4405135520684736,0.0,0.10527817403708987,0.42081447963800905,0.30385164051355207,0.0,0.0002853067047075606,12.167420814479637,11.198288159771755,136.71490478515625,1.5129330841832525,2.3984353126922873,14.724504767527645,314.66172923415655,35.920153319725685
42.8124999115,-70.9650525903,1,0.5248868778280543,0.4399429386590585,0.4660633484162896,0.1942938659058488,0.0,0.13152639087018544,0.0,0.11440798858773181,0.0,2.3426533523537802,7.609839916229248,2.919790401772578,2.317506821801623,14.069402058660708,10.522990922813072,422.26892796245323
42.6330533333,-70.9189616667,1,0.4298642533936652,0.31697574893009983,0.3574660633484163,0.5680456490727532,0.013574660633484163,0.05791726105563481,0.0,0.0025677603423680455,0.38461538461538464,0.8584878744650499,19.09675407409668,1.8973966444700767,0.8049416255612319,3.7381035786838064,135.39824010770604,188.9833017160523
42.1464945,-71.5367883333,0,0.02262443438914027,0.019400855920114122,0.0,0.0017118402282453639,0.9773755656108597,0.9788873038516405,0.0,0.0,35.31674208144796,33.56776034236805,142.18955993652344,2.937172100780103,2.372514610397713,14.824689930477197,405.62547642676907,14.987489744195697
42.6359258885,-71.4826914465,0,0.5067873303167421,0.6248216833095578,0.08144796380090498,0.09671897289586305,0.4117647058823529,0.2607703281027104,0.0,0.0,5.606334841628959,3.465620542082739,101.31537628173828,3.210222734431696,2.1301413380337295,11.25345997323337,195.4427160277929,21.113755332375113
42.8080333333,-70.974075,1,0.6063348416289592,0.46562054208273895,0.12217194570135746,0.14236804564907277,0.19004524886877827,0.1768901569186876,0.0,0.019971469329529243,2.6877828054298645,3.2236804564907273,37.494686126708984,2.2154501365651513,2.0409514694755817,10.313941700408508,290.5718550419819,88.65866943199956
42.4345376189,-71.4480184674,1,0.0,0.05049928673323823,0.08144796380090498,0.0442225392296719,0.918552036199095,0.8981455064194008,0.0,0.007132667617689016,42.19004524886878,32.03623395149786,48.67796325683594,1.4435054753980776,1.3268360851489216,6.0643561450940835,50.20790351364677,33.87891201424334
42.1001267457,-71.1412606761,0,0.13122171945701358,0.45820256776034235,0.38461538461538464,0.11440798858773181,0.4841628959276018,0.42082738944365194,0.0,0.005135520684736091,12.615384615384615,9.41740370898716,89.03225708007812,1.2423611285060694,1.751290120522782,13.619330240448711,78.97738950130982,8.454345254686048
42.1165705772,-71.7939196713,0,0.09954751131221719,0.38231098430813126,0.45701357466063347,0.20342368045649073,0.3031674208144796,0.1948644793152639,0.0,0.011412268188302425,2.3665158371040724,2.1594864479315263,177.6648406982422,3.0943157323403567,3.1244910659456173,20.668674390414093,84.77350137672893,11.808065159183572
42.54015333,-72.65812833,0,0.8099547511312217,0.8242510699001426,0.03167420814479638,0.039942938659058486,0.0,0.038801711840228244,0.1583710407239819,0.041940085592011414,0.0,0.18830242510699002,86.8968276977539,6.579552279956499,6.190186097280507,28.022251982860222,65.21349025040705,234.02604222114897
42.0401931346,-72.6035279441,0,0.08144796380090498,0.09358059914407989,0.665158371040724,0.39372325249643364,0.0,0.13009985734664764,0.25339366515837103,0.29015691868758914,0.0,6.248502139800285,14.632683753967285,0.2364451082797116,0.42414513932266423,2.337805129658578,33.80457067388387,321.23294880625474
42.4527888138,-71.5530022234,1,0.7239819004524887,0.49900142653352353,0.21266968325791855,0.18373751783166906,0.0,0.16633380884450785,0.0,0.024821683309557776,0.0,2.9971469329529246,73.28388214111328,0.9316291188275722,1.0900994098307297,7.667868798354734,26.47079439666736,362.3501704864889
42.5427777778,-71.3166666667,1,0.6470588235294118,0.4462196861626248,0.15384615384615385,0.112981455064194,0.12217194570135746,0.4065620542082739,0.0,0.0002853067047075606,1.8280542986425339,6.980028530670471,62.7140007019043,3.5268326182636907,2.0836005985970396,10.883309893332507,307.40888602199186,216.50773607756156
42.2521633333,-71.3430033333,1,0.4479638009049774,0.36633380884450784,0.5520361990950227,0.32667617689015693,0.0,0.20970042796005706,0.0,0.025677603423680456,0.0,3.8470756062767477,42.990577697753906,0.4110228076057267,1.2458715049000395,5.649059585652128,114.74224834575233,332.9227585505551
41.7864893409,-70.9473823631,0,0.0,0.10213980028530671,0.0,0.1275320970042796,0.45248868778280543,0.17061340941512126,0.5475113122171946,0.5960057061340942,16.375565610859727,3.728388017118402,17.68239974975586,0.49536404122905076,0.4014521925683443,2.2404641757100223,27.13108794449044,15.27604759242248
42.4159458188,-71.5260644448,0,0.334841628959276,0.23081312410841653,0.0,0.10670470756062768,0.665158371040724,0.5960057061340942,0.0,0.0034236804564907277,10.248868778280542,4.746362339514978,73.65101623535156,2.4208729894702454,1.478818243212172,8.342021749855244,138.28250743230691,0.596249453710701
42.47589767,-71.64361437,0,0.248868778280543,0.3166904422253923,0.0,0.30984308131241084,0.0,0.03851640513552068,0.0,0.0,0.0,1.4057061340941512,79.74401092529297,0.7071426421361535,0.9910217764537766,5.034662370608075,402.34628010483857,378.56100392516504
42.4014566796,-71.8467400206,1,0.5429864253393665,0.6105563480741797,0.43891402714932126,0.2108416547788873,0.0,0.09472182596291012,0.0,0.005135520684736091,0.0,1.368901569186876,195.4188232421875,0.9901259084676243,1.9010764465958427,11.067211169512461,1.0484003269860522,261.1526420633551
42.4878431299,-70.9341481466,0,0.1583710407239819,0.1788873038516405,0.0,0.05734664764621969,0.8416289592760181,0.7586305278174037,0.0,0.003994293865905849,26.466063348416288,30.710128388017118,36.53697967529297,1.6936549092847255,1.791376310882753,9.163398332212093,267.7597290375383,18.984038094051574
42.1639100974,-71.2379310094,0,0.0,0.12068473609129815,0.0,0.11554921540656206,1.0,0.6815977175463623,0.0,0.021968616262482168,41.574660633484164,21.648502139800286,52.76325607299805,0.6239244881461677,1.121196672650047,4.1466356888927836,79.90595403860709,106.44893880920846
42.2547933919,-70.9945826796,0,0.0,0.0005706134094151213,0.013574660633484163,0.10670470756062768,0.9864253393665159,0.8407988587731812,0.0,0.05049928673323823,78.89592760180996,52.3169757489301,3.6959731578826904,0.41191671160328647,0.7321381523769586,3.3648809756690032,170.16243178216047,25.188239153648325
42.4285416667,-71.3300777778,1,0.3167420814479638,0.6319543509272468,0.3574660633484163,0.12239657631954351,0.12669683257918551,0.11583452211126961,0.0,0.0017118402282453639,1.0950226244343892,1.5606276747503567,59.02341079711914,2.122265106188424,1.8427839419582455,12.253504184626797,47.77443736582961,4.0098265476940815
42.6024861842,-70.9036114207,1,0.7330316742081447,0.3326676176890157,0.15384615384615385,0.22196861626248215,0.04524886877828054,0.34065620542082736,0.06787330316742081,0.07646219686162625,0.2398190045248869,4.650499286733238,18.865171432495117,1.2849816573546406,1.0061890351415252,5.7937607969358185,116.6342378741621,230.82201392884946
42.456475,-71.1242777778,1,0.8099547511312217,0.3991440798858773,0.04072398190045249,0.009985734664764621,0.13574660633484162,0.519543509272468,0.013574660633484163,0.06476462196861626,1.4570135746606334,19.345221112696148,64.65665435791016,3.8909665171194145,2.5286956124055773,20.289282047688065,12.46611707618268,179.293281823563
42.3661616667,-71.4564283333,0,0.5203619909502263,0.44935805991440797,0.15384615384615385,0.13380884450784594,0.3257918552036199,0.362339514978602,0.0,0.034236804564907276,4.122171945701357,5.457631954350927,55.177734375,1.5769500810607402,1.3145586272893885,6.659509826239196,126.05458374140038,5.924522895160174
41.7224943686,-70.7594300799,0,0.01809954751131222,0.26676176890156916,0.3438914027149321,0.3466476462196862,0.5701357466063348,0.2893009985734665,0.06787330316742081,0.05706134094151213,22.850678733031675,8.506704707560628,1.7412337064743042,0.2504690602728436,0.48289010111661723,2.310484573585836,144.10142393821852,15.240016526431832
42.7613116667,-70.8318416667,0,0.0,0.04907275320970043,0.4117647058823529,0.7047075606276747,0.0,0.029671897289586305,0.5882352941176471,0.181169757489301,0.0,0.5235378031383737,0.11735551059246063,0.21110056777603217,0.3165371162516757,1.7624901419262595,0.0,404.3742086816361
42.3156365765,-71.7999931052,0,0.0,0.07960057061340942,0.0,0.0028530670470756064,1.0,0.917546362339515,0.0,0.0,59.4027149321267,49.14208273894437,184.95387268066406,0.7229044491227323,2.6893622589850623,15.99782139361345,213.06778569446513,20.40330781227173
41.6516555556,-70.2034805556,0,0.0,0.0019971469329529245,0.01809954751131222,0.06191155492154066,0.9819004524886877,0.7329529243937233,0.0,0.13495007132667616,29.805429864253394,28.56348074179743,2.5537397861480713,0.29656139012246874,0.30805886363731494,1.6017828112497439,65.0770657001259,1.86437716854236
42.0926598523,-72.1645191716,0,0.2986425339366516,0.34807417974322397,0.6515837104072398,0.5463623395149786,0.0,0.04821683309557775,0.0,0.02225392296718973,0.0,0.37318116975748933,197.46051025390625,1.384133772223209,1.358150837481993,6.1916092878586,0.0,301.3532665108044
42.339255,-71.0425028333,0,0.0,0.0,0.013574660633484163,0.0025677603423680455,0.9547511312217195,0.9651925820256776,0.03167420814479638,0.03223965763195435,82.28054298642535,78.3623395149786,3.030468225479126,0.7946584861248662,0.9981933095822151,5.40147383364139,57.57381069750326,3.300907815414027
42.0488471667,-72.5445633333,0,0.2850678733031674,0.11326676176890157,0.04072398190045249,0.014265335235378032,0.6742081447963801,0.868188302425107,0.0,0.0042796005706134095,9.411764705882353,15.994864479315265,58.38715362548828,1.5415680046280993,0.8690155254694487,6.63828610439196,265.9447067020325,88.67838608954746
42.2300216667,-72.4601216667,1,0.7963800904977375,0.9067047075606277,0.04072398190045249,0.04022824536376605,0.0,0.025677603423680456,0.0,0.0002853067047075606,0.0,0.3980028530670471,180.24835205078125,3.1317048921453625,4.091545733804076,25.535493715723415,340.1062488193398,772.6703969330007
41.5548632348,-70.6488829079,1,0.08144796380090498,0.2670470756062768,0.10407239819004525,0.05820256776034237,0.7013574660633484,0.3845934379457917,0.10407239819004525,0.23423680456490728,9.203619909502262,5.415977175463623,6.8223161697387695,1.2031073287647285,1.1070289240700106,8.793760124203184,2.611853988822501,38.89339134848095
42.4232153343,-71.1080703431,0,0.0,0.03851640513552068,0.0,0.007417974322396576,1.0,0.9540656205420828,0.0,0.0,48.16742081447964,53.54750356633381,9.2760591506958,2.140772991927129,1.4047400675747928,9.289141301985653,610.6664925756477,45.51719727174713
42.3016777778,-71.1707527778,1,0.15384615384615385,0.08416547788873038,0.2579185520361991,0.10271041369472182,0.5882352941176471,0.8131241084165478,0.0,0.0,14.39819004524887,21.13352353780314,42.63434982299805,1.0558440133270848,1.8661329184013402,8.53973443687776,83.35579638253458,80.51264472843258
42.0522793243,-71.7755999231,0,0.49321266968325794,0.5640513552068473,0.5067873303167421,0.2761768901569187,0.0,0.057631954350927245,0.0,0.09443651925820257,0.0,0.6108416547788873,206.0821533203125,1.2957286544503575,1.425864924442061,9.44793370361531,48.49788757872834,305.6078252071631
42.3493537,-71.7792187,1,0.18552036199095023,0.31098430813124106,0.04072398190045249,0.08587731811697574,0.7737556561085973,0.5828815977175463,0.0,0.0,16.194570135746606,18.191155492154067,173.65017700195312,1.3384362962928316,2.4353449977376083,14.17383275643417,51.23911932641909,19.122340383317756
42.6679164312,-71.1706801504,0,0.0,0.06191155492154066,0.00904977375565611,0.05420827389443652,0.9909502262443439,0.8835948644793152,0.0,0.0002853067047075606,21.624434389140273,17.269614835948644,37.8543701171875,1.859623252518524,1.5987867997383935,9.920129924385863,73.5191820044054,2.357383684391304
41.6720866667,-69.966575,0,0.013574660633484163,0.030242510699001426,0.08597285067873303,0.1275320970042796,0.8914027149321267,0.5112696148359487,0.00904977375565611,0.30042796005706135,17.18552036199095,9.567475035663339,10.858101844787598,1.223780739836453,0.8828037872934521,3.8854219690140495,104.21029165479605,13.438517571048228
42.1308361667,-71.346275,1,0.2579185520361991,0.2955777460770328,0.7104072398190046,0.22796005706134095,0.03167420814479638,0.4088445078459344,0.0,0.0014265335235378032,0.6244343891402715,10.711269614835949,42.405555725097656,0.8161104927852398,1.1590919766612486,5.463372405257207,22.94697733134962,254.04046860003655
42.6450957139,-72.4971518666,0,0.19457013574660634,0.4567760342368046,0.08144796380090498,0.15492154065620542,0.20361990950226244,0.1115549215406562,0.0,0.0,2.5475113122171944,1.9092724679029958,82.1912612915039,2.908000674931891,3.0002665062520983,11.38038993702278,224.5012865402525,104.67603875927651
42.514575,-72.4298633333,0,0.6606334841628959,0.7922967189728959,0.013574660633484163,0.10470756062767475,0.058823529411764705,0.057631954350927245,0.18552036199095023,0.03166904422253923,0.4841628959276018,0.653922967189729,259.82958984375,1.445395659658728,2.4472563040344224,11.006718686483202,20.16496564299746,216.15140196391096
41.83072167,-71.32621667,1,0.19909502262443438,0.15691868758915833,0.334841628959276,0.18516405135520686,0.4660633484162896,0.63509272467903,0.0,0.0008559201141226819,13.14027149321267,16.059914407988586,16.209331512451172,0.7370218417303172,0.5558144363902825,3.1456174738066722,97.61869804780775,127.96502897651278
42.6287986619,-70.8417138577,1,0.24434389140271492,0.24878744650499288,0.669683257918552,0.34407988587731814,0.03619909502262444,0.3275320970042796,0.0,0.0,0.2986425339366516,5.076747503566334,8.414155006408691,0.8254815211054,1.1791392306913822,5.161190205703533,45.92604556412431,295.0805016066489
42.08773,-70.7119166667,0,0.2850678733031674,0.27931526390870187,0.14027149321266968,0.13209700427960058,0.5746606334841629,0.5788873038516406,0.0,0.005135520684736091,13.063348416289593,16.262767475035663,11.48019790649414,1.4025932695697814,1.4098428568013333,10.070285004883955,192.04127064149952,45.218517495541185
42.3812268332,-73.3030247287,0,0.8144796380090498,0.903851640513552,0.15384615384615385,0.043937232524964336,0.03167420814479638,0.035092724679029956,0.0,0.0002853067047075606,0.13122171945701358,0.38516405135520687,410.40142822265625,6.81646435364904,8.547064556562809,59.734752496452,9.419788648893903,177.25764063946642
41.7462020298,-70.5405732617,1,0.7737556561085973,0.7805991440798858,0.0,0.003994293865905849,0.18552036199095023,0.14322396576319543,0.0,0.0,4.429864253393665,4.374037089871612,75.90311431884766,0.5229643379525598,1.0640433753492775,6.252422294522001,912.9035107348985,31.50775567279488
42.4253202033,-71.3723699362,0,0.29411764705882354,0.35549215406562057,0.04524886877828054,0.150641940085592,0.3031674208144796,0.3241084165477889,0.0,0.003994293865905849,9.493212669683258,7.157774607703281,43.905128479003906,1.9282333330963501,1.6708832122887072,10.27358285042613,19.012483032883416,112.09615517461101
42.30982,-71.1244721667,0,0.0,0.04136947218259629,0.0,0.003994293865905849,1.0,0.9018544935805991,0.0,0.05249643366619115,40.73303167420814,32.83281027104137,43.9895133972168,4.674025684131006,2.399960159471778,20.579772221991107,567.1192980893383,2.957529427047046
42.3775138855,-72.5197525024,0,0.0,0.025962910128388018,0.0,0.0034236804564907277,1.0,0.9706134094151213,0.0,0.0,55.99547511312217,28.41540656205421,92.27371215820312,1.0498893320858729,2.2831150618498577,11.198509833833738,799.0949390620141,4.658102394527276
41.52968,-71.013275,1,0.31221719457013575,0.2844507845934379,0.3755656108597285,0.18544935805991442,0.1085972850678733,0.09586305278174037,0.0,0.0,2.334841628959276,1.6981455064194009,12.944887161254883,0.7619408794138196,0.7434901867794318,5.906454198126673,42.473211106244754,218.56039752224595
42.47463,-70.899195,0,0.09502262443438914,0.007703281027104137,0.027149321266968326,0.03252496433666191,0.8778280542986425,0.959771754636234,0.0,0.0,17.266968325791854,31.08445078459344,17.881193161010742,0.8500115995138233,1.30701348664661,7.824804563393804,85.19355166063617,59.900272079181725
42.48411,-71.504832,0,0.46153846153846156,0.4345221112696148,0.4660633484162896,0.19686162624821682,0.07239819004524888,0.35748930099857346,0.0,0.0,3.7873303167420813,7.089015691868759,75.13522338867188,0.8294774700363368,1.9556071284322263,10.557803695740725,30.77812375821715,328.71120574980495
42.4675266667,-72.15963,0,0.5746606334841629,0.8579172610556348,0.35294117647058826,0.08359486447931526,0.0,0.03109843081312411,0.05429864253393665,0.023395149786019972,0.0,0.3637660485021398,226.2526092529297,2.0252554435865737,5.518890780573104,27.143481911575986,0.0,237.66987159585162
42.4295454046,-71.4214430932,1,0.19457013574660634,0.331811697574893,0.42081447963800905,0.1774607703281027,0.38461538461538464,0.49072753209700426,0.0,0.0,5.294117647058823,9.92039942938659,59.2954216003418,0.5195883151474505,1.0576140059075578,5.421942318572784,0.0,58.46213664403116
42.42849173,-73.34676384,0,0.4434389140271493,0.6079885877318117,0.15384615384615385,0.09814550641940085,0.2579185520361991,0.11840228245363767,0.0,0.0008559201141226819,4.714932126696833,3.1803138373751785,372.1003112792969,2.947691488394284,4.603380646606455,40.1450539456086,314.4998348487065,9.962879806209617
42.2846666667,-71.1820527778,0,0.04524886877828054,0.07960057061340942,0.5429864253393665,0.31840228245363766,0.4072398190045249,0.5232524964336662,0.0,0.0644793152639087,5.619909502262443,18.856776034236805,33.4112663269043,1.8065382366996243,1.0116795022955805,4.347354743536674,1.351252539310682,191.04110981083141
42.4251060486,-71.8751449585,0,0.43891402714932126,0.7529243937232525,0.0,0.043081312410841656,0.5610859728506787,0.18659058487874466,0.0,0.0,10.429864253393665,3.227104136947218,310.5733642578125,0.9648310643164186,3.056934634860717,16.32215082221569,288.595123335396,4.000598727039865
42.3310624903,-70.9283251339,0,0.18099547511312217,0.01768901569186876,0.00904977375565611,0.00912981455064194,0.0,0.0005706134094151213,0.502262443438914,0.9081312410841654,0.0,0.016833095577746076,1.2691720724105835,0.7426465519210353,0.3017196302778799,1.2934046592649482,25.497230074131178,161.27144619314754
42.3766966667,-71.1144945,0,0.0,0.0,0.0,0.0,1.0,0.9945791726105564,0.0,0.005420827389443652,69.08597285067873,63.916690442225395,6.803773403167725,0.3412519701944474,0.5400534954211551,2.0281920929020574,894.5408815022168,1.2012869712096925
42.4546293149,-71.227465521,0,0.01809954751131222,0.05135520684736091,0.07239819004524888,0.038801711840228244,0.9095022624434389,0.9064194008559201,0.0,0.0,15.538461538461538,23.188017118402282,76.44500732421875,1.9020298967703022,1.5770314517262087,7.37205253969335,232.1393952618551,31.434851237405493
42.3167033428,-72.8100666667,0,1.0,0.959771754636234,0.0,0.025677603423680456,0.0,0.0,0.0,0.0,0.0,0.0,459.0010986328125,4.529104623710135,4.783425346638812,24.589794778702917,344.8831276286508,984.4017328454958
42.2184180352,-70.8274920994,0,0.7285067873303167,0.5888730385164052,0.20361990950226244,0.350641940085592,0.06787330316742081,0.037089871611982884,0.0,0.019686162624821684,0.2579185520361991,0.4079885877318117,15.90099811553955,1.0030780126845302,0.8144352495078262,5.14979542053885,141.36865703831583,123.63450331437059
41.9164083333,-70.6988527778,0,0.3212669683257919,0.5366619115549215,0.0,0.0011412268188302425,0.5972850678733032,0.3275320970042796,0.058823529411764705,0.1181169757489301,14.30316742081448,7.158345221112696,41.21209716796875,1.222650745627878,1.248941824588569,8.113967725900094,149.84348261802114,2.006649504998346
42.3155033333,-71.3075866667,1,0.4434389140271493,0.08445078459343795,0.22171945701357465,0.026818830242510697,0.29411764705882354,0.8861626248216833,0.0,0.0,4.4343891402714934,15.767475035663338,50.13176727294922,2.0230324837322082,1.3635048507631538,10.031813733975357,66.80850424694668,159.18844955466375
41.7733534752,-70.0572789275,0,0.0,0.04336661911554922,0.0,0.037660485021398,0.7782805429864253,0.4898716119828816,0.07692307692307693,0.37717546362339516,18.4841628959276,11.928102710413695,10.033262252807617,1.561440816973233,0.8871933963482375,7.4852433612425475,197.1104128538217,22.884831783052892
41.84599471,-70.59517498,0,0.42081447963800905,0.4961483594864479,0.0,0.0011412268188302425,0.5701357466063348,0.4042796005706134,0.0,0.09529243937232525,11.981900452488688,9.246504992867333,44.29729461669922,0.908819987335244,1.4603066557200979,7.356573307415207,561.3280028812344,40.417447351222
41.6245216667,-70.6213916667,0,0.02262443438914027,0.30328102710413696,0.0,0.039942938659058486,0.9773755656108597,0.5957203994293866,0.0,0.03965763195435093,16.502262443438916,12.074465049928673,17.867382049560547,2.8314799547067753,1.6222686773486006,9.396007726972254,247.91498148366534,11.039001858055968
42.175285008,-72.0647429146,1,0.7058823529411765,0.548644793152639,0.00904977375565611,0.048787446504992865,0.2171945701357466,0.1166904422253923,0.0,0.21255349500713266,2.6334841628959276,1.6884450784593439,198.50509643554688,2.6964848333114673,2.543521807408856,21.24876405387135,191.49035477205092,11.367450710006402
42.24845927,-71.17586271,0,0.0,0.024536376604850214,0.0,0.13009985734664764,1.0,0.8205420827389444,0.0,0.024251069900142655,54.244343891402714,35.104992867332385,33.779605865478516,0.5045834831346734,0.8245550734799729,3.6726267843814515,327.22271194334127,2.874510451750339
42.3703883333,-71.5453866667,0,0.004524886877828055,0.12325249643366619,0.06334841628959276,0.03737517831669044,0.5565610859728507,0.5751783166904422,0.3755656108597285,0.26419400855920117,14.69683257918552,15.289871611982882,82.04316711425781,1.9910655211238941,2.5738992534908727,14.122954290126497,91.80226419005707,30.307865742877432
42.3205717077,-71.052169092,0,0.0,0.0,0.0,0.0011412268188302425,1.0,0.8981455064194008,0.0,0.09186875891583453,78.54298642533936,64.30670470756063,3.535400390625,0.3739008604287408,0.6063947949908546,3.3862688029187646,517.7421473901966,23.558571156249087
42.45203333,-71.08245833,1,0.7692307692307693,0.38516405135520687,0.0,0.012838801711840228,0.23076923076923078,0.5221112696148359,0.0,0.07018544935805991,5.217194570135747,19.44079885877318,37.06211853027344,5.3764220693907525,2.7679159208477677,21.527810825039598,326.17393988001845,190.16175692084644
42.3380293647,-71.1597069187,0,0.0,0.0,0.0,0.0,0.6877828054298643,0.8904422253922967,0.2986425339366516,0.1087018544935806,23.407239819004523,42.45534950071327,43.820255279541016,0.9980947740484033,2.150281745794692,11.492070154079679,70.62352695434748,17.005235725328916
42.034829927,-70.0836070038,0,0.058823529411764705,0.36319543509272467,0.06787330316742081,0.024536376604850214,0.8733031674208145,0.5763195435092725,0.0,0.0034236804564907277,41.09502262443439,17.233666191155493,8.250284194946289,1.1142647625563558,1.030613671398742,4.349823188313586,196.92624194903823,22.261376474207818
42.8040135497,-70.9732072765,1,0.6470588235294118,0.49072753209700426,0.18552036199095023,0.14122681883024252,0.02262443438914027,0.18830242510699002,0.09049773755656108,0.019971469329529243,0.248868778280543,2.9854493580599146,18.920612335205078,1.9992729796910393,2.4138030962374284,11.034142127082184,2.7121164953887185,253.95904166360262
42.8070837499,-70.9730215801,1,0.5475113122171946,0.4793152639087018,0.01809954751131222,0.13666191155492155,0.3257918552036199,0.17717546362339515,0.0,0.019971469329529243,4.48868778280543,3.355777460770328,38.703346252441406,3.178576224248098,2.182762329031769,9.841857827166196,274.16383297052175,84.4449025185399
42.2263793945,-70.9356079102,0,0.0,0.04507845934379458,0.0,0.05934379457917261,1.0,0.8738944365192582,0.0,0.016547788873038517,25.235294117647058,31.291012838801713,23.79361915588379,2.337993775367033,1.4861475509854998,9.091172636230235,559.1182256823267,21.852852778927733
42.6567520884,-70.5984353856,1,0.34841628959276016,0.025677603423680456,0.07692307692307693,0.016262482168330955,0.5248868778280543,0.3962910128388017,0.04524886877828054,0.5155492154065621,13.7420814479638,9.648216833095578,11.6397705078125,2.15116302350633,1.0642547877801485,9.484450542497203,159.06030549011984,38.8693622864657
42.7088687818,-70.8032891516,0,0.1583710407239819,0.0667617689015692,0.02262443438914027,0.1360912981455064,0.6923076923076923,0.2536376604850214,0.03167420814479638,0.5329529243937232,20.782805429864254,7.294151212553495,27.782201766967773,2.9170133309662356,1.5363619276321716,8.721802775572238,214.937699493999,12.07149291873432
42.0083351135,-71.1069412231,0,0.3936651583710407,0.4607703281027104,0.03167420814479638,0.2978601997146933,0.5746606334841629,0.22796005706134095,0.0,0.0,9.457013574660634,4.557774607703281,33.01686477661133,0.683926049784559,0.619304585865668,3.507375472105521,210.97640091455128,10.26832200690008
42.5581644438,-71.7480943725,0,0.049773755656108594,0.07788873038516406,0.0,0.045934379457917264,0.9502262443438914,0.8761768901569187,0.0,0.0,38.29864253393665,34.12696148359486,127.61395263671875,2.5778903700866125,1.940627295953102,16.347385485836337,358.06816916414596,21.17452648368733
42.0426008225,-71.0892632287,0,0.027149321266968326,0.18630527817403708,0.0,0.12325249643366619,0.9728506787330317,0.6479315263908701,0.0,0.019400855920114122,15.352941176470589,16.997146932952923,39.11650085449219,0.6233737832737967,0.5479921198261121,2.451864312019334,317.34613533466757,15.607145580990839
42.7163391113,-73.2044677734,0,0.0,0.08587731811697574,0.0,0.05905848787446505,1.0,0.8194008559201141,0.0,0.0002853067047075606,27.95475113122172,22.579457917261056,209.3195037841797,2.1029133503353803,1.7495807730997903,11.175207803438257,488.43694386010895,1.7424547447783627
41.5926391188,-70.8571027592,0,0.08597285067873303,0.021968616262482168,0.12217194570135746,0.17489300998573468,0.5339366515837104,0.1614835948644793,0.03167420814479638,0.5549215406562055,10.895927601809955,4.225392296718973,1.7355784177780151,0.3679057352597199,0.23844235983392364,1.2835241212242587,211.79742626565874,42.22285891734788
42.4525966667,-71.3031383333,1,0.6063348416289592,0.5300998573466477,0.1493212669683258,0.14322396576319543,0.22624434389140272,0.24165477888730386,0.0,0.0,1.6832579185520362,5.087303851640513,54.57549285888672,1.7227525388114049,1.7156244347186256,11.56835023745734,74.41954231949236,1.0894351523505514
41.6247757018,-71.0151813783,1,0.2579185520361991,0.24450784593437946,0.058823529411764705,0.2536376604850214,0.33031674208144796,0.4268188302425107,0.24434389140271492,0.030813124108416547,11.167420814479637,12.866191155492155,29.575408935546875,0.617350545740063,0.7762594369458256,5.212010184763812,0.0,87.47264548780859
42.3037276458,-71.296703362,0,0.0,0.018830242510699,0.0,0.0,1.0,0.9808844507845934,0.0,0.0002853067047075606,30.800904977375566,29.654493580599144,45.330833435058594,1.4431537974134225,1.1850991798260866,5.541624937251594,679.0190699254215,75.2652478311739
41.7762707727,-70.5985974893,1,0.583710407239819,0.6059914407988588,0.3891402714932127,0.11326676176890157,0.0,0.17945791726105564,0.01809954751131222,0.01768901569186876,0.0,5.264764621968617,8.995440483093262,1.1647803966266634,1.0139678373682843,5.833765980480433,0.0,237.310908945995
42.67178,-72.84731333,0,0.8009049773755657,0.9115549215406562,0.0,0.010556348074179744,0.16289592760180996,0.042225392296718976,0.0,0.0,1.262443438914027,0.2990014265335235,363.6165771484375,4.770184937482792,6.6799562079548505,37.50929312607169,49.931912282382335,2.5388237922315606
42.3538383295,-72.6609523214,1,0.5610859728506787,0.644793152639087,0.08597285067873303,0.23223965763195434,0.0,0.06333808844507846,0.334841628959276,0.03452211126961484,0.0,1.2858773181169758,68.40562438964844,2.296291528539001,2.224952828181444,9.070696641499689,91.4586965457358,738.3176090424907
42.450996819,-71.0668967665,0,0.0,0.029101283880171185,0.0,0.0008559201141226819,1.0,0.969472182596291,0.0,0.0005706134094151213,54.547511312217196,45.47075606276748,22.92769432067871,2.5094373770569587,2.1188362979533735,8.722226707038272,340.31462871687904,31.993900238753746
42.1187966667,-71.1833833333,0,0.08597285067873303,0.18858773181169758,0.058823529411764705,0.13523537803138375,0.8552036199095022,0.6699001426533524,0.0,0.0014265335235378032,19.316742081447963,18.990014265335237,86.33577728271484,1.5242092624387358,1.2913538914101044,7.3364736194441456,252.15718522341518,23.211882271297526
42.3389783333,-70.8955083333,0,0.01809954751131222,0.0028530670470756064,0.1493212669683258,0.03223965763195435,0.0,0.0,0.7375565610859729,0.9186875891583453,0.0,0.0,0.9150943160057068,0.44124101947388084,0.2854552908907669,1.2114118880651068,20.2286490181162,2780.3549557453357
42.8057833333,-70.92208,0,0.0,0.20456490727532098,0.1085972850678733,0.17346647646219687,0.8914027149321267,0.4893009985734665,0.0,0.09329529243937233,26.06787330316742,13.296718972895864,18.181379318237305,1.4734181133483903,1.4168088217493224,6.887043614012701,260.81983428189506,4.092003528961069
42.653195,-71.0131611167,1,0.35294117647058826,0.5651925820256776,0.43891402714932126,0.2776034236804565,0.2081447963800905,0.14179743223965763,0.0,0.003138373751783167,2.3031674208144794,1.981740370898716,34.63564682006836,1.0243535597980393,0.9135072221779796,5.290153969409808,51.15203507901775,37.13140174987302
41.379302,-70.516372,0,0.12669683257918551,0.09671897289586305,0.0,0.00912981455064194,0.8099547511312217,0.7349500713266762,0.0,0.13865905848787446,18.56561085972851,16.921255349500715,9.264947891235352,0.6120111489368683,0.5610138824173503,3.8592638303497204,559.4617854223638,2.520262921324567
42.0133184972,-71.1597233844,0,0.19457013574660634,0.24907275320970043,0.13574660633484162,0.3064194008559201,0.669683257918552,0.4042796005706134,0.0,0.0025677603423680455,17.031674208144796,9.02339514978602,31.769603729248047,0.6478844915079933,0.8225293866006016,4.472065382293436,12.897993013001889,45.81102929162089
42.060876114,-72.546449964,0,0.13574660633484162,0.1514978601997147,0.0,0.05021398002853067,0.8642533936651584,0.7982881597717546,0.0,0.0,28.171945701357465,22.807417974322398,56.97770690917969,1.5786270113197265,1.2033412235210874,5.776084524679395,348.5371604551938,12.961967014358235
42.38447,-71.1496866667,0,0.004524886877828055,0.020256776034236805,0.0,0.005706134094151213,0.0,0.7728958630527818,0.995475113122172,0.19971469329529243,0.0,37.36947218259629,1.0914866924285889,0.2383690139967159,0.7569717326457152,4.6780916182102406,0.0,270.52653380985237
42.6734616667,-72.9673416667,0,0.9819004524886877,0.8958630527817404,0.01809954751131222,0.023395149786019972,0.0,0.015691868758915834,0.0,0.043937232524964336,0.0,0.12296718972895863,447.4086608886719,6.472777215543371,11.67384271095875,84.22181024944322,261.4240585608108,39.137382785428585
42.24779927,-73.25678211,0,0.4660633484162896,0.9124108416547789,0.5339366515837104,0.08758915834522112,0.0,0.0,0.0,0.0,0.0,0.0,529.236572265625,1.8460237107496473,4.203210296039962,24.425192791361336,13.257042092344287,794.1465340792743
42.2535533333,-71.1530528333,0,0.0,0.0068473609129814554,0.0,0.006562054208273894,1.0,0.985734664764622,0.0,0.0008559201141226819,43.2579185520362,39.96291012838802,29.01341438293457,1.2596322773595372,1.3270282866523102,5.6793993039649395,293.8918183619593,3.9037643980467642
42.476775,-71.139375,0,0.0,0.0,0.0,0.0002853067047075606,1.0,0.9997146932952924,0.0,0.0,44.588235294117645,49.83281027104137,42.0192756652832,1.8296125684203228,2.1553611138382824,10.86427075242373,283.3652310122796,10.933032194977796
42.6738031669,-70.834558561,0,0.01809954751131222,0.15863052781740372,0.11764705882352941,0.18858773181169758,0.8552036199095022,0.6319543509272468,0.0,0.006562054208273894,20.262443438914026,23.754636233951498,7.142296314239502,0.4856577291849173,1.3412599772718663,6.081675416286721,201.1147605432533,25.55499566341057
42.608525,-70.70127167,0,0.7013574660633484,0.5395149786019972,0.14479638009049775,0.16034236804564908,0.0,0.21455064194008558,0.13574660633484162,0.07446504992867332,0.0,4.688159771754636,29.09859848022461,1.4882682321277099,1.9469451539311329,12.110580934176843,1.4399960022903588,331.2564544054826
42.861787,-70.978052,0,0.28054298642533937,0.32553495007132666,0.3076923076923077,0.2559201141226819,0.1085972850678733,0.23024251069900142,0.0,0.07674750356633381,2.1990950226244346,4.164051355206848,48.092994689941406,3.781797741280575,1.6781142639662772,9.285484250934681,112.21237388378705,5.900460844957064
42.2880142697,-71.8759894096,0,0.832579185520362,0.5860199714693295,0.14479638009049775,0.05791726105563481,0.02262443438914027,0.3549215406562054,0.0,0.0,0.3438914027149321,8.200855920114122,267.65960693359375,5.34052618954769,4.442717166479789,31.930450566166986,39.944380068345154,240.0564224823926
42.2346716667,-70.914755,0,0.6334841628959276,0.24079885877318116,0.01809954751131222,0.1312410841654779,0.34841628959276016,0.5027104136947218,0.0,0.11925820256776035,5.65158371040724,12.610271041369472,19.156450271606445,1.2436736784927414,1.2493565418726003,5.557765669606429,262.02206767579855,88.97306721740085
42.7174633333,-70.9569166667,0,0.28054298642533937,0.44108416547788876,0.07239819004524888,0.13865905848787446,0.5882352941176471,0.40171184022824535,0.0,0.0,30.149321266968325,11.145221112696149,36.457054138183594,3.4082513167487267,1.6283916902534672,8.566194835288826,280.6526893980453,21.45665115136712
42.0998420429,-70.9345994774,1,0.18099547511312217,0.12296718972895863,0.5927601809954751,0.38145506419400854,0.21266968325791855,0.4815977175463623,0.0,0.0017118402282453639,7.552036199095022,12.723823109843082,23.78694725036621,0.38653969198714017,0.7485393141855663,4.381481854760095,41.53076903256457,168.78321629379616
41.9703622866,-71.3784409161,0,0.23529411764705882,0.3338088445078459,0.0,0.025106990014265335,0.755656108597285,0.6299572039942939,0.0,0.00884450784593438,15.968325791855204,12.376319543509272,67.9956283569336,2.4246228657455395,2.0600619412105377,18.84281544944746,42.80374940810213,67.31978579460232
42.710225,-73.207825,0,0.0,0.07703281027104136,0.0,0.023395149786019972,1.0,0.8607703281027104,0.0,0.0,31.13574660633484,23.322111269614837,209.62747192382812,1.9339908428209738,2.391507012584905,13.63665549582145,332.2882281087807,7.72153758470553
42.1001558512,-70.9340375667,1,0.16289592760180996,0.12125534950071326,0.5203619909502263,0.37489300998573466,0.2986425339366516,0.4898716119828816,0.0,0.0017118402282453639,10.076923076923077,13.001426533523539,25.589773178100586,0.5522337596909852,0.715394209788642,4.873038160894562,78.66153648671184,110.80021555497343
41.8920194444,-69.9877805556,0,0.058823529411764705,0.4159771754636234,0.08597285067873303,0.23651925820256775,0.8552036199095022,0.3087018544935806,0.0,0.03138373751783167,22.79185520361991,7.784022824536376,8.192200660705566,0.5984455082532228,0.6671865025093981,3.343158000210971,161.0458231862683,37.879299087011574
42.2615283333,-71.6589816667,0,0.2171945701357466,0.2898716119828816,0.4253393665158371,0.20627674750356634,0.34841628959276016,0.3378031383737518,0.0,0.0804564907275321,4.9411764705882355,8.308131241084165,100.52281188964844,2.2518779607052894,1.8655585550465053,9.694647754719504,8.158139323351522,21.29904784949229
41.9355230997,-70.8342252997,0,0.34841628959276016,0.43195435092724677,0.48868778280542985,0.2767475035663338,0.0,0.08273894436519258,0.12217194570135746,0.02168330955777461,0.0,1.1149786019971468,11.193696022033691,0.580841564154174,0.9080796483452973,4.875512958331727,0.0,395.06421827127855
42.49632,-71.3898916667,0,0.755656108597285,0.5891583452211127,0.05429864253393665,0.1754636233951498,0.1583710407239819,0.1383737517831669,0.0,0.0,2.176470588235294,2.1469329529243937,69.87754821777344,1.4345124768076556,1.385723488153336,10.006560287099761,324.0039112492594,102.58595665895923
42.3405982508,-71.1483094751,0,0.0,0.0,0.0,0.0,1.0,0.9514978601997147,0.0,0.047931526390870186,62.21266968325792,56.050499286733235,42.38581466674805,1.5713043989519544,1.8002643647967866,6.917789143173711,601.2921637637295,7.7355021309666805
41.458345,-70.55777,0,0.0,0.0,0.0,0.003994293865905849,0.5339366515837104,0.5052781740370899,0.40271493212669685,0.45991440798858774,42.04977375565611,18.608844507845934,2.877906560897827,0.7057561356829638,0.5486754317007645,3.9947150793035595,71.40824658333375,16.574816467107986
42.4000715868,-71.250279682,0,0.0,0.10470756062767475,0.0,0.006562054208273894,1.0,0.8573466476462197,0.0,0.03138373751783167,41.13122171945702,41.10442225392297,70.0099105834961,2.4974561251515306,2.729406768391217,12.768935378267809,269.494546866303,3.6994952681058986
42.4634283333,-71.15587,0,0.3665158371040724,0.15748930099857347,0.0,0.015406562054208274,0.4117647058823529,0.6718972895863052,0.20361990950226244,0.15263908701854492,18.65610859728507,23.847360912981454,15.674277305603027,3.2140593725295696,2.1350659890774923,10.721978995820145,16.414843071929933,6.30283149799462
42.2172928516,-71.2175189357,0,0.013574660633484163,0.11982881597717546,0.06334841628959276,0.15092724679029956,0.9230769230769231,0.7272467902995721,0.0,0.0,49.49321266968326,17.792011412268188,71.59977722167969,0.669619564381863,1.269203326740751,5.406988242770144,140.91669441283224,98.77104666492548
42.6453883333,-72.36976,0,0.9276018099547512,0.9075606276747503,0.07239819004524888,0.07446504992867332,0.0,0.00884450784593438,0.0,0.005420827389443652,0.0,0.05021398002853067,271.0440979003906,1.9154068930070467,3.0588688768106027,15.755751897956754,169.242269565121,13.518631661220011
42.4862033333,-71.1924833333,0,0.0,0.06419400855920114,0.0,0.04079885877318117,1.0,0.8895863052781741,0.0,0.0,66.5475113122172,47.39172610556348,56.79212951660156,2.2061679318413394,2.006296468848333,12.525056612237709,246.96354809469747,52.58798469560724
42.27649813,-71.8432667,0,0.0,0.044793152639087015,0.0,0.011412268188302425,1.0,0.9229671897289586,0.0,0.019971469329529243,35.73303167420814,28.74407988587732,186.6812286376953,1.9810985202440021,3.373092861936204,21.623208376954548,700.3574409484044,1.748525350023983
42.031925,-71.25093833,1,0.01809954751131222,0.034236804564907276,0.0,0.02710413694721826,0.9819004524886877,0.9386590584878745,0.0,0.0,27.497737556561084,31.38687589158345,67.69239044189453,1.4219478720991174,1.0974586496005685,7.921016708252018,189.3409756998154,5.105123400094974
42.6548835826,-71.2814479337,0,0.0,0.07503566333808845,0.0,0.00456490727532097,0.669683257918552,0.8194008559201141,0.33031674208144796,0.09329529243937233,15.877828054298643,24.628815977175464,26.542898178100586,2.60917615322511,2.756544540797326,16.12147581984511,40.41956321067656,0.038889354812028064
42.29172833,-71.29123,0,0.0,0.02710413694721826,0.0,0.019971469329529243,1.0,0.9517831669044222,0.0,0.0005706134094151213,23.692307692307693,24.444793152639086,37.416297912597656,1.6028099499400383,1.7429405509404847,7.709163322809856,4.628352031634271,78.49876336524842
42.4627584372,-72.3333623139,0,0.7828054298642534,0.8961483594864479,0.2171945701357466,0.04251069900142653,0.0,0.027389443651925822,0.0,0.0014265335235378032,0.0,0.17175463623395149,259.4726867675781,2.4438778923270053,5.473251545600237,33.9038812726599,0.0,182.31808894549698
42.7865473522,-70.8055537939,0,0.0,0.0,0.02262443438914027,0.25563480741797434,0.0,0.04964336661911555,0.416289592760181,0.5172610556348074,0.0,2.5306704707560628,0.5658756494522095,0.4346688863583277,0.24027629590703922,1.3053880652206393,20.977135494247545,258.5555628720458
41.3201485435,-70.8083958207,0,0.004524886877828055,0.13580599144079886,0.11312217194570136,0.1335235378031384,0.0,0.02282453637660485,0.38461538461538464,0.5335235378031383,0.0,0.2827389443651926,3.42356014251709,0.9982926417802397,0.6254696671378022,5.728752224627195,77.67738389638303,451.2711447681382
42.0607622713,-70.1727452595,1,0.2081447963800905,0.1514978601997147,0.11312217194570136,0.1035663338088445,0.5746606334841629,0.29985734664764624,0.027149321266968326,0.3332382310984308,24.470588235294116,11.620256776034237,3.912229061126709,0.5436713826901036,0.6564837715176215,4.32811337195,143.27745281255832,3.4478961518257103
42.0613638333,-70.2441166667,1,0.0,0.0,0.0,0.07360912981455064,0.0,0.0,0.5113122171945701,0.6758915834522111,0.0,0.0,1.1580817699432373,0.5303403001138658,0.2147422053887814,1.470018492541935,41.90010242055257,146.6258082349719
42.5203745859,-71.8001927622,0,0.9411764705882353,0.9032810271041369,0.0,0.018544935805991442,0.04524886877828054,0.023965763195435093,0.0,0.045934379457917264,0.8506787330316742,0.2370898716119829,250.77024841308594,8.354892267888962,5.713415434112851,39.16262678054677,2.672294226298727,270.6914184036587
41.4224685,-70.5710349997,0,0.3438914027149321,0.289586305278174,0.25339366515837103,0.13922967189728958,0.38009049773755654,0.3223965763195435,0.0,0.2108416547788873,4.389140271493213,5.002853067047075,3.4320850372314453,0.9465615772759519,0.864698123990245,6.05941891448906,179.62742509688132,71.18802599554375
42.375599,-71.529228,0,0.16289592760180996,0.13238231098430814,0.1085972850678733,0.08302425106990015,0.6742081447963801,0.6878744650499287,0.04524886877828054,0.09329529243937233,15.28054298642534,17.499286733238232,75.63510131835938,0.9341240543108533,2.602942091517996,15.198547184026436,93.04684154151045,35.70760297598875
42.5679690296,-71.6289710999,0,0.47058823529411764,0.5255349500713267,0.15384615384615385,0.1335235378031384,0.3665158371040724,0.27132667617689016,0.0,0.0002853067047075606,5.995475113122172,7.4661911554921545,83.11898803710938,0.3891249621193349,1.0773174349911743,5.47896700722301,488.32656169448796,38.50850894633507
41.8653076468,-70.9216785338,0,0.21266968325791855,0.23880171184022825,0.1085972850678733,0.2599144079885877,0.6108597285067874,0.40057061340941513,0.0,0.0,11.79185520361991,8.599429386590584,25.0030574798584,1.0145755663434706,0.6827277998151123,4.550800274969653,330.19349570857156,41.104937799426956
42.7898833333,-70.9392016667,0,0.03619909502262444,0.2664764621968616,0.7963800904977375,0.3634807417974322,0.0,0.15263908701854492,0.0,0.02710413694721826,0.0,1.8313837375178317,5.041754722595215,0.4011067787898114,1.147833819485453,6.772837366305962,0.0,8.362467278797137
42.1808554224,-71.38890367,1,0.25339366515837103,0.2268188302425107,0.5339366515837104,0.3312410841654779,0.21266968325791855,0.3957203994293866,0.0,0.0,3.4434389140271495,7.196005706134094,42.65597152709961,0.780871694526906,1.0785564194220079,7.628661351133344,29.51561374486111,149.86278758062141
42.44553,-71.0937111667,1,0.6923076923076923,0.4054208273894436,0.00904977375565611,0.039942938659058486,0.248868778280543,0.3483594864479315,0.04524886877828054,0.192867332382311,8.253393665158372,15.803994293865905,64.3586196899414,2.217438605157299,1.9414463334340153,11.34300295712325,18.26665480397679,81.10438942384316
42.2892616667,-71.0398721667,0,0.0,0.003708987161198288,0.07239819004524888,0.07218259629101284,0.8687782805429864,0.6627674750356634,0.058823529411764705,0.2570613409415121,57.05429864253394,45.02482168330956,3.878459930419922,0.591454774857797,0.7265462710983642,3.655866050785075,148.73178962464954,0.6587508761760726
42.1079060481,-73.2409323543,0,0.7420814479638009,0.6670470756062767,0.14027149321266968,0.09272467902995721,0.04524886877828054,0.10955777460770329,0.0,0.0,1.339366515837104,1.0604850213980028,370.9808044433594,4.797760738106766,4.468649621974076,21.245231926824186,418.1732735466482,296.2523924097084
41.774209289,-70.5172184722,0,0.09502262443438914,0.2427960057061341,0.08597285067873303,0.2136947218259629,0.3574660633484163,0.37318116975748933,0.4343891402714932,0.16062767475035664,12.171945701357465,11.88873038516405,-0.49191007018089294,0.5574252528965845,1.1968881784415624,5.771078494774066,0.0,49.673220906583595
42.6257416667,-72.4203933333,0,0.9411764705882353,0.8641940085592011,0.03619909502262444,0.007988587731811698,0.0,0.039942938659058486,0.0,0.0,0.0,0.249358059914408,323.36627197265625,2.375903933368676,4.219884862375489,18.70083423701628,76.4224681677415,5.740118754230048
42.4582759384,-72.8984606822,1,0.9638009049773756,0.6932952924393724,0.03619909502262444,0.08559201141226819,0.0,0.15977175463623394,0.0,0.0,0.0,3.9081312410841655,368.0245361328125,4.760437385425127,4.7972417506018035,37.79644786119684,464.4047770137203,322.0902432464587
41.9892002927,-70.0674450025,0,0.09954751131221719,0.21940085592011413,0.5701357466063348,0.33009985734664765,0.3076923076923077,0.2570613409415121,0.01809954751131222,0.07560627674750357,5.927601809954751,5.054208273894437,7.508601188659668,1.8880355765883392,1.3089914926224917,7.027635591841675,0.0,14.392787234200874
41.6890496884,-70.3796808431,0,0.497737556561086,0.43024251069900143,0.00904977375565611,0.035948644793152636,0.49321266968325794,0.5169757489300999,0.0,0.0028530670470756064,7.742081447963801,9.239942938659059,29.76358413696289,1.623205261608119,1.5429848715610874,8.903731073108984,258.03439978426206,56.95176592805245
42.6387533333,-71.1017445,0,0.8733031674208145,0.5509272467902996,0.06787330316742081,0.2390870185449358,0.027149321266968326,0.14265335235378032,0.0,0.0,0.5113122171945701,1.5626248216833096,77.04495239257812,4.766247293177877,2.4899391396355695,14.872684057180615,179.1455692039986,107.38068176383011
42.45211333,-71.2882,1,0.3936651583710407,0.3252496433666191,0.0,0.09015691868758915,0.583710407239819,0.5423680456490727,0.0,0.0,20.647058823529413,19.372895863052783,53.791996002197266,2.14571589596833,1.4632573322807407,10.425280251731818,550.498910246143,6.633713476910244
42.57538667,-73.30111667,0,0.23529411764705882,0.637660485021398,0.0,0.04935805991440799,0.2171945701357466,0.11098430813124108,0.0,0.0,2.6289592760180995,1.2159771754636235,380.9085693359375,3.9133200441724676,7.259702382092718,37.483977240093346,81.67244577053957,5.624604497900082
42.4283109991,-71.5234348295,1,0.9321266968325792,0.4362339514978602,0.04524886877828054,0.12524964336661912,0.02262443438914027,0.42368045649072755,0.0,0.007703281027104137,0.1493212669683258,6.1885877318116975,74.20121765136719,3.430414795098897,1.8067973763331104,8.493864300947218,245.71178556509346,52.05332629514743
42.2435916667,-71.1629333333,0,0.0,0.0042796005706134095,0.0,0.027389443651925822,1.0,0.967475035663338,0.0,0.0008559201141226819,34.42986425339367,41.03480741797432,41.966407775878906,0.976733204155281,1.0065327671559887,5.490288000510758,560.6914576909162,4.029887807844069
42.1705383033,-71.0958942536,1,0.03619909502262444,0.1275320970042796,0.5656108597285068,0.4268188302425107,0.39819004524886875,0.4456490727532097,0.0,0.0,7.266968325791855,10.58830242510699,52.5012092590332,0.9808204846973064,0.7976246243687403,5.9157494378681905,15.834634801064038,38.76207898388781
41.7067773114,-70.5637176956,0,0.4117647058823529,0.692154065620542,0.0,0.0,0.4796380090497738,0.15606276747503567,0.0,0.0,18.981900452488688,4.042796005706134,81.56033325195312,1.526986183049313,1.6504239262484184,8.229776876559985,1008.8674106861556,8.486899854277887
42.388595,-71.9583283333,0,0.248868778280543,0.4231098430813124,0.049773755656108594,0.17004279600570613,0.5475113122171946,0.3492154065620542,0.1493212669683258,0.04365192582025677,12.705882352941176,9.126961483594865,321.5522155761719,3.5954105398057967,3.5412109335273985,14.06560547511213,98.48578591025773,27.19221726985194
42.2593383333,-71.0917805,0,0.0,0.003708987161198288,0.0,0.024821683309557776,1.0,0.9714693295292439,0.0,0.0,53.009049773755656,39.39686162624822,12.974101066589355,0.3512432492579231,1.0216836396573798,4.113329552967095,478.81106857402153,7.617539883299839
41.9304394846,-70.0248226165,0,0.0,0.05049928673323823,0.18099547511312217,0.12781740370898717,0.167420814479638,0.5161198288159772,0.6018099547511312,0.263623395149786,8.823529411764707,16.78601997146933,-0.7214060425758362,0.8587691889265383,0.8928552455429907,5.418118345271473,0.0,144.55790678396053
41.4378567451,-70.6067468795,0,0.04524886877828054,0.3820256776034237,0.0,0.01825962910128388,0.9547511312217195,0.4182596291012839,0.0,0.17717546362339515,20.018099547511312,7.690442225392297,26.752073287963867,1.588751679917708,1.6950153969495507,14.337801106991016,403.10934258456643,6.357137031359327
42.3654533333,-71.0166695,0,0.0,0.0,0.0,0.015121255349500713,1.0,0.9609129814550642,0.0,0.023965763195435093,90.58371040723982,77.02567760342367,4.080572605133057,0.06069928352546467,0.17250915471100134,0.8006907035752496,777.8238433830392,87.60275638164443
42.2886616667,-71.9883416667,0,0.8235294117647058,0.7412268188302426,0.08144796380090498,0.11212553495007133,0.049773755656108594,0.06704707560627675,0.04524886877828054,0.005991440798858773,0.15384615384615385,0.6439372325249644,269.6416931152344,3.000503696440747,3.6446701111643693,17.98852090289778,90.37086690220293,10.852674584375851
42.1241445,-71.6364366667,0,0.18552036199095023,0.237660485021398,0.7647058823529411,0.2867332382310984,0.02262443438914027,0.39229671897289586,0.004524886877828055,0.0017118402282453639,0.497737556561086,14.470756062767475,74.94422149658203,0.7020184173947928,2.307108922101966,14.154155991146837,1.3285893544204959,415.1714457921818
42.2214566404,-70.9598449432,0,0.0,0.0048502139800285305,0.01809954751131222,0.030242510699001426,0.9411764705882353,0.9289586305278174,0.04072398190045249,0.03537803138373752,29.262443438914026,34.009700427960055,22.3122501373291,1.7694653301367493,1.7138889284834804,10.37672451202806,96.08161547468225,3.491357437623948
41.968625,-70.6446083333,1,0.0,0.0,0.0,0.0,0.0,0.0,0.5248868778280543,0.8453637660485022,0.0,0.0,0.1408451348543167,0.5276947417372978,0.2667347615649449,1.200585052529983,5.37663634936483,4.424991273182466
42.110307435,-73.4736067057,0,0.8144796380090498,0.9078459343794579,0.0,0.039942938659058486,0.1085972850678733,0.04365192582025677,0.0,0.0,0.6018099547511312,0.2442225392296719,432.824462890625,5.201790321013515,5.378597203495362,29.310365249885454,122.41069216024236,4.113255861186846
42.4132334958,-71.5091258639,1,0.497737556561086,0.4405135520684736,0.09502262443438914,0.1195435092724679,0.27601809954751133,0.2932952924393723,0.07239819004524888,0.047931526390870186,4.393665158371041,4.077032810271041,56.0626106262207,2.206793952672951,2.2180234580672358,12.726699444853649,102.2148233055303,171.92876553054165
41.9359043,-71.3110279,0,0.21266968325791855,0.1768901569186876,0.08597285067873303,0.02168330955777461,0.7013574660633484,0.7312410841654778,0.0,0.06932952924393723,18.30316742081448,23.2114122681883,43.685218811035156,0.9470711837802237,1.1065734119162156,6.812658214751089,24.636973714129986,51.846195802663516
41.398745,-70.5104616667,0,0.0,0.005420827389443652,0.07239819004524888,0.0673323823109843,0.013574660633484163,0.31383737517831667,0.746606334841629,0.5737517831669044,0.22171945701357465,8.32753209700428,0.07405626028776169,0.2251498927846804,0.2837110912560442,2.1124392931895746,0.0,268.1455013165871
42.2037913224,-70.716357529,0,0.0,0.0005706134094151213,0.0,0.029101283880171185,0.09954751131221719,0.19743223965763196,0.8371040723981901,0.7406562054208274,7.04524886877828,9.732667617689016,-0.28427478671073914,0.24572447122509805,0.37198511587563454,1.8676027389385024,3.2038114121036587,124.91992243125942
42.2239383333,-71.1324,0,0.0,0.225962910128388,1.0,0.5355206847360913,0.0,0.20399429386590584,0.0,0.0,0.0,10.626533523537804,12.513871192932129,0.27234875486613436,1.5356683783309526,13.721745803436729,200.09576809096902,506.98708225855273
42.473095,-71.405555,1,0.24434389140271492,0.2898716119828816,0.09502262443438914,0.10470756062767475,0.6515837104072398,0.38516405135520687,0.0,0.00912981455064194,21.149321266968325,12.39771754636234,42.37992858886719,1.2467771749600733,1.6724525249808364,9.399208543375547,33.92549822639996,3.3967406928588195
42.53451619,-70.902854,0,0.0,0.012268188302425107,0.03167420814479638,0.05848787446504993,0.9276018099547512,0.720114122681883,0.04072398190045249,0.20599144079885878,15.34841628959276,22.55577746077033,7.505556106567383,0.937761341133498,1.1013144519443323,6.754176608714475,32.19339313563751,1.0008855610531
42.610145,-71.1079333333,0,0.4434389140271493,0.48730385164051354,0.049773755656108594,0.18687589158345222,0.0,0.2057061340941512,0.45248868778280543,0.1115549215406562,0.0,3.2924393723252496,28.849632263183594,0.7085480725041354,0.9703420758727523,6.576357882224839,17.990538780159294,55.23137191883822
42.086718375,-71.0632194076,0,0.027149321266968326,0.12724679029957203,0.004524886877828055,0.05991440798858773,0.9683257918552036,0.8122681883024251,0.0,0.0002853067047075606,33.33031674208145,28.294151212553494,69.08944702148438,1.046567650132675,1.200194747776249,6.630524857714621,404.777518388751,37.17862585535438
42.8119685446,-70.8576164783,0,0.0,0.0002853067047075606,0.0,0.13951497860199716,0.0,0.275320970042796,1.0,0.5840228245363766,0.0,15.163195435092724,-1.3871573209762573,0.08359753314768079,0.45230550194409197,3.9100714873699203,0.0,395.18166094786494
41.751284577,-70.6219816417,0,0.0,0.0005706134094151213,0.00904977375565611,0.005135520684736091,0.583710407239819,0.5942938659058488,0.40271493212669685,0.38944365192582026,18.194570135746606,24.99657631954351,6.6732635498046875,1.0556249689701902,0.7271991400113899,3.600560351917302,0.0,20.070506175626385
42.6960463055,-71.290235234,0,0.5158371040723982,0.3286733238231098,0.2850678733031674,0.14550641940085593,0.11312217194570136,0.29015691868758914,0.01809954751131222,0.00456490727532097,0.497737556561086,5.879885877318117,57.365272521972656,1.3675429450629712,1.9585989737016805,13.223740312984624,47.78423694971392,61.03669651429923
42.4242818456,-71.4919867216,0,0.9502262443438914,0.5417974322396576,0.049773755656108594,0.19258202567760344,0.0,0.11269614835948645,0.0,0.06276747503566334,0.0,2.81169757489301,72.01217651367188,2.594679806662505,1.1838732860145658,4.9513320795605,150.73361744485675,612.9802857547186
42.2612066667,-71.6503983333,0,0.334841628959276,0.30470756062767473,0.18552036199095023,0.1340941512125535,0.0,0.27731811697574893,0.29411764705882354,0.21797432239657633,0.0,7.177175463623395,97.99226379394531,1.266917147153496,1.544252679623526,8.89018688567525,0.0,430.878106523788
42.049304162,-71.4705255937,0,0.497737556561086,0.34065620542082736,0.15384615384615385,0.2699001426533523,0.1085972850678733,0.3509272467902996,0.0,0.0005706134094151213,1.411764705882353,8.875035663338089,65.97462463378906,1.3224224395544706,1.8039857890628912,10.427934085916048,172.01764598567044,188.95009999095254
42.0788079885,-71.3205805905,0,0.0,0.12639087018544937,0.0,0.17232524964336662,0.6923076923076923,0.5223965763195435,0.0,0.008273894436519259,20.375565610859727,14.513837375178317,68.59215545654297,0.6240373849961692,0.926059388078922,3.5365720189496166,362.0780211559485,3.2006374031044786
42.3956111111,-72.8186944444,1,0.9909502262443439,0.705848787446505,0.0,0.18516405135520686,0.0,0.056490727532097,0.0,0.0005706134094151213,0.0,0.45991440798858774,371.78826904296875,3.6049506593592335,3.905631624569755,21.650966880836055,93.78877633901821,369.14276890777256
42.5282523009,-73.0651712302,0,0.09954751131221719,0.4513552068473609,0.2986425339366516,0.402567760342368,0.0,0.039942938659058486,0.0,0.0,0.0,0.9375178316690442,580.3338623046875,1.1413906873561186,2.22196856031405,9.918047448717006,123.03837921360906,107.85222842063358
42.27768,-71.1982633333,0,0.19004524886877827,0.11269614835948645,0.42081447963800905,0.44536376604850214,0.3891402714932127,0.42196861626248217,0.0,0.017974322396576318,12.294117647058824,13.878744650499288,27.729310989379883,0.5591996211050136,0.8871002882165387,8.207256971759579,62.15928736187454,102.90386073627776
42.340695,-71.0539388333,0,0.0,0.0,0.0,0.0,1.0,0.9897289586305278,0.0,0.010271041369472182,82.73303167420815,83.81968616262482,4.461822986602783,0.2870626437324785,0.5059029463048375,3.391007217359661,572.2487176199861,6.6101844838411274
42.3539752422,-71.1535321176,0,0.0,0.0,0.0,0.0,1.0,0.9840228245363766,0.0,0.015977175463623396,62.66968325791855,64.09386590584879,10.370970726013184,1.3587730599908892,1.6440318574199657,11.42536225782193,648.2429651831825,2.0391852218773723
42.5266120889,-71.278306134,0,0.25339366515837103,0.2074179743223966,0.004524886877828055,0.14950071326676176,0.7420814479638009,0.6285306704707561,0.0,0.009700427960057061,14.194570135746606,18.590870185449358,70.92799377441406,1.4345745574472932,1.5437941812202622,6.8475995878850435,416.7493766090949,4.123552317694956
42.0407256372,-70.7043643209,0,0.7692307692307693,0.6239657631954351,0.13122171945701358,0.13723252496433666,0.0,0.1312410841654779,0.049773755656108594,0.06704707560627675,0.0,1.2082738944365192,20.053714752197266,1.0979442169660392,1.1711217839372159,4.400449806974983,29.286177826479044,727.462851099166
41.7224666667,-69.9972216667,0,0.04524886877828054,0.0442225392296719,0.1085972850678733,0.043081312410841656,0.6742081447963801,0.5392296718972895,0.13574660633484162,0.35263908701854496,19.60633484162896,8.485306704707561,7.188848972320557,1.2098725883628372,1.029081228266861,9.21940227686515,98.40673267080602,14.504675950201726
42.7684533333,-70.9168916667,0,0.49321266968325794,0.46333808844507846,0.3755656108597285,0.48245363766048505,0.10407239819004525,0.03566333808844508,0.0,0.0,0.9366515837104072,0.5594864479315264,10.12405776977539,0.8096931207045854,0.7997459855798009,4.864216466284383,63.955781888914856,1.0015498917449797
42.0825739769,-73.362014346,0,0.1493212669683258,0.3840228245363766,0.18099547511312217,0.4048502139800285,0.17647058823529413,0.043937232524964336,0.0,0.0,1.5475113122171946,0.4154065620542083,216.84478759765625,1.9554875183083358,1.8267685366612512,12.493579001307804,66.16271115661996,24.85157346034118
41.6417466667,-70.648125,0,0.0,0.0,0.013574660633484163,0.043081312410841656,0.755656108597285,0.32011412268188305,0.1493212669683258,0.5982881597717546,22.81900452488688,11.409985734664765,4.643245697021484,0.7735269564610591,0.389279593807353,2.2116550574016403,169.70403450835002,60.17645895334822
42.6553816296,-70.6029907144,1,0.07692307692307693,0.03680456490727532,0.004524886877828055,0.026818830242510697,0.918552036199095,0.5905848787446505,0.0,0.3303851640513552,15.7420814479638,14.300713266761768,21.673912048339844,1.483792710540475,1.2222190144371854,10.259402217648118,397.7579534514413,56.06508344294377
42.1509634,-72.1190146997,0,0.46153846153846156,0.6419400855920114,0.15384615384615385,0.11041369472182597,0.334841628959276,0.11241084165477888,0.04072398190045249,0.12610556348074178,4.633484162895928,1.3138373751783168,227.2948455810547,1.8150249935510645,3.1661212183620537,12.93019307189206,162.90282250572946,5.618545816258542
42.21359375,-72.2633025556,0,0.995475113122172,0.9132667617689015,0.004524886877828055,0.024821683309557776,0.0,0.03965763195435093,0.0,0.0017118402282453639,0.0,0.38659058487874465,245.0538330078125,2.428367456771248,5.4471207752566775,33.65144239903361,30.092376941934287,172.48399837041543
42.041236048,-71.7622719805,0,0.8552036199095022,0.7483594864479315,0.00904977375565611,0.06932952924393723,0.13574660633484162,0.0818830242510699,0.0,0.08388017118402283,0.7285067873303167,0.8927246790299572,217.88772583007812,1.9794795170607544,1.985311524706866,11.00490741278093,428.1479596024691,31.656205217214453
41.9226458742,-70.6612421622,0,0.6606334841628959,0.4641940085592011,0.0,0.018830242510699,0.3167420814479638,0.35748930099857346,0.00904977375565611,0.041940085592011414,19.34841628959276,18.492154065620543,40.64282989501953,1.760952975982733,1.3698259946327056,5.022345802222809,195.1785008397338,122.39746135408325
42.7422881149,-71.067041944,0,0.19457013574660634,0.3269614835948645,0.18552036199095023,0.13495007132667616,0.6063348416289592,0.33951497860199714,0.0,0.10813124108416548,6.384615384615385,5.039087018544936,29.555452346801758,1.385616680653242,2.442692503020342,10.210504229570752,9.456178563770363,89.07612434198096
41.9065966667,-71.320305,0,0.14479638009049775,0.16718972895863052,0.027149321266968326,0.10556348074179743,0.8190045248868778,0.7101283880171184,0.00904977375565611,0.009985734664764621,28.271493212669682,23.874179743223966,27.594266891479492,0.5008945742904012,0.9008461243846703,6.385144193767462,66.24627870143534,22.377403992363067
42.45207,-71.2458416667,0,0.13574660633484162,0.10699001426533523,0.0,0.008273894436519259,0.8642533936651584,0.8847360912981455,0.0,0.0,9.085972850678733,18.49728958630528,78.6646728515625,2.2201983459381145,2.200946357331799,13.266962136796696,373.53331814235037,84.84806028343311
42.2155374493,-73.3459127375,0,0.2171945701357466,0.32553495007132666,0.5565610859728507,0.22710413694721826,0.13122171945701358,0.23309557774607703,0.0,0.0068473609129814554,4.3710407239819,7.836519258202568,208.60232543945312,0.5174888208407575,3.2254775047221993,20.259666184852023,45.09861262167366,162.5685469125111
42.357025,-71.47554,0,0.4796380090497738,0.527246790299572,0.11764705882352941,0.13894436519258202,0.28054298642533937,0.2553495007132668,0.10407239819004525,0.03109843081312411,3.6199095022624435,3.3574893009985733,70.1756591796875,2.265733071367255,1.8422816545690108,9.220264710519578,0.0,87.49971286831303
42.5966216667,-71.803855,0,0.09049773755656108,0.41169757489301,0.0,0.01825962910128388,0.9095022624434389,0.557774607703281,0.0,0.0028530670470756064,29.574660633484164,15.306704707560627,199.35809326171875,3.3410217238161675,5.059224823378692,26.802422059828256,211.0658804680039,1.6814255756390002
42.1116235997,-72.1043446622,0,0.45248868778280543,0.48901569186875893,0.3257918552036199,0.10756062767475036,0.22171945701357465,0.3706134094151213,0.0,0.013409415121255349,10.597285067873303,12.499001426533523,176.8407440185547,2.169964626897156,3.3652313857417284,22.294378148162874,18.19886434887967,246.53686037569676
41.7959583333,-71.0249778333,0,0.2895927601809955,0.4356633380884451,0.004524886877828055,0.11783166904422254,0.13574660633484162,0.24821683309557774,0.0,0.0,2.764705882352941,4.898716119828816,34.05680847167969,1.1539391194119744,1.6316625188232372,11.886744656144959,0.0,232.76843693953387
42.2579578859,-72.5663938211,0,0.3574660633484163,0.21112696148359486,0.2171945701357466,0.08873038516405135,0.28054298642533937,0.625962910128388,0.13574660633484162,0.012268188302425107,6.633484162895928,12.445363766048501,63.30521011352539,1.8517660098704627,2.0218115413635567,10.481315816122772,0.0,177.73064359138868
42.26820443,-70.9979534302,0,0.0,0.0068473609129814554,0.38009049773755654,0.14293865905848788,0.2171945701357466,0.4536376604850214,0.3574660633484163,0.39172610556348075,12.44343891402715,21.031954350927247,1.4397916793823242,0.3175630474346215,0.4608864239001571,3.160303857306277,23.482835333765088,78.47955884208402
42.53487833,-71.19782167,0,0.01809954751131222,0.09557774607703282,0.11764705882352941,0.10670470756062768,0.8642533936651584,0.7977175463623395,0.0,0.0,15.425339366515837,16.76376604850214,39.028648376464844,0.7283185586274974,1.0241516280045266,5.905484268571349,230.93845532734412,15.0519029868743
42.2070333285,-70.8857274465,1,0.4117647058823529,0.32353780313837377,0.004524886877828055,0.1788873038516405,0.5339366515837104,0.45534950071326674,0.04524886877828054,0.02282453637660485,9.778280542986426,6.877603423680457,19.46478843688965,0.5564829130767784,1.0100826630802382,5.802357085873588,169.18977844604666,150.80478670021122
42.408,-71.307525,1,0.669683257918552,0.5061340941512126,0.23076923076923078,0.24821683309557774,0.07239819004524888,0.17032810271041368,0.0,0.026818830242510697,1.9592760180995474,2.17546362339515,52.51261901855469,0.8963244763701971,1.2361817453791943,5.2867412355919265,18.000386387634084,191.17605991723218
42.0873417576,-70.8004368913,1,0.46153846153846156,0.4211126961483595,0.5339366515837104,0.3934379457917261,0.0,0.14978601997146934,0.0,0.0,0.0,4.004564907275321,3.660128593444824,0.5326475508814928,0.8316892212946114,4.126142311499702,26.9348039131019,484.5307683869666
41.7228537314,-70.5588470321,0,0.6561085972850679,0.8601997146932953,0.0,0.0011412268188302425,0.23529411764705882,0.08388017118402283,0.0,0.0,9.447963800904978,2.8679029957203994,58.97080612182617,1.9788655044907775,1.746076551804791,9.178681106868222,937.9660152422657,104.48771738832453
42.452418516,-71.0823634654,1,0.7149321266968326,0.3783166904422254,0.0,0.012838801711840228,0.2850678733031674,0.5283880171184023,0.0,0.07047075606276748,6.728506787330317,19.704422253922967,37.06211853027344,5.3764220693907525,2.7679159208477677,21.527810825039598,283.29227294136416,149.12664531994986
42.3201888343,-71.3031957209,1,0.10407239819004525,0.09472182596291012,0.0,0.03052781740370899,0.8959276018099548,0.8718972895863053,0.0,0.0002853067047075606,11.990950226244344,13.918972895863053,70.40628051757812,0.8027833626893819,1.5937962522236613,11.858686415629318,126.24478702733865,94.28748905100163
42.812495334,-70.9650230181,1,0.5248868778280543,0.4399429386590585,0.4660633484162896,0.1942938659058488,0.0,0.13152639087018544,0.0,0.11440798858773181,0.0,2.3426533523537802,7.609839916229248,2.919790401772578,2.317506821801623,14.069402058660708,8.445308634453166,421.65872693901343
42.2716452133,-72.3341977783,0,0.40271493212669685,0.6002853067047076,0.3393665158371041,0.09300998573466476,0.17194570135746606,0.1181169757489301,0.0,0.0028530670470756064,1.9321266968325792,1.798573466476462,121.38746643066406,0.8676040480424533,3.6020075096892303,22.04511222911205,19.887811192401387,82.92777409579276
41.5299387804,-71.0651305177,0,0.09049773755656108,0.15178316690442226,0.2398190045248869,0.13095577746077033,0.19909502262443438,0.2456490727532097,0.3167420814479638,0.4051355206847361,3.009049773755656,4.56490727532097,2.0092461109161377,1.2941234381698894,0.8914140927675434,8.72226168886347,21.447384013525124,43.84732583111313
42.531516908,-71.5274772111,0,0.9909502262443439,0.6433666191155493,0.0,0.08787446504992867,0.00904977375565611,0.23109843081312412,0.0,0.0,0.07692307692307693,4.571184022824537,136.3736572265625,6.31096242737106,3.5926071093083745,20.16338198360768,372.1895490289605,144.8120329083345
42.1400028333,-73.184945,0,0.755656108597285,0.7303851640513552,0.06334841628959276,0.1731811697574893,0.08597285067873303,0.021398002853067047,0.0,0.003994293865905849,0.3936651583710407,0.16576319543509271,503.8092956542969,2.7804305683296278,2.6282415706313214,20.12161671426582,132.34061737646985,4.549617801853957
42.4906499,-71.2761686,0,0.0,0.042225392296718976,0.049773755656108594,0.08701854493580599,0.9502262443438914,0.8707560627674751,0.0,0.0,33.710407239819006,24.520970042796005,43.397911071777344,1.538373708906594,0.8255812857443635,5.221123264488343,440.4187180848467,2.7632771547236623
42.413274641,-71.5102761157,1,0.4298642533936652,0.44650499286733236,0.06334841628959276,0.1101283880171184,0.40271493212669685,0.2978601997146933,0.04072398190045249,0.04022824536376605,6.04524886877828,4.112125534950072,56.0626106262207,2.206793952672951,2.2180234580672358,12.726699444853649,116.64002907210471,108.46885947159512
42.0640973,-71.2661856,0,0.6877828054298643,0.5594864479315264,0.19909502262443438,0.20028530670470757,0.11312217194570136,0.18544935805991442,0.0,0.05249643366619115,1.5203619909502262,3.372895863052782,81.2662582397461,0.8233806662425203,1.2087420848164514,6.597587058362247,62.696696869290754,109.41908302964268
42.59185,-70.65963,0,0.04072398190045249,0.03109843081312411,0.10407239819004525,0.11840228245363767,0.3438914027149321,0.21512125534950072,0.5067873303167421,0.5962910128388017,6.32579185520362,4.471041369472182,1.8600527048110962,0.9376196675227821,0.7325269758283554,4.648103666654866,21.993987159195143,66.66882551621424
42.0362433333,-70.19494,0,0.0,0.0034236804564907277,0.09954751131221719,0.20256776034236804,0.13574660633484162,0.14750356633380884,0.6561085972850679,0.5583452211126961,9.55656108597285,6.622539229671897,-0.1999606341123581,0.3620082307195823,0.33530991769735474,2.9445329989960367,13.576886170066308,140.59858884454505
42.4372527778,-71.1464083333,0,0.00904977375565611,0.09472182596291012,0.0,0.00456490727532097,0.45248868778280543,0.6516405135520684,0.5384615384615384,0.24707560627674752,8.855203619909503,15.875320970042797,3.9315407276153564,1.5648646458551418,2.1942444326512356,11.735104928047601,19.06259255340157,26.777343435800883
42.2626616667,-71.541375,1,0.2579185520361991,0.4462196861626248,0.4253393665158371,0.15834522111269614,0.3167420814479638,0.3920114122681883,0.0,0.0,4.8099547511312215,9.41283880171184,83.5562744140625,1.4581352894841275,2.778207118131581,14.123389202495158,0.0,53.34673142371409
42.4225082117,-71.5521996649,1,0.4434389140271493,0.7192582025677603,0.45248868778280543,0.14950071326676176,0.058823529411764705,0.1044222539229672,0.0,0.0017118402282453639,0.31221719457013575,1.543509272467903,79.31620788574219,1.2357045142689829,2.532644106615449,15.120310194070713,47.25253513677961,157.32097057144415
42.6135783333,-72.4827416667,0,0.08597285067873303,0.44022824536376604,0.0,0.02767475035663338,0.013574660633484163,0.08644793152639087,0.34841628959276016,0.1651925820256776,0.5203619909502263,1.8644793152639088,58.040321350097656,0.9035807501534462,3.478048275833136,18.320301189919945,50.735009209713354,327.29376465257025
42.2607203837,-71.773368828,0,0.5248868778280543,0.08587731811697574,0.09049773755656108,0.017974322396576318,0.38009049773755654,0.8958630527817404,0.0,0.0,11.452488687782806,42.78202567760342,187.79505920410156,1.9608946352030319,3.1239787121271783,16.600617648086125,40.4604955054981,95.19629216223588
42.1503230555,-73.4237260134,0,0.3438914027149321,0.5049928673323824,0.04524886877828054,0.18801711840228244,0.35294117647058826,0.13209700427960058,0.0,0.0034236804564907277,4.262443438914027,1.776034236804565,258.5177307128906,2.166721585706923,3.0510364876871754,13.005755598742432,181.2489670732107,3.7558279378846064
42.6472222222,-72.2391666667,0,0.5610859728506787,0.8716119828815977,0.11312217194570136,0.05335235378031384,0.0,0.010841654778887305,0.0,0.007417974322396576,0.0,0.16947218259629102,202.08840942382812,2.547811127415178,5.014792029143845,33.69736173199087,39.289201676901705,492.2991165965411
42.0075527833,-70.6037,0,0.0,0.0,0.19909502262443438,0.09415121255349501,0.0,0.0008559201141226819,0.28054298642533937,0.7566333808844508,0.0,0.01825962910128388,1.374633550643921,0.7134610604982312,0.31966455548306966,1.8108355033601233,30.995979136802006,39.98692647302418
42.348819,-73.410497,0,0.16289592760180996,0.6268188302425107,0.17194570135746606,0.10556348074179743,0.665158371040724,0.20827389443651925,0.0,0.0,17.475113122171944,4.645649072753209,280.23785400390625,3.3818213998308484,5.6481980887509655,36.09883386628256,1.5518033297609384,35.655892639563355
41.891151,-70.068719,0,0.0,0.0,0.0,0.0,0.0,0.0,0.6063348416289592,0.9101283880171184,0.0,0.0,0.12062340974807739,0.2866426163382953,0.1519996896379396,0.6540873952009048,0.0,3763.3603696476835
42.8010436336,-70.9648563909,1,0.9004524886877828,0.5814550641940086,0.0,0.11925820256776035,0.0,0.14122681883024252,0.0,0.019971469329529243,0.0,2.138088445078459,26.116992950439453,3.627057759679529,2.752854545402556,12.262464871448019,356.31959399190623,254.7050349992878
42.623183,-70.897534,0,0.11312217194570136,0.16576319543509271,0.8868778280542986,0.7235378031383738,0.0,0.09557774607703282,0.0,0.011412268188302425,0.0,1.4835948644793153,11.059602737426758,0.6099643547823661,0.607352571472401,2.3481251789209066,0.0,474.13339537973116
42.1939364895,-71.245743765,1,0.1493212669683258,0.2456490727532097,0.09954751131221719,0.16833095577746077,0.7375565610859729,0.4741797432239658,0.0,0.013409415121255349,12.656108597285067,9.092724679029958,57.91655349731445,1.2969310065938047,1.3126919373388555,7.7531900844575645,177.87422651893385,140.25994369634464
41.8951252899,-70.7974083125,0,0.00904977375565611,0.1449358059914408,0.0,0.1383737517831669,0.9909502262443439,0.5583452211126961,0.0,0.045934379457917264,17.013574660633484,11.509843081312411,35.44511032104492,0.18694404480437318,0.3001935744485636,1.8693444572311888,325.3746448833274,0.9782369993725851
42.10559268,-73.05451123,0,0.6244343891402715,0.7831669044222539,0.1493212669683258,0.04935805991440799,0.14479638009049775,0.03223965763195435,0.058823529411764705,0.09757489300998573,0.9049773755656109,0.18830242510699002,411.494384765625,1.6565902991603112,3.594383265748169,19.02299560321423,52.22112602787953,65.02343459521981
41.3393197116,-70.7292345633,0,0.00904977375565611,0.18972895863052783,0.248868778280543,0.06533523537803139,0.04072398190045249,0.06847360912981455,0.12669683257918551,0.41198288159771757,0.6742081447963801,1.051925820256776,2.9693398475646973,1.0971121129402244,1.077867470616205,8.730338762412403,43.537209462297355,8.019932682102732
41.916817,-70.0712319722,0,0.14479638009049775,0.2094151212553495,0.0,0.11126961483594865,0.0,0.0002853067047075606,0.29411764705882354,0.5238231098430813,0.0,0.0068473609129814554,8.285192489624023,1.4735468671915501,0.887920438297994,5.779276705221786,102.42375138292152,1429.6921985232061
42.61085,-71.220375,0,0.0,0.14037089871611982,0.0,0.12410841654778887,1.0,0.5974322396576319,0.0,0.0,37.90950226244344,19.467332382310985,37.26091003417969,1.1691666581298192,0.8259585973710408,4.60800350113862,279.23293584791344,46.162027563554545
42.0998559739,-70.9345860663,1,0.18099547511312217,0.12296718972895863,0.5927601809954751,0.38145506419400854,0.21266968325791855,0.4815977175463623,0.0,0.0017118402282453639,7.552036199095022,12.723823109843082,23.78694725036621,0.38653969198714017,0.7485393141855663,4.381481854760095,42.61786005387866,166.97096306075383
42.6394148766,-70.5757926777,0,0.004524886877828055,0.0011412268188302425,0.03167420814479638,0.00456490727532097,0.03167420814479638,0.002282453637660485,0.6606334841628959,0.9446504992867333,1.5972850678733033,0.105848787446505,4.917081832885742,1.1266616230070379,0.23228633438060614,1.49185993522939,6.9087175353043175,1376.8713286305174
42.2809111785,-71.8363662422,0,0.2398190045248869,0.05164051355206847,0.0,0.005420827389443652,0.7601809954751131,0.9426533523537803,0.0,0.0002853067047075606,13.357466063348417,24.758059914407987,188.29788208007812,5.515187225731091,3.3599616002124506,24.399260174890927,621.1351687437585,7.706051474732015
42.3948033333,-71.25415,0,0.4117647058823529,0.2239657631954351,0.0,0.005420827389443652,0.5882352941176471,0.7546362339514978,0.0,0.015977175463623396,37.12217194570136,38.56776034236805,67.61380004882812,3.900223079599349,3.67826487792372,20.351774292667965,31.56443225972394,43.17929052531074
42.6755089997,-72.4004300997,0,1.0,0.9278174037089871,0.0,0.04365192582025677,0.0,0.002282453637660485,0.0,0.0,0.0,0.033951497860199714,361.3067932128906,5.677103308392643,6.449877868120322,31.723183282367142,664.7566830797709,862.5653456831894
42.6300245102,-70.8447769407,1,0.24434389140271492,0.2804564907275321,0.23529411764705882,0.32011412268188305,0.22624434389140272,0.331811697574893,0.0,0.0,6.48868778280543,5.010271041369472,11.898329734802246,0.8149713549871377,1.158723356420983,5.038239932660521,212.9100084555732,101.17730811175197
42.2249028672,-71.0583810535,1,0.8778280542986425,0.8365192582025678,0.06334841628959276,0.029957203994293864,0.058823529411764705,0.0978601997146933,0.0,0.0094151212553495,0.45701357466063347,2.384593437945792,125.54511260986328,4.306354137191222,5.012039396733468,24.227013185099626,72.55167160370655,132.37369583573366
42.2455533333,-71.618195,0,0.3755656108597285,0.2978601997146933,0.00904977375565611,0.10299572039942939,0.6153846153846154,0.5780313837375178,0.0,0.012838801711840228,8.660633484162895,12.093295292439372,154.76719665527344,4.434662376295883,2.7753569626328796,19.984752721482806,270.5524364128112,5.763220320257691
42.592513,-71.717423,0,0.14479638009049775,0.42510699001426533,0.12669683257918551,0.07446504992867332,0.6470588235294118,0.3629101283880171,0.0,0.0,12.855203619909503,8.695577746077033,158.9913330078125,2.2857512457269005,3.2761458024108916,17.258725551446595,153.76284286488624,41.34228527093654
42.1048946679,-71.6066119541,0,0.17194570135746606,0.3355206847360913,0.3891402714932127,0.3007132667617689,0.2579185520361991,0.26619115549215405,0.0,0.0,8.733031674208144,5.752639087018545,74.39856719970703,0.9039905851812047,1.9400696973581835,10.81284363241743,10.741066669889062,104.23036898566227
42.2788387,-71.8068512194,0,0.004524886877828055,0.012553495007132667,0.04524886877828054,0.005135520684736091,0.8235294117647058,0.9700427960057061,0.12669683257918551,0.012268188302425107,32.6289592760181,49.58231098430813,151.42361450195312,1.4692543365746296,2.161432531972703,12.8719748588062,23.504570510691778,33.191008223826834
42.2072243,-71.1117034,1,0.22624434389140272,0.5212553495007133,0.004524886877828055,0.06818830242510698,0.5610859728506787,0.38601997146932954,0.0,0.0,16.16289592760181,12.88530670470756,58.585914611816406,6.2181453678494485,4.370392298116023,36.09171232728398,212.65397904418987,11.425049729261488
42.4266227161,-71.4604889793,0,0.06787330316742081,0.20313837375178317,0.0,0.08131241084165478,0.9321266968325792,0.6947218259629101,0.0,0.013409415121255349,35.84615384615385,25.918402282453638,61.5349006652832,1.4210082963251351,1.5646218566636891,6.102134941646042,168.8326255758238,19.932725901990217
41.7093470419,-70.2667108963,0,0.11312217194570136,0.06961483594864479,0.42081447963800905,0.26390870185449355,0.46153846153846156,0.29529243937232524,0.0,0.3203994293865906,8.334841628959277,3.794579172610556,3.372689723968506,0.6240515948893539,0.6303249943361002,4.713441989442123,17.135980104454852,100.42721468187412
42.7061127825,-71.203287514,0,0.0,0.01768901569186876,0.0,0.04450784593437946,1.0,0.8442225392296719,0.0,0.09358059914407989,58.33031674208145,36.41255349500713,33.22743225097656,1.4681655213754443,1.6262264028142508,12.468563375710396,241.8279790251714,60.13614779134649
42.707145,-70.991395,0,0.37104072398190047,0.5329529243937232,0.00904977375565611,0.2074179743223966,0.6108597285067874,0.22624821683309557,0.0,0.007132667617689016,13.628959276018099,4.317261055634807,33.13319396972656,1.9318199914881464,1.700468726115943,7.8515188095885895,135.6320061236893,69.02957261851695
42.4931717897,-71.4865155426,0,0.3574660633484163,0.3275320970042796,0.3665158371040724,0.3717546362339515,0.23076923076923078,0.25221112696148357,0.0,0.0005706134094151213,3.3529411764705883,4.986305278174037,65.75150299072266,0.7653215931457721,0.9827356744905564,4.395508076335051,11.034740291434007,66.58505397781006
41.8943281824,-69.9933958885,0,0.4660633484162896,0.20456490727532098,0.35294117647058826,0.33009985734664765,0.17647058823529413,0.317546362339515,0.0,0.14037089871611982,3.8642533936651584,7.83623395149786,8.665708541870117,0.7708578480803507,0.6579611792101102,3.403707511297791,84.682025203592,120.6177085052938
41.3441507,-70.77880151,0,0.0,0.05706134094151213,0.16289592760180996,0.07475035663338088,0.0,0.0094151212553495,0.38009049773755654,0.5412268188302425,0.0,0.12610556348074178,0.6790967583656311,0.25373769710820104,0.7408087052358796,6.997168215802575,63.96974693653898,320.96273896321014
42.5889543957,-71.536203716,1,0.5384615384615384,0.6744650499286733,0.04524886877828054,0.057631954350927245,0.40271493212669685,0.1346647646219686,0.0,0.10813124108416548,6.149321266968326,2.2379457917261054,88.24000549316406,1.3144658861973,1.573184722136818,11.976551357181403,43.909114020484814,6.788990871988374
41.6480966667,-70.5620883333,1,0.13574660633484162,0.2875891583452211,0.0,0.0014265335235378032,0.8642533936651584,0.5455064194008559,0.0,0.0,12.46606334841629,14.894151212553496,33.2745246887207,0.7392534921578351,0.6947533263337318,2.9261031674407088,963.5459220215043,101.95982372290594
42.2577509984,-71.26628462,1,0.3574660633484163,0.3269614835948645,0.1085972850678733,0.1529243937232525,0.07239819004524888,0.4282453637660485,0.08597285067873303,0.026248216833095576,0.9321266968325792,7.504136947218259,32.14933776855469,0.559423232208877,1.0832604740801952,5.335102241072896,35.961748085701856,231.19295629571005
42.6708966667,-72.3376216667,0,0.6334841628959276,0.8156918687589159,0.1583710407239819,0.0659058487874465,0.17647058823529413,0.07817403708987161,0.0,0.020827389443651926,1.3846153846153846,0.7181169757489301,328.53546142578125,4.500507106699863,4.720831050450461,25.962843780444125,503.74209764502604,3.409527374509502
42.1164699722,-72.870857,0,0.9276018099547512,0.9289586305278174,0.0,0.019686162624821684,0.07239819004524888,0.04935805991440799,0.0,0.0019971469329529245,0.6063348416289592,0.36148359486447934,269.99029541015625,11.374126568456248,7.140586058851714,40.67959600859354,64.66863711025465,7.817773059967364
42.4604138889,-71.1617361111,0,0.3755656108597285,0.1768901569186876,0.02262443438914027,0.02710413694721826,0.6018099547511312,0.7215406562054208,0.0,0.07018544935805991,35.04977375565611,21.41626248216833,35.30454635620117,4.026150340522909,2.6713438710251345,13.254253741992569,260.2056838472672,141.266590055366
42.7157466667,-72.1248483333,0,0.5339366515837104,0.6724679029957203,0.27149321266968324,0.2239657631954351,0.04524886877828054,0.013409415121255349,0.0,0.0017118402282453639,0.46153846153846156,0.14807417974322395,275.2230224609375,2.200458842962362,2.399900143522831,16.01620549062751,19.312012914731014,0.8112715453355406
42.66407891,-71.89962313,0,0.19909502262443438,0.48730385164051354,0.0,0.16262482168330955,0.12669683257918551,0.1825962910128388,0.6470588235294118,0.1449358059914408,1.1266968325791855,2.9489300998573467,344.4140625,0.9367306064553284,2.1920612651819913,10.299864452983241,0.0,31.69329252561061
41.639795954,-70.6509103473,0,0.0,0.0,0.14027149321266968,0.035092724679029956,0.26244343891402716,0.21911554921540657,0.5248868778280543,0.7052781740370899,8.588235294117647,8.325534950071326,2.5135562419891357,0.5934615314572352,0.31616510621817373,1.880557954813858,52.932126757552055,6.6082372718214355
42.2899138889,-71.1294333333,0,0.0,0.010271041369472182,0.0,0.0042796005706134095,1.0,0.9854493580599144,0.0,0.0,45.796380090497735,49.62824536376605,47.82756805419922,3.1536454783760246,1.946978547350645,11.998190776693967,394.77473677636,5.241521128706571
42.582061196,-71.4370520612,0,0.334841628959276,0.3854493580599144,0.0,0.06961483594864479,0.665158371040724,0.5315263908701855,0.0,0.0002853067047075606,19.040723981900452,9.048502139800286,117.9344711303711,1.4582545859155425,3.0421393215247394,17.59755830991348,585.3827868725831,41.9224558276383
42.8097804046,-70.9752553482,1,0.6425339366515838,0.4776034236804565,0.27149321266968324,0.1332382310984308,0.04524886877828054,0.1680456490727532,0.0,0.019971469329529243,1.5339366515837105,2.977460770328103,27.67593002319336,1.5869579836092365,2.0945839994254256,11.096231338901815,219.03170423246388,218.73762620679045
42.1817692124,-70.7365357876,0,0.027149321266968326,0.0644793152639087,0.06334841628959276,0.18887303851640513,0.8868778280542986,0.7069900142653353,0.0,0.025962910128388018,10.990950226244344,19.741797432239657,12.43106460571289,0.9080884139859484,0.9274343259467138,4.480905218700459,171.31490999924637,129.9758948463393
41.9275658,-71.1401193,0,0.12217194570135746,0.22653352353780315,0.1583710407239819,0.2413694721825963,0.7104072398190046,0.5047075606276747,0.0,0.006276747503566334,13.687782805429864,13.132952924393724,18.94565773010254,0.730447787402562,0.7143785972698343,2.9554360636813373,112.22002684886724,25.565500091313858
41.7086006629,-70.045165483,1,0.995475113122172,0.5540656205420827,0.004524886877828055,0.037089871611982884,0.0,0.2644793152639087,0.0,0.12838801711840228,0.0,6.467617689015692,21.790964126586914,0.8485239390934194,0.802968076459824,3.433478750761221,278.38929171805717,350.7556213464801
42.3770888889,-71.7796777778,1,0.5972850678733032,0.3477888730385164,0.0,0.011412268188302425,0.34841628959276016,0.32895863052781743,0.01809954751131222,0.26276747503566333,10.828054298642535,9.046219686162624,133.589599609375,2.3562172287857472,2.6673315590494457,15.48149776539393,22.83374071665799,162.32170941044677
42.3188801318,-71.1069610272,0,0.0,0.0034236804564907277,0.0,0.0,1.0,0.9800285306704708,0.0,0.015977175463623396,58.959276018099544,60.81569186875892,27.136259078979492,1.9219222187045841,1.6981308614574702,6.180945560834275,844.9701155018537,11.466577835323966
42.6411666667,-72.433175,0,0.7828054298642534,0.8770328102710414,0.0,0.0028530670470756064,0.06334841628959276,0.060770328102710415,0.0,0.0,0.4343891402714932,0.5055634807417975,254.1452178955078,4.047149896961254,5.394863760400223,37.81451758599792,354.96667169469566,7.063445098429091
42.1754463,-72.6526215,0,0.37104072398190047,0.2442225392296719,0.15384615384615385,0.07874465049928674,0.4751131221719457,0.4630527817403709,0.0,0.19315263908701855,9.597285067873303,17.268473609129813,102.82965087890625,1.3023513362762253,1.1624280015324462,8.047634612970077,49.608357563706804,6.518004192717063
42.1905476817,-71.1135363579,0,0.0,0.10670470756062768,0.049773755656108594,0.1962910128388017,0.9502262443438914,0.6713266761768901,0.0,0.018830242510699,5.723981900452489,12.99201141226819,48.64699935913086,0.9635481504678383,1.530528765148535,9.806984612971394,0.0,272.5653764252249
41.28492,-70.1453471667,0,0.03619909502262444,0.1360912981455064,0.0,0.1449358059914408,0.9638009049773756,0.4938659058487874,0.0,0.03138373751783167,16.990950226244344,8.641084165477888,17.00020980834961,1.0011664274839942,0.8925399719257647,4.125969732103057,648.9276882529176,95.64768153033728
42.4384922541,-72.0506410838,0,0.7918552036199095,0.7443651925820257,0.07692307692307693,0.13295292439372325,0.08144796380090498,0.04108416547788873,0.0,0.0002853067047075606,1.0497737556561086,0.3449358059914408,216.9378662109375,3.257559567376637,3.284083893316034,16.921351666624993,0.0,176.77920499953453
42.3909862493,-72.5067002624,0,0.7647058823529411,0.30756062767475034,0.11312217194570136,0.13780313837375177,0.058823529411764705,0.4099857346647646,0.0,0.0,0.4841628959276018,9.819115549215407,94.85075378417969,3.2285358787344416,2.2994019560433605,16.030719163231808,600.6140486175087,217.70446993787328
42.6233691128,-71.6991115362,0,0.6018099547511312,0.5509272467902996,0.13122171945701358,0.19686162624821682,0.12669683257918551,0.20142653352353782,0.0,0.024536376604850214,1.0,2.086162624821683,118.43388366699219,1.5561449132859693,1.6971755253357141,9.604732680348974,193.14606270630358,191.4088092921093
42.4150283333,-72.744575,0,0.8461538461538461,0.7925820256776034,0.0,0.0442225392296719,0.14027149321266968,0.09757489300998573,0.0,0.0,0.7285067873303167,0.7269614835948645,287.09124755859375,5.1905197758492205,5.010228437847965,28.257698197447006,617.0736121148375,61.8936607230883
42.4494166635,-72.3722628148,0,0.8914027149321267,0.8268188302425107,0.00904977375565611,0.10841654778887304,0.02262443438914027,0.010271041369472182,0.0,0.04536376604850214,0.20361990950226244,0.10099857346647646,187.5915985107422,2.461359524326765,3.9167782848647263,25.514440151307085,1.05206023869088,33.98365328474896
42.387397,-71.129806,0,0.0,0.0,0.0,0.0,1.0,0.9997146932952924,0.0,0.0002853067047075606,58.65610859728507,58.999714693295296,7.611826419830322,1.222283118203508,0.7351854378666887,3.642017528440008,407.3375059405201,17.424355812328024
42.1245471667,-71.1670533333,0,0.35294117647058826,0.2253922967189729,0.03619909502262444,0.18687589158345222,0.6108597285067874,0.5751783166904422,0.0,0.006276747503566334,8.226244343891402,11.869900142653352,72.78315734863281,3.4417373356333996,1.9526274053586312,13.403742433508931,405.32354215091357,23.0986246387172
41.6790630396,-70.1177247664,0,0.167420814479638,0.13751783166904422,0.6742081447963801,0.34807417974322397,0.07692307692307693,0.331811697574893,0.08144796380090498,0.15805991440798858,1.4479638009049773,7.930670470756063,0.7349824905395508,0.5594548850664994,0.47136245653803144,2.016903539044584,0.0,134.59024157548978
42.2941472222,-71.2601916667,1,0.17194570135746606,0.07703281027104136,0.17647058823529413,0.09215406562054208,0.6425339366515838,0.8282453637660485,0.0,0.0,20.18552036199095,24.484736091298146,45.291725158691406,1.3066881846586698,1.929818402484219,11.119473068671809,12.9596230261363,107.65489040675352
42.0999962784,-70.9343366209,1,0.1583710407239819,0.12382310984308131,0.5882352941176471,0.3803138373751783,0.2398190045248869,0.48216833095577744,0.0,0.0014265335235378032,7.981900452488688,12.803138373751784,23.78694725036621,0.38653969198714017,0.7485393141855663,4.381481854760095,56.39469837555822,141.16563518393124
42.191332,-71.107505,0,0.0,0.13808844507845935,0.6018099547511312,0.24079885877318116,0.37104072398190047,0.5201141226818831,0.027149321266968326,0.10099857346647646,1.832579185520362,8.717831669044223,46.10333251953125,0.45041154966230135,1.1993116835633522,6.2273724948114815,0.0,729.3363938758819
42.4042833333,-71.150025,0,0.0,0.0019971469329529245,0.0,0.047931526390870186,0.9909502262443439,0.8108416547788873,0.00904977375565611,0.1383737517831669,54.2579185520362,42.091583452211125,4.451100826263428,0.3318333726145722,0.592881992155371,2.7500907994944326,196.88053364346075,30.14960089552077
41.85783,-70.591575,0,0.8914027149321267,0.6231098430813125,0.0,0.006276747503566334,0.1085972850678733,0.18801711840228244,0.0,0.17061340941512126,1.239819004524887,4.861055634807418,48.3399658203125,1.618010883418152,1.849914387848868,8.572129812881462,350.29126445367564,104.22621170989062
41.9696068415,-71.12084107,1,0.1583710407239819,0.28873038516405136,0.48868778280542985,0.24707560627674752,0.004524886877828055,0.2282453637660485,0.0,0.13209700427960058,0.07692307692307693,6.482168330955777,20.343027114868164,0.42239787418320573,0.48815883848995417,2.7539393365406766,50.949379183504455,308.1919848319801
41.6102601637,-70.5817103821,1,0.502262443438914,0.43138373751783166,0.0,0.08302425106990015,0.19004524886877827,0.24621968616262482,0.0,0.04365192582025677,3.773755656108597,4.373751783166904,14.16732120513916,0.5963446275305616,0.8671476649202542,3.2125278118080685,250.37176932743458,31.92168918546931
42.0757444444,-70.7752805556,1,0.248868778280543,0.2967189728958631,0.08597285067873303,0.28416547788873037,0.665158371040724,0.41112696148359484,0.0,0.0,12.610859728506787,9.679029957203994,13.260782241821289,0.706823788429519,0.9911728724650276,5.8614351617157565,11.387896766740457,3.065859565566371
42.8039058272,-70.973673635,1,0.6334841628959276,0.4855920114122682,0.19457013574660634,0.14208273894436518,0.04072398190045249,0.1914407988587732,0.06787330316742081,0.019971469329529243,0.6561085972850679,3.0319543509272466,19.364795684814453,2.3303772167671846,2.2390096524201066,9.274794300437849,1.8857904796311733,261.3675717375224
41.5645916667,-70.492005,0,0.04524886877828054,0.1920114122681883,0.19004524886877827,0.1674750356633381,0.7647058823529411,0.5346647646219687,0.0,0.10385164051355207,17.41176470588235,11.895007132667617,5.031161308288574,0.8222921625731278,0.5492076281835069,3.329087846239123,108.60965943748492,45.51781337460064
42.63875664,-72.16805048,0,0.43891402714932126,0.7181169757489301,0.5610859728506787,0.23195435092724678,0.0,0.0017118402282453639,0.0,0.0,0.0,0.014265335235378032,292.1761474609375,4.2284692315246915,3.3838183545075005,13.626628971420496,56.174213937563806,375.2100076180409
41.657375,-69.9585583333,0,0.0,0.005991440798858773,0.01809954751131222,0.12382310984308131,0.3031674208144796,0.12924393723252497,0.33031674208144796,0.5495007132667618,5.51131221719457,3.0984308131241085,4.18501091003418,1.397631277002294,0.4700637968700732,2.634165185994388,83.59498884718835,2.8257454998956497
42.465713,-70.936127,0,0.0,0.0,0.0,0.025962910128388018,1.0,0.9101283880171184,0.0,0.06390870185449359,72.90045248868778,64.33723252496434,15.042021751403809,0.34776113250198404,1.1965483740435254,7.386140153636677,239.7796167397136,13.750606936049435
42.4376786868,-72.0775964019,0,0.15384615384615385,0.7198288159771755,0.19457013574660634,0.10527817403708987,0.14027149321266968,0.04850213980028531,0.0,0.0,0.6923076923076923,0.475320970042796,282.0052490234375,3.2125859058427917,2.662529023849559,19.6647198563601,184.3422800068746,28.12295098051236
42.6697966667,-71.2211916667,1,0.39819004524886875,0.29101283880171186,0.13574660633484162,0.11526390870185449,0.4660633484162896,0.590299572039943,0.0,0.0034236804564907277,3.6153846153846154,8.985164051355207,53.67506408691406,2.824009423640559,2.301907144612304,18.305333006885522,96.44013531379031,63.48375524650205
42.605045,-71.5847783333,0,0.3076923076923077,0.3078459343794579,0.0,0.11583452211126961,0.3076923076923077,0.23452211126961484,0.0,0.0002853067047075606,3.570135746606335,4.015406562054208,95.46305847167969,2.3312620081013287,1.5142395783469562,11.64247020977785,449.25667468777254,47.7619528867285
42.6119616667,-72.545875,0,0.12217194570135746,0.34978601997146935,0.09954751131221719,0.024536376604850214,0.7782805429864253,0.3646219686162625,0.0,0.20542082738944364,25.710407239819006,13.265905848787446,61.30369186401367,2.157923543812544,2.964466931057911,19.920067013894737,150.97569396429148,36.47429381877303
41.87334321,-70.99173992,0,0.23529411764705882,0.5192582025677603,0.3665158371040724,0.13152639087018544,0.0,0.038231098430813126,0.34841628959276016,0.2607703281027104,0.0,0.62339514978602,9.532193183898926,0.6678444616461872,1.0108542777709653,5.25548795664509,0.0,443.00273333550285
41.6595244065,-70.5563959479,0,0.004524886877828055,0.16034236804564908,0.0,0.0,0.995475113122172,0.8091298145506419,0.0,0.0,55.76018099547511,33.77175463623395,36.70203399658203,0.4179874042330629,0.5203251974198176,2.9284814872461538,1277.1794589338504,35.082095203642986
42.7035083333,-71.1524472222,0,0.0,0.0,0.0,0.017118402282453638,0.9592760180995475,0.9514978601997147,0.04072398190045249,0.03138373751783167,64.81900452488688,67.07874465049929,9.191561698913574,0.7593681978587518,1.3500018441662691,8.113884074870109,7.16151977887787,75.75158795742193
42.49218833,-71.87954667,0,0.6923076923076923,0.875320970042796,0.0,0.005135520684736091,0.3076923076923077,0.10527817403708987,0.0,0.0,5.660633484162896,1.0938659058487874,426.33575439453125,9.955588286369224,9.99004381019899,74.67973612977174,73.73915398059472,0.8774141250638752
42.2472784555,-71.77927237,0,0.004524886877828055,0.09500713266761769,0.0,0.05791726105563481,0.995475113122172,0.8470756062767475,0.0,0.0,45.34389140271493,42.608559201141226,150.58084106445312,1.8194658667321555,2.639353329130347,15.444051507002026,190.2965455182205,20.175771540419994
42.3850768901,-72.3224640027,0,0.5113122171945701,0.468188302425107,0.0,0.047931526390870186,0.01809954751131222,0.0019971469329529245,0.45701357466063347,0.47560627674750355,0.22171945701357465,0.028815977175463622,179.1298828125,9.833803314942068,4.018961261443281,32.2379951504714,35.076631843212986,548.6397845984457
42.8693826682,-70.9273850525,1,0.11312217194570136,0.22482168330955776,0.23076923076923078,0.06875891583452211,0.6425339366515838,0.6299572039942939,0.0,0.0,16.20361990950226,15.579743223965764,21.596439361572266,1.578172086847296,2.621030541250923,15.342887879960415,2.533364491256121,3.145547375219881
42.2338181809,-71.0332125372,0,0.8416289592760181,0.37489300998573466,0.07239819004524888,0.04536376604850214,0.06787330316742081,0.5768901569186876,0.013574660633484163,0.0017118402282453639,0.8959276018099548,26.010841654778886,32.4662971496582,2.30472665235777,2.739318941621692,14.287569058177525,27.61715071553954,201.6118874778857
42.6380648962,-71.3825530641,0,0.0,0.06276747503566334,0.0,0.05135520684736091,1.0,0.7149786019971469,0.0,0.16034236804564908,51.28054298642534,26.867332382310984,43.63178253173828,1.486347430521648,0.9854327798162142,4.741746850513378,287.72446429578974,27.093516036909136
42.3032148539,-71.3909035921,0,0.0,0.002282453637660485,0.27149321266968324,0.05962910128388017,0.7285067873303167,0.9380884450784593,0.0,0.0,44.07239819004525,66.28987161198287,48.04733657836914,0.878165627317483,0.8649027231658132,4.882681071784905,196.0632640670535,162.92301703724598
42.3065805556,-71.1195,0,0.0,0.012838801711840228,0.049773755656108594,0.010271041369472182,0.9502262443438914,0.9660485021398003,0.0,0.010841654778887305,40.158371040723985,43.76747503566334,16.63318634033203,1.4767016097887276,2.108252855028273,16.092453612515865,471.7142425645553,0.97709821327898
42.0679911443,-71.1536037402,0,0.28054298642533937,0.5503566333808845,0.34841628959276016,0.24079885877318116,0.0,0.017403708987161197,0.21266968325791855,0.08616262482168331,0.0,0.1914407988587732,63.047080993652344,0.5599725629131165,1.0400092162246244,6.874073295313687,27.05524866106719,686.1199310703363
42.2130166667,-71.0183721667,0,0.06334841628959276,0.043081312410841656,0.18552036199095023,0.0818830242510699,0.751131221719457,0.84679029957204,0.0,0.023965763195435093,29.968325791855204,32.46248216833096,40.537696838378906,2.3343036051491244,1.437166038912503,7.5489026466872104,114.8163053967789,39.4057723190119
42.3030876462,-73.2807679474,0,0.22624434389140272,0.4099857346647646,0.1583710407239819,0.2524964336661912,0.37104072398190047,0.21112696148359486,0.0,0.0,3.3619909502262444,4.980599144079886,330.86090087890625,1.7121388707021536,1.5447434195081944,7.737315353475745,348.8553398463627,1.403829416178975
41.9900147338,-71.3704809175,0,0.8552036199095022,0.625962910128388,0.00904977375565611,0.11126961483594865,0.0,0.11212553495007133,0.0,0.0,0.0,1.7843081312410842,96.46170806884766,0.9558275950809063,1.1830374110072983,7.589663249487173,228.76537004283293,296.41807647698886
42.4210722924,-70.9966929187,0,0.0,0.0,0.43891402714932126,0.3146932952924394,0.5610859728506787,0.6142653352353781,0.0,0.043937232524964336,35.32579185520362,41.49358059914408,3.8297080993652344,0.57279153764286,0.3836057884297366,1.873051680778114,67.25662304159435,9.91207422463257
42.1186066667,-71.1836966667,0,0.09049773755656108,0.1891583452211127,0.08597285067873303,0.1340941512125535,0.8235294117647058,0.6679029957203995,0.0,0.0034236804564907277,19.6289592760181,19.030813124108416,86.33577728271484,1.5242092624387358,1.2913538914101044,7.3364736194441456,220.03077327433328,9.345943373941665
42.4257187417,-71.2327105171,0,0.03167420814479638,0.07988587731811697,0.2579185520361991,0.2333808844507846,0.6923076923076923,0.6804564907275321,0.0,0.0,14.687782805429864,17.633095577746076,69.01567840576172,1.858244581844802,1.4277510122097758,6.169369840442957,22.387812860673137,125.14932634299414
42.43947167,-71.24397167,0,0.09954751131221719,0.05734664764621969,0.12217194570135746,0.0442225392296719,0.7782805429864253,0.8938659058487874,0.0,0.00456490727532097,17.84162895927602,19.750071326676178,69.71564483642578,1.5427222171144945,2.1600507358763066,8.512126550392644,2.8371809319551238,30.027453092272047
41.9906083333,-70.9697716667,0,0.004524886877828055,0.06704707560627675,0.0,0.07218259629101284,0.995475113122172,0.859058487874465,0.0,0.0017118402282453639,49.00452488687783,34.968901569186876,14.857528686523438,1.1936273626083946,0.9951733841094187,6.277675967323443,266.5536114196545,39.14178726948706
42.3614399687,-71.1825955096,0,0.0,0.0,0.027149321266968326,0.0017118402282453639,0.9592760180995475,0.9754636233951498,0.013574660633484163,0.02282453637660485,48.90950226244344,57.75320970042796,4.348968505859375,1.2254259138854762,1.233802824183653,5.449716047083581,22.253106797518914,72.7425528641541
42.621395,-72.36554,0,0.8235294117647058,0.844793152639087,0.0,0.04051355206847361,0.00904977375565611,0.021398002853067047,0.14479638009049775,0.05534950071326676,0.248868778280543,0.21626248216833097,244.51036071777344,4.833863754130386,5.817851930291593,33.209681182470845,0.0,23.561698484435645
42.053986,-71.7045669722,0,0.669683257918552,0.6442225392296719,0.013574660633484163,0.1312410841654779,0.3167420814479638,0.18944365192582024,0.0,0.0,3.6470588235294117,2.3609129814550642,172.73191833496094,1.4716946442271548,1.6493014747410766,12.623335338354888,489.19399311125414,7.833292390216224
41.4539589722,-70.5738759722,0,0.0,0.0002853067047075606,0.0,0.025677603423680456,1.0,0.8630527817403709,0.0,0.1087018544935806,24.669683257918553,22.728958630527817,10.61616325378418,1.0090520022205465,0.8252910625412511,4.387588331119004,584.3713118615141,5.950213563527377
42.358741,-71.141542,0,0.0,0.0,0.0,0.0068473609129814554,1.0,0.9663338088445078,0.0,0.026818830242510697,81.1447963800905,66.50470756062768,7.59620475769043,0.2896435366475583,0.8702233409861565,5.150160252179381,557.0640165967062,8.735393772077984
42.0997399722,-71.6199179722,0,0.3393665158371041,0.36262482168330956,0.3031674208144796,0.3215406562054208,0.2986425339366516,0.2821683309557775,0.027149321266968326,0.006276747503566334,8.411764705882353,5.98830242510699,76.56224060058594,1.4192961084567273,2.5423188463735644,16.16290097046438,100.04435871385664,54.55706360132203
41.623146157,-70.9166709131,0,0.0,0.0,0.0,0.005420827389443652,1.0,0.6379457917261055,0.0,0.34978601997146935,82.42081447963801,51.278744650499284,2.523947238922119,0.27469719683081123,0.3536314060160783,2.275451730095102,160.14429958224534,123.04038640217861
42.6803766667,-72.155855,0,0.38461538461538464,0.5283880171184023,0.5882352941176471,0.34179743223965764,0.027149321266968326,0.0724679029957204,0.0,0.0,0.2081447963800905,0.9109843081312411,274.5318908691406,1.1120774243207279,2.1724885295732452,11.793662685681726,0.0,263.4328452210074
42.6555254115,-70.5997561236,1,0.36199095022624433,0.0333808844507846,0.07692307692307693,0.017974322396576318,0.5610859728506787,0.5001426533523537,0.0,0.4108416547788873,7.425339366515837,11.634236804564907,20.42254066467285,1.8390812529846652,1.1668524384117724,10.164986453752261,293.95524457970396,76.19898551259328
42.468125,-71.0797278333,0,0.0,0.19743223965763196,0.0,0.026248216833095576,1.0,0.7763195435092725,0.0,0.0,30.923076923076923,24.006562054208274,51.08102035522461,1.6012514714104826,1.8392734219382225,11.086879556517363,121.15965567811607,10.010281533459594
42.2937371399,-71.8264076299,0,0.3076923076923077,0.13751783166904422,0.049773755656108594,0.02767475035663338,0.6380090497737556,0.8062767475035664,0.0,0.02767475035663338,29.402714932126695,20.38630527817404,207.1292266845703,1.6143656217934652,3.047523797132215,17.277394859703744,161.3751492732045,34.73102046807471
42.7226759,-71.1692723,0,0.0,0.0333808844507846,0.0,0.0025677603423680455,1.0,0.9634807417974323,0.0,0.0005706134094151213,57.40723981900452,53.84450784593438,37.092498779296875,2.44420198909963,1.7551845789125209,11.653235879414767,680.4480475216338,16.32359314232756
42.5854287995,-71.3679953479,0,0.11764705882352941,0.23052781740370898,0.0,0.10727532097004279,0.8823529411764706,0.6547788873038516,0.0,0.0,10.597285067873303,11.380884450784594,94.25373840332031,4.453462151564612,2.5313739082852504,12.961016688413382,507.957579473346,22.824204165131032
42.7049731807,-71.0255416688,1,0.4434389140271493,0.6156918687589158,0.24434389140271492,0.1803138373751783,0.31221719457013575,0.18630527817403708,0.0,0.008273894436519259,2.330316742081448,1.6912981455064193,44.57286834716797,2.5440757402425302,2.5109633091564985,13.331505667789987,96.45994241158492,99.60021147966201
42.179275,-73.29073,0,0.579185520361991,0.6390870185449358,0.42081447963800905,0.13152639087018544,0.0,0.1369472182596291,0.0,0.03109843081312411,0.0,1.8051355206847362,288.99365234375,2.0854342837758266,5.3768033969487865,30.490119447805462,15.126951676420195,246.3119648262675
42.3948911569,-72.9456004276,0,0.38009049773755654,0.5603423680456491,0.1085972850678733,0.1680456490727532,0.13122171945701358,0.10984308131241084,0.0,0.0,0.6063348416289592,1.0884450784593438,460.086669921875,2.8384035123913587,3.013961800313985,25.337149818256854,80.13787364768767,61.157885954154565
42.3036916667,-71.313705,0,0.0,0.06333808844507846,0.0,0.021398002853067047,1.0,0.8008559201141227,0.0,0.1044222539229672,35.8552036199095,20.790870185449357,48.384769439697266,0.8042596087354709,0.9194362093890348,4.730796876966338,214.8985548863431,6.139328902384502
42.0998480134,-70.9345726553,1,0.18099547511312217,0.12296718972895863,0.5927601809954751,0.38145506419400854,0.21266968325791855,0.4815977175463623,0.0,0.0017118402282453639,7.552036199095022,12.723823109843082,23.78694725036621,0.38653969198714017,0.7485393141855663,4.381481854760095,41.42481461029881,166.61771221922493
42.0527574464,-71.2195067594,1,0.6742081447963801,0.4584878744650499,0.11312217194570136,0.2485021398002853,0.2081447963800905,0.26134094151212556,0.0,0.0048502139800285305,10.226244343891402,7.009985734664765,60.814937591552734,0.7730265132711306,1.4528775184966394,11.320819491787775,15.226239665036765,98.32695130706593
42.6657728842,-70.8769232244,0,0.15384615384615385,0.29158345221112697,0.09954751131221719,0.28245363766048504,0.746606334841629,0.3797432239657632,0.0,0.0,10.235294117647058,6.949786019971469,17.913467407226562,1.9373164055802887,2.1605111575761162,11.041763704103511,80.31740075724807,259.37697096137833
42.17416,-72.546035,0,0.5701357466063348,0.29243937232524964,0.07692307692307693,0.030242510699001426,0.3257918552036199,0.6442225392296719,0.027149321266968326,0.029671897289586305,4.352941176470588,30.47703281027104,61.013275146484375,1.5540616636462097,1.0967967490273378,5.131442645099848,12.503110930783777,68.57251046646454
42.0658721924,-72.4025726318,0,0.6606334841628959,0.5312410841654779,0.0,0.20085592011412268,0.26244343891402716,0.1674750356633381,0.0,0.0,5.723981900452489,2.9905848787446505,106.5757064819336,2.3920985610985586,2.7955864905983008,14.743153935391973,17.036434762482113,50.379781160774094
41.7759024502,-70.5038602223,0,0.09954751131221719,0.07646219686162625,0.07692307692307693,0.20085592011412268,0.46153846153846156,0.3135520684736091,0.3257918552036199,0.28245363766048504,17.914027149321267,15.51583452211127,0.256626695394516,0.6152634922856269,0.6400739244741593,2.970746708551345,9.687924396538222,34.732360246532956
42.4224249039,-71.5516918343,1,0.47058823529411764,0.7067047075606276,0.4343891402714932,0.1529243937232525,0.049773755656108594,0.11697574893009986,0.0,0.0017118402282453639,0.2850678733031674,1.8853067047075607,79.31620788574219,1.2357045142689829,2.532644106615449,15.120310194070713,57.98170189620426,176.95411891151537
42.68026715,-72.33709225,0,0.751131221719457,0.774037089871612,0.0,0.05905848787446505,0.21266968325791855,0.10898716119828816,0.0,0.008273894436519259,4.819004524886878,1.7620542082738944,296.2862548828125,2.788022357973536,3.873876900645827,17.998020792035568,444.3219289164429,79.4176130585916
42.246498,-71.268777,0,0.6018099547511312,0.45820256776034235,0.07239819004524888,0.15235378031383737,0.13574660633484162,0.3537803138373752,0.0,0.0034236804564907277,3.484162895927602,7.444507845934379,46.80046844482422,0.44113798309518343,1.661598344735142,10.925296017308769,232.8944599934151,194.8836941764263
42.2869416667,-71.2498866667,0,0.0,0.05306704707560628,0.0,0.09243937232524964,1.0,0.8379457917261056,0.0,0.013694721825962911,36.171945701357465,26.66077032810271,39.03406524658203,1.2225813344188414,1.8073815715312447,8.793016748601982,237.46731610354766,11.36879456010964
42.4204434256,-72.5351906293,0,0.03167420814479638,0.12068473609129815,0.2986425339366516,0.24222539229671897,0.20361990950226244,0.20912981455064195,0.01809954751131222,0.0019971469329529245,3.6153846153846154,6.024821683309558,49.93683624267578,0.7853444090754652,1.0535733204484525,8.932769931662815,1.79000535669371,57.105630887448676
42.247591,-70.8179691367,0,0.9366515837104072,0.3780313837375178,0.0,0.13095577746077033,0.06334841628959276,0.47446504992867333,0.0,0.013409415121255349,0.9547511312217195,8.867617689015692,24.44512176513672,1.3729650343490798,1.2389163619498982,7.814716804207766,55.225798916502185,164.10599120726627
42.70852822,-70.80093502,0,0.07239819004524888,0.06704707560627675,0.027149321266968326,0.11241084165477888,0.8144796380090498,0.2716119828815977,0.04524886877828054,0.5383737517831669,24.92760180995475,7.834236804564907,17.765167236328125,2.88511900327052,1.6695350531966386,9.296634176885679,217.25340468119055,3.0298676812658467
42.4350666667,-71.8740216667,0,0.5158371040723982,0.8356633380884451,0.0,0.04251069900142653,0.167420814479638,0.04935805991440799,0.0,0.0005706134094151213,1.411764705882353,0.5078459343794579,311.12359619140625,2.937485734075494,3.1287182369554816,21.79566013982944,200.9349464341725,5.3809600532481685
42.1224853695,-71.5563090332,1,0.8280542986425339,0.5937232524964337,0.17194570135746606,0.07075606276747504,0.0,0.2542082738944365,0.0,0.0,0.0,5.723823109843082,97.06676483154297,2.0845858244466613,2.5958450905569346,16.2719243107105,88.72821954712461,410.974949670663
42.2247416667,-71.1487,0,0.02262443438914027,0.013694721825962911,0.35294117647058826,0.35463623395149785,0.6244343891402715,0.6316690442225392,0.0,0.0,16.357466063348415,20.90385164051355,13.396831512451172,1.2494124599529164,1.174314308645397,12.06390261929882,46.318663656267105,5.296228282191729
41.8651116667,-71.135,0,0.09049773755656108,0.2944365192582026,0.004524886877828055,0.2282453637660485,0.9049773755656109,0.38716119828815976,0.0,0.012838801711840228,22.755656108597286,11.980599144079886,14.498246192932129,0.9096865988573745,1.0387405505279006,8.205338747338903,82.18140313614974,53.30038245762264
42.6434098119,-70.6279661383,1,0.40271493212669685,0.5580599144079886,0.2398190045248869,0.17089871611982882,0.167420814479638,0.18145506419400856,0.17647058823529413,0.07189728958630527,9.239819004524886,5.794579172610557,32.73365783691406,2.582606351837514,1.9265500868437833,6.256643689249721,2.463151305699128,77.27926516573521
42.29397925,-71.02649024,0,0.0,0.005706134094151213,0.4117647058823529,0.19971469329529243,0.5882352941176471,0.4701854493580599,0.0,0.3166904422253923,29.004524886877828,28.98972895863053,3.15341854095459,0.3796821831734758,0.49331627504856246,1.955947069757988,46.34330733313432,0.4178967066979327
42.3599783333,-71.0879445,0,0.0,0.0,0.004524886877828055,0.0019971469329529245,0.8597285067873304,0.6918687589158345,0.13574660633484162,0.30613409415121257,60.248868778280546,52.65620542082739,2.963106870651245,0.28877788010304645,0.19946746868893944,1.137810966993421,154.17618143616156,7.217022608059743
42.4526572539,-71.0822034364,1,0.6561085972850679,0.37318116975748933,0.0,0.012553495007132667,0.3438914027149321,0.5340941512125535,0.0,0.07075606276747504,8.366515837104073,19.98002853067047,37.06211853027344,5.3764220693907525,2.7679159208477677,21.527810825039598,257.4862930875062,122.51614129066326
42.5182416667,-71.4138583333,0,0.35294117647058826,0.30527817403708984,0.013574660633484163,0.16262482168330955,0.37104072398190047,0.48958630527817404,0.08597285067873303,0.013694721825962911,8.746606334841628,18.148644793152638,65.73030090332031,2.1660592804026155,1.4495562081947837,9.914159160695785,148.81663274767595,27.28937061849525
42.4391298946,-71.0676456174,0,0.08144796380090498,0.14950071326676176,0.14479638009049775,0.02282453637660485,0.7737556561085973,0.8276747503566334,0.0,0.0,38.34841628959276,38.5509272467903,14.731873512268066,0.8027172787228724,2.5102407709856402,12.248442115251498,78.11861575747879,33.38998570621178
41.92443833,-69.97657833,0,0.1085972850678733,0.38002853067047077,0.0,0.03195435092724679,0.3257918552036199,0.06990014265335236,0.08144796380090498,0.38773181169757487,9.30316742081448,1.762339514978602,15.705107688903809,3.1115927807855415,1.2687790859999577,9.384206307555266,194.47716540943773,3.523095781270477
42.7809216667,-70.9939716667,0,0.07239819004524888,0.4248216833095578,0.2895927601809955,0.2621968616262482,0.5294117647058824,0.1905848787446505,0.0,0.0002853067047075606,7.425339366515837,2.851355206847361,30.48676300048828,0.4267315932704121,1.567024062661992,10.419795267427665,75.3439771313818,18.39579917097934
42.4182639989,-71.3582451631,1,0.09502262443438914,0.4037089871611983,0.3891402714932127,0.20313837375178317,0.14027149321266968,0.1492154065620542,0.334841628959276,0.14835948644793154,1.6470588235294117,2.6562054208273893,35.63115692138672,0.7625251400585495,1.777558389009782,8.937057951592356,12.242682430627179,15.97464935858723
42.409355,-71.0036611167,0,0.0,0.0,0.0,0.0042796005706134095,1.0,0.9854493580599144,0.0,0.010271041369472182,68.1447963800905,68.92182596291013,11.494255065917969,1.1199968295725837,1.2909218703453582,5.745140297528945,349.60206297439646,2.3147238474669583
42.3310203552,-72.5747375488,0,0.1085972850678733,0.11526390870185449,0.049773755656108594,0.14065620542082738,0.46153846153846156,0.2776034236804565,0.0,0.003138373751783167,9.868778280542987,6.685021398002853,49.2219123840332,1.6532242964186583,1.0434877906211237,7.09965111998396,252.561968954912,12.482702615101545
42.6482666667,-71.548395,1,0.31221719457013575,0.3689015691868759,0.6832579185520362,0.3828815977175464,0.004524886877828055,0.12439372325249644,0.0,0.0025677603423680455,0.013574660633484163,2.9312410841654777,79.89242553710938,0.6158203698820418,1.309257132752311,9.6254661186282,0.0,472.5584178893103
42.69922,-71.0058833333,1,0.40271493212669685,0.5477888730385164,0.13122171945701358,0.12439372325249644,0.09502262443438914,0.1957203994293866,0.3257918552036199,0.07589158345221113,1.2986425339366516,3.1657631954350927,30.611404418945312,1.734420956912652,1.9968435010559906,12.59397876993427,21.09092522884345,122.6926907600066
42.3391606111,-72.4730428333,0,0.7330316742081447,0.43138373751783166,0.03619909502262444,0.2907275320970043,0.23076923076923078,0.2607703281027104,0.0,0.0,2.1900452488687785,3.630527817403709,88.7828598022461,4.734377549364044,2.4835822745930973,24.28378977702958,356.4377337203127,4.738999305644874
42.670145,-71.1412666667,0,0.0,0.09186875891583453,0.013574660633484163,0.07931526390870186,0.9864253393665159,0.828530670470756,0.0,0.0,20.447963800904976,26.015691868758918,25.76595687866211,2.832246832335327,2.382494695815411,17.88076396937166,190.33673577922096,31.580886370814056
42.2976883428,-71.9766166667,0,0.4343891402714932,0.6413694721825963,0.04072398190045249,0.05249643366619115,0.06334841628959276,0.16547788873038516,0.40271493212669685,0.08815977175463624,1.5158371040723981,2.2077032810271042,264.1482238769531,2.63288383935547,2.7458526089266164,14.351987535019315,0.0,135.58125891782092
42.5125350952,-71.3382339478,1,0.6923076923076923,0.6684736091298146,0.3076923076923077,0.1971469329529244,0.0,0.11383737517831669,0.0,0.005420827389443652,0.0,1.6710413694721826,63.787662506103516,0.8320333191131991,1.2363456002391078,4.92062312581233,53.48459503176313,357.4491213773899
42.5018206146,-71.4488751814,0,0.6877828054298643,0.5965763195435093,0.2398190045248869,0.15235378031383737,0.04072398190045249,0.207132667617689,0.03167420814479638,0.038801711840228244,0.6063348416289592,2.9300998573466477,89.06202697753906,2.5598369457440926,2.0479681259069045,9.953031044967991,191.8896328262855,267.33398561527736
42.5368283333,-72.4961416667,0,1.0,0.9874465049928673,0.0,0.002282453637660485,0.0,0.0094151212553495,0.0,0.0,0.0,0.0898716119828816,269.3747253417969,5.588337339107363,7.754077901939002,33.63150596869542,669.39685348954,903.382326106204
42.1710661936,-71.6507428512,0,0.3574660633484163,0.5965763195435093,0.0,0.03651925820256776,0.6425339366515838,0.3189728958630528,0.0,0.013980028530670471,21.529411764705884,9.327817403708988,149.36810302734375,2.9359773966603258,2.7342448628979343,18.246959515922025,21.231280832542396,49.3122996987113
42.5014967798,-72.3085343186,0,0.48868778280542985,0.7717546362339515,0.03167420814479638,0.041940085592011414,0.0,0.0,0.39819004524886875,0.15834522111269614,0.0,0.0,162.11431884765625,2.857474302117785,4.666742904089696,21.90606657909875,0.0,147.30649267730348
42.0958666667,-70.684905,0,0.0,0.027960057061340943,0.13574660633484162,0.39971469329529247,0.8642533936651584,0.5580599144079886,0.0,0.005420827389443652,29.95022624434389,17.655349500713267,2.902200222015381,0.3195397899087967,0.28227614239115484,1.2624955207509143,139.49016035983433,7.3044411572721
42.2800103472,-71.1308812071,0,0.0,0.0,0.0,0.0,1.0,1.0,0.0,0.0,57.470588235294116,53.869614835948646,46.845359802246094,2.917395679194705,2.5140434968747254,15.44131411639555,780.7169557600013,21.394411100923175
42.2357031517,-71.3239823096,1,0.7104072398190046,0.6271041369472182,0.01809954751131222,0.10556348074179743,0.21266968325791855,0.14550641940085593,0.0,0.021968616262482168,3.6063348416289593,2.272182596291013,59.9666862487793,3.007313783402333,2.3165952477433724,14.88523327418242,257.337722802191,140.92623330826703
42.5469512939,-70.8579177856,0,0.0,0.0014265335235378032,0.09502262443438914,0.021112696148359488,0.5927601809954751,0.4008559201141227,0.2850678733031674,0.5637660485021398,12.914027149321267,10.568616262482168,2.046586751937866,1.173327812663371,0.5506759681580237,5.230288459034708,0.0,80.93652121840654
42.1944094997,-71.6842177997,0,0.248868778280543,0.27189728958630527,0.027149321266968326,0.07589158345221113,0.7239819004524887,0.5845934379457918,0.0,0.007417974322396576,21.131221719457013,13.976319543509273,132.78604125976562,5.0610530228308015,3.070041912173415,27.09479084540877,70.84193084177818,2.1257648138063
42.657025,-70.6312716667,1,0.7058823529411765,0.4607703281027104,0.027149321266968326,0.10699001426533523,0.2669683257918552,0.38944365192582026,0.0,0.0362339514978602,5.669683257918552,13.638231098430813,49.458370208740234,3.1744946707765314,1.98775580694098,14.81001876021744,388.8556021485676,33.54799952580702
42.155975,-71.1503638889,0,0.0,0.019686162624821684,0.004524886877828055,0.04051355206847361,0.995475113122172,0.9298145506419401,0.0,0.009985734664764621,64.39366515837104,39.69300998573466,26.723379135131836,1.018638371963288,1.4369805879235749,7.101899215965517,44.55550672464179,32.17576779379566
42.3524774794,-71.2168951111,1,0.0,0.0,0.0,0.0,1.0,1.0,0.0,0.0,44.86425339366516,41.04393723252497,13.201258659362793,1.159692240702451,1.530106598311641,12.294557218246528,54.00732025205643,37.95609609199508
42.37887,-72.9012133333,1,0.6108597285067874,0.6579172610556349,0.0,0.2108416547788873,0.05429864253393665,0.03737517831669044,0.0,0.0,0.3167420814479638,0.2559201141226819,383.7220153808594,4.829220508706113,3.0479337071709964,16.76308362758515,334.4542455320514,160.7065127769449
42.61258,-72.62462,0,0.01809954751131222,0.2621968616262482,0.167420814479638,0.150641940085592,0.11764705882352941,0.15349500713266762,0.0,0.0008559201141226819,3.0,3.3757489300998573,57.00602722167969,0.5901267173970791,1.6433518691851625,8.432985891135093,54.30588401892807,6.493142157893066
42.411644445,-71.3284396307,1,0.5113122171945701,0.38773181169757487,0.0,0.1500713266761769,0.3936651583710407,0.2921540656205421,0.0,0.007132667617689016,7.900452488687783,6.018830242510699,70.6927490234375,0.9800893017479745,1.1066449903850606,5.100644749231479,207.06250271999357,24.995192425812192
42.4621443916,-72.2214584442,0,0.8009049773755657,0.8134094151212553,0.19909502262443438,0.11840228245363767,0.0,0.008273894436519259,0.0,0.0,0.0,0.1629101283880171,252.79937744140625,4.22150051445764,4.153974809341542,22.610884567924227,57.2069782449327,0.6852757514998338
42.4145147956,-71.9661037977,0,0.3574660633484163,0.5677603423680456,0.4343891402714932,0.20285306704707562,0.17647058823529413,0.192867332382311,0.027149321266968326,0.0017118402282453639,3.6968325791855206,3.05848787446505,311.3826599121094,0.9266781012501194,2.0894696915011566,11.81053471236984,0.0,77.85944368805517
42.3959533333,-71.0334166667,0,0.0,0.0,0.0,0.0,1.0,1.0,0.0,0.0,79.37556561085972,77.37432239657632,3.85375714302063,0.8103587506198637,1.546527271483767,7.557189108226608,1048.2875006761176,7.035932831990424
42.0998340824,-70.9345833841,1,0.18099547511312217,0.12296718972895863,0.5927601809954751,0.38145506419400854,0.21266968325791855,0.4815977175463623,0.0,0.0017118402282453639,7.552036199095022,12.723823109843082,23.78694725036621,0.38653969198714017,0.7485393141855663,4.381481854760095,40.23474435642774,168.25898687251598
42.2809571806,-71.0313329907,0,0.0,0.0,0.0,0.0522111269614836,1.0,0.8316690442225392,0.0,0.11184022824536377,68.16289592760181,54.738373751783165,5.394794464111328,0.4948655000324041,0.535063943455415,2.1243502498618487,415.1625639108502,3.8723664022349933
42.2151646637,-70.7496118918,0,0.09502262443438914,0.05905848787446505,0.24434389140271492,0.11897289586305278,0.6606334841628959,0.7258202567760342,0.0,0.07902995720399429,10.122171945701357,16.9169757489301,12.602362632751465,0.9531718211647449,1.0388881460556063,6.117316054617946,365.68143177613194,11.82433639779606
42.2975194344,-70.9307651254,0,0.45248868778280543,0.09586305278174037,0.08597285067873303,0.030242510699001426,0.0,0.012268188302425107,0.37104072398190047,0.8242510699001426,0.0,0.22624821683309557,10.198609352111816,2.7216921665583667,0.8127204167227972,4.953884268782539,66.3600848915849,18.635993986802426
42.8380398732,-70.9186819196,0,0.49321266968325794,0.25905848787446506,0.07239819004524888,0.028815977175463622,0.04072398190045249,0.40970042796005707,0.09049773755656108,0.24393723252496433,0.6515837104072398,13.570328102710414,10.401832580566406,1.7607168060783953,1.8754258599021552,8.937865007795665,190.42634655976047,341.6126716177177
42.6217626085,-72.3827543654,0,1.0,0.8613409415121255,0.0,0.021112696148359488,0.0,0.0005706134094151213,0.0,0.037089871611982884,0.0,0.0042796005706134095,275.9587097167969,6.553175010761645,6.5560898087232085,33.194420499290366,359.35418855321046,23.358934939411146
42.3905833333,-71.3469616667,1,0.4434389140271493,0.4456490727532097,0.17647058823529413,0.2570613409415121,0.08144796380090498,0.21340941512125536,0.0,0.00456490727532097,1.420814479638009,2.9383737517831667,50.67852020263672,1.1124276486346336,1.3805996822283062,8.436549286112712,214.61372792169595,59.621856944512075
42.8540866662,-70.9098618234,0,0.00904977375565611,0.20770328102710414,0.0,0.06875891583452211,0.9909502262443439,0.7152639087018545,0.0,0.0,29.574660633484164,19.895292439372326,24.510093688964844,1.1439768801245367,1.5447907742392113,7.569960121352162,0.9162324131767876,0.11730405345123374
41.760726641,-70.1135105175,0,0.0,0.05734664764621969,0.497737556561086,0.2907275320970043,0.19457013574660634,0.17375178316690443,0.07692307692307693,0.4148359486447932,5.085972850678733,4.34978601997147,1.7663822174072266,0.7186694031369395,0.4708335266139198,2.876372740562897,28.846886601657967,8.880502049060336
42.0637525108,-71.315795782,0,0.00904977375565611,0.2670470756062768,0.00904977375565611,0.11269614835948645,0.9819004524886877,0.6194008559201141,0.0,0.0,22.330316742081447,15.148359486447932,74.77637481689453,1.9107466426450865,1.7900974355171801,14.777685225779114,151.00471773700068,93.51268358773741
42.139369,-73.0412369722,0,0.6877828054298643,0.5366619115549215,0.0,0.05962910128388017,0.0,0.05620542082738944,0.29411764705882354,0.3261055634807418,0.0,0.6833095577746077,446.3290710449219,4.511952754935923,2.24886064400726,12.089841479747585,0.0,567.5885065329421
42.323855,-71.0881055,0,0.0,0.0,0.0,0.0,1.0,1.0,0.0,0.0,56.4027149321267,63.975748930099854,21.167802810668945,0.9628180923955854,1.5407467861221988,8.273748084185144,1762.423838334894,43.51836649201563
42.1924633333,-71.4540333333,1,0.746606334841629,0.4687589158345221,0.03167420814479638,0.12154065620542083,0.22171945701357465,0.40970042796005707,0.0,0.0,3.3936651583710407,7.193152639087018,115.27648162841797,2.0696628376145396,2.2043343545910026,11.209848165324741,67.7178819194426,70.0771775486545
42.7066883333,-72.914955,0,0.8190045248868778,0.736376604850214,0.11764705882352941,0.024821683309557776,0.058823529411764705,0.10014265335235378,0.004524886877828055,0.0002853067047075606,0.40271493212669685,0.8176890156918688,477.3471374511719,2.645787716202822,4.630252529478989,31.577865196777786,303.65418866222126,72.4903235964876
42.7462882996,-71.020362854,0,0.07239819004524888,0.1660485021398003,0.21266968325791855,0.24108416547788872,0.7149321266968326,0.5526390870185449,0.0,0.0,13.027149321266968,13.580313837375177,24.744001388549805,0.8075174818964146,1.2474962905542517,7.438363811872185,96.58605719726344,7.353226123723926
42.3796935117,-72.5085788595,0,0.004524886877828055,0.12696148359486448,0.0,0.04621968616262482,0.995475113122172,0.7734664764621969,0.0,0.0,20.642533936651585,22.56947218259629,87.47086334228516,2.6966076607312055,1.967086863829368,15.854463115769931,360.25092191546145,50.19228540002948
42.6150613621,-71.638743826,0,0.36199095022624433,0.5754636233951498,0.08597285067873303,0.1369472182596291,0.22624434389140272,0.18659058487874466,0.23529411764705882,0.03566333808844508,5.122171945701357,4.134094151212554,73.80944061279297,0.8788153194620336,2.20555115286257,11.780912438365682,9.930243401699212,138.17050919447422
42.5494083333,-71.3621472222,0,0.31221719457013575,0.4559201141226819,0.5610859728506787,0.31497860199714695,0.1085972850678733,0.1326676176890157,0.0,0.00456490727532097,2.0361990950226243,2.1101283880171184,56.52894973754883,1.3210211941541108,1.6608514482502663,7.809922284350886,2.8248393173230766,153.46952795268237
41.8436305312,-70.6935540077,0,0.8144796380090498,0.755206847360913,0.0,0.052781740370898715,0.0,0.04907275320970043,0.17647058823529413,0.10955777460770329,0.0,1.0245363766048503,34.07026290893555,0.8204311961931481,0.9520450667537538,4.846806125554988,93.43384399911629,7.374012690149711
42.2070770264,-73.2938156128,0,0.8733031674208145,0.8970042796005706,0.12669683257918551,0.030813124108416547,0.0,0.027960057061340943,0.0,0.034807417974322394,0.0,0.20970042796005706,485.5630798339844,2.5454262845537077,6.622833043895048,53.95250128117977,264.5253106572378,10.350544031956318
42.1010856628,-72.5894622803,0,0.0,0.0011412268188302425,0.0,0.0,1.0,0.8356633380884451,0.0,0.162339514978602,84.42533936651584,61.56119828815977,20.578508377075195,0.5962277119591572,1.2167507318056137,8.10087660465473,296.39267191280516,2.3407990963665433
42.1063577863,-70.7769727707,1,0.11312217194570136,0.20028530670470757,0.5520361990950227,0.30042796005706135,0.33031674208144796,0.4910128388017118,0.0,0.007417974322396576,11.058823529411764,22.048502139800284,6.988730430603027,1.1436960056896,1.2504541316228803,10.315515588208845,29.69438429054597,8.979989147238225
42.8070544922,-70.9730215425,1,0.5475113122171946,0.4793152639087018,0.01809954751131222,0.13666191155492155,0.3257918552036199,0.17717546362339515,0.0,0.019971469329529243,4.48868778280543,3.355777460770328,38.703346252441406,3.178576224248098,2.182762329031769,9.841857827166196,271.1638082138945,81.22028796095992
42.52930598,-72.1839729,0,0.5882352941176471,0.7400855920114122,0.3891402714932127,0.12553495007132667,0.0,0.07132667617689016,0.0,0.0005706134094151213,0.0,1.1937232524964336,343.158203125,2.243294254074751,2.8868950118950045,18.942648783171023,14.27064428806027,313.8612379688502
42.4931298802,-71.2354594377,0,0.583710407239819,0.26048502139800284,0.00904977375565611,0.0659058487874465,0.4072398190045249,0.6733238231098431,0.0,0.0,15.316742081447964,26.974893009985735,61.9121208190918,1.6345717450666855,1.8957935637047276,13.764881374003814,62.01135819769901,58.58249534490257
42.2603129,-72.1855899,0,0.25339366515837103,0.7303851640513552,0.00904977375565611,0.10242510699001427,0.31221719457013575,0.10898716119828816,0.38461538461538464,0.03737517831669044,4.723981900452489,1.049358059914408,206.25851440429688,1.9476456868967371,4.167501522857977,20.88515651408561,4.178558107457216,73.20612472550967
42.5964816667,-72.2394933333,0,0.25339366515837103,0.32211126961483594,0.36199095022624433,0.1666191155492154,0.2579185520361991,0.4893009985734665,0.0,0.006562054208273894,7.904977375565611,22.83166904422254,155.9215545654297,1.3845546555631496,3.1033159566488226,25.538953717228665,0.0,145.868247521724
42.2884166667,-72.7328716667,0,0.8823529411764706,0.6793152639087019,0.0,0.041940085592011414,0.06334841628959276,0.1797432239657632,0.0,0.0,1.8642533936651584,2.82339514978602,123.57070922851562,2.389675462526347,2.9463117226258615,17.02141544360171,148.73045767009057,165.0761910484666
41.7009434658,-70.3522129571,0,0.13574660633484162,0.08530670470756063,0.7782805429864253,0.6251069900142653,0.04072398190045249,0.25392296718972895,0.03167420814479638,0.0282453637660485,0.3167420814479638,3.6562054208273893,2.0153470039367676,0.7704234891988359,0.79963831501482,7.425743141373374,4.178458293916797,197.73376737704342
42.807070693,-70.9731069183,1,0.5610859728506787,0.47674750356633383,0.027149321266968326,0.1360912981455064,0.2986425339366516,0.1788873038516405,0.0,0.019971469329529243,4.248868778280543,3.3306704707560626,38.703346252441406,3.178576224248098,2.182762329031769,9.841857827166196,274.77560591684744,84.1565235491257
42.1204291708,-70.8787078014,0,0.03619909502262444,0.17403708987161198,0.12669683257918551,0.31611982881597717,0.8371040723981901,0.5087018544935806,0.0,0.0,18.579185520361992,11.932667617689015,23.99407386779785,0.38454097376135177,0.32853454697393897,1.461445102881318,128.03380248413976,56.94070354360571
42.3521655775,-71.2614257479,0,0.19909502262443438,0.11726105563480742,0.1583710407239819,0.03109843081312411,0.3665158371040724,0.7072753209700428,0.14027149321266968,0.1289586305278174,8.402714932126697,21.33067047075606,12.120272636413574,1.0763896386275362,1.7842888991120076,12.8656913995898,38.372156407277885,73.74211094193649
42.0760628125,-72.6258799657,0,0.08597285067873303,0.05820256776034237,0.04524886877828054,0.09814550641940085,0.8687782805429864,0.8433666191155492,0.0,0.0002853067047075606,19.728506787330318,23.05848787446505,36.73001480102539,1.219909007128006,0.8950673803481224,6.224496970203657,221.99473267973852,11.832681098836865
42.119438,-72.800407,0,0.3438914027149321,0.4664764621968616,0.5158371040723982,0.15748930099857347,0.13574660633484162,0.2559201141226819,0.0,0.0019971469329529245,1.3257918552036199,4.5038516405135525,57.54956817626953,1.1101798000441914,1.9960271985217657,11.033772982248786,0.0,160.0501093149497
42.506154,-73.316935,0,0.7737556561085973,0.9800285306704708,0.09954751131221719,0.011126961483594865,0.0,0.0,0.11764705882352941,0.008273894436519259,0.0,0.0,635.757080078125,3.0290978704717793,9.380427374691342,41.38314649338506,42.84279743398216,187.82429876283476
42.8125242766,-70.9649686709,1,0.5248868778280543,0.4399429386590585,0.4660633484162896,0.1942938659058488,0.0,0.13152639087018544,0.0,0.11440798858773181,0.0,2.3426533523537802,7.609839916229248,2.919790401772578,2.317506821801623,14.069402058660708,3.17871496729093,416.7978796101567
42.6883281594,-71.0034158196,1,0.42081447963800905,0.4282453637660485,0.11764705882352941,0.21340941512125536,0.4434389140271493,0.2875891583452211,0.0,0.06390870185449359,5.095022624434389,3.514407988587732,45.44796371459961,1.4841750421224162,1.0888045652477591,5.425381583757579,256.3028708770437,88.70489321175897
42.1356859504,-72.5818328134,0,0.16289592760180996,0.09814550641940085,0.06787330316742081,0.042225392296718976,0.7692307692307693,0.8596291012838801,0.0,0.0,31.244343891402714,36.41426533523538,56.58869171142578,1.698555290280928,1.1434923052121932,5.778683645026322,1.875813662414952,104.32526524321503
42.8569090599,-70.9660489923,0,0.3031674208144796,0.20285306704707562,0.5113122171945701,0.40342368045649074,0.013574660633484163,0.19686162624821682,0.0,0.0068473609129814554,0.29411764705882354,3.889586305278174,28.36720085144043,0.7192161128435745,1.174073655014124,5.298316449968632,15.878007593142256,128.8224536388785
42.3076133699,-71.1200302459,0,0.0,0.018830242510699,0.02262443438914027,0.005420827389443652,0.9773755656108597,0.9514978601997147,0.0,0.023965763195435093,43.18099547511312,42.14978601997147,16.63318634033203,1.4767016097887276,2.108252855028273,16.092453612515865,584.8456183959801,14.004580158208531
42.5771522522,-72.0566482544,0,0.4796380090497738,0.4710413694721826,0.22624434389140272,0.22139800285306704,0.29411764705882354,0.22282453637660485,0.0,0.005420827389443652,4.049773755656108,3.679029957203994,320.14532470703125,0.6489891373340057,1.800240832645653,12.66096323170183,181.8428097826534,13.983768462054488
42.32937471,-71.1696015,0,0.0,0.10299572039942939,0.15384615384615385,0.053637660485021395,0.8461538461538461,0.8108416547788873,0.0,0.03195435092724679,20.30316742081448,30.649643366619117,59.72810363769531,1.3237452933467828,1.8698968416849846,8.600818215657489,164.6288989538908,26.23128409466981
42.2730122,-72.064376,0,0.38009049773755654,0.4861626248216833,0.19004524886877827,0.15492154065620542,0.19909502262443438,0.08587731811697574,0.0,0.0002853067047075606,1.7963800904977376,0.7711840228245364,256.7379455566406,2.37743916878314,2.336017173082599,18.946084617713684,77.69196969642978,37.36005026469056
42.6071004015,-70.6612622738,0,0.0,0.0,0.0,0.011412268188302425,0.167420814479638,0.4673323823109843,0.832579185520362,0.5186875891583452,9.0,29.55549215406562,-1.4780455827713013,0.5438511388113915,0.9579276921155754,5.797269378478556,0.0,136.0356002352092
42.4222891116,-72.5397521539,0,0.167420814479638,0.12353780313837376,0.5610859728506787,0.31982881597717544,0.07692307692307693,0.0992867332382311,0.0,0.0019971469329529245,1.8914027149321266,2.6704707560627674,48.21195983886719,0.2704155130052343,0.9147477744961067,7.308861612139204,0.0,183.29565096828264
42.1854388889,-71.0391666667,1,0.3076923076923077,0.13894436519258202,0.09954751131221719,0.023395149786019972,0.13574660633484162,0.6476462196861626,0.4072398190045249,0.18288159771754636,1.9321266968325792,26.023680456490727,49.49560546875,2.2450180886937883,1.1091229207218012,4.476961589090168,15.281005682901819,404.20845717407695
42.3012201607,-71.2079302401,1,0.25339366515837103,0.047931526390870186,0.1493212669683258,0.10841654778887304,0.5972850678733032,0.7934379457917261,0.0,0.048787446504992865,7.773755656108597,33.95891583452211,32.081844329833984,1.9788532561809704,1.335581639433211,9.913073982702391,113.38167285004174,8.811761163465967
42.2110623777,-71.4256540668,0,0.2081447963800905,0.30556348074179746,0.12669683257918551,0.1449358059914408,0.6334841628959276,0.5372325249643367,0.027149321266968326,0.007703281027104137,24.502262443438916,14.883880171184023,55.151763916015625,0.8130966658421921,1.7981260895963822,13.154243255823568,110.79804489434053,18.19703622938677
42.3908666667,-71.1013721667,0,0.0,0.0,0.0,0.0,1.0,1.0,0.0,0.0,70.78733031674209,72.97660485021397,19.807392120361328,1.6270635401830311,1.8407561370720367,7.38173385739792,991.0197449467744,20.50778461793267
42.6303637241,-70.8429127943,1,0.22624434389140272,0.26733238231098433,0.5067873303167421,0.3386590584878745,0.058823529411764705,0.3152639087018545,0.0,0.0,0.5656108597285068,4.873894436519258,10.020349502563477,0.7436777148174465,1.1745803046656456,5.223741668930433,60.66543787651629,132.9270785877676
42.5324033333,-71.5537416667,0,0.2850678733031674,0.5794579172610557,0.48868778280542985,0.1971469329529244,0.19004524886877827,0.18316690442225392,0.0,0.0,1.1131221719457014,1.8368045649072753,83.10073852539062,1.6707304845257556,2.317522226440531,9.719946174992776,39.254199857161225,0.8750515010987396
41.7703162117,-70.5226243933,0,0.3936651583710407,0.2513552068473609,0.11312217194570136,0.07360912981455064,0.49321266968325794,0.5049928673323824,0.0,0.1340941512125535,9.176470588235293,12.989728958630527,6.012632846832275,1.3740009077986217,1.815417561751719,13.319390098359362,271.1038529296051,25.83384174532849
42.1718071983,-70.7518663071,0,0.34841628959276016,0.21797432239657633,0.4841628959276018,0.24165477888730386,0.07692307692307693,0.4776034236804565,0.07692307692307693,0.041940085592011414,0.8280542986425339,12.623680456490728,5.979880332946777,1.5345163994802364,1.4038277351480286,8.575447967614238,0.0,163.35942453056
42.52763,-70.8682033333,0,0.0,0.003994293865905849,0.15384615384615385,0.019115549215406563,0.48868778280542985,0.3072753209700428,0.334841628959276,0.6670470756062767,15.796380090497738,15.425106990014266,1.4384750127792358,0.6692359383417916,0.5171130049529186,2.977168561652043,34.76661094509037,49.135099296228574
42.3035380411,-71.998367576,0,0.3212669683257919,0.6930099857346648,0.6787330316742082,0.19543509272467904,0.0,0.06276747503566334,0.0,0.042796005706134094,0.0,0.7703281027104137,228.7981719970703,1.7251845279015063,3.487880131136617,17.02442041581423,9.84678406027592,444.86605259307265
42.4541668037,-71.9070060877,0,0.4253393665158371,0.7223965763195435,0.38009049773755654,0.20342368045649073,0.058823529411764705,0.02310984308131241,0.0,0.003708987161198288,0.46153846153846156,0.1486447931526391,307.0044860839844,3.1431934579630987,3.1799760569645783,19.246695965372936,45.952573616148925,143.73749898364517
41.8863760897,-70.6518925538,0,0.8552036199095022,0.8316690442225392,0.0,0.0002853067047075606,0.14479638009049775,0.06504992867332382,0.0,0.06048502139800285,1.579185520361991,0.978601997146933,52.919246673583984,2.002409881348337,1.7700674415760078,8.64714992932172,328.07461497519296,2.7373271161374264
41.9759469025,-71.1835346371,0,0.11764705882352941,0.3135520684736091,0.27601809954751133,0.21283880171184022,0.5565610859728507,0.44536376604850214,0.049773755656108594,0.025677603423680456,18.398190045248867,10.88188302425107,25.915390014648438,0.6378681680817684,0.6085545467713844,3.553606161655608,8.043571139785143,5.474143807600281
41.9485986169,-71.364100604,0,0.33031674208144796,0.24736091298145507,0.02262443438914027,0.11355206847360913,0.6470588235294118,0.5774607703281027,0.0,0.0005706134094151213,13.764705882352942,12.490442225392297,47.82395935058594,2.1750312073086864,1.5047323298108572,14.058239534108303,41.06073246118349,69.63792027408124
42.248805,-70.9441,0,0.12669683257918551,0.007988587731811698,0.00904977375565611,0.025677603423680456,0.8642533936651584,0.5814550641940086,0.0,0.3791726105563481,35.294117647058826,28.216833095577748,7.152703285217285,2.2446440211509313,1.2504405074263651,6.7089346258744005,234.0297492542653,3.6425068849582902
42.644080302,-70.6271614539,1,0.37104072398190047,0.5403708987161199,0.3257918552036199,0.16861626248216832,0.21266968325791855,0.20171184022824537,0.07692307692307693,0.07047075606276748,10.049773755656108,6.215691868758916,27.822607040405273,2.453329009867432,1.862895968307905,6.210757906844412,0.0,165.6698368016346
42.7456934132,-70.7918737771,0,0.0,0.005420827389443652,0.0,0.2268188302425107,0.0,0.03195435092724679,0.38461538461538464,0.49814550641940086,0.0,0.7169757489300999,3.965233087539673,0.7817056351782881,0.32568856464475093,1.715083977905801,67.87790180629408,298.83159508562443
42.4959195049,-72.3196185428,0,1.0,0.8339514978601997,0.0,0.029957203994293864,0.0,0.017974322396576318,0.0,0.08530670470756063,0.0,0.2419400855920114,215.90855407714844,6.506390042447326,5.48913135070732,56.445671941432074,131.41728623997417,55.65133712961261
42.8041782939,-70.9732874902,1,0.6153846153846154,0.4875891583452211,0.16289592760180996,0.14037089871611982,0.06334841628959276,0.18830242510699002,0.09954751131221719,0.019971469329529243,0.8778280542986425,3.0439372325249643,18.920612335205078,1.9992729796910393,2.4138030962374284,11.034142127082184,21.40844771292139,234.89259666404206
42.4526600934,-71.0822387284,1,0.6561085972850679,0.37318116975748933,0.0,0.012553495007132667,0.3438914027149321,0.5340941512125535,0.0,0.07075606276747504,8.366515837104073,19.98002853067047,37.06211853027344,5.3764220693907525,2.7679159208477677,21.527810825039598,256.92228877709005,122.1811337703911
42.59394667,-71.56542167,0,0.4841628959276018,0.30271041369472185,0.1493212669683258,0.2253922967189729,0.0,0.2390870185449358,0.0,0.0019971469329529245,0.0,5.4154065620542085,123.30443572998047,5.088727996844595,2.783525452194865,13.00617903363043,193.04004385309074,330.13981820668045
42.8523716667,-71.0380638333,1,0.6380090497737556,0.5703281027104137,0.13122171945701358,0.07047075606276748,0.2081447963800905,0.18773181169757489,0.0,0.0,2.2986425339366514,3.146647646219686,64.85913848876953,1.3302188344981967,1.8089022779993529,8.28201632149472,109.57927244500966,20.349573117436854
42.2983093262,-71.0107574463,0,0.0,0.0025677603423680455,0.0,0.08388017118402283,1.0,0.3443651925820257,0.0,0.5649072753209701,53.09954751131222,17.11469329529244,18.243606567382812,2.0163262355406477,1.0483979494131055,6.184094210379152,367.6277852189178,14.400921587493272
42.2413883333,-71.1669533333,0,0.0,0.0048502139800285305,0.07692307692307693,0.05934379457917261,0.9230769230769231,0.9078459343794579,0.0,0.027960057061340943,25.84162895927602,39.02168330955777,31.127134323120117,1.4801530600685018,0.8659837272104621,5.157018763675417,190.57681826751931,2.476206509773785
42.1433806531,-70.7352571835,1,0.8552036199095022,0.5161198288159772,0.05429864253393665,0.07589158345221113,0.09049773755656108,0.40285306704707563,0.0,0.0034236804564907277,0.8959276018099548,5.503281027104137,33.191505432128906,2.320098750595144,2.3879253734455466,13.668654954380536,92.16404002024981,141.022104703871
42.4463898316,-71.4755508397,1,0.2850678733031674,0.36433666191155495,0.3212669683257919,0.3029957203994294,0.3936651583710407,0.30841654778887306,0.0,0.0017118402282453639,5.46606334841629,6.128958630527817,63.19341278076172,0.5459498092014001,1.2465952974854548,6.211510768706329,112.13362805431166,75.55731047912482
42.2185866667,-71.1914666667,0,0.04072398190045249,0.10670470756062768,0.0,0.06875891583452211,0.9592760180995475,0.8102710413694721,0.0,0.0008559201141226819,28.592760180995477,32.335235378031385,40.339080810546875,1.9006161274288376,1.4086462039342302,12.502333898425286,219.8751141691386,25.142562155723574
42.4451694444,-73.0831,0,0.15384615384615385,0.3189728958630528,0.0,0.12182596291012839,0.36199095022624433,0.24393723252496433,0.4343891402714932,0.29243937232524964,8.981900452488688,4.917546362339515,484.68243408203125,0.9284502934054445,1.638879331166591,8.358147298694648,8.417463108219877,1.9972594682474567
42.382647,-71.153989,0,0.0,0.020256776034236805,0.004524886877828055,0.005706134094151213,0.5746606334841629,0.7771754636233952,0.42081447963800905,0.19543509272467904,11.384615384615385,34.82910128388017,2.2670576572418213,1.0832636528131168,0.9860790745661959,6.113438510689588,12.008071613455055,1.0017545654804572
42.6442065718,-70.6271399963,1,0.3438914027149321,0.5346647646219687,0.3438914027149321,0.16833095577746077,0.24434389140271492,0.2085592011412268,0.05429864253393665,0.06961483594864479,11.407239819004525,6.322111269614836,27.822607040405273,2.453329009867432,1.862895968307905,6.210757906844412,0.0,174.77098475248454
41.5880468244,-70.4532300583,0,0.06787330316742081,0.10927246790299572,0.1493212669683258,0.04907275320970043,0.0,0.08958630527817403,0.6153846153846154,0.6887303851640514,0.0,2.7637660485021396,-0.24245795607566833,0.2336050894331686,0.24869332200438563,1.4596882030914102,0.14129636707465687,415.5403225542465
42.0285259761,-70.6853203308,0,0.14027149321266968,0.17118402282453637,0.01809954751131222,0.04650499286733238,0.8416289592760181,0.7783166904422254,0.0,0.0025677603423680455,7.266968325791855,11.147503566333809,8.85869312286377,0.5656856245979891,0.8537818214603755,6.013065924707956,111.14708082407516,9.79014897972971
42.33773,-72.4675399722,0,0.5610859728506787,0.5087018544935806,0.08597285067873303,0.21940085592011413,0.3393665158371041,0.2216833095577746,0.0,0.0,3.167420814479638,3.570898716119829,95.02576446533203,4.44222165157755,2.4526373661483727,23.23122391438036,523.3602578800699,4.285781025348431
42.448059082,-71.2308883667,0,0.0,0.02653352353780314,0.0,0.03223965763195435,1.0,0.9412268188302425,0.0,0.0,40.8235294117647,26.71925820256776,68.88304138183594,0.5095584779052437,1.540914496818206,7.758094920593501,525.1746480929673,37.220591315326764
42.4798416667,-72.7137466667,0,0.9683257918552036,0.9238231098430814,0.02262443438914027,0.045934379457917264,0.0,0.007988587731811698,0.00904977375565611,0.0005706134094151213,0.0,0.056776034236804565,346.7761535644531,3.1288027249108925,4.774610329914299,23.90413375602552,25.508517075158984,142.7783897685806
41.5529633333,-70.5001166667,0,0.08144796380090498,0.143509272467903,0.3393665158371041,0.1971469329529244,0.027149321266968326,0.09529243937232525,0.23076923076923078,0.4861626248216833,0.27149321266968324,1.6804564907275321,0.6692125201225281,0.1908796913844639,0.15879839881343494,0.9692457953273792,89.43716205137147,21.05353538718397
42.1879789722,-71.7560419722,0,0.13122171945701358,0.14465049928673324,0.027149321266968326,0.07617689015691868,0.8416289592760181,0.7754636233951497,0.0,0.003138373751783167,19.43891402714932,26.31469329529244,128.8367462158203,1.846788766879479,1.8807077569908286,15.30185711057395,212.62811372043834,3.570301862921476
41.58522,-70.6411366667,0,0.0,0.02767475035663338,0.4343891402714932,0.1803138373751783,0.0,0.31726105563480744,0.11312217194570136,0.38231098430813126,0.0,5.006562054208274,0.3444385528564453,0.21268959556809072,0.9337558706498492,8.637354498902672,0.0,101.49598788978031
42.4343636004,-72.2239217976,0,1.0,0.9300998573466477,0.0,0.05877318116975749,0.0,0.0,0.0,0.0,0.0,0.0,253.47410583496094,5.123076016345596,4.096025443310906,26.797752006442806,404.40823095320854,254.74206552634297
42.6172675845,-72.2916220688,0,0.7918552036199095,0.7069900142653353,0.18552036199095023,0.14322396576319543,0.0,0.04821683309557775,0.0,0.0,0.0,0.5281027104136947,207.9696044921875,0.7581514767197312,1.9645872687274608,9.343654600767719,21.741203577763272,526.0230674512009
42.5182138889,-71.5076638889,0,0.0,0.24821683309557774,0.06787330316742081,0.1614835948644793,0.9321266968325792,0.5429386590584879,0.0,0.0011412268188302425,33.67420814479638,18.80599144079886,77.28580474853516,2.1587965386335255,1.7037345768395034,11.181456358889246,301.5078031572693,20.648239657172844
42.088024987,-71.995831293,0,0.6153846153846154,0.5831669044222539,0.03619909502262444,0.12211126961483595,0.3212669683257919,0.20542082738944364,0.0,0.005991440798858773,2.9683257918552037,2.820256776034237,196.29420471191406,1.9586142789425662,2.8316341547635226,15.022812676392789,109.89261131971264,73.68806202691549
42.324555,-71.1322861667,0,0.0,0.02282453637660485,0.0,0.0014265335235378032,1.0,0.9463623395149786,0.0,0.029386590584878743,15.357466063348417,26.620542082738943,54.909610748291016,2.692090314125856,2.2252174177935466,15.535156673839126,258.96220456755566,64.30207093038887
42.4833416667,-71.0625305,0,0.0,0.16975748930099857,0.0,0.03651925820256776,1.0,0.790870185449358,0.0,0.0028530670470756064,30.968325791855204,21.59771754636234,35.56718826293945,0.9798533968531387,1.8224759644211141,8.05865632410237,432.70586992113095,7.0980541911173
42.6567225182,-70.5980121178,1,0.33031674208144796,0.025677603423680456,0.08597285067873303,0.015977175463623396,0.5067873303167421,0.38887303851640515,0.058823529411764705,0.5221112696148359,13.81447963800905,9.401426533523537,11.6397705078125,2.15116302350633,1.0642547877801485,9.484450542497203,143.4961886605077,66.87018595968938
42.4000172378,-71.1157346107,0,0.0,0.0,0.0,0.0,1.0,1.0,0.0,0.0,66.93212669683258,69.80513552068473,15.013317108154297,0.7105385243993073,1.0422887220487072,5.615707286166819,508.17834368799294,3.848967485836643
42.4806133333,-73.2511883333,0,0.4841628959276018,0.22881597717546362,0.013574660633484163,0.05563480741797432,0.23076923076923078,0.6262482168330956,0.0,0.05534950071326676,10.615384615384615,18.1623395149786,345.73162841796875,1.868941449383939,2.0084230914119723,9.74463031946782,258.03014281654936,177.79126931656796
42.4025292286,-71.0372756432,0,0.0,0.0,0.0,0.0,1.0,1.0,0.0,0.0,70.47058823529412,72.55920114122682,7.233438014984131,1.6405018512050615,1.69164086368128,9.752618346502482,914.0332590069792,4.816291353345507
42.2412133333,-71.775855,0,0.17194570135746606,0.2216833095577746,0.6470588235294118,0.10128388017118402,0.18099547511312217,0.6767475035663338,0.0,0.0002853067047075606,5.3710407239819,28.336376604850216,146.3659210205078,1.055322670946569,2.8692958334276057,16.26218778001976,23.3156976154572,154.89817767062993
42.506855,-71.0751195,0,0.0,0.0002853067047075606,0.0,0.0025677603423680455,0.6742081447963801,0.8476462196861626,0.3257918552036199,0.14807417974322395,27.823529411764707,39.902139800285305,30.709524154663086,1.0057936003816546,1.36511688089998,7.843326035325453,31.635535616458206,47.324158300134656
42.2565143504,-71.087664105,0,0.0,0.005420827389443652,0.0,0.030813124108416547,1.0,0.9543509272467903,0.0,0.0094151212553495,39.081447963800905,35.87988587731812,11.59131145477295,1.0436529303617244,1.1730393232526424,7.263430043373576,43.419093193974355,7.805190400733701
42.8077043947,-70.9740182302,1,0.5746606334841629,0.4630527817403709,0.10407239819004525,0.14236804564907277,0.22171945701357465,0.17860199714693295,0.0,0.019971469329529243,3.239819004524887,3.198573466476462,43.702728271484375,3.4990903941480447,2.1525722343967986,10.719351561936577,305.28621603168176,90.90802660569574
42.7016539582,-70.795004977,0,0.0,0.03937232524964337,0.1085972850678733,0.10670470756062768,0.6425339366515838,0.2918687589158345,0.24434389140271492,0.5223965763195435,25.32579185520362,9.055349500713266,12.310660362243652,3.082475261842876,1.4670625947045461,8.068012622058037,56.98868615882806,19.68797937752389
42.2029101944,-71.4375850833,0,0.3257918552036199,0.2855920114122682,0.058823529411764705,0.09614835948644793,0.6153846153846154,0.61169757489301,0.0,0.0,9.7420814479638,14.156348074179743,79.83626556396484,1.2573125008235584,1.874016550578573,10.900971544563081,20.39797531584327,34.08008529732976
42.3812998,-71.7955259,0,0.27149321266968324,0.5557774607703281,0.17647058823529413,0.05135520684736091,0.19909502262443438,0.18573466476462197,0.3167420814479638,0.18544935805991442,4.97737556561086,4.743509272467903,119.9971923828125,1.6794729521084348,3.565046774247855,19.228025957874053,4.6347048172981244,6.892553426019622
42.25417,-71.36557833,0,0.4253393665158371,0.4833095577746077,0.2669683257918552,0.19686162624821682,0.28054298642533937,0.26105563480741795,0.0,0.0034236804564907277,4.226244343891403,4.83737517831669,48.870296478271484,0.8712231645620989,1.770715881026532,9.981901553921007,58.29490406165314,32.88152826881962
42.174523,-71.275291,0,0.5972850678733032,0.3660485021398003,0.03167420814479638,0.20684736091298145,0.37104072398190047,0.41055634807417973,0.0,0.0002853067047075606,6.0,7.558915834522112,58.307395935058594,1.2681656652747508,1.3333034639575074,10.723881739487268,73.71102628126155,105.17205249969044
42.6335941819,-71.1678674035,0,0.004524886877828055,0.07104136947218259,0.0,0.10185449358059914,0.995475113122172,0.8271041369472183,0.0,0.0,15.79185520361991,14.783452211126962,47.81401062011719,1.5170270540041209,1.5137232116038317,12.946374030580012,218.57830252882962,37.25593429926782
42.6542978796,-71.5079393878,1,0.45701357466063347,0.5731811697574893,0.3031674208144796,0.12154065620542083,0.1583710407239819,0.181169757489301,0.0,0.037945791726105564,3.2805429864253393,3.505848787446505,61.25178146362305,1.0954980733914168,1.637880500408182,10.214067368383132,177.62436173721343,47.419848443263746
41.9445416667,-69.9881666667,0,0.583710407239819,0.5126961483594864,0.03619909502262444,0.026818830242510697,0.22624434389140272,0.05021398002853067,0.0,0.30556348074179746,4.755656108597285,0.9186875891583453,27.90131950378418,1.871355334652037,1.677918909783787,10.878296725070724,375.3629438990652,0.2911704249748646
42.431879535,-71.1067881507,0,0.5701357466063348,0.3455064194008559,0.10407239819004525,0.021968616262482168,0.3257918552036199,0.6296718972895863,0.0,0.0028530670470756064,11.542986425339366,29.357489300998573,30.624353408813477,2.4174353846582064,1.9810299826413336,13.4103768985607,4.180512970255521,142.00043184105874
42.3795472222,-73.3851694444,0,0.3665158371040724,0.724679029957204,0.38009049773755654,0.12182596291012839,0.17647058823529413,0.08302425106990015,0.0,0.0028530670470756064,1.1447963800904977,0.7820256776034237,323.2784729003906,2.503915827227864,2.973725811970758,18.21518654830901,30.132510090010026,1.62974414078539
42.085773468,-71.2749862671,0,0.07692307692307693,0.16062767475035664,0.05429864253393665,0.08958630527817403,0.8687782805429864,0.7437945791726106,0.0,0.0008559201141226819,49.497737556561084,36.107845934379455,93.19981384277344,1.956915878795901,1.3253083278778006,7.676906730529544,54.31553882624623,3.131419103987447
42.6144906983,-71.9219322199,0,0.6787330316742082,0.6687589158345221,0.1583710407239819,0.07703281027104136,0.1493212669683258,0.2296718972895863,0.0,0.0011412268188302425,2.48868778280543,5.006847360912982,276.7174072265625,5.211625972079589,3.905147578434695,26.861968765380325,137.03449646575385,105.01665536073547
42.1286800535,-71.1994496524,1,0.8914027149321267,0.6978601997146933,0.1085972850678733,0.21711840228245363,0.0,0.06276747503566334,0.0,0.0,0.0,0.7683309557774608,96.8861312866211,1.1497663786361623,2.3351297196395167,12.352489633822426,155.64070731635726,522.3504238914035
42.2184891459,-71.5693559141,1,0.5746606334841629,0.5489300998573466,0.0,0.05734664764621969,0.4253393665158371,0.207132667617689,0.0,0.17860199714693295,5.950226244343892,3.9945791726105564,133.1591339111328,3.6496061904313697,2.6835553419542677,16.856738563744887,407.3880331745816,55.020767709973434
42.222255,-70.8654116667,1,0.6018099547511312,0.5172610556348074,0.15384615384615385,0.1948644793152639,0.027149321266968326,0.24308131241084166,0.18099547511312217,0.013124108416547788,0.4072398190045249,3.942938659058488,13.509435653686523,1.0542237266522683,0.9360607749665313,5.661427552808426,19.892272483145472,201.58450491382925
42.47087833,-71.23269667,0,0.0,0.10670470756062768,0.0,0.10271041369472182,1.0,0.7865905848787447,0.0,0.0,15.968325791855204,17.209129814550643,57.31885528564453,2.0377797094891337,1.6063216903732649,8.654852724242788,257.7728503180143,39.90285857027258
42.8010624208,-70.9648913407,1,0.9004524886877828,0.5814550641940086,0.0,0.11925820256776035,0.0,0.14122681883024252,0.0,0.019971469329529243,0.0,2.138088445078459,26.116992950439453,3.627057759679529,2.752854545402556,12.262464871448019,352.87619518949634,253.081111873428
42.2073072997,-70.8705238997,0,0.38009049773755654,0.5865905848787446,0.3212669683257919,0.20627674750356634,0.2986425339366516,0.17803138373751784,0.0,0.006562054208273894,3.248868778280543,2.5429386590584877,19.08647346496582,1.4785697852947113,1.2623981752645057,7.945489130496704,104.18809826280305,38.91677091742569
41.9888839722,-70.972984314,0,0.0,0.042796005706134094,0.0,0.05249643366619115,1.0,0.9044222539229672,0.0,0.0002853067047075606,58.33031674208145,36.3774607703281,25.914955139160156,1.4899487078468576,0.9031506372971883,7.078807771858396,488.73787152614165,20.743684681322147
42.70667167,-72.673125,0,0.7828054298642534,0.8562054208273895,0.049773755656108594,0.026248216833095576,0.15384615384615385,0.06390870185449359,0.00904977375565611,0.0005706134094151213,1.0678733031674208,0.5697574893009986,151.9391632080078,6.668338235026678,8.740834107325073,56.55861695873429,159.4951754481934,22.119878119553714
42.602601,-70.896848,1,0.18552036199095023,0.26419400855920117,0.38461538461538464,0.22139800285306704,0.40271493212669685,0.37860199714693293,0.013574660633484163,0.10756062767475036,4.733031674208145,6.502139800285307,14.070306777954102,0.7689762550263018,0.8625216748976131,3.6954723002823515,14.265640518109503,117.99893598497592
42.2167719722,-73.4561769722,0,0.7692307692307693,0.8005706134094152,0.004524886877828055,0.037660485021398,0.0,0.019686162624821684,0.0,0.0,0.0,0.23737517831669044,296.2464294433594,6.31881476552822,6.054449598607668,56.858655110535,1174.5060631074448,12.640408177319946
41.9951156639,-71.200331754,0,0.0,0.11184022824536377,0.004524886877828055,0.11583452211126961,0.8054298642533937,0.4861626248216833,0.18552036199095023,0.25848787446504995,17.751131221719458,15.433666191155492,32.45116424560547,0.46817646981152955,0.42695954973829436,2.323802449556482,91.75883110731216,7.2790123629996355
41.85683,-70.5310216667,0,0.6561085972850679,0.2898716119828816,0.058823529411764705,0.05734664764621969,0.16289592760180996,0.2370898716119829,0.01809954751131222,0.340941512125535,1.8959276018099547,4.572895863052782,16.517784118652344,1.3690267564484524,1.0335796947442901,6.287914883390624,128.87407822088235,3.357301986473749
42.0996589499,-70.9346048418,1,0.19004524886877827,0.12582025677603423,0.6470588235294118,0.3863052781740371,0.1493212669683258,0.47446504992867333,0.0,0.0011412268188302425,4.9411764705882355,12.564621968616262,23.78694725036621,0.38653969198714017,0.7485393141855663,4.381481854760095,23.080116367123214,182.06272265944068
42.4267883333,-71.4786533333,1,0.19457013574660634,0.38716119828815976,0.09049773755656108,0.1303851640513552,0.5294117647058824,0.33580599144079887,0.0,0.04165477888730385,9.176470588235293,8.363195435092726,65.93842315673828,2.0690744519879343,1.7438780566108238,10.073938276841783,124.71904628661161,0.12254608580672345
42.77597,-70.8070216667,0,0.0,0.0,0.2895927601809955,0.4216833095577746,0.049773755656108594,0.015121255349500713,0.19909502262443438,0.3263908701854494,1.583710407239819,0.47731811697574894,2.6848247051239014,0.42215623597997,0.2999941166505184,1.58170447959368,15.499342474958185,5.62427273716181
42.4293449722,-72.706038,0,0.7285067873303167,0.9178316690442225,0.27149321266968324,0.07303851640513552,0.0,0.00884450784593438,0.0,0.0,0.0,0.037945791726105564,231.37225341796875,4.911781213113402,6.663812860741484,43.71371707147383,0.0,54.26366699632218
42.54533962,-72.2495120815,0,0.5746606334841629,0.5683309557774607,0.4253393665158371,0.24308131241084166,0.0,0.07018544935805991,0.0,0.04450784593437946,0.0,1.055920114122682,182.0852813720703,1.959069143057783,2.0154840982614206,12.301997022945308,0.0,442.4118255036053
41.9551878353,-70.8708672948,0,0.07239819004524888,0.11041369472182597,0.3212669683257919,0.42139800285306706,0.18552036199095023,0.0833095577746077,0.0,0.0028530670470756064,3.3076923076923075,1.1517831669044223,7.922027111053467,0.18241592168887732,0.16092278553912556,0.6530960618383576,43.62145888747894,18.601926691468726
42.3304007758,-71.5481747417,0,0.27149321266968324,0.30613409415121257,0.0,0.1398002853067047,0.7285067873303167,0.5423680456490727,0.0,0.0,16.266968325791854,18.939514978602,105.14252471923828,3.9444596286393057,2.37389711152853,17.80590911821199,258.27205270230905,33.23726167920275
42.6742533333,-72.6965333333,0,0.38461538461538464,0.7971469329529244,0.05429864253393665,0.043937232524964336,0.3665158371040724,0.0884450784593438,0.0,0.0,15.67420814479638,2.384022824536377,184.80055236816406,5.002374965991592,8.850622512106666,44.912597896928666,25.00591713130114,4.887031233152848
42.36185833,-71.49625333,0,0.2398190045248869,0.3437945791726106,0.09049773755656108,0.09243937232524964,0.669683257918552,0.5497860199714694,0.0,0.0,13.936651583710407,11.800855920114122,79.385986328125,2.3648404455403043,1.8762653071352864,12.262186118041683,203.11876388873085,11.294549573703604
42.4460431407,-71.0978333854,1,0.746606334841629,0.47446504992867333,0.09502262443438914,0.03566333808844508,0.027149321266968326,0.2904422253922967,0.12669683257918551,0.19514978601997146,0.9276018099547512,12.960627674750357,48.60885238647461,1.2039403364885317,1.6919623937679753,9.207674005388096,131.77327615345123,220.8627597069628
42.304445507,-73.2728970051,0,0.22624434389140272,0.2995720399429387,0.2895927601809955,0.2907275320970043,0.19909502262443438,0.2693295292439372,0.0,0.0,2.6425339366515836,5.1355206847360915,305.8254699707031,1.9736811564897003,1.5685526633031113,9.042887717122143,198.8695813457393,7.553721705732891
42.6435751236,-70.6275424124,1,0.4072398190045249,0.5537803138373751,0.2986425339366516,0.1680456490727532,0.1493212669683258,0.18773181169757489,0.13122171945701358,0.07161198288159772,8.040723981900452,5.960912981455064,28.768136978149414,2.2705671989996272,1.890489048461996,6.428311312271308,0.0,114.76155919364138
41.2850883333,-70.0513445,0,0.8778280542986425,0.6005706134094151,0.0,0.06619115549215407,0.11312217194570136,0.26191155492154067,0.0,0.0014265335235378032,1.5203619909502262,5.061626248216833,18.851476669311523,1.0375177600816916,1.0427247443867835,5.159970987702977,493.96409735864125,3.783719175259596
42.5490604477,-70.8736987469,0,0.0,0.0,0.0,0.0008559201141226819,1.0,0.7814550641940086,0.0,0.20627674750356634,43.53393665158371,40.104992867332385,10.893598556518555,1.1865362310261125,1.1653442047502955,7.35660870553596,258.54203631982506,0.8331213286529768
42.1102157865,-71.4554802078,1,0.31221719457013575,0.2659058487874465,0.3438914027149321,0.26733238231098433,0.334841628959276,0.4339514978601997,0.0,0.0,23.14027149321267,16.854208273894436,63.85466003417969,0.8522721269125686,0.8219813364309706,3.013467931700416,111.9759835422535,352.94066453760115
42.5678306139,-70.8222211288,1,0.5746606334841629,0.5238231098430813,0.08597285067873303,0.08131241084165478,0.3393665158371041,0.392867332382311,0.0,0.0002853067047075606,7.072398190045249,8.96376604850214,20.125898361206055,1.9376868709227955,1.5846122158652995,9.312204559727018,89.60278640084388,85.43643363952708
42.588455,-70.85813,0,0.416289592760181,0.4199714693295292,0.013574660633484163,0.12524964336661912,0.5656108597285068,0.36034236804564906,0.0,0.0644793152639087,9.746606334841628,6.9552068473609125,26.708982467651367,1.233897524578921,1.0792864346740019,4.996680026883626,33.20241622109733,3.1348141329269845
42.3582765257,-71.5962810048,0,0.2171945701357466,0.21169757489301,0.09049773755656108,0.17403708987161198,0.6923076923076923,0.6139800285306705,0.0,0.0,14.158371040723981,23.48559201141227,94.51966857910156,0.9656533931703645,2.069231032367258,10.569133112792404,41.946784545571184,2.4296184342643703
42.5614132639,-71.5811500792,0,0.3257918552036199,0.18345221112696147,0.02262443438914027,0.027389443651925822,0.6515837104072398,0.7072753209700428,0.0,0.06219686162624822,12.904977375565611,27.23965763195435,101.76229095458984,3.795187948711236,1.8747387201992474,12.652347389433201,192.02278455029992,18.609429184665238
41.45292,-70.5562216667,0,0.0,0.009985734664764621,0.0,0.0282453637660485,0.8959276018099548,0.44821683309557775,0.0,0.47617689015691866,44.90497737556561,17.88787446504993,6.059675693511963,0.6175277934699559,0.5177823930022274,3.0503033659863843,212.49571089569704,0.2597137754411831
42.2749833333,-71.19725,0,0.2081447963800905,0.09215406562054208,0.5113122171945701,0.4467902995720399,0.28054298642533937,0.4522111269614836,0.0,0.007703281027104137,10.049773755656108,16.15320970042796,26.661334991455078,0.2554346365327003,0.911912508872019,6.850084198970919,33.242188696812356,127.83583699623223
42.0567944444,-70.0890527778,0,0.0,0.21711840228245363,0.33031674208144796,0.2065620542082739,0.0,0.003994293865905849,0.36199095022624433,0.4676176890156919,0.0,0.11982881597717546,0.9459472894668579,0.8209166449316967,0.7779312763230424,6.427189005015155,58.944858262352405,780.3479234797835
42.3749427795,-71.1171646118,0,0.0,0.0,0.0,0.0008559201141226819,1.0,0.9683309557774608,0.0,0.030813124108416547,64.9502262443439,59.14008559201141,8.306767463684082,0.39879775199921097,0.4405523850354523,2.519148999064663,637.9485973736108,95.71389969809528
42.3867716667,-71.2195666667,0,0.13122171945701358,0.1731811697574893,0.0,0.03851640513552068,0.8687782805429864,0.7863052781740371,0.0,0.0008559201141226819,46.959276018099544,28.242796005706133,52.43055725097656,4.214081572619885,2.0241175642480926,18.113928447030478,374.06028542592315,8.463054330979144
42.8445883333,-70.8831033333,1,0.24434389140271492,0.40285306704707563,0.27601809954751133,0.23166904422253923,0.4796380090497738,0.3241084165477889,0.0,0.0034236804564907277,14.76923076923077,11.673323823109843,11.106736183166504,0.6834887889989845,0.5746131592225318,3.773772270143929,29.624750529156145,17.552856376318193
42.00866,-71.106968,0,0.40271493212669685,0.4522111269614836,0.03167420814479638,0.3029957203994294,0.5656108597285068,0.23052781740370898,0.0,0.0,9.031674208144796,4.646219686162625,33.01686477661133,0.683926049784559,0.619304585865668,3.507375472105521,243.60416309298307,45.81647405349184
42.2233116667,-70.92713,0,0.10407239819004525,0.06961483594864479,0.013574660633484163,0.14950071326676176,0.8687782805429864,0.7295292439372325,0.0,0.04450784593437946,26.39366515837104,28.532952924393722,16.263256072998047,1.5358369053736765,1.2787701165865786,8.227783532624581,226.84213657990782,11.827790845237333
42.2127102757,-71.0693932325,1,0.8235294117647058,0.8179743223965763,0.03619909502262444,0.06533523537803139,0.14027149321266968,0.112981455064194,0.0,0.0,2.497737556561086,3.7106990014265335,74.11653137207031,4.815364733384736,4.509080472239536,21.091004915370807,119.85495904920458,0.6499335933129339
42.0687016965,-70.1216293085,0,0.0,0.0,0.0,0.06333808844507846,0.0,0.0,0.40271493212669685,0.503851640513552,0.0,0.0,3.095252513885498,0.694839794203166,0.47651621267771566,2.628193904493941,41.875152841099776,954.8764850534155
42.3275383873,-71.053904492,0,0.0,0.0,0.0,0.0,1.0,0.8930099857346647,0.0,0.09158345221112696,58.76018099547511,67.61626248216834,3.355010509490967,0.20354190293805277,0.6103301752813771,4.177004077202718,524.7411289117365,1.3324285529729643
41.7748626744,-71.3097275824,0,0.004524886877828055,0.03138373751783167,0.12669683257918551,0.27189728958630527,0.8054298642533937,0.543509272467903,0.0,0.05335235378031384,21.959276018099548,20.440513552068474,6.169992446899414,0.3480549155409234,0.4349347240013012,2.5024721468079103,185.10016866729737,71.66837645938618
42.3701551206,-72.5214697724,0,0.0,0.11526390870185449,0.0,0.03851640513552068,1.0,0.8014265335235378,0.0,0.0,17.733031674208146,22.242796005706133,86.06971740722656,1.7856833637974938,2.3380197796965345,13.093168595202275,301.4703268554695,4.7889251642496165
42.2425384521,-71.2982254028,1,0.45248868778280543,0.4961483594864479,0.02262443438914027,0.1914407988587732,0.42081447963800905,0.1934379457917261,0.0,0.0048502139800285305,6.67420814479638,3.2134094151212556,51.175941467285156,2.9038934859352015,2.753970817869268,21.718025465830312,239.93690462630366,2.1088525425572877
42.6953157462,-71.1042826345,0,0.9547511312217195,0.31326676176890156,0.02262443438914027,0.03566333808844508,0.0,0.294151212553495,0.0,0.2733238231098431,0.0,7.301854493580599,61.8000373840332,4.487910040729024,2.570193237767957,10.489545606484423,133.1289534303111,350.9020760979333
42.6571948334,-70.6013611664,1,0.248868778280543,0.025106990014265335,0.004524886877828055,0.014265335235378032,0.7375565610859729,0.4659058487874465,0.00904977375565611,0.46333808844507846,16.004524886877828,11.799144079885878,16.232833862304688,2.0261956741485183,1.1584926487508858,10.094789440702579,163.82222351543237,50.233864277785514
42.29838967,-71.52670492,0,0.17194570135746606,0.1680456490727532,0.00904977375565611,0.04650499286733238,0.43891402714932126,0.5757489300998574,0.3665158371040724,0.19600570613409415,5.493212669683258,13.522681883024251,80.28643798828125,1.4722112930550983,1.5009106310525369,6.572402877026839,35.97065096838343,62.49611997956143
42.1020325413,-71.6707588267,0,0.7058823529411765,0.4065620542082739,0.02262443438914027,0.013694721825962911,0.049773755656108594,0.3657631954350927,0.06787330316742081,0.009700427960057061,0.7013574660633484,12.504992867332382,120.4886245727539,3.1672618660000476,2.6994527580441154,20.10182944917697,176.72866688682248,153.54536326571008
41.88366496,-70.97966875,0,0.583710407239819,0.42710413694721827,0.07692307692307693,0.12496433666191155,0.2895927601809955,0.3549215406562054,0.0,0.013409415121255349,4.95475113122172,4.660485021398003,20.044710159301758,0.2819878412980512,0.5213773358683867,2.2050524571834225,112.54951007292522,47.51003408814779
42.5834667368,-72.2058430126,1,0.08144796380090498,0.4345221112696148,0.01809954751131222,0.034236804564907276,0.8506787330316742,0.4693295292439372,0.049773755656108594,0.05135520684736091,34.289592760180994,11.14037089871612,259.62921142578125,2.2547307985651956,3.2181431449405147,21.755409806046504,138.7644132404583,50.79145794642228
42.5435564482,-72.6022719964,0,0.07239819004524888,0.340941512125535,0.0,0.09415121255349501,0.9004524886877828,0.36433666191155495,0.0,0.015121255349500713,21.737556561085974,8.599429386590584,49.57157516479492,2.0389491347896094,3.3793280528901666,30.742810138317896,271.8563812925242,19.052318012260656
42.3390020278,-72.4586314444,0,0.45248868778280543,0.6656205420827389,0.07239819004524888,0.08958630527817403,0.334841628959276,0.17660485021398004,0.0,0.0014265335235378032,9.692307692307692,2.9335235378031386,99.40259552001953,1.7494994671204325,3.406568673147829,23.856042012440945,6.4538971593086245,16.7795488368587
42.3962533333,-70.9934616667,0,0.0,0.0,0.0,0.13009985734664764,1.0,0.7917261055634808,0.0,0.06219686162624822,73.65610859728507,54.01540656205421,3.0194413661956787,1.1038106252974673,1.2574249829606636,5.73281636645038,240.2338680855759,26.792920968158615
42.8011580164,-70.9648329154,1,0.9004524886877828,0.5814550641940086,0.0,0.11925820256776035,0.0,0.14122681883024252,0.0,0.019971469329529243,0.0,2.138088445078459,26.116992950439453,3.627057759679529,2.752854545402556,12.262464871448019,348.0024019596404,241.781754579231
41.9734206745,-70.0217083097,0,0.9909502262443439,0.8410841654778888,0.0,0.033095577746077035,0.00904977375565611,0.06990014265335236,0.0,0.05049928673323823,0.13574660633484162,1.6716119828815976,22.355379104614258,1.5932391285460779,2.1712173073369208,9.212083952592147,304.92440908448333,22.78671364019505
41.902230994,-71.3088091018,0,0.03167420814479638,0.21768901569186877,0.03167420814479638,0.17232524964336662,0.9366515837104072,0.5977175463623395,0.0,0.0,22.004524886877828,18.869900142653353,34.139488220214844,0.361560606239029,0.756264746353742,5.780312561866705,88.29036877449502,39.521658564485406
42.2230394664,-71.7817286029,1,0.40271493212669685,0.26961483594864477,0.0,0.04536376604850214,0.5972850678733032,0.6824536376604851,0.0,0.0,15.361990950226245,33.00228245363766,148.04505920410156,4.233095949233209,2.696991009341019,19.240046517987214,83.18849087191212,51.49754248584278
42.2073407702,-70.7757341479,1,0.25339366515837103,0.3229671897289586,0.07692307692307693,0.1166904422253923,0.669683257918552,0.5557774607703281,0.0,0.0,9.117647058823529,9.624821683309557,33.09275817871094,0.8754386649606529,1.2973384938772385,8.647682637577999,223.27025829030825,51.742107193352105
42.411913749,-72.2749524364,0,1.0,0.703281027104137,0.0,0.04850213980028531,0.0,0.0,0.0,0.22282453637660485,0.0,0.0,233.70895385742188,5.148907414000548,4.781055613523979,24.8635067356037,407.34550883874607,1590.229457227722
42.5531393878,-71.1824192857,1,0.0,0.033951497860199714,0.0,0.08644793152639087,1.0,0.8764621968616263,0.0,0.003138373751783167,28.619909502262445,27.016547788873037,34.49687957763672,1.2278095067784163,0.6316614282790728,3.52121393501491,47.051670438647136,29.83237398226319
42.4530182066,-71.0823788158,1,0.6199095022624435,0.37203994293865905,0.0,0.012553495007132667,0.38009049773755654,0.5252496433666192,0.0,0.0804564907275321,9.180995475113122,19.434236804564907,37.06211853027344,5.3764220693907525,2.7679159208477677,21.527810825039598,216.2503387555188,82.07551624645481
42.627502,-72.33350469,0,1.0,0.7817403708987162,0.0,0.08273894436519258,0.0,0.05962910128388017,0.0,0.03281027104136947,0.0,0.6482168330955778,260.5633544921875,8.240980699478932,5.614976487169467,27.50468509214907,303.28912541619945,335.68284967645684
42.5524145448,-70.8456354925,1,0.049773755656108594,0.1486447931526391,0.0,0.053637660485021395,0.9502262443438914,0.47902995720399427,0.0,0.30099857346647646,27.126696832579185,13.592296718972896,13.39125919342041,1.7690997163600657,1.2445255237866415,10.04150329955863,286.1264304640885,3.4901266476629536
42.3685875542,-72.5640935961,0,0.23076923076923078,0.17403708987161198,0.0,0.07360912981455064,0.47058823529411764,0.39971469329529247,0.0,0.0,9.561085972850679,7.3069900142653355,81.3731460571289,2.7272071367190804,2.245243802592337,11.396630924892728,518.3423837357655,22.097704674887982
42.4513401077,-71.1498932999,0,0.0,0.023395149786019972,0.0,0.0014265335235378032,1.0,0.9087018544935807,0.0,0.06647646219686162,29.153846153846153,25.32039942938659,18.491756439208984,0.5058779451075696,1.835280497686814,10.29300585345007,460.4749639567011,1.1520853140418978
42.6551750635,-70.9270215949,1,0.3891402714932127,0.23737517831669044,0.0,0.2644793152639087,0.497737556561086,0.4747503566333809,0.0,0.0,4.923076923076923,9.555777460770328,21.693431854248047,1.3445690850369607,0.864372009104751,3.6143063438314114,103.45495533481005,101.29472927050762
41.3512633333,-70.56337,0,0.0,0.03566333808844508,0.0,0.04022824536376605,0.0,0.002282453637660485,0.6470588235294118,0.7663338088445079,0.0,0.025392296718972897,0.8536715507507324,0.17597453738467134,0.15315317546284252,0.7569191002435409,0.0,756.9191797568083
42.3143161167,-71.5888452671,0,0.03619909502262444,0.27503566333808843,0.6018099547511312,0.2747503566333809,0.3574660633484163,0.42796005706134094,0.0,0.0,16.04977375565611,23.899857346647646,85.41917419433594,0.8523196445337614,2.4721204672662216,11.5420199034858,19.99412663339375,341.6498081670571
41.9223995106,-70.0142821853,0,0.4343891402714932,0.21997146932952924,0.0,0.12125534950071326,0.5656108597285068,0.5820256776034237,0.0,0.07132667617689016,8.927601809954751,14.358915834522112,12.222887992858887,0.5565423116679447,1.0239128865313978,5.423121571739387,281.8164138837909,110.10130922976198
42.065403,-73.349626,0,0.0,0.2065620542082739,0.5746606334841629,0.27560627674750354,0.167420814479638,0.0992867332382311,0.0,0.016547788873038517,1.2126696832579185,1.5309557774607703,198.10888671875,0.6006142521124821,1.1034631390428362,6.497953655087752,163.979741865329,107.16434723286615
41.7218213976,-70.2344899716,0,0.08144796380090498,0.07475035663338088,0.669683257918552,0.5072753209700428,0.16289592760180996,0.17146932952924393,0.03619909502262444,0.17660485021398004,2.8642533936651584,2.8042796005706134,3.1169872283935547,0.4357039661643609,0.33488939159188325,1.847414218987953,107.13238349413044,17.11784080666625
42.3680416667,-71.1473,1,0.0,0.0,0.01809954751131222,0.007988587731811698,0.9819004524886877,0.962339514978602,0.0,0.029671897289586305,30.65158371040724,48.4567760342368,12.484883308410645,1.319202294043581,0.792715208785091,4.07646071410159,33.715567181623534,2.0443559060387755
42.3932288262,-71.4384325874,0,0.21266968325791855,0.19942938659058487,0.2081447963800905,0.14550641940085593,0.579185520361991,0.6085592011412269,0.0,0.04650499286733238,7.135746606334842,9.302710413694722,54.27653121948242,0.5512202875167943,1.0071096537457442,5.810995494944928,65.97780227930987,4.582917959483763
42.72563,-73.1736966667,0,1.0,0.9375178316690442,0.0,0.0,0.0,0.0442225392296719,0.0,0.0,0.0,0.8707560627674751,415.7789306640625,16.144383861622796,10.798087298084088,100.245207435971,1074.0969373476587,445.4120799695321
42.3111781845,-71.1088921935,0,0.0,0.01825962910128388,0.0,0.0,1.0,0.9683309557774608,0.0,0.013409415121255349,56.918552036199095,54.9848787446505,14.46607494354248,1.293492789856641,1.5795720055820164,8.989909332241204,890.6666110252986,9.075395423959648
42.8039322991,-70.9736862604,1,0.6334841628959276,0.4855920114122682,0.19457013574660634,0.14208273894436518,0.04072398190045249,0.1914407988587732,0.06787330316742081,0.019971469329529243,0.6561085972850679,3.0319543509272466,19.364795684814453,2.3303772167671846,2.2390096524201066,9.274794300437849,1.2453864377400408,258.29175031118467
42.28571669,-71.85345061,0,0.3936651583710407,0.22881597717546362,0.20361990950226244,0.04736091298145506,0.39819004524886875,0.7069900142653353,0.004524886877828055,0.016547788873038517,5.208144796380091,18.839372325249645,192.0111541748047,4.0748902700802905,3.9705379814019373,23.930134225352102,89.27437923311157,88.13474324444206
42.56917,-72.53373006,1,0.5746606334841629,0.6599144079885877,0.0,0.0005706134094151213,0.08144796380090498,0.07018544935805991,0.0,0.0,1.244343891402715,1.4930099857346648,99.80805969238281,0.4999565191126514,1.8746791795410187,14.847732109519947,751.7021312902257,1.4466754961810735
42.6566098455,-70.601009349,1,0.3257918552036199,0.026818830242510697,0.02262443438914027,0.015121255349500713,0.6515837104072398,0.4881597717546362,0.0,0.43708987161198287,11.072398190045249,11.988017118402283,15.109944343566895,1.9927446266757427,1.1122617052506085,9.842211185199368,197.8018265762446,81.82883187252833
41.5796283333,-70.5383533333,0,0.0,0.07788873038516406,0.0,0.016547788873038517,1.0,0.8502139800285307,0.0,0.050784593437945794,31.443438914027148,24.712125534950072,7.35631799697876,0.48922860205450003,0.5596465797551413,2.9451988210442916,0.6964464299008476,35.0714904911494
42.691475,-71.549575,0,0.416289592760181,0.4550641940085592,0.18552036199095023,0.08758915834522112,0.01809954751131222,0.15606276747503567,0.00904977375565611,0.029671897289586305,0.29411764705882354,3.2972895863052782,55.19741439819336,0.8938648227282895,1.3352602249145475,4.924952567359723,12.612854195996634,217.35340309186006
42.5690583333,-71.8770916667,0,0.2398190045248869,0.5592011412268189,0.0,0.04621968616262482,0.669683257918552,0.26961483594864477,0.0,0.07104136947218259,14.520361990950226,8.906134094151213,260.6706848144531,3.9387384860797203,3.507098706775254,27.29253996367385,273.98500719617897,0.11315652920036123
42.4031014,-71.667493,0,0.5113122171945701,0.5269614835948645,0.04072398190045249,0.1275320970042796,0.4479638009049774,0.28245363766048504,0.0,0.012268188302425107,17.782805429864254,8.854778887303851,115.6764144897461,1.7876548142555713,2.481504571743988,11.576249952013612,243.38851492123544,1.1524184510903388
41.669925,-70.01736383,0,0.0,0.0002853067047075606,0.049773755656108594,0.11754636233951497,0.0,0.22082738944365193,0.7058823529411765,0.5917261055634807,0.0,6.360627674750357,-0.5711361765861511,0.19328925177039247,0.5135130388780014,3.855908639799806,12.572365763203514,312.69170863528393
42.5608797372,-72.7426861806,0,0.7963800904977375,0.8425106990014265,0.027149321266968326,0.02282453637660485,0.10407239819004525,0.056490727532097,0.0,0.0,0.8190045248868778,0.4202567760342368,281.591552734375,4.107221570301955,6.204181283652204,41.21281468814309,107.98386296330142,78.32331283050142
42.343096048,-71.2483304366,0,0.0,0.00884450784593438,0.0,0.0034236804564907277,1.0,0.9817403708987161,0.0,0.005991440798858773,34.918552036199095,35.51041369472183,33.86333084106445,1.2690969376992756,1.1710883930915217,6.843464950564175,351.9977797103921,9.178462288549996
42.3121533875,-71.8339524738,0,0.2171945701357466,0.2738944365192582,0.0,0.06191155492154066,0.7828054298642534,0.6587731811697575,0.0,0.0,22.25339366515837,20.61055634807418,264.6702880859375,3.170226888530976,3.255818333423832,18.267600270874752,253.20003345739673,0.584587547529964
41.5138634445,-71.0231167814,0,0.049773755656108594,0.15035663338088445,0.6244343891402715,0.2747503566333809,0.00904977375565611,0.12268188302425106,0.15384615384615385,0.20114122681883023,0.19909502262443438,3.403138373751783,1.6013621091842651,0.9000242252835347,0.9209339603475709,6.604351364065828,80.930758009529,279.64507762883187
42.6838917311,-72.1796341826,0,0.9321266968325792,0.738944365192582,0.02262443438914027,0.12553495007132667,0.0,0.045934379457917264,0.0,0.0,0.0,0.46390870185449357,297.9486999511719,4.964229517330898,3.5408887179219932,22.897850957365513,405.99643586174903,2.5008982723072872
41.7443222222,-71.1439722222,0,0.0,0.018830242510699,0.0,0.019686162624821684,1.0,0.6630527817403709,0.0,0.2984308131241084,41.89140271493213,27.660199714693295,12.140226364135742,2.213167461106608,1.2405412397727216,10.94754993622678,26.111179448696557,54.29338628466704
41.6953222222,-70.5404138889,1,0.9638009049773756,0.865620542082739,0.0,0.0,0.03619909502262444,0.06818830242510698,0.0,0.0,0.3257918552036199,1.3283880171184024,49.23006057739258,0.5824645422922433,0.684072356984487,3.3452290057302476,741.4609157343365,2.3572771203380607
42.064858,-71.785671,0,0.5656108597285068,0.7500713266761769,0.4343891402714932,0.2268188302425107,0.0,0.016547788873038517,0.0,0.005706134094151213,0.0,0.17061340941512126,199.11753845214844,1.6110303847264125,1.8652488827464402,10.11535119293367,25.558371510079635,61.54622889189839
42.4386178279,-71.2369906502,0,0.09954751131221719,0.054778887303851644,0.0,0.08616262482168331,0.9004524886877828,0.854493580599144,0.0,0.00456490727532097,9.180995475113122,19.48273894436519,97.71458435058594,3.8874464287811272,1.8038436554929465,8.426439962608574,502.4560130621417,17.052823272030498
42.6515666667,-72.2185466667,0,0.7330316742081447,0.5489300998573466,0.09502262443438914,0.13922967189728958,0.01809954751131222,0.07503566333808845,0.13122171945701358,0.1760342368045649,0.29411764705882354,1.0599144079885878,201.45750427246094,2.9507703128279443,2.4716193716951484,20.524078410889693,0.0,167.02474199387606
42.6766633333,-72.1661083333,0,0.42081447963800905,0.6348074179743224,0.3936651583710407,0.20427960057061342,0.11312217194570136,0.08587731811697574,0.0,0.0002853067047075606,1.3936651583710407,1.0288159771754637,258.2133483886719,2.5080129308130625,2.6029557945636332,16.131329086601138,0.0,193.38824588950604
42.263528535,-70.8702719995,0,0.5610859728506787,0.12125534950071326,0.19457013574660634,0.10042796005706134,0.02262443438914027,0.21426533523537802,0.13574660633484162,0.451925820256776,0.502262443438914,6.322111269614836,4.980347633361816,1.042260296525904,1.313166977426048,5.12364608242052,42.837503499789015,254.97991354649542
42.47089667,-72.55423667,0,1.0,0.990870185449358,0.0,0.0,0.0,0.00912981455064194,0.0,0.0,0.0,0.10898716119828816,173.0257568359375,7.2544220205501615,6.415867055783604,38.5326687887013,50.138405912102414,20.602459905774648
42.283602,-71.727511,0,0.0,0.12582025677603423,0.0,0.015406562054208274,1.0,0.8507845934379458,0.0,0.007703281027104137,36.33031674208145,26.290727532097005,178.85299682617188,1.8038780720899712,2.516606378997368,18.772013882760792,507.52331093229384,57.43954929035349
41.279180123,-70.1669326394,0,0.01809954751131222,0.32268188302425105,0.29411764705882354,0.28644793152639086,0.20361990950226244,0.11897289586305278,0.0,0.08644793152639087,11.900452488687783,3.9723252496433665,4.7250213623046875,1.1091993889591112,0.5628123774893363,2.7839192958407555,370.0857796591952,223.2090463230323
42.3586530672,-72.4481782014,0,1.0,0.8841654778887303,0.0,0.03452211126961484,0.0,0.05706134094151213,0.0,0.0,0.0,0.39115549215406564,285.5439147949219,4.18920381770435,5.002550673238497,32.132137345792685,269.1473697160437,351.181841065138
42.3412166667,-72.5971361111,0,0.03167420814479638,0.021112696148359488,0.0,0.037089871611982884,0.9095022624434389,0.5723252496433666,0.0,0.029957203994293864,33.710407239819006,21.107275320970043,37.3147087097168,0.08661076318673576,0.2655759355721022,1.5370230640316689,586.8596403905941,19.095441705181507
41.9626659668,-71.1822594412,1,0.5610859728506787,0.3534950071326676,0.06334841628959276,0.20114122681883023,0.3755656108597285,0.4385164051355207,0.0,0.0,15.502262443438914,13.964336661911554,22.696678161621094,1.013427212300484,0.6612088773849959,4.996625220022792,170.804538054254,229.7753778147772
42.2320310602,-71.3799239134,0,0.37104072398190047,0.5611982881597718,0.2986425339366516,0.1971469329529244,0.2895927601809955,0.21141226818830242,0.02262443438914027,0.0034236804564907277,3.3122171945701355,2.391726105563481,59.4758415222168,3.3842658647027757,1.8231696896905696,11.481823813938282,130.0211293123963,127.8086920378979
41.5181154007,-70.6719099992,0,0.0,0.025392296718972897,0.0,0.03965763195435093,0.0,0.1680456490727532,1.0,0.7078459343794579,0.0,6.584878744650499,-0.4117628037929535,0.22729699502725711,0.5519937073288256,3.813996127836606,0.0,283.05550237280323
42.4374593934,-71.2176372931,0,0.07692307692307693,0.06191155492154066,0.02262443438914027,0.17517831669044223,0.9004524886877828,0.7572039942938659,0.0,0.0002853067047075606,22.63348416289593,15.90299572039943,74.90911102294922,1.2817150755816886,1.5244889073071308,8.036373053266995,237.11095951775144,69.45379025661904
41.7227236975,-70.7299814803,0,0.18099547511312217,0.19258202567760344,0.04072398190045249,0.19885877318116976,0.5113122171945701,0.21854493580599144,0.24434389140271492,0.346077032810271,7.8099547511312215,3.466761768901569,1.8240801095962524,1.0063639511651565,0.4805963451367127,2.960891533375142,49.94415955058255,48.30646239418495
41.9758337416,-71.3217357919,0,0.05429864253393665,0.05848787446504993,0.0,0.030813124108416547,0.9457013574660633,0.8450784593437946,0.0,0.06419400855920114,31.963800904977376,31.987731811697575,57.87071990966797,0.7291665535091879,0.8856159456830404,5.12514070358107,261.1298885730792,4.461873371477447
41.9501006138,-71.3056948409,0,0.01809954751131222,0.1087018544935806,0.03167420814479638,0.06619115549215407,0.9502262443438914,0.6761768901569187,0.0,0.14379457917261054,24.6289592760181,19.042510699001426,47.46453857421875,0.612003758016124,0.5887693885089044,3.507004819236273,145.53321676701285,3.693451946140852
42.4551083333,-73.2518694444,0,0.0,0.007988587731811698,0.0,0.06476462196861626,1.0,0.9195435092724679,0.0,0.007703281027104137,76.13574660633485,56.76661911554922,316.0108642578125,0.8217368891449897,1.318983443565087,5.694947447189739,614.8181744150022,1.0912437402645736
42.1083910953,-71.401153151,0,0.3755656108597285,0.2547788873038516,0.21266968325791855,0.19543509272467904,0.4117647058823529,0.5372325249643367,0.0,0.0,8.57918552036199,12.524679029957204,82.33265686035156,1.017581143617348,1.4242187222697762,9.035443729856928,9.068071071424532,22.448231084276795
42.2388909781,-71.3718580605,0,0.3665158371040724,0.45706134094151213,0.0,0.19914407988587732,0.5972850678733032,0.2821683309557775,0.0,0.0034236804564907277,12.194570135746606,5.472753209700428,62.539188385009766,1.4410243954494615,2.053097402301162,10.3363536086325,328.12522064294143,38.827515393381
42.2393616667,-70.95588,0,0.0,0.0,0.0,0.04821683309557775,0.48868778280542985,0.6316690442225392,0.5113122171945701,0.31982881597717544,25.70135746606335,30.131241084165477,0.6906355619430542,1.3393981317901011,1.1316292979156677,4.947783694978739,0.0,30.40803750395715
42.3966278229,-71.3998381179,0,0.12217194570135746,0.3797432239657632,0.07239819004524888,0.268188302425107,0.8054298642533937,0.28815977175463625,0.0,0.0,31.443438914027148,7.20827389443652,51.22287368774414,1.9856487856289975,1.3676799328401854,7.7031648314178565,197.01819537481484,34.060444255783715
42.6138083333,-71.3673083333,0,0.05429864253393665,0.08359486447931526,0.0,0.029671897289586305,0.9457013574660633,0.8855920114122682,0.0,0.0,14.723981900452488,20.057631954350928,64.1383285522461,2.572555632365603,1.805879638040982,17.16616671451408,64.50647272998964,8.152298300751085
42.4844133333,-71.9379966667,0,0.6108597285067874,0.4310984308131241,0.18099547511312217,0.24365192582025677,0.2081447963800905,0.17061340941512126,0.0,0.143509272467903,1.1266968325791855,1.9788873038516406,317.68377685546875,3.5273047331592213,2.1646247619827563,11.897234049040122,85.07868008360468,60.898052459413215
42.4560383333,-71.19182,0,0.0,0.11840228245363767,0.0,0.04079885877318117,1.0,0.8399429386590584,0.0,0.0,33.547511312217196,23.188587731811698,47.56221389770508,1.730020160130547,2.0340701199102296,10.774525786624926,72.73071035541912,23.123995759545135
42.1265263219,-71.1864838762,0,0.23076923076923078,0.40912981455064196,0.23076923076923078,0.16176890156918688,0.5384615384615384,0.4194008559201141,0.0,0.0,10.941176470588236,10.447360912981456,68.30127716064453,1.3303774545256897,2.0159640440935283,10.372481684234842,110.9384697695543,20.319561288868453
42.4369123728,-72.5367382542,0,0.03619909502262444,0.42368045649072755,0.0,0.04907275320970043,0.0,0.11754636233951497,0.0,0.0,0.0,2.6573466476462198,87.99214935302734,3.099452724044315,2.7672669822887292,17.344171148779488,322.6218167631324,1.7527095609917056
41.513671875,-71.1173553467,0,0.48868778280542985,0.3432239657631954,0.20361990950226244,0.11469329529243938,0.167420814479638,0.31212553495007134,0.0,0.03537803138373752,1.8190045248868778,4.48416547788873,17.771709442138672,1.3794081514526995,1.2871279574012107,8.267277318631056,145.7692945884924,75.17853325197107
41.884125,-70.5386805556,0,0.38009049773755654,0.305848787446505,0.0,0.037089871611982884,0.6199095022624435,0.4165477888730385,0.0,0.1774607703281027,13.542986425339366,11.02681883024251,15.639111518859863,0.8541391313663769,1.2255212282319827,6.464872274329335,80.29080825954377,3.8551444396245436
42.3066741,-71.7961324,0,0.0,0.0011412268188302425,0.0,0.0014265335235378032,1.0,0.997432239657632,0.0,0.0,42.77828054298642,53.490727532097004,177.6352081298828,2.600295242765385,2.263912125441624,17.668571093215927,338.6271829995811,6.273073976749234
42.2271888889,-71.1342555556,0,0.02262443438914027,0.08587731811697574,0.8009049773755657,0.527246790299572,0.17647058823529413,0.36433666191155495,0.0,0.006276747503566334,12.054298642533936,20.736376604850214,12.308968544006348,0.16820073514303957,1.131097905340658,7.269775855240402,0.0,141.1003559652173
42.528210119,-70.7966264385,0,0.0,0.0025677603423680455,0.0,0.010271041369472182,0.0,0.003994293865905849,1.0,0.9686162624821684,0.0,0.051069900142653356,-0.12097615748643875,0.12708907514148374,0.22274331555456126,1.7070580997872125,0.0,3439.135732300689
42.481655,-71.48263667,0,0.2669683257918552,0.1520684736091298,0.6877828054298643,0.37860199714693293,0.04524886877828054,0.4550641940085592,0.0,0.0017118402282453639,0.8190045248868778,11.25021398002853,62.58769989013672,0.8280809314744135,0.8732838707453116,3.898151367912721,4.393715763453238,244.7260253352306
42.6585755042,-72.107204179,0,0.2895927601809955,0.6570613409415121,0.46153846153846156,0.19914407988587732,0.05429864253393665,0.027389443651925822,0.0,0.0,0.5248868778280543,0.21683309557774608,260.0500183105469,1.5599855123308615,2.165052357150052,9.041688704279105,45.77847650869393,40.73064383067504
42.4783854265,-73.239053199,0,0.48868778280542985,0.29643366619115546,0.3574660633484163,0.06818830242510698,0.12669683257918551,0.609129814550642,0.0,0.0005706134094151213,2.588235294117647,15.284165477888731,346.4632568359375,2.878016783195523,2.1116743572744605,14.419428874280971,11.70186103374981,189.12885551677905
42.67681,-73.06397,0,0.9321266968325792,0.9914407988587732,0.04524886877828054,0.006562054208273894,0.0,0.0005706134094151213,0.02262443438914027,0.0014265335235378032,0.0,0.007703281027104137,702.1708984375,9.117888777415391,11.081377317120504,57.46135236266012,6.399451130269899,847.3162580333172
42.3560576988,-71.4187939589,0,0.11764705882352941,0.1660485021398003,0.579185520361991,0.38716119828815976,0.3031674208144796,0.43423680456490726,0.0,0.0,4.493212669683258,14.603994293865906,37.184600830078125,0.35261063438612833,0.7886052666870399,3.3410948835644247,28.326815064620764,131.7026126954756
42.3712628562,-71.0352637991,0,0.0,0.0,0.0,0.0017118402282453639,1.0,0.8236804564907275,0.0,0.1746077032810271,84.710407239819,67.64393723252496,2.6443283557891846,0.10216786941987736,0.5983878667194639,3.2863915444728145,584.7529413505748,34.451301868357085
42.06691395,-72.15300728,0,0.2579185520361991,0.5634807417974322,0.03167420814479638,0.03737517831669044,0.3031674208144796,0.23594864479315264,0.3665158371040724,0.11241084165477888,4.180995475113122,3.8393723252496432,208.8011474609375,2.1335277360312315,3.483751165878124,21.82291746446979,10.031759077904375,101.05735767756329
42.4449358255,-71.5964895651,0,0.6425339366515838,0.6776034236804565,0.004524886877828055,0.08701854493580599,0.2986425339366516,0.20770328102710414,0.0,0.0,3.1131221719457014,3.1691868758915835,144.2465362548828,3.7485973493355593,2.6733528252600576,21.55191365045717,133.17464915774545,88.33264422334486
42.6435321608,-71.3497240167,0,0.18552036199095023,0.08159771754636234,0.09049773755656108,0.033951497860199714,0.7239819004524887,0.7355206847360913,0.0,0.14893009985734665,20.81447963800905,31.517831669044224,33.49875259399414,1.285775983751082,0.9266222912849311,6.099827947349982,119.07950633210756,101.02644317232829
42.68369175,-70.5331118833,0,0.0,0.0,0.0,0.0,0.0,0.0,1.0,1.0,0.0,0.0,0.0,0.0,0.0,0.0,0.0,5744.89776426848
41.2883398379,-70.0051543862,0,0.06334841628959276,0.35406562054208274,0.7285067873303167,0.4970042796005706,0.11312217194570136,0.03281027104136947,0.0,0.010556348074179744,0.8190045248868778,0.3514978601997147,7.992592811584473,0.9081141744916709,0.6147702056452643,5.530468918461849,215.8270528942778,6.950577626271886
42.33472,-71.39453,0,0.18099547511312217,0.14664764621968615,0.6108597285067874,0.21940085592011413,0.19457013574660634,0.6039942938659059,0.0,0.0,3.085972850678733,17.46562054208274,36.64569854736328,1.5070796327204492,1.5326735709670287,7.586996661952879,0.0,44.194920338558624
42.495166515,-71.4765790478,0,0.11764705882352941,0.23823109843081314,0.6968325791855203,0.2579172610556348,0.18552036199095023,0.4587731811697575,0.0,0.0008559201141226819,3.48868778280543,9.6981455064194,63.523189544677734,1.625400472470239,1.3046318459560795,6.508232847228676,12.598873141154877,5.2198806497365045
41.991213,-70.861985,0,0.2081447963800905,0.17489300998573468,0.12669683257918551,0.362339514978602,0.665158371040724,0.35463623395149785,0.0,0.009985734664764621,17.30316742081448,8.575748930099858,23.257488250732422,0.9105824051618627,0.6619745280602357,2.880136734500145,55.17497603340745,33.6568962605357
42.4994666667,-72.4183166667,0,0.4660633484162896,0.7671897289586306,0.39819004524886875,0.12068473609129815,0.0,0.030813124108416547,0.13122171945701358,0.07817403708987161,0.0,0.34807417974322397,273.5344543457031,2.046714932851511,3.7129904602197823,18.337555390976775,52.220276729294774,327.6578567976724
42.072591316,-71.6206304357,0,0.18552036199095023,0.14750356633380884,0.39819004524886875,0.30099857346647646,0.36199095022624433,0.5018544935805992,0.0,0.0014265335235378032,11.886877828054299,16.932667617689017,67.81002044677734,0.5667324321720597,1.5675531212719511,11.972091335070134,170.1754960916256,278.0227047219649
41.8922222222,-70.7241666667,0,0.2081447963800905,0.30756062767475034,0.12217194570135746,0.15092724679029956,0.3936651583710407,0.17232524964336662,0.004524886877828055,0.019971469329529243,8.733031674208144,4.600285306704707,35.150997161865234,0.6090440989080999,0.55985366580677,2.5483864091800794,134.28349690355168,16.690401763825523
42.5090757203,-72.4774249939,0,0.9321266968325792,0.8661911554921541,0.0,0.039942938659058486,0.06787330316742081,0.053637660485021395,0.0,0.0,0.3212669683257919,0.5520684736091298,250.74783325195312,6.3359100198514,5.681988096659848,38.648929360114366,192.23141122801874,36.96759536687121
42.0984458923,-70.2021408081,0,0.0,0.0,0.0,0.0,0.0,0.0,1.0,1.0,0.0,0.0,0.0,0.0,0.0013516762365229004,0.005491086950576994,0.0,1957.0836922799244
42.504885,-71.493385,0,0.2986425339366516,0.5203994293865906,0.27601809954751133,0.28416547788873037,0.4117647058823529,0.1788873038516405,0.004524886877828055,0.0011412268188302425,5.470588235294118,3.0573466476462197,75.38502502441406,0.8112851181360471,1.5018013809016073,7.452164022718106,134.89687104768512,82.78199026886531
42.367805,-71.5356666667,0,0.13574660633484162,0.09415121255349501,0.0,0.03195435092724679,0.8642533936651584,0.7195435092724679,0.0,0.15092724679029956,16.212669683257918,20.647646219686163,103.68681335449219,3.734568980597233,2.7399905861634415,20.728803715137907,255.63723173912192,21.030475656580474
42.551335093,-72.5017055869,0,0.8371040723981901,0.8453637660485022,0.0,0.007417974322396576,0.027149321266968326,0.08502139800285306,0.0,0.0,0.5339366515837104,1.3189728958630529,198.71218872070312,9.383978586499857,6.2038505641830035,52.29384369144455,632.3394576384256,18.068505215601256
42.43652,-71.28216667,1,0.35294117647058826,0.4456490727532097,0.5203619909502263,0.40684736091298146,0.12669683257918551,0.13865905848787446,0.0,0.0,4.095022624434389,2.9340941512125536,61.110450744628906,1.3332844873175962,1.4129989745726743,8.192386508845505,76.99377655875426,16.447419590250725
42.5976538732,-71.4299936339,0,0.167420814479638,0.3326676176890157,0.4298642533936652,0.14893009985734665,0.40271493212669685,0.4764621968616263,0.0,0.005135520684736091,7.095022624434389,8.46077032810271,50.0561637878418,1.1270577623200322,1.9849568556609978,11.002702299226625,6.879614493921719,142.99448932610682
42.3759333333,-71.9277583333,0,0.11312217194570136,0.35691868758915835,0.0,0.10299572039942939,0.8552036199095022,0.3934379457917261,0.0,0.035092724679029956,25.18552036199095,9.348930099857347,337.16534423828125,3.3585406219454206,2.790880038211759,18.655811288392144,31.33857857593765,0.9318796167161729
42.4430758,-71.9618071997,0,0.4841628959276018,0.5977175463623395,0.5067873303167421,0.2815977175463623,0.0,0.08930099857346648,0.00904977375565611,0.005135520684736091,0.0,1.63623395149786,269.86468505859375,5.252204762058911,2.723742030117726,17.085020484263232,4.958780716083524,490.26649470553593
42.0470401658,-70.6423201032,0,0.0,0.0,0.0,0.006276747503566334,0.0,0.019686162624821684,0.6108597285067874,0.8619115549215407,0.0,0.47617689015691866,0.6845234036445618,0.4262709601014741,0.25867457699722607,1.291770014784195,63.58603787723234,13.12620442869059
42.335495,-71.7874916667,0,0.01809954751131222,0.1101283880171184,0.013574660633484163,0.04850213980028531,0.9683257918552036,0.8405135520684736,0.0,0.0,31.728506787330318,27.66904422253923,196.10662841796875,1.9076658854955966,2.156804773198821,9.941648211418265,92.13368999638712,18.34493415832111
41.6801633333,-70.548675,0,0.40271493212669685,0.6410841654778887,0.0,0.0,0.167420814479638,0.2079885877318117,0.0,0.0,4.6877828054298645,7.411412268188302,41.20366668701172,0.672048742862587,0.531511005310358,2.2429925663247245,1223.3319352927717,85.04234397697229
42.4259425446,-71.1081994325,0,0.0,0.14835948644793154,0.0,0.010841654778887305,1.0,0.8407988587731812,0.0,0.0,47.89592760180995,44.65592011412268,16.1622314453125,2.3252434451511004,1.8414569712402162,12.066013435833112,529.7850495514383,53.050147488881784
42.6113816025,-71.579722222,0,0.20361990950226244,0.1674750356633381,0.04072398190045249,0.10784593437945791,0.746606334841629,0.4921540656205421,0.0,0.0002853067047075606,14.570135746606335,11.93808844507846,94.0919418334961,1.4628179071472849,1.4837316314211972,10.715568100398967,396.931835157016,20.614967071850728
42.0661838735,-71.587185497,0,0.29411764705882354,0.6830242510699002,0.24434389140271492,0.16690442225392296,0.45248868778280543,0.13666191155492155,0.0,0.0,9.343891402714933,2.50641940085592,116.91474914550781,3.2882862163579136,2.2346278752433513,12.761186884493771,78.74199098518551,132.76726636676457
41.9818721838,-70.7455034945,0,0.3031674208144796,0.4222539229671897,0.4117647058823529,0.18373751783166906,0.248868778280543,0.3572039942938659,0.03619909502262444,0.018544935805991442,3.6108597285067874,7.87960057061341,16.62674903869629,1.7117283993387378,1.6382389175487342,9.923653198555968,0.0,17.460343545044253
42.453482,-72.5640196,0,0.27601809954751133,0.44022824536376604,0.0,0.026818830242510697,0.7194570135746606,0.2296718972895863,0.0,0.0,29.592760180995477,7.373466476462196,61.00837326049805,6.8557342776706545,4.342821394561631,39.249678464286895,253.3086014204049,49.059961397612085
42.801148465,-70.9648373836,1,0.9004524886877828,0.5814550641940086,0.0,0.11925820256776035,0.0,0.14122681883024252,0.0,0.019971469329529243,0.0,2.138088445078459,26.116992950439453,3.627057759679529,2.752854545402556,12.262464871448019,348.5494327410373,242.89200307941084
42.3458766351,-71.1966287712,1,0.09502262443438914,0.025677603423680456,0.0,0.0014265335235378032,0.9049773755656109,0.9700427960057061,0.0,0.0028530670470756064,21.84162895927602,31.29586305278174,28.884124755859375,1.8682476778763002,1.8910845556758489,12.426490260311038,7.294377839748528,96.06510430681999
42.4879833333,-73.256225,0,0.0,0.18002853067047075,0.0,0.047075606276747506,0.8280542986425339,0.4921540656205421,0.17194570135746606,0.251925820256776,24.782805429864254,9.704422253922967,339.431396484375,1.566698756380216,1.5250743992943205,7.044853226504343,118.81030250597328,0.8893201593865542
42.5770140533,-72.2625667845,0,0.22624434389140272,0.28074179743223965,0.3257918552036199,0.10841654778887304,0.4117647058823529,0.5492154065620543,0.03619909502262444,0.016262482168330955,11.7420814479638,17.6867332382311,155.8694610595703,0.7585601888071394,1.7505606634506878,7.269957806797902,101.15594692035332,116.01519571802824
42.2547593078,-71.329718033,1,0.6063348416289592,0.49358059914407987,0.2171945701357466,0.16490727532097005,0.07692307692307693,0.27360912981455066,0.0,0.00912981455064194,0.7420814479638009,4.184022824536377,40.454044342041016,1.2660114975420016,1.6036729356921338,7.392848247295549,18.263692798675155,45.36384231235945
42.26505,-72.6787116667,0,0.12217194570135746,0.07560627674750357,0.19457013574660634,0.16776034236804566,0.6832579185520362,0.7315263908701855,0.0,0.002282453637660485,20.04977375565611,25.297574893009987,57.30734634399414,1.367658240312923,1.3069453427277307,6.412749304882551,156.47624392378177,11.352440900310478
42.3765183333,-71.455605,0,0.3891402714932127,0.3680456490727532,0.23076923076923078,0.15606276747503567,0.38009049773755654,0.46048502139800285,0.0,0.008559201141226819,6.099547511312217,5.943794579172611,53.103179931640625,0.7950562534547001,0.7097149383963572,2.5583684046670423,37.21127652057996,63.40135371683637
42.5441418209,-72.3593490647,0,0.8687782805429864,0.8893009985734665,0.12217194570135746,0.05335235378031384,0.00904977375565611,0.03138373751783167,0.0,0.0,0.24434389140271492,0.31726105563480744,329.4670715332031,2.1697987710956386,4.106947032922132,23.09882217053418,153.36683778691614,0.6175717554680338
41.285840066,-70.1044926838,0,0.0,0.0002853067047075606,0.0,0.024251069900142655,1.0,0.8961483594864479,0.0,0.06647646219686162,30.330316742081447,34.776319543509274,3.0696353912353516,0.8435262487727316,0.7675914814768949,4.865954221970947,281.57971815303,99.86652072155027
41.450228,-70.6385099722,0,0.7828054298642534,0.8222539229671897,0.0,0.027389443651925822,0.2081447963800905,0.07446504992867332,0.0,0.0005706134094151213,2.176470588235294,0.7258202567760342,29.88288688659668,1.6108895964257584,1.4536589100049258,9.279828871476958,406.4106705153244,7.226082965206522
41.7138197965,-70.2810272071,0,0.0,0.03366619115549215,0.0,0.11640513552068474,0.0,0.07703281027104136,1.0,0.7329529243937233,0.0,1.2733238231098432,-1.6981630325317383,0.04345996288565659,0.4109146472984703,3.2417826198348525,0.0,594.4063887424535
42.5459681527,-71.2741997713,0,0.03619909502262444,0.10099857346647646,0.13574660633484162,0.12981455064194009,0.8280542986425339,0.7554921540656205,0.0,0.003138373751783167,19.384615384615383,27.346647646219687,54.66132354736328,0.5459353513833115,1.5158955938239078,7.462799236171976,48.43418189795172,18.736000985853373
42.3745805556,-71.1151972222,0,0.0,0.0,0.0,0.0008559201141226819,1.0,0.9711840228245364,0.0,0.027960057061340943,68.38461538461539,61.01854493580599,9.253286361694336,0.4310817003539833,0.4623399245889918,2.4313861716790623,655.5118041723725,52.841955277271786
42.2816116728,-71.2499083333,0,0.0,0.07332382310984308,0.00904977375565611,0.08930099857346648,0.9819004524886877,0.8356633380884451,0.00904977375565611,0.0014265335235378032,32.42986425339367,24.83166904422254,41.17841339111328,1.5422487307500699,1.3579347368574628,7.571262552326277,34.52716271583844,11.183690829357728
42.3963943261,-71.1748170949,0,0.0,0.041940085592011414,0.03619909502262444,0.010841654778887305,0.9638009049773756,0.9366619115549215,0.0,0.010556348074179744,49.92760180995475,30.178601997146934,11.271574974060059,2.803782644633608,2.886742581315224,24.06486380567588,301.486626472035,20.47186888323232
41.4299421546,-70.6010198645,0,0.25339366515837103,0.48673323823109843,0.09954751131221719,0.015977175463623396,0.167420814479638,0.3286733238231098,0.4434389140271493,0.12838801711840228,3.0407239819004523,5.542368045649073,3.0938827991485596,2.468235858957428,1.732101721693089,9.611586127932116,22.49800009463804,0.8917255778942546
42.6981089861,-71.9061904687,1,0.5384615384615384,0.8105563480741798,0.248868778280543,0.12981455064194009,0.13122171945701358,0.039942938659058486,0.0,0.0011412268188302425,2.995475113122172,1.082453637660485,377.4071044921875,2.8494745257814897,5.5539650677388055,39.73218042856729,1.677424118367021,80.07411237719646
42.1602314176,-71.5539482917,0,0.3755656108597285,0.2912981455064194,0.04072398190045249,0.15463623395149786,0.583710407239819,0.5429386590584879,0.0,0.003994293865905849,14.004524886877828,13.625962910128388,119.21182250976562,5.955145881069236,2.774584644483893,27.665053028228787,69.9148017387839,9.962409129826117
42.061411213,-70.1517989052,0,0.0,0.05021398002853067,0.04072398190045249,0.04450784593437946,0.10407239819004525,0.13894436519258202,0.37104072398190047,0.44365192582025675,7.036199095022624,6.94151212553495,0.5746883153915405,0.5291802594163948,0.626621741388662,4.823041120711735,0.0,140.15690906018767
42.1307138185,-72.4501445937,0,0.06334841628959276,0.22567760342368046,0.6742081447963801,0.4624821683309558,0.0,0.24022824536376605,0.0,0.0,0.0,4.689015691868759,75.354736328125,0.4943617984997585,0.7321736810030344,3.8939081478709037,15.643644973222651,593.9202881787504
42.437468105,-71.1250600197,1,0.6561085972850679,0.4462196861626248,0.17647058823529413,0.026248216833095576,0.167420814479638,0.5007132667617689,0.0,0.021112696148359488,2.2941176470588234,13.645363766048503,37.57744598388672,2.4009880296902493,2.0011951100036294,10.960817495535359,21.487027732755987,92.25247454360428
42.4707566667,-72.2789883333,0,0.497737556561086,0.44878744650499286,0.01809954751131222,0.018544935805991442,0.0,0.0,0.3665158371040724,0.4921540656205421,0.0,0.0,160.51475524902344,1.3524159430959937,1.5722415333005373,15.43679378352328,0.0,8.895834956638508
42.5331138889,-71.3076111111,0,0.4117647058823529,0.34008559201141225,0.1085972850678733,0.251925820256776,0.3665158371040724,0.29300998573466475,0.049773755656108594,0.0667617689015692,5.375565610859729,5.5746077032810275,39.1090087890625,1.7164081717356945,1.3378900005595016,8.55955933893448,0.0,143.17474116507958
42.748213187,-70.8054531366,0,0.0,0.003994293865905849,0.7963800904977375,0.4136947218259629,0.0,0.028530670470756064,0.12669683257918551,0.4002853067047076,0.0,0.5449358059914408,1.415065050125122,0.08790117612708855,0.22925702094885922,1.73347875330697,0.0,63.51433895454844
42.1027666667,-73.4309833333,0,1.0,0.9777460770328102,0.0,0.0028530670470756064,0.0,0.0,0.0,0.018544935805991442,0.0,0.0,758.4767456054688,12.599272525108395,12.473691892800703,60.487047697431265,702.5515020079158,36.163601257875804
42.7754383333,-71.0127333333,0,0.7013574660633484,0.4556348074179743,0.04072398190045249,0.024821683309557776,0.17194570135746606,0.38487874465049926,0.0,0.09871611982881598,4.3031674208144794,9.277032810271042,38.01750564575195,3.6067444456215045,2.7277071370100177,20.491964064415594,174.81598558460766,4.805293336489391
42.3304558762,-71.4185212314,1,0.1583710407239819,0.05563480741797432,0.0,0.010556348074179744,0.8416289592760181,0.9335235378031383,0.0,0.0002853067047075606,20.764705882352942,24.05592011412268,55.639278411865234,0.6278090333365609,1.0787244504019666,6.462655795299338,218.08955914142413,88.67526871227311
42.8096383333,-70.974905,1,0.6606334841628959,0.4770328102710414,0.27149321266968324,0.13495007132667616,0.03619909502262444,0.16947218259629102,0.0,0.019971469329529243,0.8733031674208145,2.9945791726105564,33.671241760253906,2.3390670070313844,2.129667431694812,11.310599418905863,237.04465295323553,238.41984832919718
42.5590501244,-71.0537498678,0,0.18552036199095023,0.18858773181169758,0.13122171945701358,0.2861626248216833,0.6742081447963801,0.5241084165477888,0.0,0.0,8.81447963800905,7.168901569186876,26.85375213623047,2.479885733313113,1.5002301125896562,10.596670894695226,364.7011244857787,22.125222397558833
42.436905,-71.5519333333,1,0.9909502262443439,0.5403708987161199,0.0,0.14037089871611982,0.00904977375565611,0.2599144079885877,0.0,0.0014265335235378032,0.07692307692307693,6.1532097004279604,110.99563598632812,3.902950427709568,2.3900849103964625,19.720601257695833,128.1237182796051,269.75870861348466
42.6597807758,-73.2173030503,0,0.8733031674208145,0.6995720399429387,0.027149321266968326,0.03651925820256776,0.06334841628959276,0.05934379457917261,0.0,0.0,0.5248868778280543,0.6253922967189729,309.3728942871094,3.6359792609577357,5.652800489500573,28.507620220238035,50.55489227072936,71.48107781458651
42.8072983367,-70.9730597662,1,0.5520361990950227,0.47902995720399427,0.027149321266968326,0.13666191155492155,0.31221719457013575,0.17631954350927248,0.0,0.019971469329529243,4.176470588235294,3.3420827389443652,38.703346252441406,3.178576224248098,2.182762329031769,9.841857827166196,297.48516370957765,80.31876109147558
42.3609298984,-71.0480538758,0,0.0,0.0,0.0,0.0005706134094151213,0.45701357466063347,0.5406562054208274,0.5429864253393665,0.4587731811697575,33.92760180995475,43.442510699001424,-1.3119781017303467,0.3221283249235062,0.47174312709626065,2.797603515652202,0.0,86.89139396445547
42.4629633333,-71.0903861667,1,0.38009049773755654,0.2921540656205421,0.17194570135746606,0.04165477888730385,0.4479638009049774,0.46219686162624823,0.0,0.20085592011412268,20.217194570135746,15.560912981455065,49.580352783203125,1.1992489825969024,1.4371564507520689,7.546628197835273,318.40952928384036,96.46505642994441
42.0375615405,-71.1864542216,1,0.1085972850678733,0.18944365192582024,0.05429864253393665,0.23566333808844508,0.8371040723981901,0.5540656205420827,0.0,0.011982881597717546,17.39366515837104,14.44679029957204,45.64042663574219,0.44099331659696817,0.7986262375164688,3.7355504589125403,157.92997348146133,77.07408516427435
42.3056,-71.275895,1,0.0,0.07960057061340942,0.03619909502262444,0.020256776034236805,0.9638009049773756,0.8958630527817404,0.0,0.0008559201141226819,18.09502262443439,22.278174037089872,42.973026275634766,1.4331883738464535,2.2760283984631466,11.139801310650983,9.67952102528145,2.9955893506852997
42.392095,-71.1611638333,0,0.0,0.0011412268188302425,0.0,0.03281027104136947,0.9909502262443439,0.899286733238231,0.00904977375565611,0.0667617689015692,54.69683257918552,39.92952924393723,12.662778854370117,2.229039120118029,1.3249457436644674,10.995022507517943,191.03376891591105,8.37930358105264
42.4941054258,-71.3645266951,1,0.497737556561086,0.5152639087018545,0.1085972850678733,0.23880171184022825,0.004524886877828055,0.16490727532097005,0.3755656108597285,0.03052781740370899,0.14479638009049775,3.4151212553495007,60.96745300292969,1.641392605694293,1.3916187786529957,9.10911921928801,0.0,299.91391985078087
42.4241301431,-71.0261199426,0,0.0,0.0,0.0,0.003994293865905849,1.0,0.9960057061340941,0.0,0.0,61.14932126696833,53.43994293865906,3.6359667778015137,0.5393743653433626,1.039548895942841,7.771582581176195,245.52871901116123,11.503738424767949
42.2164405886,-71.4638801519,0,0.6334841628959276,0.5115549215406562,0.2850678733031674,0.19001426533523538,0.08144796380090498,0.2647646219686163,0.0,0.015691868758915834,0.8597285067873304,4.889300998573466,90.65353393554688,1.1359288367308715,1.8610484982746425,7.333327813028976,0.0,68.92732917370459
42.0514470851,-71.8732112926,0,0.0,0.010271041369472182,0.0,0.006562054208273894,1.0,0.9823109843081312,0.0,0.0008559201141226819,49.95022624434389,48.7169757489301,158.4930877685547,2.1192170873488303,1.6637024125947661,10.470307260641926,609.597167324292,1.2077544105398184
42.0722055,-70.9330533333,0,0.00904977375565611,0.15121255349500715,0.23529411764705882,0.21169757489301,0.755656108597285,0.6370898716119828,0.0,0.0,22.93212669683258,19.821112696148358,27.31651496887207,0.48534624595248016,0.6848558214896782,4.3218035510589905,104.61020116470776,19.99528877845513
42.6858009094,-71.1060648339,0,0.2579185520361991,0.18830242510699002,0.004524886877828055,0.07275320970042796,0.7285067873303167,0.6059914407988588,0.0,0.0673323823109843,10.429864253393665,10.009985734664765,55.805484771728516,2.30004044774095,2.4241735589739215,12.818351641591455,182.8729881447009,21.339453190259004
41.9876222222,-70.7891222222,0,0.3438914027149321,0.3897289586305278,0.16289592760180996,0.29243937232524964,0.4841628959276018,0.2990014265335235,0.0,0.0005706134094151213,14.402714932126697,6.3169757489300995,23.15576934814453,0.8546064662822628,0.7800321826424651,4.953516165908229,496.601471478677,18.128897625531796
42.8030090955,-70.8706436938,0,0.42081447963800905,0.046790299572039944,0.05429864253393665,0.024536376604850214,0.5158371040723982,0.9021398002853067,0.00904977375565611,0.0005706134094151213,6.755656108597285,40.58373751783167,20.955242156982422,1.2954932022898826,1.0204546262478993,5.056971551139979,172.377209870352,112.2982190402648
42.3464819284,-72.6818289974,0,0.13122171945701358,0.2918687589158345,0.0,0.09015691868758915,0.8687782805429864,0.5460770328102711,0.0,0.0019971469329529245,30.81900452488688,14.139514978601998,108.71619415283203,4.192934942718781,2.2283899607781694,11.918979058165542,324.92539301458544,1.3694664923437403
42.6901027778,-71.68915,0,0.5384615384615384,0.7534950071326676,0.3076923076923077,0.14293865905848788,0.15384615384615385,0.0912981455064194,0.0,0.005135520684736091,1.497737556561086,1.368901569186876,112.0213623046875,2.5972310294328556,2.5583662484524132,13.04311972371755,31.416380111087257,8.502789046962683
41.76579667,-69.941955,1,0.14027149321266968,0.09557774607703282,0.23076923076923078,0.3463623395149786,0.0,0.029671897289586305,0.29411764705882354,0.3751783166904422,0.0,0.5563480741797432,4.902007579803467,1.28547453214908,0.8991500229433953,3.741275107681478,41.65730384065809,370.5385125804016
42.2341666667,-70.8768305556,1,0.0,0.08216833095577745,0.0,0.14293865905848788,1.0,0.7666191155492154,0.0,0.0,21.334841628959275,13.586305278174038,13.857747077941895,1.0686177321755972,1.066947713668122,4.9232819326610775,274.9120985761046,3.3154217802023593
41.7009222222,-71.0286277778,0,0.4117647058823529,0.5355206847360913,0.0,0.07646219686162625,0.03619909502262444,0.034236804564907276,0.5339366515837104,0.3115549215406562,0.3212669683257919,0.4445078459343795,47.791996002197266,1.4272328371997338,1.342490668304096,7.162340446961175,0.0,900.433968236488
42.5316916667,-71.471275,0,0.04524886877828054,0.38830242510699003,0.0,0.11041369472182597,0.4072398190045249,0.34579172610556347,0.5429864253393665,0.12239657631954351,5.800904977375565,6.330955777460771,79.72016143798828,2.5807654098266957,2.0210562469949505,9.527616781360477,27.693364343912585,8.20892015503095
41.90725228,-70.5666164242,0,0.1493212669683258,0.3181169757489301,0.0,0.06048502139800285,0.0,0.32895863052781743,0.058823529411764705,0.053637660485021395,0.0,7.152924393723253,3.394362211227417,0.6561099379707871,1.285721098677219,5.729811255275751,0.0,327.0833938530147
42.452175,-71.0807888333,1,0.583710407239819,0.3549215406562054,0.0,0.012838801711840228,0.416289592760181,0.5885877318116975,0.0,0.034236804564907276,11.46606334841629,22.819400855920115,30.095109939575195,4.991502933020465,2.7482024733862733,22.357010158324904,339.2648333170895,73.66813739954614
42.656123409,-70.5985271019,1,0.3574660633484163,0.0282453637660485,0.07692307692307693,0.016547788873038517,0.5520361990950227,0.4333808844507846,0.004524886877828055,0.4764621968616263,13.02262443438914,10.25848787446505,11.6397705078125,2.15116302350633,1.0642547877801485,9.484450542497203,222.50049906616184,86.72301057139785
42.5163033279,-70.8912233078,0,0.0,0.0,0.0,0.003138373751783167,1.0,0.7891583452211127,0.0,0.2074179743223966,80.56108597285068,56.238231098430816,6.067704677581787,0.7318754206992788,0.6665616198082899,3.6033367753336516,319.4673398397163,11.899744965037689
42.8039380657,-70.9736983064,1,0.6334841628959276,0.4855920114122682,0.19457013574660634,0.14208273894436518,0.04072398190045249,0.1914407988587732,0.06787330316742081,0.019971469329529243,0.6561085972850679,3.0319543509272466,19.364795684814453,2.3303772167671846,2.2390096524201066,9.274794300437849,2.176332164358124,257.51192549940333
41.2884255214,-70.2484714987,0,0.0,0.0002853067047075606,0.04072398190045249,0.024251069900142655,0.0,0.0,0.38009049773755654,0.7657631954350927,0.0,0.0,-1.238084316253662,0.1839636662111414,0.21203676815920214,1.6678600717148928,44.06486014644238,562.4305324012489
41.3776782944,-70.5057886209,0,0.027149321266968326,0.19828815977175462,0.00904977375565611,0.05734664764621969,0.17647058823529413,0.36205420827389445,0.7104072398190046,0.29985734664764624,3.4072398190045248,7.645649072753209,0.6368700265884399,0.8851042263278757,0.7605888209226747,3.7715083691467335,0.0,269.6428590401051
42.4773616667,-73.23503,0,0.12669683257918551,0.3158345221112696,0.14479638009049775,0.07788873038516406,0.7285067873303167,0.578601997146933,0.0,0.0,8.027149321266968,12.248502139800285,356.4874267578125,2.5116616386497395,2.1967385593713673,13.38489652879596,111.4764652383187,50.794745377917415
42.0841335003,-71.0446888656,1,0.0,0.033095577746077035,0.0,0.045934379457917264,1.0,0.920114122681883,0.0,0.0002853067047075606,28.552036199095024,33.21797432239658,45.55949401855469,0.7640025309146872,0.7785830946121789,4.59672907752184,413.5165171631066,41.645900439583905
42.315497,-72.4760739722,0,0.4479638009049774,0.6504992867332382,0.03619909502262444,0.1557774607703281,0.36199095022624433,0.10756062767475036,0.0,0.0,5.542986425339366,1.568901569186876,68.33541870117188,3.16371355296369,3.762996008629108,34.40039429728405,368.9260734796461,4.858403841965289
42.6444740295,-71.3492584229,0,0.15384615384615385,0.09072753209700428,0.07692307692307693,0.0362339514978602,0.7692307692307693,0.7275320970042796,0.0,0.14550641940085593,23.307692307692307,30.392867332382313,33.49875259399414,1.285775983751082,0.9266222912849311,6.099827947349982,205.98484657009448,39.49912927083669
42.0510224283,-72.7655497938,0,0.37104072398190047,0.33723252496433664,0.15384615384615385,0.08216833095577745,0.3891402714932127,0.5275320970042796,0.0,0.0019971469329529245,9.882352941176471,13.121825962910128,71.92292022705078,1.5002568421246576,2.272851736243666,10.393170966593377,135.26818025484664,83.08555930091195
42.32948,-72.53377,1,0.6018099547511312,0.3948644793152639,0.03167420814479638,0.051925820256776035,0.03167420814479638,0.29985734664764624,0.0,0.0,0.751131221719457,7.487589158345221,70.72598266601562,2.154800448227302,1.4627884122230013,10.343649701029978,292.95662923176155,193.6410855643227
42.4969583333,-71.558945,0,0.3212669683257919,0.534379457917261,0.004524886877828055,0.037945791726105564,0.2171945701357466,0.12781740370898717,0.0,0.0002853067047075606,4.334841628959276,1.854493580599144,129.18214416503906,3.782889332697604,3.2479109685708942,23.393124316216344,139.19703641842466,52.364616849348224
42.4279745808,-71.1217361224,0,0.4660633484162896,0.2804564907275321,0.0,0.013124108416547788,0.5339366515837104,0.7064194008559201,0.0,0.0,16.981900452488688,30.323537803138375,26.824085235595703,2.8085343696432923,1.8372676134928987,10.889510827078645,194.5996394978214,71.45801671653435
42.2943572998,-73.3276367188,0,0.05429864253393665,0.23566333808844508,0.6153846153846154,0.3215406562054208,0.2579185520361991,0.2995720399429387,0.0,0.003708987161198288,7.678733031674208,4.075606276747504,250.15872192382812,0.5745704283047973,2.3572529845837003,17.719047699705733,82.3526931596953,0.14756943857486177
41.7073695066,-69.970459704,0,0.0,0.011126961483594865,0.16289592760180996,0.10014265335235378,0.26244343891402716,0.5263908701854494,0.5565610859728507,0.3486447931526391,8.235294117647058,14.786590584878745,0.5225164294242859,0.8279490808747181,0.858814982238107,4.214683135097642,0.0,206.38679467416554
42.6856741632,-70.8254825324,0,0.049773755656108594,0.23138373751783167,0.004524886877828055,0.19800285306704707,0.9140271493212669,0.45706134094151213,0.01809954751131222,0.06875891583452211,20.710407239819006,9.155206847360914,7.569360733032227,1.162133415017675,1.5148472941813549,10.174023314592297,193.19811725887197,28.50844072385176
42.5345141488,-72.2103365511,1,0.8190045248868778,0.809700427960057,0.16289592760180996,0.14465049928673324,0.004524886877828055,0.005135520684736091,0.0,0.020256776034236805,0.06787330316742081,0.04450784593437946,242.2051239013672,1.6622598939571256,1.960921880933609,12.462704439337283,126.16052118636824,41.738894747139234
42.55330861,-70.78187879,0,0.06334841628959276,0.003994293865905849,0.07239819004524888,0.016547788873038517,0.0,0.006562054208273894,0.7873303167420814,0.9620542082738944,0.0,0.21540656205420827,3.367206335067749,0.6899687808416642,0.18170110319174168,1.1632471569973573,65.71224903954676,878.1559564715716
42.2646121718,-72.6961325315,0,0.35294117647058826,0.35805991440798857,0.49321266968325794,0.22368045649072754,0.08144796380090498,0.2647646219686163,0.0,0.0,1.914027149321267,6.249358059914408,44.02827835083008,1.517169364629525,1.3793992085239588,6.0789927099320575,20.775445598474775,227.39866134714993
42.3268448108,-71.182294969,1,0.8190045248868778,0.15663338088445078,0.01809954751131222,0.04850213980028531,0.16289592760180996,0.7840228245363766,0.0,0.010841654778887305,1.4389140271493213,25.934950071326675,59.74460983276367,2.058564351856544,1.8157596497891488,7.34796206843786,155.48148946125906,171.6859185640358
42.4285283333,-71.1886866667,0,0.0,0.03965763195435093,0.058823529411764705,0.06904422253922968,0.5113122171945701,0.8621968616262482,0.4253393665158371,0.028815977175463622,16.361990950226243,32.950071326676174,46.7064323425293,1.5986277577662371,2.2919732843412217,10.905830612736537,0.0,166.916237326044
42.5856166667,-71.101875,1,0.09049773755656108,0.1463623395149786,0.12669683257918551,0.08359486447931526,0.7828054298642534,0.7674750356633381,0.0,0.0011412268188302425,14.864253393665159,15.809129814550642,41.63805389404297,1.4353828869138023,1.385641042245597,6.149986339156749,94.93622863350905,49.18334048944623
42.4569154597,-71.6517789536,1,0.06334841628959276,0.09500713266761769,0.3665158371040724,0.45392296718972897,0.07239819004524888,0.105848787446505,0.0,0.0025677603423680455,0.6470588235294118,2.231954350927247,69.06816101074219,0.06968732647000278,0.9160011080854217,4.847976063791296,0.0,186.7501143350572
41.9363833333,-70.0468611111,0,0.027149321266968326,0.024536376604850214,0.28054298642533937,0.22767475035663337,0.6877828054298643,0.6308131241084165,0.0,0.07189728958630527,11.85972850678733,14.001711840228245,6.660212993621826,1.707076814675884,1.4159058644181177,6.681538989669776,110.47870531495417,3.3125141415712362
42.2673938,-71.6651644,0,0.2579185520361991,0.35920114122681884,0.02262443438914027,0.15977175463623394,0.7194570135746606,0.4099857346647646,0.0,0.0011412268188302425,11.470588235294118,11.94151212553495,125.2895736694336,2.2987653354860544,2.6754858389487697,18.81668540634227,316.4564707118771,29.495132494503753
42.4680511739,-72.0002958811,1,0.26244343891402716,0.44365192582025675,0.20361990950226244,0.2405135520684736,0.2579185520361991,0.14065620542082738,0.11312217194570136,0.05706134094151213,7.407239819004525,3.2099857346647647,260.7960205078125,2.8633970131893296,2.3138453468127054,14.007013763503513,12.602213921531716,9.853489666256035
42.4891361111,-71.7673166667,0,0.4298642533936652,0.35520684736091296,0.23076923076923078,0.06875891583452211,0.013574660633484163,0.3589158345221113,0.0,0.0362339514978602,0.3076923076923077,9.255920114122683,153.3004150390625,2.7252478528860435,2.7522583020775033,22.724116927597578,251.9698233472456,312.88412484677076
42.70019695,-72.40004373,0,1.0,0.9649072753209701,0.0,0.003138373751783167,0.0,0.03195435092724679,0.0,0.0,0.0,0.47560627674750355,247.4714813232422,4.374587634443622,6.718323520888554,30.75037278739716,139.43900367512182,412.59986129890837
42.6803366667,-70.7445233333,0,0.0,0.0025677603423680455,0.01809954751131222,0.13666191155492155,0.0,0.0,0.43891402714932126,0.5121255349500713,0.0,0.0,1.418393850326538,0.6861667613243164,0.3574677043896062,2.534150235165707,99.22623545088533,1877.6710497715164
42.4242833333,-72.18902,0,0.6108597285067874,0.7905848787446506,0.25339366515837103,0.09957203994293866,0.1085972850678733,0.05563480741797432,0.004524886877828055,0.0002853067047075606,0.8597285067873304,0.5563480741797432,244.19033813476562,3.485449095417663,3.989307300505358,32.604166984468584,15.382478048869949,26.424761818181317
42.29622,-71.4968033333,0,0.004524886877828055,0.27417974322396577,0.01809954751131222,0.043937232524964336,0.9773755656108597,0.6699001426533524,0.0,0.007132667617689016,51.457013574660635,29.860485021398002,89.97254943847656,3.2995326362939283,2.548681019229574,15.442816684356158,306.20611490786894,0.08061555045576602
41.6694833333,-70.02665,0,0.0,0.0,0.15384615384615385,0.11383737517831669,0.3574660633484163,0.3383737517831669,0.27601809954751133,0.48302425106990016,8.904977375565611,9.535235378031384,0.5046773552894592,0.9976909472962383,0.6180132231240314,5.129661241373343,27.667661099937508,6.170487682741746
42.4428836517,-71.074962301,0,0.6877828054298643,0.27018544935805994,0.01809954751131222,0.02767475035663338,0.29411764705882354,0.6824536376604851,0.0,0.010271041369472182,9.918552036199095,28.09243937232525,38.59920883178711,5.418196063622418,2.784310487676003,21.542995613265553,5.060431766157732,117.3324407206747
42.41641728,-71.4729522896,0,0.6742081447963801,0.6342368045649073,0.1493212669683258,0.20313837375178317,0.049773755656108594,0.03166904422253923,0.0,0.03109843081312411,1.0407239819004526,0.49529243937232525,66.50650787353516,2.6751704844083335,1.6610280069486905,6.867346044468549,120.27720279636706,15.168836615388438
42.36955,-71.1175388333,0,0.0,0.0,0.00904977375565611,0.0008559201141226819,0.8687782805429864,0.9686162624821684,0.12217194570135746,0.03052781740370899,49.27149321266968,63.525534950071325,3.1554882526397705,0.6936637992771578,0.45000057604253174,2.7296003773578623,73.67667155266838,21.048584748930107
42.1917164444,-72.3046884722,0,0.8687782805429864,0.7089871611982882,0.07692307692307693,0.06333808844507846,0.0,0.12610556348074178,0.05429864253393665,0.0034236804564907277,0.0,2.246504992867332,125.6418685913086,2.3142285317438818,4.060591593293805,21.69195134237312,0.5083705207368016,26.72407739086076
42.5136979835,-71.2999274615,0,0.5520361990950227,0.25848787446504995,0.19457013574660634,0.4938659058487874,0.23076923076923078,0.15720399429386592,0.0,0.04365192582025677,4.950226244343892,2.895007132667618,41.36366271972656,0.9702430110938405,0.707175970448295,4.3322941244281905,318.37042774206935,15.818792172033346
42.8039254845,-70.973317661,1,0.6470588235294118,0.49072753209700426,0.18552036199095023,0.14122681883024252,0.02262443438914027,0.18830242510699002,0.09049773755656108,0.019971469329529243,0.248868778280543,2.9854493580599146,18.920612335205078,1.9992729796910393,2.4138030962374284,11.034142127082184,6.694221487312834,262.63344540016715
42.4656618889,-71.2545677778,1,0.06334841628959276,0.1557774607703281,0.5429864253393665,0.23166904422253923,0.3031674208144796,0.6022824536376605,0.0,0.0,13.524886877828054,22.568901569186878,38.55070877075195,0.925641791093208,1.291105826093632,6.929619681873859,0.0,110.86803109101957
42.6069037597,-71.4880169289,0,0.579185520361991,0.7018544935805991,0.2669683257918552,0.12610556348074178,0.1493212669683258,0.15691868758915833,0.0,0.005135520684736091,2.2081447963800906,2.642796005706134,74.3983383178711,2.625065717456217,2.3649502117677224,10.876903209024032,98.23419539694558,30.28505498187517
42.5956491474,-71.4214792662,0,0.7194570135746606,0.30527817403708984,0.03167420814479638,0.15235378031383737,0.24434389140271492,0.5061340941512126,0.0,0.0002853067047075606,3.176470588235294,8.62453637660485,72.89212799072266,3.4582459788255875,2.1791080291584097,11.871991527200862,246.39620341910424,43.61080202029853
42.3788533333,-71.173575,0,0.0,0.0,0.0,0.0,1.0,1.0,0.0,0.0,43.79185520361991,44.92410841654779,59.44458770751953,1.9753562409728933,2.560268736528819,12.231606831394338,508.6949042436079,8.110577865633527
42.21725,-71.1389066667,0,0.15384615384615385,0.2211126961483595,0.8461538461538461,0.6365192582025677,0.0,0.12810271041369473,0.0,0.0,0.0,4.493009985734664,13.256752014160156,1.0908704607637405,1.2158838182049414,12.180055848535407,116.02227883170728,630.1160069830602
42.4359942688,-72.5216941055,0,0.6877828054298643,0.6878744650499287,0.11764705882352941,0.10014265335235378,0.09049773755656108,0.12353780313837376,0.0,0.0,0.5701357466063348,1.5534950071326676,95.37861633300781,2.6053791619052618,2.541276585160309,10.509084567103397,198.965306207098,169.1628314760364
42.3202555556,-71.2345583333,0,0.00904977375565611,0.0068473609129814554,0.13122171945701358,0.0550641940085592,0.8235294117647058,0.9312410841654779,0.03619909502262444,0.0068473609129814554,38.78733031674208,30.11611982881598,20.37574577331543,0.5869670912847847,1.6482182760730422,8.528361033226464,29.164192342390965,32.19852354969931
41.5259394055,-70.6548474803,1,0.19909502262443438,0.14236804564907277,0.31221719457013575,0.03651925820256776,0.48868778280542985,0.5349500713266762,0.0,0.23452211126961484,6.714932126696833,6.877888730385164,7.078418731689453,0.9210686043081372,1.2820321673874617,8.750307179462961,74.81786689644122,34.29984942580303
42.4643407,-71.4320539997,0,0.03619909502262444,0.14322396576319543,0.09954751131221719,0.11241084165477888,0.8642533936651584,0.7340941512125535,0.0,0.007703281027104137,14.805429864253394,18.41255349500713,49.12144088745117,0.7015797211605866,1.1305630796735004,5.327310903346444,156.13506576151332,75.5966406330021
42.4153021113,-73.0189346466,0,0.8009049773755657,0.9181169757489301,0.1583710407239819,0.047075606276747506,0.02262443438914027,0.03223965763195435,0.01809954751131222,0.0011412268188302425,0.3167420814479638,0.21283880171184022,553.7567749023438,1.582303458841602,4.243755978624119,32.5031744504051,106.83041813004478,35.89277485149691
41.4523859722,-70.652545,0,0.5158371040723982,0.6764621968616262,0.23076923076923078,0.10328102710413695,0.15384615384615385,0.1514978601997147,0.0,0.00884450784593438,1.4570135746606334,1.615691868758916,31.672178268432617,0.9444045717255629,1.5978571726521227,10.46040463083784,139.38329432482456,9.505686622763314
41.6715294868,-69.9502493162,0,0.0,0.006276747503566334,0.03619909502262444,0.06305278174037089,0.6199095022624435,0.3509272467902996,0.00904977375565611,0.36319543509272467,17.212669683257918,9.451069900142654,10.141236305236816,1.330429726177356,0.6969814285127216,3.6415757055212863,131.27820265458308,29.044476072814295
41.674125,-70.03515,0,0.0,0.01768901569186876,0.09049773755656108,0.10841654778887304,0.9095022624434389,0.712981455064194,0.0,0.11126961483594865,20.46153846153846,19.584022824536376,6.268946647644043,1.0793042890207616,0.8416339164215508,4.789730429779656,7.6580096828910085,20.97929618535405
42.5162274022,-71.1781195963,1,0.7647058823529411,0.38830242510699003,0.18099547511312217,0.04907275320970043,0.03619909502262444,0.4781740370898716,0.0,0.06875891583452211,0.5475113122171946,10.145221112696149,56.24723815917969,1.42659737976203,1.7131945780766444,7.208453993726788,56.94074214850798,273.25685228333833
42.2341666667,-70.877,1,0.0,0.08216833095577745,0.0,0.14293865905848788,1.0,0.7666191155492154,0.0,0.0,21.334841628959275,13.586305278174038,13.857747077941895,1.0686177321755972,1.066947713668122,4.9232819326610775,268.2731670126183,16.9477146540438
41.5892664392,-70.8228879501,1,0.0,0.026248216833095576,0.918552036199095,0.294151212553495,0.0,0.08958630527817403,0.01809954751131222,0.5326676176890157,0.0,1.7035663338088445,1.673008680343628,0.38404988428691533,0.310043560603009,2.13805428546523,0.0,410.1096184199394
41.8306832723,-71.2363209974,0,0.2171945701357466,0.3095577746077033,0.02262443438914027,0.3589158345221113,0.7330316742081447,0.25962910128388017,0.0,0.0002853067047075606,11.628959276018099,4.411126961483595,30.425676345825195,1.2218813056600741,0.6031814276037432,2.8739949203561737,264.7737198770912,1.563248176014473
42.44513,-71.0930028333,1,0.7104072398190046,0.42139800285306706,0.004524886877828055,0.039942938659058486,0.25339366515837103,0.3509272467902996,0.03167420814479638,0.17489300998573468,8.665158371040723,15.777175463623395,63.48573684692383,2.4277370793821644,1.8165142461421397,11.517421741587452,48.12247187689044,129.90946238132258
42.3655,-71.0,0,0.0,0.0,0.004524886877828055,0.04450784593437946,0.33031674208144796,0.6445078459343795,0.5927601809954751,0.30527817403708984,11.805429864253394,39.254493580599146,0.0031476325821131468,0.5476664730349646,0.4213604274068144,2.404475446551764,0.0,238.31946793004525
42.2701978137,-71.1411866278,1,0.9321266968325792,0.2747503566333809,0.06787330316742081,0.039087018544935806,0.0,0.6784593437945792,0.0,0.007417974322396576,0.0,23.683880171184022,63.38212203979492,2.7108596017023614,2.397891228999657,13.048381595631946,157.10013985993152,74.23761234360866
42.35546875,-72.5051193237,0,0.26244343891402716,0.19800285306704707,0.11312217194570136,0.26191155492154067,0.23529411764705882,0.12781740370898717,0.0,0.0,2.493212669683258,1.936376604850214,59.80157470703125,2.233986032450594,1.37637788046327,7.717447854975172,221.23578344852046,54.022580710600096
42.453047284,-71.5225446504,1,0.5701357466063348,0.5263908701854494,0.24434389140271492,0.21683309557774608,0.167420814479638,0.23537803138373753,0.0,0.0,1.2986425339366516,4.205420827389443,86.70602416992188,1.795422383446047,1.5327479111999278,7.830793026609058,60.001478553997245,106.87083288821154
42.4210720836,-72.2258271464,0,0.4253393665158371,0.6604850213980028,0.19457013574660634,0.16119828815977175,0.07239819004524888,0.0048502139800285305,0.17647058823529413,0.15121255349500715,0.6199095022624435,0.04108416547788873,165.77560424804688,1.7020176323231366,2.1575711311341776,14.223507560619149,43.904497024281845,161.52646814510248
42.3979716667,-71.221405,0,0.0,0.15777460770328103,0.02262443438914027,0.03851640513552068,0.9773755656108597,0.8025677603423681,0.0,0.0,35.94570135746606,29.989158345221114,70.91194152832031,2.966464837997309,2.2368025989962907,13.183507431598148,233.63323239666207,24.803728356883962
42.6283102762,-72.0302185038,0,0.6244343891402715,0.7315263908701855,0.19004524886877827,0.16975748930099857,0.1493212669683258,0.03138373751783167,0.0,0.00456490727532097,1.2850678733031675,0.29158345221112697,330.3692932128906,2.23531315804367,1.9743085946987682,11.037093293674717,172.16119867115648,152.53328896385085
42.2498134189,-71.828395078,0,0.0,0.012553495007132667,0.0,0.0002853067047075606,1.0,0.9554921540656205,0.0,0.029386590584878743,62.841628959276015,56.50242510699002,152.60398864746094,1.1631315229759824,1.728626349366863,7.5834370807494125,188.7391486132255,18.83991946379739
42.3718633333,-72.527795,0,0.1085972850678733,0.11126961483594865,0.03619909502262444,0.08302425106990015,0.8552036199095022,0.7900142653352353,0.0,0.0,11.723981900452488,23.102710413694723,64.08970642089844,3.236003268523035,1.8898176746424928,17.443132462243714,811.4451763649494,20.611960466347377
41.78787,-70.00410555,0,0.0,0.016262482168330955,0.0,0.207132667617689,1.0,0.7766048502139801,0.0,0.0,13.380090497737557,20.180884450784593,6.636560440063477,0.8730165940799842,0.8775472795782511,5.4867985973797655,37.46783916272086,57.988672939677386
42.435895,-73.2105466667,0,0.0,0.015977175463623396,0.22171945701357465,0.3181169757489301,0.7782805429864253,0.63509272467903,0.0,0.0,24.15837104072398,17.421968616262482,305.9749450683594,0.8289226359921332,1.1156962850125722,7.074925620873252,276.75906807179194,12.786985700401651
41.8764388889,-70.5368638889,0,0.027149321266968326,0.23566333808844508,0.0,0.010271041369472182,0.9728506787330317,0.44764621968616264,0.0,0.24764621968616263,25.361990950226243,10.621398002853066,13.17529296875,1.0083018101872916,1.1565755550573773,8.023146696932564,362.22525573081697,4.774794207701234
42.281511932,-72.2599037737,0,0.8823529411764706,0.7477888730385164,0.04072398190045249,0.14179743223965763,0.07239819004524888,0.07760342368045649,0.0,0.0,0.579185520361991,0.8368045649072753,214.5992431640625,1.6592653873945136,2.8906278213635397,14.405835301797676,289.746997328508,51.63438938541616
42.5655103993,-72.7254136769,0,0.4298642533936652,0.7583452211126962,0.3574660633484163,0.0550641940085592,0.14027149321266968,0.0833095577746077,0.027149321266968326,0.0017118402282453639,1.8461538461538463,1.2108416547788874,214.16676330566406,2.0421792893720383,5.326670496151765,34.73425426117009,0.0,93.13126301903382
41.412555,-70.6456216667,0,0.48868778280542985,0.6567760342368045,0.0,0.0,0.3936651583710407,0.3166904422253923,0.0,0.0,4.280542986425339,3.761483594864479,23.90797996520996,0.2117050288415222,0.2115313714300053,1.6547368215919662,1893.327654927766,12.669739609517304
42.1921216667,-71.4796,0,0.4841628959276018,0.3825962910128388,0.013574660633484163,0.3195435092724679,0.502262443438914,0.24165477888730386,0.0,0.0,7.180995475113122,3.9951497860199714,92.79289245605469,2.2419329497271736,1.1722472672450428,6.996725075768967,315.5403392952705,12.042810149426499
42.8013121101,-70.9648200161,1,0.8506787330316742,0.5808844507845934,0.004524886877828055,0.11697574893009986,0.0,0.14208273894436518,0.0,0.019971469329529243,0.0,2.149215406562054,26.116992950439453,3.627057759679529,2.752854545402556,12.262464871448019,336.1901154800853,224.60908730763498
42.59945,-72.477205,0,0.6923076923076923,0.7455064194008559,0.013574660633484163,0.006562054208273894,0.19909502262443438,0.08901569186875892,0.0,0.0,2.5610859728506785,1.7868758915834522,89.5998764038086,1.5076240190921117,4.14158475643014,27.53568201464117,134.91248168614416,136.88992375920992
42.147119394,-72.2871201493,0,0.5067873303167421,0.47902995720399427,0.0,0.11897289586305278,0.4072398190045249,0.3281027104136947,0.0,0.0,5.624434389140271,8.569757489300999,133.78700256347656,4.028733322189622,3.770050767504407,25.07700859558911,451.9656958499656,4.653868294058866
42.6935966667,-72.803375,0,0.995475113122172,0.9164051355206847,0.0,0.03566333808844508,0.0,0.011697574893009986,0.0,0.0,0.0,0.06276747503566334,512.50927734375,4.910108721937555,4.859380217899603,37.86123414922955,66.8768511764135,158.08514988999698
41.9346559095,-70.0399231911,0,0.0,0.011697574893009986,0.01809954751131222,0.13894436519258202,0.9819004524886877,0.6208273894436519,0.0,0.17660485021398004,28.601809954751133,16.910413694721825,15.202520370483398,1.307329474155321,1.1203459380609493,7.03864897980252,311.70710380306554,28.092089432028008
42.1262,-71.2496,0,0.24434389140271492,0.3326676176890157,0.4751131221719457,0.2513552068473609,0.27601809954751133,0.40114122681883024,0.0,0.0017118402282453639,11.375565610859729,10.113266761768902,56.2448616027832,0.2960301756304489,1.0360435719824983,4.828619462935134,45.360824206252474,140.19910028146194
41.8268839341,-70.9590109438,0,0.6968325791855203,0.5957203994293866,0.11312217194570136,0.12296718972895863,0.19004524886877827,0.2216833095577746,0.0,0.024251069900142655,2.0950226244343892,3.791440798858773,34.974525451660156,2.0282941123566083,1.6691079171254544,8.697531653197727,106.61904906215267,18.662287584902934
42.3106571893,-71.2189234514,0,0.0,0.0,0.0,0.015406562054208274,1.0,0.9845934379457917,0.0,0.0,66.53393665158372,51.458202567760345,39.77928924560547,2.0384991688095253,1.5578197406900456,7.792011414973698,181.85570610906038,1.0959745716787896
42.456569688,-72.894001936,1,0.8733031674208145,0.6616262482168331,0.0,0.06305278174037089,0.12669683257918551,0.18316690442225392,0.0,0.0,2.828054298642534,4.163480741797432,333.9485168457031,6.943285287254804,5.391871811218487,28.445930029072922,540.0143024240199,187.60146926125765
42.67829167,-71.49315,0,0.23529411764705882,0.44022824536376604,0.4796380090497738,0.23794579172610555,0.2669683257918552,0.25049928673323824,0.0,0.0019971469329529245,6.018099547511312,5.785734664764622,50.821624755859375,0.7939281691287373,1.271084092097942,6.738775735085244,11.562384342376458,21.0318278513701
42.4263055556,-71.0691583333,0,0.0,0.0,0.0,0.0,1.0,1.0,0.0,0.0,86.97737556561086,71.460485021398,5.340115070343018,0.8101962942359744,1.3063550803220607,7.4719492579115085,30.775333286503706,2.1119673577230302
42.3408089429,-71.1027101727,0,0.0,0.0,0.0,0.0042796005706134095,1.0,0.9911554921540656,0.0,0.00456490727532097,68.75565610859728,66.91726105563481,3.5204992294311523,0.4195735072189828,0.6691203552449744,3.9108539254941137,110.39094944172155,42.51444539234934
42.2168407642,-70.794717595,1,0.22624434389140272,0.45534950071326674,0.47058823529411764,0.17860199714693295,0.3031674208144796,0.36405135520684734,0.0,0.0,7.619909502262443,9.167760342368046,10.289946556091309,0.867927989578176,1.312435973886166,6.323604425534709,72.09831814428017,0.655530727525161
42.1704154708,-71.0957969856,1,0.01809954751131222,0.12981455064194009,0.5248868778280543,0.42196861626248217,0.45701357466063347,0.44821683309557775,0.0,0.0,8.158371040723981,10.780313837375179,52.5012092590332,0.9808204846973064,0.7976246243687403,5.9157494378681905,27.645917030385732,29.52224617747422
42.1968224177,-70.8338273273,0,0.5565610859728507,0.6379457917261055,0.4434389140271493,0.2485021398002853,0.0,0.08102710413694722,0.0,0.020542082738944364,0.0,0.9432239657631954,23.987014770507812,1.9963680928601133,1.4315582575242123,7.182366485356011,36.755646515265,396.9259402995774
42.6441656996,-70.6272170409,1,0.3438914027149321,0.5346647646219687,0.3438914027149321,0.16833095577746077,0.24434389140271492,0.2085592011412268,0.05429864253393665,0.06961483594864479,11.407239819004525,6.322111269614836,27.822607040405273,2.453329009867432,1.862895968307905,6.210757906844412,0.0,167.00814182028208
42.21956482,-71.11185165,0,0.9321266968325792,0.7543509272467903,0.0,0.013124108416547788,0.0,0.20827389443651925,0.0,0.0,0.0,5.315549215406562,102.77989959716797,5.203440756915004,5.16286791347639,34.521316186051244,272.4287441666486,206.26675143765308
42.1263666667,-71.2007366667,1,0.7013574660633484,0.6947218259629101,0.2986425339366516,0.21455064194008558,0.0,0.06932952924393723,0.0,0.0,0.0,0.8222539229671897,91.16413879394531,1.2567455271664807,2.5177011119516464,15.308090910393553,53.083835245026336,381.2990015928359
42.2711862406,-70.879473844,0,0.2895927601809955,0.0522111269614836,0.04524886877828054,0.048787446504992865,0.01809954751131222,0.07104136947218259,0.058823529411764705,0.7072753209700428,0.07239819004524888,3.7472182596291015,12.120640754699707,2.3695709411191728,1.0462353580516603,5.3950845212112695,145.20558523282244,598.8584324479856
42.68032833,-72.65437167,0,0.9004524886877828,0.8733238231098431,0.09954751131221719,0.021398002853067047,0.0,0.03281027104136947,0.0,0.0,0.0,0.3203994293865906,120.15018463134766,6.447790255404296,8.24587588826321,41.24703610204662,32.813934115192,9.524798868149924
42.4540187654,-71.0861308873,1,0.6108597285067874,0.3914407988587732,0.0,0.017974322396576318,0.3891402714932127,0.3897289586305278,0.0,0.1920114122681883,11.361990950226245,13.783166904422254,34.61311721801758,4.204857945823452,2.432890292107999,18.457237419421915,181.67134008493073,86.7930022378554
42.4396216667,-71.3576883333,0,0.9049773755656109,0.6176890156918687,0.0,0.1520684736091298,0.03619909502262444,0.1629101283880171,0.0,0.02767475035663338,0.6561085972850679,4.455349500713266,65.3418197631836,5.006753077476706,2.1901979663528497,13.200440562964687,325.320015832807,0.40561183831908576
42.4185676137,-71.2396702474,0,0.049773755656108594,0.05791726105563481,0.2850678733031674,0.15805991440798858,0.665158371040724,0.7791726105563481,0.0,0.0048502139800285305,9.705882352941176,27.828530670470755,65.67229461669922,0.9775254467446128,1.3344099801517453,5.730947407940398,175.81355578236455,33.55266102493225
42.503495,-72.4439083333,0,0.3891402714932127,0.8416547788873039,0.39819004524886875,0.04992867332382311,0.15384615384615385,0.06647646219686162,0.0,0.030813124108416547,2.8733031674208145,0.9651925820256776,246.92347717285156,2.522626982753465,3.9386262029554873,24.284036781055068,120.11347090259667,2.4799393145895223
42.5404549344,-72.9671724581,1,0.7828054298642534,0.6579172610556349,0.07239819004524888,0.11897289586305278,0.14027149321266968,0.09215406562054208,0.0,0.10927246790299572,2.2081447963800906,1.3332382310984308,521.741455078125,3.592077339406227,4.286566290721232,22.594773028516844,188.82588861402115,1.436152021823001
42.2385566667,-72.2860816667,0,0.2895927601809955,0.6094151212553495,0.23529411764705882,0.07503566333808845,0.45701357466063347,0.2850213980028531,0.0,0.0028530670470756064,11.923076923076923,8.621112696148359,117.8128890991211,2.7321551102776356,3.711504896811382,20.503745156944454,20.51871925814896,8.27847608198089
42.2594216667,-72.1028666667,0,0.19004524886877827,0.5261055634807418,0.21266968325791855,0.14579172610556348,0.20361990950226244,0.08644793152639087,0.0,0.0,1.8190045248868778,0.5617689015691869,203.59341430664062,1.6426594351051096,3.454185486097521,18.17381366007178,43.32042424195229,13.498134127823175
42.3865757727,-73.3315733448,0,0.416289592760181,0.531811697574893,0.18552036199095023,0.20085592011412268,0.19004524886877827,0.12325249643366619,0.02262443438914027,0.0014265335235378032,1.7692307692307692,0.9743223965763196,377.7444152832031,5.931517870256713,5.078716622424988,45.37943649386095,127.80577594941033,44.10259636764922
42.44039,-71.102878,1,0.2986425339366516,0.5081312410841655,0.09502262443438914,0.04964336661911555,0.4253393665158371,0.3825962910128388,0.17647058823529413,0.056490727532097,17.809954751131222,16.955777460770328,42.273189544677734,1.1753591167526445,1.6663301875527785,7.4482892422646225,76.92297628780666,50.268487850159275
41.8965154002,-71.0563888774,0,0.07239819004524888,0.15035663338088445,0.22171945701357465,0.2524964336661912,0.7058823529411765,0.5920114122681883,0.0,0.0048502139800285305,16.5158371040724,18.212268188302424,8.764420509338379,0.7389770839295727,0.6016099732071358,4.321864373322689,337.9073632075679,56.74719185010163
42.2745133333,-71.8698966667,0,0.4434389140271493,0.29871611982881596,0.02262443438914027,0.010841654778887305,0.5339366515837104,0.6867332382310984,0.0,0.0002853067047075606,11.633484162895927,20.48416547788873,280.51849365234375,6.7092364293419156,4.050638350264453,33.15532036719149,487.4343071773558,6.732679286488397
42.4706616667,-71.0571055,0,0.0,0.019400855920114122,0.0,0.013124108416547788,1.0,0.9546362339514979,0.0,0.012268188302425107,33.42986425339367,31.49015691868759,24.798603057861328,0.917620283082647,1.463429156309305,6.0784570786727405,359.33489316360874,14.944399331633138
41.9758375997,-71.0490403,0,0.3212669683257919,0.1666191155492154,0.4796380090497738,0.5266761768901569,0.00904977375565611,0.05306704707560628,0.19004524886877827,0.24079885877318116,0.06334841628959276,1.055920114122682,17.983179092407227,0.11682100264965053,0.32430392881290077,2.0154549215451825,35.99891494248791,811.5007271302422
42.4530736193,-71.0822447058,1,0.5384615384615384,0.36148359486447934,0.0,0.012268188302425107,0.46153846153846156,0.5466476462196862,0.0,0.07047075606276748,11.624434389140271,20.384308131241085,37.06211853027344,5.3764220693907525,2.7679159208477677,21.527810825039598,210.82555355862587,75.94729660731629
41.8751016294,-70.0028622018,0,0.0,0.03651925820256776,0.7058823529411765,0.2815977175463623,0.28054298642533937,0.35920114122681884,0.0,0.2419400855920114,7.5656108597285066,10.01997146932953,2.765282392501831,0.29885791860577754,0.587330378242788,4.53246631575622,57.34635409214208,39.29843027424615
42.3057081212,-71.0934811916,1,0.03167420814479638,0.08102710413694722,0.0,0.002282453637660485,0.9683257918552036,0.9138373751783166,0.0,0.0028530670470756064,21.09502262443439,35.12667617689016,40.545326232910156,1.2398849883280953,1.785097768037187,8.076145419652992,68.6940671631419,44.72035941917898
42.3501083333,-71.361965,0,0.29411764705882354,0.2898716119828816,0.16289592760180996,0.16861626248216832,0.3393665158371041,0.4536376604850214,0.0,0.025677603423680456,9.447963800904978,6.321825962910128,44.31846618652344,2.79025249723899,2.1314128364865845,18.151270363947823,171.2529284652687,168.7986674601537
42.0674055,-73.1710133333,1,1.0,0.7988587731811697,0.0,0.19087018544935805,0.0,0.0094151212553495,0.0,0.0,0.0,0.07874465049928674,449.838134765625,2.920738176361372,3.6266567425367717,20.377344862738354,347.8977298855873,804.5490841697864
42.807278,-70.97345,1,0.5656108597285068,0.47360912981455067,0.049773755656108594,0.13751783166904422,0.28054298642533937,0.17774607703281028,0.0,0.019971469329529243,3.918552036199095,3.3115549215406563,38.703346252441406,3.178576224248098,2.182762329031769,9.841857827166196,305.37751503092596,90.62626333502455
41.652314498,-70.9605256322,0,0.0,0.06990014265335236,0.0,0.04165477888730385,1.0,0.8884450784593438,0.0,0.0,37.23076923076923,27.738659058487876,48.16661071777344,1.6916238622199766,1.8580756908508138,9.214637346213193,351.74107310653085,12.037916043775057
42.3164278122,-71.0107813283,0,0.08597285067873303,0.033951497860199714,0.2081447963800905,0.09700427960057062,0.04524886877828054,0.020542082738944364,0.3574660633484163,0.7723252496433666,1.3710407239819005,0.4984308131241084,2.5239884853363037,0.8569689530946852,0.4989924447000546,2.7681867647741787,31.297283803779507,0.9250142519954527
42.8586216728,-71.012375,0,0.7104072398190046,0.49814550641940086,0.14479638009049775,0.14094151212553496,0.14479638009049775,0.13523537803138375,0.0,0.0,0.6425339366515838,2.0639087018544937,38.982906341552734,1.6638097242340584,2.251215371272223,10.417526953732184,34.63910043026795,174.40251414323015
42.3772416667,-71.06125,0,0.0,0.0,0.0,0.0005706134094151213,1.0,0.9121255349500713,0.0,0.08730385164051355,73.79638009049773,70.848787446505,11.95287799835205,1.3638490276767317,0.9064995630941174,4.468837873722506,471.28383841095075,4.758450783735973
42.1005361667,-72.59295,0,0.0,0.0011412268188302425,0.0,0.0002853067047075606,0.7873303167420814,0.8111269614835949,0.21266968325791855,0.18659058487874466,59.09954751131222,60.07589158345221,20.524765014648438,0.7993191430258695,1.0566304151240085,6.528109877500686,65.27715574114984,3.0115439938934827
42.6463957961,-71.3217350634,0,0.0,0.0,0.0,0.0028530670470756064,1.0,0.9643366619115549,0.0,0.03281027104136947,66.68778280542986,69.55720399429387,33.403778076171875,1.271405699995713,1.2184962168403113,5.81868265557719,329.35807228869817,62.02480157199869
42.5908641824,-70.8208299056,0,0.15384615384615385,0.39657631954350925,0.09502262443438914,0.2559201141226819,0.502262443438914,0.2676176890156919,0.2398190045248869,0.07417974322396577,21.040723981900452,9.017974322396576,15.758554458618164,0.6271959498354653,1.245658972286942,5.021582570982656,0.0,35.815218533352045
41.65535,-70.1158666667,0,0.0,0.0,0.0,0.006562054208273894,0.14027149321266968,0.36405135520684734,0.6470588235294118,0.5860199714693295,7.262443438914027,14.625392296718973,-0.4048307240009308,0.4561845030068264,0.3030098776594366,2.3983796591052946,0.0,154.18788044031112
42.4181966667,-71.6802666667,0,0.0,0.08901569186875892,0.0,0.03138373751783167,1.0,0.8758915834522111,0.0,0.003138373751783167,42.23529411764706,40.79201141226819,117.52488708496094,2.4788331116495166,2.9854336060790816,12.858955611318173,516.0813565604207,21.161071687230606
