latitude,longitude,presence,forest_fraction_250m,forest_fraction_1000m,wetland_fraction_250m,wetland_fraction_1000m,developed_fraction_250m,developed_fraction_1000m,open_water_fraction_250m,open_water_fraction_1000m,mean_impervious_250m,mean_impervious_1000m,elevation_m,mean_slope_250m,mean_slope_1000m,terrain_ruggedness_1000m,distance_to_water_m,distance_to_road_m
42.5594966667,-72.713905,0,0.8687782805429864,0.8054208273894436,0.004524886877828055,0.021968616262482168,0.058823529411764705,0.08017118402282454,0.0,0.0,0.5475113122171946,0.8630527817403709,242.1602783203125,4.037756975975821,5.762393554082656,40.56472881839234,808.0147668225018,190.06669602757088
42.2824655588,-71.1732385756,1,0.0,0.026248216833095576,0.3574660633484163,0.1369472182596291,0.6380090497737556,0.7880171184022825,0.004524886877828055,0.04507845934379458,28.547511312217196,37.09243937232525,29.27839469909668,0.8630728637426051,1.148266595161015,4.612466227921238,0.0,123.42108471505496
42.1495116795,-71.4282979894,1,0.15384615384615385,0.19315263908701855,0.15384615384615385,0.09900142653352353,0.5429864253393665,0.6639087018544936,0.07239819004524888,0.00456490727532097,10.144796380090497,15.29243937232525,59.83251953125,1.0315332216464874,1.282096138873759,7.620595728607003,0.0,152.76772715593177
42.3420219092,-72.5287439263,1,0.0,0.10784593437945791,0.00904977375565611,0.09557774607703282,0.7692307692307693,0.6641940085592012,0.0,0.0,5.610859728506787,12.779172610556348,43.711151123046875,0.6644267228401245,0.8527047834208268,4.059860932560391,0.0,196.07318350296478
42.5257027941,-72.1838541795,0,0.40271493212669685,0.705848787446505,0.08144796380090498,0.11697574893009986,0.2579185520361991,0.07874465049928674,0.0,0.0005706134094151213,2.425339366515837,1.3977175463623395,353.2486572265625,2.735641574130764,3.005406769015954,17.501666497743123,202.53959666415204,0.904436142497319
42.2859722712,-72.3405889794,1,0.33031674208144796,0.4385164051355207,0.0,0.08873038516405135,0.13122171945701358,0.06362339514978602,0.334841628959276,0.3500713266761769,2.171945701357466,1.0864479315263909,160.55442810058594,3.126472908411288,3.3713210551207102,24.825040760415096,26.101464689635634,4.061187870341487
42.44380333,-71.39482167,0,0.3574660633484163,0.21255349500713266,0.2579185520361991,0.20142653352353782,0.38461538461538464,0.566904422253923,0.0,0.00456490727532097,6.171945701357466,9.389158345221112,46.77738571166992,1.4626846937851907,1.3202091795053228,6.748844984449664,121.55960466775008,120.01137185740524
42.48165,-71.1520695,0,0.0,0.0,0.0,0.015691868758915834,1.0,0.9843081312410842,0.0,0.0,71.45701357466064,46.06904422253923,30.93806266784668,0.8952870220300115,1.4550291720002093,6.635217829951873,790.7842564540465,46.92077670602691
42.0680348509,-71.1523120116,1,0.2171945701357466,0.5457917261055635,0.3891402714932127,0.23081312410841653,0.0,0.03166904422253923,0.2171945701357466,0.08644793152639087,0.0,0.4596291012838802,62.522300720214844,0.36353533309855923,0.9520346981106702,5.73170633904846,0.0,632.0698066908076
42.47145,-71.1706083333,1,0.27149321266968324,0.1449358059914408,0.36199095022624433,0.06134094151212553,0.3167420814479638,0.7417974322396577,0.049773755656108594,0.0456490727532097,9.470588235294118,24.690156918687588,17.645402908325195,1.5080827621402964,1.6937050343040467,7.40460169912082,15.044174808209672,204.51654649744336
42.5341327357,-72.5462097275,0,0.7375565610859729,0.5731811697574893,0.0,0.054778887303851644,0.18099547511312217,0.15606276747503567,0.0,0.0,1.5656108597285068,2.4485021398002855,102.87728881835938,4.613428444690965,4.303744066801534,32.40111123927512,153.00660012542764,5.58452202609455
42.5063888889,-70.8831777778,0,0.0,0.0025677603423680455,0.0,0.0019971469329529245,0.497737556561086,0.4912981455064194,0.4751131221719457,0.5024251069900143,12.276018099547512,23.927817403708985,1.558005928993225,0.9270202694115454,1.0368602108473806,5.3631942158667885,42.6436088873885,303.4687987992626
42.5884868985,-71.1123722792,0,0.03167420814479638,0.047075606276747506,0.0,0.150641940085592,0.9683257918552036,0.795435092724679,0.0,0.0068473609129814554,21.56561085972851,19.601426533523536,36.37959289550781,1.335939674176854,1.1372459324528414,6.729042123648691,363.9175561726864,26.893524658326985
42.052751177,-72.0949613772,0,0.6063348416289592,0.8584878744650499,0.2850678733031674,0.1195435092724679,0.0,0.0,0.0,0.0,0.0,0.0,185.9451904296875,6.673094876476217,4.771667232121401,25.700942330481077,16.18496238882978,457.9622394569217
42.1876580124,-71.1943453717,0,0.0,0.0,0.0,0.0,1.0,1.0,0.0,0.0,34.09049773755656,56.916690442225395,26.934141159057617,1.5236919462182232,1.300738318230574,8.886916492858541,344.9316118499165,71.62881387480007
42.4879,-71.2542333333,0,0.5429864253393665,0.17574893009985734,0.04524886877828054,0.06219686162624822,0.38461538461538464,0.760342368045649,0.02262443438914027,0.0014265335235378032,6.9457013574660635,16.614550641940085,49.426700592041016,1.561398770184196,1.918671570509903,15.27947783507558,122.5485127534564,86.1985173710226
41.929136,-71.265797,1,0.43891402714932126,0.2721825962910128,0.23076923076923078,0.3634807417974322,0.2986425339366516,0.3617689015691869,0.0,0.0005706134094151213,7.760180995475113,11.839657631954351,38.57117462158203,0.6579582327460674,0.5322272377291006,3.182426965485745,0.0,139.38359109789462
42.4011408333,-71.7875248889,1,0.751131221719457,0.6382310984308132,0.04072398190045249,0.052781740370898715,0.07692307692307693,0.22282453637660485,0.12669683257918551,0.04165477888730385,0.918552036199095,6.184308131241084,123.2726821899414,5.076736880406178,3.6045602092561015,14.722791772039571,0.0,82.06842247403847
42.4551783333,-72.903695,1,0.9819004524886877,0.7629101283880171,0.01809954751131222,0.08359486447931526,0.0,0.06761768901569187,0.0,0.0,0.0,1.2105563480741797,385.02978515625,3.1973988953804082,4.939714614260576,36.711439769686756,486.26522073985404,677.0096895926915
42.3004400841,-72.2398205101,1,0.2850678733031674,0.534379457917261,0.2171945701357466,0.16176890156918688,0.17194570135746606,0.11440798858773181,0.0,0.0,3.6380090497737556,1.9951497860199714,141.34767150878906,1.9172357498733505,4.908165863195865,30.368084610890158,41.014393001657744,128.09793911670053
42.2288304842,-71.2427861853,0,0.7330316742081447,0.5897289586305278,0.1493212669683258,0.15121255349500715,0.11764705882352941,0.18231098430813125,0.0,0.05706134094151213,0.7149321266968326,3.196861626248217,84.14276123046875,2.6493074244679145,1.7205425561174246,8.160863169360772,69.90279468994913,10.992514577131633
42.5233541754,-71.5907291049,0,0.5972850678733032,0.5640513552068473,0.049773755656108594,0.048787446504992865,0.35294117647058826,0.34122681883024253,0.0,0.0,6.633484162895928,6.554065620542083,116.7148666381836,1.7878083642131415,2.3500248900804817,12.457952776247325,408.5090814131546,6.11178953507349
41.9436873512,-70.0574179939,1,0.4841628959276018,0.3671897289586305,0.4343891402714932,0.42910128388017116,0.07239819004524888,0.18887303851640513,0.0,0.007988587731811698,0.4072398190045249,3.485592011412268,2.6474688053131104,1.7185316499283054,1.604285546270633,7.146558960165204,2.008058190537548,6.402959747396498
42.5071933333,-71.4075533333,0,0.7782805429864253,0.5223965763195435,0.2081447963800905,0.12810271041369473,0.013574660633484163,0.3472182596291013,0.0,0.002282453637660485,0.2081447963800905,10.833666191155492,59.90333938598633,2.447084766190415,1.8293255043898546,10.135001514821194,39.21050357006,258.67130647519656
42.2251263422,-71.2221751495,0,0.02262443438914027,0.1101283880171184,0.0,0.15520684736091298,0.9773755656108597,0.7340941512125535,0.0,0.0,34.47963800904977,17.553495007132668,70.93597412109375,1.3980268524753967,1.917468870991282,8.836842866628947,360.14552236332725,24.743152707837567
42.2824469201,-71.1733457319,1,0.0,0.026248216833095576,0.3574660633484163,0.1369472182596291,0.6380090497737556,0.7880171184022825,0.004524886877828055,0.04507845934379458,28.547511312217196,37.09243937232525,29.27839469909668,0.8630728637426051,1.148266595161015,4.612466227921238,0.0,132.2698787128011
41.9888359696,-70.70681549,1,0.12217194570135746,0.07560627674750357,0.42081447963800905,0.15092724679029956,0.45248868778280543,0.630527817403709,0.0,0.13780313837375177,10.800904977375566,19.345221112696148,2.356482744216919,0.7106617051671189,1.0936266032469009,6.077470261236777,2.4466064405525603,48.255797758093024
42.3397206569,-72.2318261198,1,0.2986425339366516,0.6028530670470756,0.3393665158371041,0.13067047075606278,0.049773755656108594,0.005420827389443652,0.013574660633484163,0.007417974322396576,0.47058823529411764,0.06419400855920114,149.11947631835938,2.11913029808789,5.066184092852722,30.10414910114069,13.569816607434,45.4459769342725
42.4659672065,-71.4118370144,1,0.27149321266968324,0.18088445078459345,0.2398190045248869,0.1346647646219686,0.2579185520361991,0.4584878744650499,0.0,0.023395149786019972,5.524886877828054,13.661626248216834,44.77015686035156,1.0005909680891862,1.1421212691991176,5.8345193999559175,0.0,193.5958529712822
42.1216136,-71.6715143,0,0.2850678733031674,0.3309557774607703,0.0,0.04108416547788873,0.7149321266968326,0.6262482168330956,0.0,0.0017118402282453639,14.04524886877828,14.00713266761769,140.84263610839844,3.026405739480503,2.3896377513026463,18.04662952420583,280.9989845935988,82.88780869473972
42.3800716667,-72.5112916667,0,0.0,0.10984308131241084,0.0,0.029101283880171185,1.0,0.8442225392296719,0.0,0.0,33.39819004524887,23.918402282453638,93.4683609008789,0.9573566654032982,2.100767646310095,14.092862175294893,207.72992503730995,22.81198749476227
42.1214908796,-72.6018941925,0,0.0,0.030813124108416547,0.0,0.014835948644793153,1.0,0.9446504992867333,0.0,0.0094151212553495,63.16289592760181,48.62853067047076,33.292396545410156,2.3751589263203123,1.5607846067784394,15.168447191504173,512.5733801706233,54.32697560999755
42.3784361111,-71.48075,0,0.6153846153846154,0.6405135520684736,0.34841628959276016,0.24821683309557774,0.0,0.0833095577746077,0.0,0.0,0.0,1.1651925820256777,56.0831298828125,0.7108199777657941,0.7673008985989626,5.105765473808704,3.7349417478353404,59.06079458892355
41.7041333333,-70.2120366667,0,0.0,0.09843081312410841,0.248868778280543,0.18573466476462197,0.6787330316742082,0.6276747503566333,0.07239819004524888,0.08616262482168331,12.945701357466064,14.801997146932953,4.708744525909424,1.7506955518960299,1.296799354909112,6.794299603125429,18.96263221467962,32.68120129809571
41.9018083333,-71.317725,0,0.0,0.0978601997146933,0.0,0.10699001426533523,1.0,0.7900142653352353,0.0,0.003138373751783167,39.43438914027149,26.44564907275321,30.86021614074707,0.6477444819150181,0.6160145172336774,3.3016016315108256,274.9195373288652,7.045936884890755
42.64977,-72.2148816667,0,0.3212669683257919,0.4898716119828816,0.19457013574660634,0.1477888730385164,0.0,0.061626248216833095,0.39819004524886875,0.2399429386590585,0.0,0.9132667617689015,196.60911560058594,0.39403030211421897,3.001082976564896,15.821745640409482,0.0,300.13005140687216
42.2472891,-71.95508733,0,0.5294117647058824,0.57660485021398,0.2669683257918552,0.15834522111269614,0.0,0.05962910128388017,0.0,0.05877318116975749,0.0,2.0048502139800286,282.103515625,2.2351815212597046,2.1153654164008993,11.745490407717593,123.77212952640943,375.5660276865476
42.5673892549,-72.2185456582,0,0.40271493212669685,0.35263908701854496,0.13122171945701358,0.2559201141226819,0.4660633484162896,0.3803138373751783,0.0,0.0,6.660633484162896,5.688730385164051,269.6096496582031,0.8776659314217874,1.8413015027981132,10.473785930461544,360.8539078467842,32.66969097028461
42.3521055556,-71.5321194444,0,0.0,0.03651925820256776,0.0,0.05049928673323823,1.0,0.912981455064194,0.0,0.0,54.36199095022624,30.620256776034235,106.23497772216797,1.6082932881202385,2.170391194988771,10.629536831610324,198.22727851118205,11.621771194326264
41.3911946838,-70.0484268719,0,0.0,0.0,0.0,0.014550641940085592,0.0,0.0,0.5565610859728507,0.8644793152639088,0.0,0.0,-0.15796257555484772,0.5166462159691609,0.23584904959107755,1.0773047427341882,91.81630447272157,3026.6598342581165
41.9136283333,-70.6705066667,0,0.5475113122171946,0.49957203994293864,0.004524886877828055,0.0048502139800285305,0.0,0.08159771754636234,0.37104072398190047,0.32667617689015693,0.0,1.4251069900142654,34.8144645690918,2.0010508137738374,1.403352816030149,5.294378844246525,10.065151323649328,65.49606281534822
42.4965592202,-71.3647370607,1,0.4751131221719457,0.527246790299572,0.19004524886877827,0.21540656205420827,0.14027149321266968,0.1746077032810271,0.19004524886877827,0.029386590584878743,4.67420814479638,3.533238231098431,56.199485778808594,1.4273664702868922,1.3673984164031123,10.456976949961277,6.681678570910029,209.3871681395681
42.3118239617,-71.0949127749,0,0.0,0.04251069900142653,0.0,0.0,1.0,0.9574893009985734,0.0,0.0,41.94117647058823,51.24650499286733,47.63947296142578,1.63967455038592,1.7794383342499176,11.517909820623336,342.4797548756958,111.92558751081398
42.6219416667,-72.7550416667,0,0.3438914027149321,0.6171184022824536,0.013574660633484163,0.029101283880171185,0.2081447963800905,0.17774607703281028,0.167420814479638,0.053637660485021395,4.48868778280543,4.451355206847361,159.825927734375,9.425574980293879,7.578200693973478,57.70597191500274,74.01588019067987,6.535593308040496
41.80822833,-71.114175,0,0.22171945701357465,0.23794579172610555,0.4117647058823529,0.17375178316690443,0.03619909502262444,0.2659058487874465,0.11312217194570136,0.2559201141226819,1.3936651583710407,6.299001426533524,3.584233045578003,0.8331471388725754,1.1408499031899697,6.297948882117281,94.05164299608917,130.8664872544667
42.1334946499,-71.2068738446,0,0.6153846153846154,0.7087018544935806,0.3438914027149321,0.1609129814550642,0.013574660633484163,0.09044222539229672,0.0,0.0,0.11312217194570136,2.2527817403708985,90.442626953125,2.384674238105476,2.269541711497943,13.517030043555382,64.63862632011912,83.99019545341355
42.6930283333,-70.5279466667,0,0.0,0.0,0.0,0.0,0.0,0.0,1.0,1.0,0.0,0.0,0.0,0.0,0.0,0.0,0.0,6629.680089403145
42.2943033333,-71.6342416667,0,0.4253393665158371,0.3269614835948645,0.34841628959276016,0.2253922967189729,0.15384615384615385,0.3723252496433666,0.0,0.0,2.2081447963800906,8.983166904422253,86.43302154541016,1.8745141986823957,1.4452199085871174,9.531529628956985,21.11254440789248,5.186671084825663
41.7366959336,-70.1921050616,0,0.0,0.020256776034236805,0.0,0.11069900142653352,1.0,0.8299572039942938,0.0,0.037089871611982884,29.963800904977376,15.738659058487874,9.876322746276855,2.245977690864013,1.605541174194629,13.856257560778989,317.4387023110714,11.304118716165583
42.37411,-72.32802,0,0.8687782805429864,0.7914407988587732,0.13122171945701358,0.03651925820256776,0.0,0.0005706134094151213,0.0,0.16576319543509271,0.0,0.007132667617689016,184.20433044433594,4.904066730573749,4.982538547019007,34.84589446215145,53.597271908403606,3.928516745714102
41.9373283333,-71.297845,0,0.08144796380090498,0.03109843081312411,0.0,0.013694721825962911,0.918552036199095,0.9523537803138373,0.0,0.0028530670470756064,22.60633484162896,35.941226818830245,46.111480712890625,0.7070644293384594,0.7391481999896979,4.722375868094277,58.55073841549712,72.8463993402555
42.4897507228,-71.3496756358,1,0.7149321266968326,0.6990014265335235,0.28054298642533937,0.2405135520684736,0.0,0.0068473609129814554,0.004524886877828055,0.010271041369472182,0.0,0.15834522111269614,54.99592971801758,1.3652557579629827,1.4746738420962846,8.183146928119454,15.34846371206306,934.747173558428
42.5653004134,-71.3448281028,0,0.1583710407239819,0.33580599144079887,0.01809954751131222,0.12011412268188303,0.8235294117647058,0.4898716119828816,0.0,0.007417974322396576,19.334841628959275,10.325534950071326,46.64324188232422,1.2764026487780014,1.443796751611926,6.866757719041157,420.76385247041196,48.46027684901439
42.2197167669,-73.429596182,0,0.4072398190045249,0.559771754636234,0.08144796380090498,0.11412268188302425,0.2986425339366516,0.09101283880171183,0.0,0.0,3.5475113122171944,0.9007132667617689,279.091796875,2.2096687938165065,2.26755290527352,13.771064784942244,214.64147692840888,68.88568135147464
41.3929120857,-70.6520936602,0,0.9683257918552036,0.929243937232525,0.0,0.0,0.0,0.013124108416547788,0.0,0.0,0.0,0.13865905848787446,14.504877090454102,0.48987364260031074,0.3680558649655965,2.801751495671945,1305.4398060895828,857.4296866146556
42.6437814202,-71.5860777835,0,0.22624434389140272,0.45905848787446507,0.07239819004524888,0.21997146932952924,0.0,0.07104136947218259,0.5656108597285068,0.15035663338088445,0.0,1.2699001426533523,60.85118103027344,0.2561055354884975,0.7968864339421182,3.4619642739537437,0.0,397.9724133604871
42.5104333333,-70.85382,0,0.0,0.02225392296718973,0.0,0.030242510699001426,1.0,0.8867332382310984,0.0,0.05820256776034237,49.35294117647059,34.06134094151213,21.107847213745117,0.8328123872517149,1.1703249673088674,5.94817674125806,380.2446005237324,38.18388756443596
42.3273466667,-71.4594583333,0,0.08144796380090498,0.3106990014265335,0.16289592760180996,0.14065620542082738,0.497737556561086,0.44650499286733236,0.0,0.0019971469329529245,5.719457013574661,6.55206847360913,82.597900390625,1.574286428876687,2.272992202343437,11.828425221509026,42.19013625632249,2.3187300429091904
42.1039434989,-71.1779060685,0,0.0,0.08416547788873038,0.0,0.12353780313837376,0.0,0.3195435092724679,1.0,0.46390870185449357,0.0,6.984308131241084,76.1999740600586,0.004796759811123963,0.5020051948190227,2.6140870101615117,0.0,496.2676195489165
41.785305,-70.0312278333,0,0.0,0.06761768901569187,0.11764705882352941,0.20057061340941512,0.0,0.13666191155492155,0.5203619909502263,0.5067047075606277,0.0,2.5203994293865906,1.8272745609283447,0.48570613022345477,0.5496834192616193,5.2304148259288015,0.0,289.5262814492128
42.27783763,-71.196003,0,0.21266968325791855,0.11640513552068474,0.6289592760180995,0.5132667617689015,0.15384615384615385,0.3286733238231098,0.0,0.03366619115549215,2.7963800904977374,10.212268188302424,26.80437469482422,0.24023310325237615,0.8582267572216898,6.921542755042727,0.0,287.9256817292594
42.5012798693,-70.9456703776,1,0.34841628959276016,0.3164051355206847,0.0,0.043937232524964336,0.26244343891402716,0.49900142653352353,0.27601809954751133,0.12382310984308131,6.248868778280543,18.022253922967188,25.747486114501953,3.4861403695442084,2.0340375293875397,11.19451184507982,13.38280770632295,66.24575934954781
41.6347308127,-70.3531783819,0,0.0,0.0042796005706134095,0.049773755656108594,0.16176890156918688,0.26244343891402716,0.27503566333808843,0.4117647058823529,0.4864479315263909,8.199095022624434,6.584308131241084,0.6189449429512024,0.4250213859440427,0.38665246891400407,2.1827394394659727,26.9078651996615,38.31389385577963
42.601854409,-70.8997275821,1,0.35294117647058826,0.29700427960057063,0.46153846153846156,0.20770328102710414,0.07692307692307693,0.35121255349500713,0.10407239819004525,0.11554921540656206,0.7828054298642534,5.4054208273894435,14.511941909790039,0.6843880536780164,0.9148602961432486,4.656402386519901,34.89903305608455,231.99535177834338
42.416694383,-72.5099267685,0,0.6018099547511312,0.5566333808844508,0.0,0.03281027104136947,0.3393665158371041,0.34978601997146935,0.0,0.010841654778887305,7.122171945701357,5.620542082738944,89.3553695678711,2.5305552859088007,2.9442274349387927,21.23324420280099,10.969817913699904,32.227357630722736
42.247591,-70.8179691367,0,0.9366515837104072,0.3780313837375178,0.0,0.13095577746077033,0.06334841628959276,0.47446504992867333,0.0,0.013409415121255349,0.9547511312217195,8.867617689015692,24.44512176513672,1.3729650343490798,1.2389163619498982,7.814716804207766,55.225798916502185,164.10599120726627
42.6212820045,-71.558788754,0,0.918552036199095,0.4764621968616263,0.05429864253393665,0.18659058487874466,0.0,0.14065620542082738,0.004524886877828055,0.014550641940085592,0.0,1.6425106990014264,122.1395263671875,3.059658566107329,2.367930304014779,8.467461714235158,248.80318646266218,312.4449057379299
42.6056290488,-71.6159874479,1,0.665158371040724,0.5831669044222539,0.23529411764705882,0.12296718972895863,0.09954751131221719,0.22738944365192582,0.0,0.0019971469329529245,2.3936651583710407,4.168045649072753,71.14601135253906,0.760854863194396,1.2845720678840165,8.273033403153303,92.62197042085435,90.42458013056881
42.2454633333,-71.0321666667,0,0.0,0.06990014265335236,0.0,0.012838801711840228,1.0,0.9172610556348074,0.0,0.0,55.886877828054295,44.158059914407986,24.449201583862305,3.304099248217194,2.309926243023425,15.410248379320823,185.15549353230992,11.247425160190506
42.3592459722,-71.0270869722,0,0.0,0.0,0.004524886877828055,0.0014265335235378032,0.583710407239819,0.5144079885877318,0.4117647058823529,0.4841654778887304,48.85067873303167,43.453067047075606,0.2707165479660034,0.6369728716512534,0.34539659847137055,2.779339197436199,48.02716536735654,28.014993794126436
42.307425756,-71.2537014764,0,0.07692307692307693,0.12068473609129815,0.2081447963800905,0.08758915834522112,0.7058823529411765,0.7611982881597718,0.00904977375565611,0.023965763195435093,9.30316742081448,14.952353780313837,28.338350296020508,1.3834905936128217,1.90415651437378,9.230700206570862,8.579206771711071,91.04107934217731
42.3475554166,-71.565244412,0,0.0,0.07960057061340942,0.0,0.038801711840228244,1.0,0.82339514978602,0.0,0.05820256776034237,47.98642533936651,35.189728958630525,160.59115600585938,1.6412371218990642,2.513616499666839,11.038711215501195,301.1480950269649,46.717914498503625
41.8718569898,-70.9442413598,0,0.38461538461538464,0.2239657631954351,0.08597285067873303,0.12781740370898717,0.2081447963800905,0.609129814550642,0.31221719457013575,0.03166904422253923,3.1040723981900453,14.037945791726106,23.832828521728516,0.6003352109135218,0.5467861800034545,2.9736397216304367,14.649709472934424,50.56505393880914
42.1329612257,-71.1639730119,1,0.22624434389140272,0.24022824536376605,0.7013574660633484,0.2950071326676177,0.049773755656108594,0.45620542082738946,0.02262443438914027,0.007988587731811698,0.6334841628959276,10.791440798858773,48.41947937011719,0.8930427466211118,1.7159990534544531,11.87934609112496,0.0,261.8042273658444
42.4178416667,-72.3449766667,0,0.665158371040724,0.8818830242510699,0.22624434389140272,0.10242510699001427,0.0,0.0011412268188302425,0.10407239819004525,0.009700427960057061,0.0,0.0028530670470756064,302.4562072753906,1.8786574067083945,2.9334692964570794,14.056233313597481,16.92683822465939,1.9354754565526835
41.4299421546,-70.6010198645,1,0.25339366515837103,0.48673323823109843,0.09954751131221719,0.015977175463623396,0.167420814479638,0.3286733238231098,0.4434389140271493,0.12838801711840228,3.0407239819004523,5.542368045649073,3.0938827991485596,2.468235858957428,1.732101721693089,9.611586127932116,22.49800009463804,0.8917255778942546
42.2519647,-71.0024887,0,0.0,0.0,0.0,0.003708987161198288,1.0,0.9960057061340941,0.0,0.0002853067047075606,79.17194570135747,60.8679029957204,9.50796127319336,1.3337103261516532,1.2450257212012419,9.657687566006656,412.3652576027733,42.2944885646019
42.7665960672,-71.1130348422,0,0.19004524886877827,0.07902995720399429,0.00904977375565611,0.012838801711840228,0.45701357466063347,0.7988587731811697,0.3438914027149321,0.10813124108416548,20.506787330316744,38.17631954350927,10.756882667541504,2.5540182252699273,2.823219171749823,13.880144348541553,41.02381052514477,61.399681865170784
42.5708383333,-72.3987583333,0,0.497737556561086,0.7437945791726106,0.3574660633484163,0.14236804564907277,0.14479638009049775,0.05392296718972896,0.0,0.010556348074179744,0.746606334841629,0.46704707560627673,316.1871337890625,1.2471199741821106,2.2321401119688464,15.85801832885075,30.655410295461657,7.478931368208572
42.5371166667,-72.1795666667,0,0.5927601809954751,0.8268188302425107,0.4072398190045249,0.14664764621968615,0.0,0.0017118402282453639,0.0,0.0002853067047075606,0.0,0.05706134094151213,361.2760925292969,1.351592612973878,2.9686311361695195,13.986699035033306,81.8167729757347,145.15825922432407
42.1203916667,-72.7841633333,0,0.23529411764705882,0.2776034236804565,0.08597285067873303,0.0673323823109843,0.6561085972850679,0.6139800285306705,0.02262443438914027,0.00456490727532097,12.55656108597285,10.74493580599144,67.17650604248047,1.8148667927815367,1.8018230202562384,8.801421436509786,110.12168439378566,24.38401956814113
42.4874638889,-71.4423472222,0,0.02262443438914027,0.16005706134094153,0.11764705882352941,0.112981455064194,0.8597285067873304,0.7258202567760342,0.0,0.0011412268188302425,17.800904977375566,12.741797432239657,65.15316009521484,1.3683514151442338,1.563480978227402,5.934845378544597,110.44698310082279,9.27778060411425
42.0252055556,-72.5837,0,0.0,0.26390870185449355,0.0,0.07303851640513552,1.0,0.6425106990014265,0.0,0.0,33.85067873303167,16.85164051355207,42.59064865112305,0.7047873764703397,1.353147577059043,7.121107351679077,320.2850333912543,1.3607857696990584
41.3531383333,-70.7311866667,1,0.7601809954751131,0.7338088445078459,0.0,0.010271041369472182,0.16289592760180996,0.06875891583452211,0.0,0.0,2.1266968325791855,0.899286733238231,48.4027099609375,4.458367977407485,2.691362854022776,19.530489505968625,354.10919316483677,12.500340559371232
42.4650502239,-71.0981125021,0,0.02262443438914027,0.24707560627674752,0.0,0.04336661911554922,0.669683257918552,0.5289586305278174,0.29411764705882354,0.17660485021398004,24.895927601809955,20.067047075606276,47.61748504638672,0.361668864801094,1.3299858624374985,6.630737917717027,46.270024380144235,5.737413770769208
42.4977141915,-70.9008054969,0,0.0,0.13666191155492155,0.0,0.12582025677603423,1.0,0.7366619115549216,0.0,0.0008559201141226819,40.67420814479638,27.885021398002852,12.350591659545898,0.7469941745172566,1.2191681983205898,5.510274952800322,297.22579450490423,34.83064484920526
42.3525940301,-71.1960233376,0,0.0,0.0068473609129814554,0.0,0.0,1.0,0.9931526390870186,0.0,0.0,40.98190045248869,46.14835948644793,26.70979881286621,3.789333394200012,1.6187375971468523,11.15078408199099,757.6092701418248,30.589986093535803
42.216307282,-71.4625470732,1,0.7828054298642534,0.4927246790299572,0.17194570135746606,0.18202567760342367,0.04524886877828054,0.25962910128388017,0.0,0.015691868758915834,0.5203619909502263,4.849358059914408,95.49739074707031,1.4148776248535535,1.8451457166460694,7.790548529668654,104.24696610706744,164.1335713956977
41.6972231,-69.96926705,1,0.08144796380090498,0.016547788873038517,0.497737556561086,0.11783166904422254,0.38009049773755654,0.8353780313837376,0.04072398190045249,0.030242510699001426,8.877828054298643,27.543794579172612,2.4194579124450684,1.4314467478528539,1.2854808267752793,6.242143906774976,11.744949650986653,139.0722423762838
42.6360778809,-71.3757324219,0,0.0,0.053637660485021395,0.0,0.05877318116975749,1.0,0.7689015691868759,0.0,0.11326676176890157,49.31221719457014,32.196005706134095,36.34628677368164,0.989302579916739,0.932422781370955,4.315744822500122,183.50965345107338,18.030784205230432
42.63392,-71.5587,0,1.0,0.6362339514978602,0.0,0.11326676176890157,0.0,0.1817403708987161,0.0,0.0014265335235378032,0.0,2.205991440798859,109.57797241210938,2.1661433651407354,2.1585955758403172,10.74957307373778,357.3110662384481,504.99877577227954
41.7397154009,-70.3794086912,0,0.0,0.0042796005706134095,0.0,0.10413694721825963,0.0,0.043081312410841656,0.6334841628959276,0.5275320970042796,0.0,0.7158345221112696,-0.21148145198822021,0.6005136678399604,0.4439777467175439,3.3400557303608385,0.0,152.76042459219454
42.772315979,-71.1067047119,0,0.0,0.043937232524964336,0.0,0.009700427960057061,1.0,0.8801711840228246,0.0,0.0659058487874465,29.212669683257918,32.007417974322394,44.079383850097656,1.8426225174657145,2.723415122438199,17.001831149521234,568.0516284678055,34.06635436604689
42.026816818,-70.868254605,1,0.058823529411764705,0.15349500713266762,0.07239819004524888,0.5007132667617689,0.10407239819004525,0.07589158345221113,0.416289592760181,0.11640513552068474,3.1221719457013575,2.317261055634807,17.5206241607666,0.09603537238037478,0.25136290878704903,1.8231577492979025,0.0,796.308536382657
41.9772104737,-71.2006962992,0,0.10407239819004525,0.289586305278174,0.07239819004524888,0.11326676176890157,0.48868778280542985,0.25848787446504995,0.3167420814479638,0.3261055634807418,16.733031674208146,7.359201141226819,31.375755310058594,0.1461619422405308,0.40177108972410314,1.7147656035094352,8.744589123665884,43.22796082841726
41.6493189895,-70.6220587716,1,0.08144796380090498,0.07845934379457917,0.2986425339366516,0.06875891583452211,0.2579185520361991,0.618830242510699,0.3438914027149321,0.20057061340941512,3.746606334841629,12.913552068473608,2.8138060569763184,0.7841411669197222,0.66178326738456,4.931572808346004,0.0,194.50865085499294
42.513427,-71.31644,0,0.1085972850678733,0.2787446504992867,0.334841628959276,0.4793152639087018,0.09502262443438914,0.0964336661911555,0.0,0.06191155492154066,1.6108597285067874,1.4510699001426532,35.93952178955078,0.9148533233765809,0.7328448358396238,6.188761268186388,63.595138461181755,191.7260393364412
42.471445,-71.170625,1,0.27149321266968324,0.1449358059914408,0.36199095022624433,0.06134094151212553,0.3167420814479638,0.7417974322396577,0.049773755656108594,0.0456490727532097,9.470588235294118,24.690156918687588,17.645402908325195,1.5080827621402964,1.6937050343040467,7.40460169912082,16.48451130337217,203.29170411816713
42.2863597953,-72.3214845608,1,0.13122171945701358,0.6884450784593438,0.7692307692307693,0.22796005706134095,0.09954751131221719,0.04850213980028531,0.0,0.0,2.1040723981900453,0.4738944365192582,172.5166015625,0.8876686849299953,3.2961176189751478,18.01104954663227,5.175832695682217,102.10109277049041
42.0740888333,-72.5632783333,0,0.6199095022624435,0.36119828815977173,0.14479638009049775,0.08673323823109844,0.03167420814479638,0.5186875891583452,0.19457013574660634,0.029671897289586305,1.2760180995475112,11.507845934379459,33.83039093017578,1.757470076891039,1.50111514663254,7.474308562521923,16.136989827142738,244.10922720119322
42.5056058263,-71.8965679735,0,0.8235294117647058,0.7902995720399429,0.06334841628959276,0.06191155492154066,0.058823529411764705,0.0659058487874465,0.00904977375565611,0.011412268188302425,0.2986425339366516,1.1654778887303852,328.5994567871094,4.46150551620509,5.835139262189691,45.17655299760067,0.0,153.4505777960993
41.7513410795,-70.1653616466,0,0.004524886877828055,0.04165477888730385,0.15384615384615385,0.22196861626248215,0.8416289592760181,0.3666191155492154,0.0,0.27360912981455066,13.67420814479638,7.276462196861626,14.925911903381348,1.2455518477968368,0.9987385599464265,4.235314500345701,62.81193871371941,21.068955894102643
42.4813638569,-71.0874498636,0,0.0,0.017974322396576318,0.03167420814479638,0.029101283880171185,0.9683257918552036,0.9529243937232525,0.0,0.0,34.959276018099544,36.42567760342368,56.012447357177734,0.9489827375485171,1.3541501425595819,5.74358976256122,246.66297063861163,61.309347978889754
42.4283943176,-71.2432098389,0,0.24434389140271492,0.06932952924393723,0.06334841628959276,0.14607703281027104,0.6923076923076923,0.7757489300998573,0.0,0.0042796005706134095,7.239819004524887,20.29843081312411,80.9407730102539,3.0925567346409792,1.7485734374248671,8.974510684189056,215.2709167791576,28.40652992142016
42.4127688218,-71.408502236,0,0.11312217194570136,0.16576319543509271,0.6108597285067874,0.28473609129814553,0.2669683257918552,0.44707560627674753,0.0,0.002282453637660485,5.425339366515837,7.419686162624822,41.85110855102539,1.2109289969591268,1.079046110451041,7.809442341046757,100.60240285824791,175.03027551323726
42.579838978,-70.8695940114,1,0.27149321266968324,0.32724679029957204,0.3031674208144796,0.13238231098430814,0.17194570135746606,0.44079885877318115,0.22624434389140272,0.0659058487874465,7.9366515837104075,15.968616262482168,16.540300369262695,1.3365537701541979,1.2923572811376667,6.315256928510232,8.611098379314699,161.59068202571967
41.8212065448,-70.0040035069,0,0.0,0.013409415121255349,0.16289592760180996,0.26504992867332383,0.06334841628959276,0.13380884450784594,0.46153846153846156,0.5098430813124109,2.4524886877828056,3.5295292439372323,2.774211883544922,0.5323469981777699,0.3612012922407039,2.499940529585159,18.23951621404723,66.50739990586051
42.6288169267,-70.8417124739,0,0.24434389140271492,0.24878744650499288,0.669683257918552,0.34407988587731814,0.03619909502262444,0.3275320970042796,0.0,0.0,0.2986425339366516,5.076747503566334,8.414155006408691,0.8254815211054,1.1791392306913822,5.161190205703533,45.49489217741422,293.3703516733149
41.6272487255,-70.3783998827,1,0.0,0.033951497860199714,0.04072398190045249,0.04821683309557775,0.9592760180995475,0.8002853067047075,0.0,0.11554921540656206,19.144796380090497,18.382881597717546,5.4259538650512695,0.9099938980795407,0.8398918811250341,4.091034215772154,4.7247737495788,64.45105647357373
42.589458371,-71.5441464885,1,0.6153846153846154,0.6359486447931526,0.33031674208144796,0.14750356633380884,0.0,0.12154065620542083,0.00904977375565611,0.0008559201141226819,0.0,1.7243937232524964,95.55862426757812,1.4194059674817792,1.7978303179729211,11.508809855938,0.0,360.9432076470584
42.4145147956,-71.9661037977,1,0.3574660633484163,0.5677603423680456,0.4343891402714932,0.20285306704707562,0.17647058823529413,0.192867332382311,0.027149321266968326,0.0017118402282453639,3.6968325791855206,3.05848787446505,311.3826599121094,0.9266781012501194,2.0894696915011566,11.81053471236984,0.0,77.85944368805517
42.4963391827,-71.3643614434,1,0.5067873303167421,0.5329529243937232,0.18552036199095023,0.21597717546362338,0.08597285067873303,0.17175463623395149,0.2171945701357466,0.029386590584878743,2.909502262443439,3.4867332382310985,62.90485763549805,1.9636692969439085,1.388820166638345,9.4979737013151,0.0,241.27462007920352
42.3774909973,-72.5770950317,0,0.665158371040724,0.517546362339515,0.0,0.04022824536376605,0.18099547511312217,0.2088445078459344,0.0,0.005706134094151213,2.063348416289593,3.8556348074179745,84.12103271484375,5.416754041277527,4.402466737122427,26.477816052767007,281.288899627839,10.430397311580244
42.4941238279,-70.8561574477,0,0.0,0.0,0.03167420814479638,0.016833095577746076,0.8054298642533937,0.5746077032810271,0.1583710407239819,0.39457917261055636,25.936651583710407,27.190299572039944,10.311395645141602,1.5517195810237994,0.9500907440506756,6.359462000218298,94.26530735684598,69.88751755298853
42.2694866667,-72.704155,0,0.4660633484162896,0.4048502139800285,0.3936651583710407,0.17574893009985734,0.0,0.17089871611982882,0.0,0.0,0.0,3.5169757489300997,48.65655517578125,1.2540664466338038,1.4239429738163925,6.75406955426065,9.071287625539696,469.82862692515005
42.3277778,-72.5394444444,0,0.9592760180995475,0.40285306704707563,0.004524886877828055,0.07988587731811697,0.0,0.18601997146932953,0.0,0.0,0.0,5.409700427960057,64.67623901367188,1.2153945704219606,1.4254533242993592,10.698442230229768,48.79018671125162,330.12024655854583
42.4928226215,-71.3681848488,1,0.3212669683257919,0.4088445078459344,0.4343891402714932,0.294151212553495,0.03167420814479638,0.1783166904422254,0.20361990950226244,0.03109843081312411,0.6470588235294118,3.570898716119829,55.67564392089844,1.0105529169766085,1.318355008891807,9.568603317469096,19.721327228721144,151.28972073998702
41.3298044571,-70.3041220577,1,0.0,0.0,0.0,0.04736091298145506,0.0,0.0,0.8506787330316742,0.7888730385164051,0.0,0.0,-2.096330165863037,0.156183509158796,0.18336278794975258,1.0697292649874413,0.0,3619.14500662356
42.2095638889,-70.9603388889,0,0.0,0.07218259629101284,0.0,0.05335235378031384,1.0,0.8738944365192582,0.0,0.0,48.01357466063349,33.91469329529244,37.08082580566406,0.48868368176899973,1.0024584144028545,5.024234497602511,244.97923849857074,36.93313616748436
42.3837383333,-73.3009033333,1,0.751131221719457,0.9218259629101284,0.19457013574660634,0.05534950071326676,0.049773755656108594,0.021112696148359488,0.004524886877828055,0.0002853067047075606,0.36199095022624433,0.16348074179743224,402.8223876953125,6.635382949174566,8.452148862235832,60.39195672869233,0.0,202.89520683960103
42.0848055028,-73.36837,0,0.45248868778280543,0.3820256776034237,0.334841628959276,0.40285306704707563,0.0,0.04536376604850214,0.0,0.0,0.0,0.3275320970042796,221.92874145507812,3.283570391297634,2.1541043249429523,11.96992984047321,283.63460585764426,553.7737510142348
42.4052305556,-71.6845361111,0,0.06787330316742081,0.24108416547788872,0.0,0.0456490727532097,0.746606334841629,0.48958630527817404,0.17647058823529413,0.18659058487874466,14.158371040723981,17.18573466476462,102.68668365478516,5.83149288662274,3.32222501468007,14.626823259721657,39.42703612203818,35.035493020091664
41.5303611,-71.01075,1,0.26244343891402716,0.2502139800285307,0.22624434389140272,0.1803138373751783,0.2398190045248869,0.1049928673323823,0.0,0.0,4.791855203619909,1.8536376604850213,12.797229766845703,0.831960891361458,0.725380898909999,5.187717347128356,178.83448648829642,5.195152251132059
42.4576416016,-72.5796737671,0,0.03167420814479638,0.052781740370898715,0.07692307692307693,0.02253922967189729,0.7149321266968326,0.3115549215406562,0.0,0.09671897289586305,22.330316742081447,9.375748930099858,40.53790283203125,0.09502087678667909,0.668347002041519,4.17394904677305,81.70506231303482,22.099576016416627
42.0604921165,-73.0591863021,0,0.6018099547511312,0.8439372325249643,0.19909502262443438,0.05962910128388017,0.16289592760180996,0.051069900142653356,0.0,0.011126961483594865,2.927601809954751,0.703281027104137,231.87753295898438,11.551793773493621,11.1468082326867,68.6477835889082,0.0,106.21254213103373
42.6450916667,-73.2337333333,0,0.497737556561086,0.7594864479315264,0.03619909502262444,0.028530670470756064,0.16289592760180996,0.05791726105563481,0.0,0.0,4.004524886877828,1.4282453637660486,283.96453857421875,5.53946282241669,8.861222691784876,53.79210727612672,54.10510745596609,102.43572622217533
42.1165143051,-72.6832953617,0,0.6515837104072398,0.4253922967189729,0.2171945701357466,0.07189728958630527,0.0,0.225962910128388,0.0,0.008273894436519259,0.0,3.8932952924393724,41.087303161621094,3.434469116778593,2.887383766947622,14.063422243007018,7.8342135963939254,187.6592482338374
41.5557933188,-70.6069759684,0,0.0,0.0005706134094151213,0.11764705882352941,0.03052781740370899,0.7149321266968326,0.9315263908701854,0.167420814479638,0.03680456490727532,19.46153846153846,40.760912981455064,4.671459674835205,0.3992683358133846,0.40764300476484516,1.8978688856469659,58.94753602172636,18.904042061612596
42.4170469722,-72.5185989722,0,0.43891402714932126,0.34750356633380886,0.04524886877828054,0.07189728958630527,0.27149321266968324,0.45392296718972897,0.17194570135746606,0.010841654778887305,5.16289592760181,8.31811697574893,71.91119384765625,3.118560891815865,2.0700878501696764,15.107756362092944,0.0,155.68129636685268
42.3754159015,-72.2160945833,0,0.7737556561085973,0.8122681883024251,0.22171945701357465,0.09586305278174037,0.004524886877828055,0.02368045649072753,0.0,0.0014265335235378032,0.049773755656108594,0.15748930099857347,207.2472381591797,3.0550992420938723,4.0759670225313105,28.913264618735738,0.8125863703078069,203.92613549485176
42.6906659827,-72.8968024347,0,0.8506787330316742,0.8676176890156919,0.03619909502262444,0.025106990014265335,0.1085972850678733,0.05877318116975749,0.0,0.015977175463623396,1.1538461538461537,0.6995720399429387,426.7144470214844,5.971299387268128,7.917017565961331,62.73164585933564,229.17539539977952,70.643556475241
42.4632746001,-72.3432200446,1,0.6018099547511312,0.8547788873038517,0.16289592760180996,0.07018544935805991,0.1493212669683258,0.04051355206847361,0.0,0.003708987161198288,0.6787330316742082,0.2507845934379458,265.1781005859375,3.931712765437588,4.944296293418978,28.246927497384586,26.501088704989858,62.6044503984259
42.31867,-71.2713083333,0,0.00904977375565611,0.019400855920114122,0.0,0.00456490727532097,0.9909502262443439,0.9751783166904422,0.0,0.0008559201141226819,19.09049773755656,21.607703281027103,49.646297454833984,1.0682956608518919,2.4373254115793173,13.645901672905179,74.02726440839417,3.0692027206655554
42.5932716667,-70.7790666667,0,0.7330316742081447,0.5209700427960057,0.12669683257918551,0.23509272467902995,0.14027149321266968,0.24308131241084166,0.0,0.0008559201141226819,3.7963800904977374,5.003423680456491,27.069787979125977,2.060527596315291,1.8402379297886224,7.849145436395037,119.19796331610333,79.44964160851657
42.3961116633,-72.6045483444,1,0.07692307692307693,0.13894436519258202,0.5701357466063348,0.2296718972895863,0.00904977375565611,0.18088445078459345,0.09502262443438914,0.02368045649072753,0.1583710407239819,5.22453637660485,34.8831787109375,1.1824614292165694,0.7298257975858107,6.739310659792673,0.0,86.2856662600994
42.3368,-71.18432,0,0.0,0.03651925820256776,0.0,0.008273894436519259,1.0,0.9549215406562054,0.0,0.0002853067047075606,28.248868778280542,27.55549215406562,58.152320861816406,2.3117362409798403,1.870268125392122,10.388637670796195,572.2523005053431,1.7710323479992824
42.4467083333,-71.26953,0,0.06334841628959276,0.32553495007132666,0.09502262443438914,0.09700427960057062,0.8371040723981901,0.5620542082738944,0.0,0.0,35.01357466063349,17.678744650499286,60.41522216796875,0.4740278088171558,1.5518192947089806,5.937321671359306,26.53377691194698,10.549975460153695
42.81567,-70.95768,1,0.5520361990950227,0.3124108416547789,0.2850678733031674,0.1914407988587732,0.0,0.2051355206847361,0.14027149321266968,0.23651925820256775,0.0,3.6801711840228246,6.353830814361572,2.3647798480765987,1.9277333919527668,14.40673765785464,29.131248534281813,3.3263142281042173
42.5030466667,-71.6318666667,0,0.08597285067873303,0.18145506419400856,0.9049773755656109,0.5198288159771755,0.0,0.04136947218259629,0.00904977375565611,0.011126961483594865,0.0,0.9848787446504993,66.76648712158203,1.1370170514581421,1.2113351894785744,8.549296671244786,31.62584883973088,306.5783100715538
42.8173163093,-70.8711206908,0,0.0,0.025677603423680456,0.004524886877828055,0.21569186875891583,0.6787330316742082,0.5206847360912982,0.3167420814479638,0.2370898716119829,35.16742081447964,30.584022824536376,0.9641412496566772,0.49303461044761665,0.7244802692527521,4.7906213908488136,38.03295124767031,1.8737224967898476
42.6328593439,-70.619998835,0,0.5294117647058824,0.425962910128388,0.29411764705882354,0.11868758915834522,0.1583710407239819,0.2094151212553495,0.0,0.1797432239657632,2.425339366515837,5.142938659058488,6.110060691833496,2.614729047231552,1.6543685580999004,13.464868578340413,25.268838758349517,19.443540609223238
42.4833216667,-72.3297,1,0.9276018099547512,0.9340941512125535,0.03167420814479638,0.0522111269614836,0.0,0.003138373751783167,0.0,0.0005706134094151213,0.0,0.02225392296718973,299.3008117675781,3.8823578905570297,5.009570915514233,26.323178535559382,406.9849369050163,5.74292987260127
42.2173829722,-71.216367,0,0.03167420814479638,0.12268188302425106,0.04072398190045249,0.16176890156918688,0.9276018099547512,0.7132667617689016,0.0,0.0,51.171945701357465,17.312410841654778,74.0077896118164,0.8211514019601188,1.2050418042605102,5.528959021023056,167.94238660339985,153.63584425204354
42.1040733333,-70.7130333333,0,0.5520361990950227,0.29757489300998574,0.14027149321266968,0.18858773181169758,0.0,0.37489300998573466,0.0,0.0,0.0,10.616262482168331,18.749937057495117,1.8493511258398003,1.2323346815505303,9.09241110910045,274.44762362933415,70.61616793094377
42.6590919495,-71.3476028442,0,0.3665158371040724,0.3320970042796006,0.004524886877828055,0.05534950071326676,0.6289592760180995,0.5974322396576319,0.0,0.0,21.488687782805428,19.187446504992867,43.90331268310547,1.5254144539843268,1.486565150340535,6.436618640654135,66.15468670439279,24.429240212473925
42.4429527778,-71.0802416667,0,0.7963800904977375,0.3948644793152639,0.01809954751131222,0.020256776034236805,0.18552036199095023,0.5626248216833095,0.0,0.012838801711840228,1.1900452488687783,22.63509272467903,62.1678352355957,2.2090493249591154,3.0199495682584456,21.580917816843836,73.19197820844744,75.70190887375726
42.5178944444,-71.3296,0,0.6153846153846154,0.5092724679029957,0.1583710407239819,0.22881597717546362,0.22624434389140272,0.2348074179743224,0.0,0.0,3.3665158371040724,3.5777460770328102,52.58890151977539,1.752970669699209,1.3355914382802545,10.680660340875425,70.2130220674147,2.1853013817874807
42.6612721842,-71.7063779756,0,0.3393665158371041,0.40114122681883024,0.2081447963800905,0.13380884450784594,0.03167420814479638,0.3757489300998573,0.0,0.0,0.6877828054298643,12.93808844507846,84.81925964355469,0.5369150162727453,1.016429287633727,4.456029402661817,21.53869435126467,246.94974816609616
41.5548632348,-70.6488829079,0,0.08144796380090498,0.2670470756062768,0.10407239819004525,0.05820256776034237,0.7013574660633484,0.3845934379457917,0.10407239819004525,0.23423680456490728,9.203619909502262,5.415977175463623,6.8223161697387695,1.2031073287647285,1.1070289240700106,8.793760124203184,2.611853988822501,38.89339134848095
42.0712586,-73.2108218997,1,0.334841628959276,0.5922967189728958,0.37104072398190047,0.22738944365192582,0.03167420814479638,0.019971469329529243,0.07239819004524888,0.09814550641940085,0.3076923076923077,0.10641940085592011,428.0351867675781,1.8875597503857944,2.664032537155319,11.47451595630199,4.8599678073596175,69.9980875903777
41.9930153713,-71.3090299164,0,0.058823529411764705,0.30042796005706135,0.12217194570135746,0.15663338088445078,0.8190045248868778,0.5075606276747504,0.0,0.0,31.28054298642534,13.50641940085592,74.99160766601562,1.0010935977688005,1.647162040569381,9.152596112232438,180.29496010202675,30.584560339897
42.4298055556,-73.3360833333,0,0.0,0.45706134094151213,0.0,0.23594864479315264,0.20361990950226244,0.10527817403708987,0.0,0.0011412268188302425,6.606334841628959,3.2031383737517833,354.970458984375,1.3895460639633697,3.4386645238245617,22.99828446774318,189.3879854139556,127.84978883138737
42.4649966667,-71.1468945,0,0.0,0.0659058487874465,0.0,0.0017118402282453639,1.0,0.8476462196861626,0.0,0.08302425106990015,49.547511312217196,37.317831669044224,20.52240562438965,1.1607853368073775,1.8911651031029069,10.078352463240547,304.66937898205555,10.02895898575108
41.9663194812,-71.0420739575,1,0.0,0.1044222539229672,0.1583710407239819,0.207132667617689,0.0,0.31041369472182595,0.8416289592760181,0.35549215406562057,0.0,9.042796005706133,17.223371505737305,0.035256070814848654,0.3688178748107546,2.072721008137375,0.0,467.85188383200716
42.3409141766,-71.0521865214,0,0.0,0.0,0.0,0.0005706134094151213,1.0,0.9863052781740371,0.0,0.013124108416547788,83.00904977375566,83.26105563480742,5.388328552246094,0.3165390017948691,0.5661599475558928,3.913056040081604,582.9579881912935,11.16009534567474
42.0586861667,-71.8408966667,0,0.5746606334841629,0.5352353780313838,0.0,0.0804564907275321,0.4253393665158371,0.2867332382310984,0.0,0.09386590584878744,6.855203619909502,7.413124108416548,192.72068786621094,5.659991029106062,3.1905040976544283,28.15727625903867,194.57213498033357,6.799447172132337
42.2197426876,-72.540325304,0,0.2895927601809955,0.12781740370898717,0.2895927601809955,0.3375178316690442,0.36199095022624433,0.22624821683309557,0.0,0.0,8.036199095022624,5.357774607703281,71.96028900146484,0.37578426630761474,0.8798593154833984,5.427209434340618,278.8930740977231,50.74416704097923
42.477254917,-71.3205177337,0,0.3393665158371041,0.24450784593437946,0.09954751131221719,0.3680456490727532,0.5610859728506787,0.2513552068473609,0.0,0.09472182596291012,12.48868778280543,5.4054208273894435,39.31413650512695,1.066038145543818,0.6988711197159345,3.800881739026791,160.55858513898943,8.152619744091393
41.6555116283,-69.9753281806,0,0.0,0.003138373751783167,0.0,0.09072753209700428,0.0,0.025962910128388018,0.6289592760180995,0.724679029957204,0.0,0.3609129814550642,0.46056753396987915,0.32913127196222103,0.2973336551264077,1.6228326454100763,10.917875508382352,724.8747465329727
41.3293033333,-69.9953466667,0,0.0,0.042796005706134094,0.09954751131221719,0.06990014265335236,0.19457013574660634,0.06390870185449359,0.2669683257918552,0.6721825962910128,6.036199095022624,1.1717546362339515,2.0589966773986816,0.8055225688376952,0.4988415761479001,3.193477278215245,70.00928402061285,23.79636902215193
42.6587562877,-71.3182236832,0,0.0,0.0002853067047075606,0.0,0.0,0.755656108597285,0.9166904422253923,0.24434389140271492,0.08302425106990015,35.977375565610856,53.03252496433666,18.030227661132812,0.8037894357353195,1.2884708592023195,6.651784329873442,0.0,31.97528100653481
41.6742216667,-70.0352861667,0,0.0,0.020542082738944364,0.07692307692307693,0.105848787446505,0.9230769230769231,0.7340941512125535,0.0,0.09215406562054208,21.212669683257918,20.124679029957203,6.268946647644043,1.0793042890207616,0.8416339164215508,4.789730429779656,0.0,35.51989913168092
42.3891926327,-71.1863662239,0,0.12669683257918551,0.09044222539229672,0.0,0.019400855920114122,0.8733031674208145,0.8901569186875892,0.0,0.0,49.28506787330317,40.58573466476462,19.832685470581055,2.331592694850749,2.6099725201358432,18.917122298784946,726.131975436799,4.099479307140184
41.9269070626,-71.1412802612,0,0.11312217194570136,0.21768901569186877,0.167420814479638,0.2456490727532097,0.7104072398190046,0.5052781740370899,0.0,0.008273894436519259,13.461538461538462,12.84108416547789,18.94565773010254,0.730447787402562,0.7143785972698343,2.9554360636813373,46.38418577556878,77.86412869354783
42.34452695,-71.09508541,0,0.0,0.0,0.013574660633484163,0.0028530670470756064,0.9638009049773756,0.938373751783167,0.02262443438914027,0.05877318116975749,59.35746606334842,69.36547788873038,1.858579397201538,0.22613581595548654,0.2556761774473772,0.9824202924684158,89.23282572427964,21.481939732058773
42.28810754,-71.19648166,0,0.09954751131221719,0.14122681883024252,0.6515837104072398,0.4399429386590585,0.013574660633484163,0.35863052781740373,0.22624434389140272,0.05420827389443652,0.42081447963800905,15.513837375178317,26.342910766601562,0.3054270658804964,0.848329418205524,4.523206558803815,19.203253445766002,270.56637100196366
41.952125,-70.87235,0,0.013574660633484163,0.09671897289586305,0.22171945701357465,0.40570613409415124,0.00904977375565611,0.06476462196861626,0.01809954751131222,0.0028530670470756064,0.1085972850678733,0.9198288159771755,8.261652946472168,0.06687994163683929,0.11709565726185328,0.5489667549259354,44.748172761413066,377.19807997419264
42.2418178312,-70.9429391474,1,0.0,0.028815977175463622,0.013574660633484163,0.06390870185449359,0.9864253393665159,0.8864479315263909,0.0,0.020827389443651926,43.959276018099544,37.875606276747504,11.025336265563965,0.7450844005460014,1.3268596039920983,4.985237723459126,265.795019050028,6.168934240627534
42.4130833755,-71.4573277441,1,0.3936651583710407,0.5015691868758916,0.5656108597285068,0.30813124108416545,0.01809954751131222,0.14037089871611982,0.0,0.03166904422253923,0.2850678733031674,6.372325249643366,56.73771286010742,0.697542973813942,0.889648395541782,3.425465555666783,32.227138953236995,38.42028775702322
41.6958011261,-71.1465966181,0,0.0,0.0,0.049773755656108594,0.013124108416547788,0.9411764705882353,0.962339514978602,0.00904977375565611,0.024536376604850214,61.06334841628959,72.14522111269615,41.78985595703125,0.4264049829754672,1.4003513769591407,7.504860434018176,6.817647921545021,104.51926205149255
42.1081776439,-71.3214391415,1,0.10407239819004525,0.38830242510699003,0.6334841628959276,0.3007132667617689,0.0,0.2724679029957204,0.24434389140271492,0.019115549215406563,0.0,4.546647646219686,52.94969940185547,0.36538461911660797,1.2508955954877259,6.166628909400754,0.0,362.75752703070424
42.270725,-71.13591117,0,0.23529411764705882,0.22510699001426535,0.0,0.03737517831669044,0.7647058823529411,0.7298145506419401,0.0,0.007417974322396576,7.04524886877828,26.42824536376605,55.06153106689453,2.2798959093449325,2.8371383553682565,16.038290032475427,267.1557693552736,176.95426159762573
42.2396099443,-70.7597377648,0,0.0,0.006276747503566334,0.04524886877828054,0.09871611982881598,0.16289592760180996,0.2502139800285307,0.7239819004524887,0.6002853067047076,11.570135746606335,7.395720399429386,-0.08437745273113251,0.6745265768575313,0.3877800282880424,2.431092198874987,0.0,127.86285028443771
42.4963349966,-71.3642734377,1,0.5067873303167421,0.5329529243937232,0.18552036199095023,0.21597717546362338,0.08597285067873303,0.17175463623395149,0.2171945701357466,0.029386590584878743,2.909502262443439,3.4867332382310985,62.90485763549805,1.9636692969439085,1.388820166638345,9.4979737013151,3.8860446912648023,248.47833510017998
42.2351133333,-71.7879716667,0,0.19909502262443438,0.22082738944365193,0.0,0.018830242510699,0.8009049773755657,0.7600570613409415,0.0,0.0002853067047075606,40.44343891402715,42.318687589158344,166.28839111328125,6.059018398979783,3.5281415133280065,21.68067524158595,47.86956174820226,4.680375303176028
42.1274692718,-71.8783560986,0,0.3755656108597285,0.329243937232525,0.4117647058823529,0.29472182596291013,0.2081447963800905,0.3095577746077033,0.0,0.011126961483594865,9.289592760180996,7.787446504992867,148.76795959472656,1.161183802000367,1.5645767692714614,7.7001833902428505,0.0,101.29012868277866
42.4003697,-71.1163813,0,0.0,0.0,0.0,0.0,1.0,1.0,0.0,0.0,64.28506787330316,69.55777460770328,14.79377269744873,0.7245242472931017,1.0323834759348385,6.142552467309712,545.2764657654762,65.40913858618381
41.364727891,-70.5522457802,1,0.248868778280543,0.29643366619115546,0.03619909502262444,0.06504992867332382,0.0,0.044793152639087015,0.6018099547511312,0.4904422253922967,0.0,0.5928673323823109,1.1463541984558105,0.19962609086086558,0.29689277489097854,1.3262319723431315,0.0,128.6989808405991
42.4594352162,-71.2837309857,0,0.0,0.06932952924393723,0.0,0.0,1.0,0.9306704707560628,0.0,0.0,67.99095022624434,49.760912981455064,38.9228515625,0.26561854868845775,1.1249762672438222,6.68768519029852,991.588217366184,42.47852210082847
42.3772416667,-71.06125,0,0.0,0.0,0.0,0.0005706134094151213,1.0,0.9121255349500713,0.0,0.08730385164051355,73.79638009049773,70.848787446505,11.95287799835205,1.3638490276767317,0.9064995630941174,4.468837873722506,471.28383841095075,4.758450783735973
42.4114811441,-71.1654180157,0,0.13122171945701358,0.013694721825962911,0.0,0.0002853067047075606,0.8416289592760181,0.9141226818830243,0.027149321266968326,0.07104136947218259,16.149321266968325,37.223680456490726,44.95067596435547,2.324140241101302,2.962372217093344,23.793308021944423,13.641519716654145,58.27037963112802
42.4351366728,-71.11985,0,0.9864253393665159,0.5788873038516406,0.013574660633484163,0.042225392296718976,0.0,0.3560627674750357,0.0,0.017118402282453638,0.0,11.579457917261056,50.24376678466797,1.8792731074399525,1.8285893788528604,10.599495392658282,152.0437437187689,265.7273163199967
42.64635,-71.1265861111,0,0.23529411764705882,0.2767475035663338,0.03619909502262444,0.13580599144079886,0.7285067873303167,0.5843081312410842,0.0,0.0025677603423680455,11.352941176470589,12.72753209700428,79.13836669921875,1.0705806537693932,1.35213228691684,7.68909689015301,199.45605092857232,27.17452549284069
42.6539827199,-73.0919671962,0,0.751131221719457,0.6613409415121255,0.0,0.015691868758915834,0.0,0.10670470756062768,0.0,0.0,0.0,3.3203994293865904,316.2776794433594,7.856865817882924,10.33627376272915,92.22107589034431,129.4099379277202,364.22358894059835
42.31419,-72.54732,0,1.0,0.7580599144079886,0.0,0.04736091298145506,0.0,0.044793152639087015,0.0,0.003994293865905849,0.0,0.7708987161198289,116.29546356201172,9.498406764988024,5.055874224269652,43.62363071435267,372.13820149568085,304.231360641116
42.6774583333,-73.1453333333,0,1.0,0.8990014265335236,0.0,0.012268188302425107,0.0,0.0442225392296719,0.0,0.029957203994293864,0.0,0.6313837375178317,481.6766662597656,12.970222512680502,11.720573042312068,105.58026195573072,114.28455041142276,6.9939338740065375
41.6995866667,-70.4514783333,0,0.8552036199095022,0.5452211126961484,0.0,0.0005706134094151213,0.14479638009049775,0.07817403708987161,0.0,0.3209700427960057,3.425339366515837,1.421398002853067,32.34303283691406,0.9790589258156752,1.479336801863351,6.283025237259144,315.91128828262515,50.709926236996424
42.495716602,-71.366348066,1,0.12217194570135746,0.46704707560627673,0.21266968325791855,0.24793152639087018,0.3393665158371041,0.18773181169757489,0.31221719457013575,0.03052781740370899,7.6923076923076925,3.8008559201141225,56.199485778808594,1.4273664702868922,1.3673984164031123,10.456976949961277,0.0,98.03686852695844
42.1054653079,-71.4251835645,0,0.013574660633484163,0.056776034236804565,0.0,0.1332382310984308,0.9864253393665159,0.809700427960057,0.0,0.0,21.41628959276018,18.863908701854495,88.13861083984375,1.5248367634348232,2.0158968555488155,15.358452783848799,219.59338708840423,72.15885300954179
42.66396976,-71.8998303,0,0.19004524886877827,0.49072753209700426,0.0,0.15977175463623394,0.09502262443438914,0.18288159771754636,0.6877828054298643,0.1449358059914408,0.8868778280542986,2.951783166904422,344.4140625,0.9367306064553284,2.1920612651819913,10.299864452983241,6.547044730567827,17.686908811899883
42.5324033333,-71.5537416667,0,0.2850678733031674,0.5794579172610557,0.48868778280542985,0.1971469329529244,0.19004524886877827,0.18316690442225392,0.0,0.0,1.1131221719457014,1.8368045649072753,83.10073852539062,1.6707304845257556,2.317522226440531,9.719946174992776,39.254199857161225,0.8750515010987396
41.7956418872,-69.9628333597,1,0.03619909502262444,0.044793152639087015,0.058823529411764705,0.06875891583452211,0.8959276018099548,0.8171184022824537,0.00904977375565611,0.06818830242510698,10.796380090497738,13.665620542082738,18.958499908447266,0.9052880940061517,1.2796580691097053,5.092027023398614,0.0,84.71900129851045
42.1908888889,-71.0486916667,1,0.09049773755656108,0.06619115549215407,0.3031674208144796,0.04850213980028531,0.26244343891402716,0.5203994293865906,0.3076923076923077,0.3449358059914408,10.48868778280543,20.207417974322397,39.49708938598633,0.4748857935668773,1.0778479817615678,5.498536911640886,0.0,155.7394181303767
42.7261252155,-70.9942657197,0,0.0,0.131811697574893,0.0,0.10556348074179743,1.0,0.65848787446505,0.0,0.09614835948644793,38.841628959276015,16.41768901569187,28.227081298828125,0.7479459841989318,1.3950008985306865,8.599409849347918,152.25424994761485,30.82221857972465
42.4090539294,-71.6939931276,0,0.0,0.08502139800285306,0.0,0.014835948644793153,1.0,0.5731811697574893,0.0,0.30042796005706135,29.823529411764707,19.766333808844507,141.60218811035156,3.586297763062713,2.804246336259142,12.88740949857679,201.09662306932142,16.9175529113794
42.2233356902,-71.1330134713,0,0.0,0.2413694721825963,1.0,0.5497860199714694,0.0,0.17289586305278173,0.0,0.0,0.0,9.2527817403709,12.513871192932129,0.27234875486613436,1.5356683783309526,13.721745803436729,259.321925047752,567.1563837428597
41.766145,-70.0291055,0,0.5429864253393665,0.6199714693295293,0.013574660633484163,0.02310984308131241,0.03619909502262444,0.15863052781740372,0.40271493212669685,0.17945791726105564,0.39819004524886875,3.0202567760342367,12.966987609863281,1.889309408694049,1.5873130650464735,9.263765899661266,40.824159100114954,306.66988345570434
42.68883,-70.6312633333,1,0.5203619909502263,0.2,0.0,0.027389443651925822,0.34841628959276016,0.2601997146932953,0.08144796380090498,0.45392296718972897,5.298642533936651,5.025677603423681,26.213748931884766,2.226829466860617,1.5381923908010093,11.05150863512318,71.17746609871574,23.56696762105823
42.5152364723,-71.1736419503,0,0.3755656108597285,0.3609129814550642,0.013574660633484163,0.06818830242510698,0.06334841628959276,0.4864479315263909,0.4434389140271493,0.06875891583452211,0.9502262443438914,11.403994293865907,43.98820495605469,1.3928235230605632,1.7883976814727574,9.175727302217537,0.0,301.7253198273039
42.551925662,-70.8502190374,0,0.02262443438914027,0.06875891583452211,0.12217194570135746,0.05335235378031384,0.6877828054298643,0.5863052781740371,0.14027149321266968,0.27560627674750354,11.036199095022624,16.4867332382311,5.772665500640869,1.5779833550281248,1.0763600528430952,8.173733060381851,0.060498125131373946,161.90038713697462
42.0585947119,-70.1142963091,0,0.3031674208144796,0.1609129814550642,0.3891402714932127,0.2587731811697575,0.167420814479638,0.07332382310984308,0.08597285067873303,0.17146932952924393,3.4660633484162897,2.317546362339515,4.815023899078369,1.5055527996821225,0.8695869872466021,5.446534742479623,67.96911754593039,30.26119091060832
42.133475,-70.7166666667,0,0.03619909502262444,0.35263908701854496,0.0,0.1332382310984308,0.9638009049773756,0.5098430813124109,0.0,0.0028530670470756064,10.484162895927602,7.253067047075606,31.21194839477539,4.695589992273861,2.7251704095263984,18.328598907061355,395.34859262262506,8.737723777713017
42.3914430049,-70.9940596539,0,0.0,0.0,0.4253393665158371,0.23252496433666192,0.45701357466063347,0.6867332382310984,0.027149321266968326,0.06932952924393723,19.6289592760181,46.0111269614836,2.07940673828125,0.20173378399122938,1.1982977364409486,6.464285049737796,55.63923301522464,67.79212084493152
42.4388144697,-72.0792575934,1,0.45701357466063347,0.7084165477888731,0.09502262443438914,0.10784593437945791,0.14027149321266968,0.05962910128388017,0.0,0.0,0.7285067873303167,0.49186875891583454,287.0353698730469,2.978743336288811,2.56133661560251,20.4001507799221,61.7854606559012,56.904723032366604
42.4926049125,-72.1852496151,0,0.43891402714932126,0.6282453637660484,0.03167420814479638,0.09072753209700428,0.29411764705882354,0.1383737517831669,0.0,0.0,3.4705882352941178,1.722111269614836,330.85577392578125,2.326562479647826,2.3579835596721637,12.536184038265157,651.696469495495,49.2004459515505
41.5978150184,-70.6459090683,0,0.0,0.025962910128388018,0.21266968325791855,0.12268188302425106,0.09502262443438914,0.2399429386590585,0.26244343891402716,0.5078459343794579,2.8687782805429864,4.936661911554921,0.415115088224411,0.2619023325779278,0.5593794506877852,3.498454674062607,33.46271121987257,0.9841157000153509
42.7217601508,-71.0245938058,1,0.17647058823529413,0.5711840228245364,0.755656108597285,0.2838801711840228,0.06334841628959276,0.11783166904422254,0.0,0.0,1.0135746606334841,1.9600570613409416,25.20941734313965,1.1247455314277461,1.7329997883908095,9.44040962563606,0.0,147.46817505663552
42.3652398445,-71.1880146246,0,0.0,0.002282453637660485,0.0,0.005991440798858773,1.0,0.9883024251069901,0.0,0.0034236804564907277,67.38914027149322,60.343223965763194,3.914670705795288,0.8487310309889783,1.1854037159301174,6.145728023462502,0.0,37.80769643331356
41.8294327236,-70.8900810829,1,0.4253393665158371,0.42368045649072755,0.00904977375565611,0.11098430813124108,0.0,0.045934379457917264,0.5565610859728507,0.4102710413694722,0.0,0.8576319543509272,18.533443450927734,0.9257817918417194,0.7830700175338108,5.9793199850821654,9.038350482983605,477.38086683121935
42.2268392869,-70.973100662,0,0.0,0.0,0.0,0.011126961483594865,1.0,0.9714693295292439,0.0,0.017403708987161197,42.44343891402715,45.8077032810271,32.02180099487305,1.9142031616027202,1.9965281789225975,7.735176471559871,473.48203009239,36.80107044391574
42.5893133333,-70.8988716667,0,0.9728506787330317,0.2904422253922967,0.0,0.09215406562054208,0.0,0.3275320970042796,0.0,0.24764621968616263,0.0,6.920399429386591,35.048675537109375,2.6254807066477124,1.4250151108579818,7.598638323635294,296.8617140145716,439.6178890335444
42.6812991,-72.32527035,0,0.918552036199095,0.7463623395149787,0.08144796380090498,0.17004279600570613,0.0,0.048787446504992865,0.0,0.005135520684736091,0.0,0.6542082738944365,253.32077026367188,2.707647583133978,2.7150653704299454,13.387868181342183,138.34087585435674,176.76097400864796
42.4412616306,-71.0669326349,0,0.15384615384615385,0.16119828815977175,0.027149321266968326,0.02310984308131241,0.8190045248868778,0.8156918687589159,0.0,0.0,37.502262443438916,34.77175463623395,18.81394386291504,1.0108238003967949,2.539805474986888,11.876298725247077,16.06529535890298,84.99222336919911
42.2994233967,-71.256337614,0,0.0,0.0550641940085592,0.07239819004524888,0.12810271041369473,0.9276018099547512,0.7957203994293865,0.0,0.016262482168330955,9.51131221719457,18.96519258202568,35.515769958496094,2.349454733274884,1.8201859695239262,11.316644490820531,162.18484162375373,82.82063839132987
42.6915085316,-71.4252726641,0,0.04524886877828054,0.33152639087018543,0.0,0.04108416547788873,0.6561085972850679,0.3971469329529244,0.0,0.08958630527817403,12.28054298642534,12.133238231098431,40.5790901184082,1.8136955644165818,1.5834853376638163,8.48439984053989,283.16691773419336,31.911205496763053
41.8734633333,-70.98873,0,0.4298642533936652,0.5380884450784593,0.43891402714932126,0.1629101283880171,0.0,0.03366619115549215,0.06787330316742081,0.19971469329529243,0.0,0.5520684736091298,10.323427200317383,1.0341220282082475,1.0319374442452014,5.877960396146607,39.56439602954956,324.17215290442175
42.6111532024,-72.5569665747,1,0.23529411764705882,0.207132667617689,0.0,0.03965763195435093,0.49321266968325794,0.5900142653352354,0.23529411764705882,0.10699001426533523,26.764705882352942,25.46676176890157,53.014381408691406,4.138317343464305,3.109050329285714,15.5664140498969,7.760535950435941,76.1438013287428
42.69476254,-71.21176038,0,0.00904977375565611,0.05848787446504993,0.0,0.025392296718972897,0.9773755656108597,0.7452211126961483,0.0,0.15121255349500715,37.28506787330317,33.60142653352354,22.515037536621094,0.8205568882119412,1.1291133770699275,8.601846432447664,386.21540094433055,27.612380863670115
42.068226,-73.059995,0,0.8009049773755657,0.8650499286733239,0.10407239819004525,0.04935805991440799,0.058823529411764705,0.05249643366619115,0.0,0.0005706134094151213,0.5203619909502263,0.8978601997146933,232.7895965576172,6.017666164549798,11.355429957807475,61.77087687162877,14.00641626085706,12.281359571133411
42.4072560829,-71.148107724,0,0.0,0.0014265335235378032,0.0,0.007988587731811698,0.8416289592760181,0.8758915834522111,0.1583710407239819,0.11383737517831669,43.68325791855204,49.28017118402283,6.63407564163208,0.8951070071524101,0.76983576159669,3.720932407160665,74.23604051632506,19.95451759791443
42.4640416667,-70.9930116667,0,0.0,0.0048502139800285305,0.00904977375565611,0.13894436519258202,0.9909502262443439,0.8425106990014265,0.0,0.013694721825962911,31.742081447963802,34.45506419400856,20.366106033325195,2.2638072821971233,1.9740340666669778,11.435114512298405,277.5443728211374,19.916973148823296
42.2160234492,-71.9416045212,0,0.38009049773755654,0.43594864479315265,0.18552036199095023,0.06191155492154066,0.1493212669683258,0.14807417974322395,0.25339366515837103,0.29586305278174035,1.669683257918552,1.9757489300998574,255.2322998046875,2.203552586328053,2.2890590784262996,11.11656939976035,26.455072123772503,0.8388128308129065
42.6395405313,-70.640493,1,0.5927601809954751,0.6781740370898716,0.28054298642533937,0.1840228245363766,0.09502262443438914,0.07275320970042796,0.0,0.052781740370898715,1.1357466063348416,1.6222539229671897,30.06561279296875,2.0190549428106146,1.775552732869083,8.018380911094537,114.49647331875313,203.53653882342402
42.389545,-71.15065,1,0.0,0.01825962910128388,0.0,0.03366619115549215,0.8914027149321267,0.7563480741797433,0.10407239819004525,0.19029957203994294,41.31674208144796,42.02995720399429,3.0312554836273193,0.2760972058333803,0.6831923104133583,4.406748734203365,2.6062329134813336,60.58221895489472
42.6404676655,-70.9991052534,1,0.7285067873303167,0.7574893009985735,0.2081447963800905,0.13951497860199716,0.0,0.09472182596291012,0.06334841628959276,0.007132667617689016,0.0,1.1848787446504994,34.764068603515625,1.4753306108220356,1.7514744080892855,8.138661718686938,0.0,44.623565884204304
42.48863667,-70.926575,0,0.5475113122171946,0.1942938659058488,0.3031674208144796,0.06847360912981455,0.1493212669683258,0.585734664764622,0.0,0.007703281027104137,3.484162895927602,21.97432239657632,31.808320999145508,1.334480133260779,2.6650527261674073,15.46849507498025,8.621662163787175,95.71139344618473
41.39605,-70.6737283333,1,0.37104072398190047,0.4530670470756063,0.28054298642533937,0.06961483594864479,0.03619909502262444,0.15320970042796006,0.00904977375565611,0.003994293865905849,0.6787330316742082,2.089015691868759,11.316452026367188,0.8961055439688774,0.916125692344295,5.074198021730599,49.011194746496884,77.07453717262429
41.5493629722,-70.949584,0,0.167420814479638,0.15748930099857347,0.8099547511312217,0.45706134094151213,0.0,0.2704707560627675,0.0,0.025106990014265335,0.0,4.018830242510699,3.383967399597168,0.6781194665108501,0.8389856681332625,4.570842226965041,140.3870001200928,303.71792542247505
42.42584718,-71.4686215,1,0.06334841628959276,0.36319543509272467,0.19457013574660634,0.08359486447931526,0.5610859728506787,0.48445078459343793,0.17194570135746606,0.028530670470756064,13.42081447963801,14.057631954350928,56.269344329833984,1.1259999934150007,2.0754519915583653,10.042741987025398,0.0,85.65776752290526
42.21056333,-72.60318,0,0.0,0.0094151212553495,0.0,0.017403708987161197,0.9411764705882353,0.7888730385164051,0.058823529411764705,0.1774607703281027,55.93665158371041,49.12981455064194,35.011573791503906,2.5802241661243173,1.442896784857004,9.279599247709635,27.184845754884186,72.65272302258025
41.6581216667,-70.3134,0,0.0,0.0,0.03167420814479638,0.0068473609129814554,0.9276018099547512,0.9891583452211127,0.04072398190045249,0.003994293865905849,22.923076923076923,33.91440798858773,13.142189979553223,0.6067833361370434,0.4523781482333197,2.585986632396778,176.99759647420365,12.879829971953399
42.65619,-72.945075,0,0.9457013574660633,0.8639087018544935,0.0,0.02282453637660485,0.04524886877828054,0.0667617689015692,0.0,0.029671897289586305,0.47058823529411764,0.9586305278174037,268.3276062011719,21.082577576300167,16.311136491159907,89.48033329274828,127.67538037525209,222.36096142401166
41.6462628036,-70.625081511,1,0.04072398190045249,0.11754636233951497,0.06334841628959276,0.07189728958630527,0.8190045248868778,0.6462196861626248,0.07692307692307693,0.14693295292439373,10.122171945701357,14.12981455064194,3.1602284908294678,0.5366569637210606,0.659320643930479,3.9096455833124026,0.0,92.35043366833399
41.36427059,-70.51048979,1,0.5656108597285068,0.07560627674750357,0.01809954751131222,0.02767475035663338,0.38461538461538464,0.4154065620542083,0.0,0.2850213980028531,10.321266968325792,10.867332382310984,7.030205726623535,0.584520414066824,0.33486302610814733,2.9438661311244925,257.26630674551143,119.27285414027891
42.6012266667,-72.7836383333,0,1.0,0.8405135520684736,0.0,0.00912981455064194,0.0,0.07018544935805991,0.0,0.0,0.0,1.8082738944365193,226.5411834716797,13.627789109371921,9.30898184436185,60.5653932054226,256.09839111812073,270.6627080825878
42.5801583333,-72.1474445,0,0.4343891402714932,0.7215406562054208,0.08144796380090498,0.06562054208273894,0.18099547511312217,0.07589158345221113,0.0,0.006562054208273894,2.479638009049774,1.2171184022824537,361.0024719238281,2.2956685713334313,3.805512277192153,21.305627377486363,91.12989718767601,81.598135238338
42.349125,-71.25512,0,0.14027149321266968,0.06790299572039943,0.0,0.04165477888730385,0.8552036199095022,0.7911554921540657,0.004524886877828055,0.08758915834522112,12.904977375565611,26.851069900142654,16.61702537536621,0.8035438241969118,1.3584702470361671,7.498607935784847,114.08769427145984,1.6635862563518942
42.0433169526,-70.8836841521,1,0.1493212669683258,0.35691868758915835,0.35294117647058826,0.3637660485021398,0.497737556561086,0.2559201141226819,0.0,0.0,23.968325791855204,8.803994293865905,18.201217651367188,0.6340187276087148,0.8214491533175416,5.910010845887289,19.02470106269844,6.034897455009271
42.0998131105,-71.37935771,1,0.11312217194570136,0.1209700427960057,0.24434389140271492,0.060770328102710415,0.6425339366515838,0.7888730385164051,0.0,0.02653352353780314,11.647058823529411,18.008559201141228,75.3807144165039,1.6088880796760492,1.813058716098774,10.876086006043913,75.33561071132573,21.590584667133587
42.3982,-71.55652,0,0.013574660633484163,0.03252496433666191,0.06787330316742081,0.07075606276747504,0.918552036199095,0.896718972895863,0.0,0.0,27.407239819004523,29.61398002853067,85.39603424072266,2.004118921735313,1.4642613710630805,7.446527406873229,129.96524175203712,23.804445169003976
42.6867492064,-70.8378157743,1,0.7330316742081447,0.23680456490727533,0.004524886877828055,0.09186875891583453,0.18552036199095023,0.6462196861626248,0.00904977375565611,0.003994293865905849,3.3619909502262444,20.424251069900144,50.56597137451172,3.3463131282948373,2.3533120456306547,12.111957825759173,29.944245664775842,79.49033816612516
42.609233051,-71.2826564415,0,0.013574660633484163,0.03651925820256776,0.004524886877828055,0.2094151212553495,0.9819004524886877,0.7455064194008559,0.0,0.0002853067047075606,34.46606334841629,28.270756062767475,40.28771209716797,0.5713148030759518,0.8002579413287073,5.447145567749247,343.141868296558,99.78327181687033
42.20157843,-71.72453518,0,0.3076923076923077,0.4433666191155492,0.3257918552036199,0.2282453637660485,0.3665158371040724,0.27646219686162626,0.0,0.0,8.085972850678733,6.421398002853067,120.90861511230469,3.779444110187539,2.8661876841317238,17.791627321913452,113.76546849209059,28.727346895496787
41.459195,-70.6260833333,1,0.29411764705882354,0.36776034236804567,0.027149321266968326,0.051069900142653356,0.004524886877828055,0.19743223965763196,0.6289592760180995,0.3035663338088445,0.04524886877828054,2.544935805991441,2.717851161956787,0.9356903290669547,1.311091843025861,7.029519710159048,0.0,92.08815950531474
41.9675966667,-70.8470083333,0,0.2579185520361991,0.2085592011412268,0.11312217194570136,0.3549215406562054,0.14027149321266968,0.07047075606276748,0.0,0.012268188302425107,1.8642533936651584,1.1617689015691868,14.939711570739746,0.6811719461330837,0.37832812827003104,1.7615120142243252,205.67609345377076,3.6070431135965446
41.6593608312,-70.3567127694,0,0.027149321266968326,0.034236804564907276,0.16289592760180996,0.04907275320970043,0.8099547511312217,0.9135520684736091,0.0,0.0,17.190045248868778,21.112696148359486,11.735475540161133,0.8312002254508549,0.5934074887205169,3.353200135551007,15.264428989816825,36.478995201444036
42.3158291663,-71.3371547086,0,0.15384615384615385,0.10699001426533523,0.07239819004524888,0.18630527817403708,0.7737556561085973,0.6958630527817403,0.0,0.010841654778887305,43.21266968325792,21.051069900142654,52.91564178466797,1.5177107440096433,0.8521919130177922,4.31778486415484,115.12826335074986,36.16988975710397
41.9759469025,-71.1835346371,0,0.11764705882352941,0.3135520684736091,0.27601809954751133,0.21283880171184022,0.5565610859728507,0.44536376604850214,0.049773755656108594,0.025677603423680456,18.398190045248867,10.88188302425107,25.915390014648438,0.6378681680817684,0.6085545467713844,3.553606161655608,8.043571139785143,5.474143807600281
41.7624086776,-70.1087699396,0,0.00904977375565611,0.03851640513552068,0.18552036199095023,0.20684736091298145,0.22624434389140272,0.24022824536376605,0.39819004524886875,0.45706134094151213,5.375565610859729,5.7320970042796,3.1923372745513916,0.8127119305101038,0.5800405786704752,3.9863566031507127,24.30271595593097,48.201399516610934
42.1676203302,-71.9559859648,1,0.416289592760181,0.4841654778887304,0.13574660633484162,0.10727532097004279,0.02262443438914027,0.18944365192582024,0.027149321266968326,0.016833095577746076,0.7918552036199095,3.958630527817404,256.7298583984375,3.17034193418604,2.9389992067095676,15.834152076461077,52.60587381269859,42.11995191697196
42.3686073523,-71.5010166629,0,0.01809954751131222,0.20970042796005706,0.3167420814479638,0.05164051355206847,0.665158371040724,0.7386590584878745,0.0,0.0,12.972850678733032,13.106134094151212,92.53324127197266,1.2138833839430652,1.698008116217829,12.810119578823103,69.82312497054615,5.483047285310569
42.4562484166,-71.0873967224,0,0.6063348416289592,0.37203994293865905,0.0,0.013694721825962911,0.38009049773755654,0.3717546362339515,0.013574660633484163,0.24022824536376605,7.285067873303167,13.09700427960057,43.07728576660156,3.2182188320401033,2.2266649396726694,15.921404678889933,83.49406085978062,123.47841855570087
42.5156555176,-71.2525634766,0,0.16289592760180996,0.17432239657631954,0.09502262443438914,0.1449358059914408,0.7420814479638009,0.6807417974322396,0.0,0.0,31.832579185520363,24.081312410841655,46.11189651489258,1.4669650489075174,1.6915459827589951,7.804373902339392,307.7662187046566,105.58060660896054
42.258205,-71.1289361667,0,0.04524886877828054,0.15663338088445078,0.004524886877828055,0.03452211126961484,0.9502262443438914,0.8088445078459344,0.0,0.0,43.547511312217196,38.21711840228245,20.793872833251953,0.805718416245932,1.430245647291061,7.8511269377118404,18.799144189807663,8.407591644904844
42.6771316667,-72.3913383333,0,0.8597285067873304,0.8633380884450784,0.14027149321266968,0.12582025677603423,0.0,0.0,0.0,0.010841654778887305,0.0,0.0,301.9060363769531,3.0808879433728005,4.099020889131982,27.001011730869912,156.10000413090017,764.7208370142906
42.1390266418,-71.8792877197,0,0.3936651583710407,0.43509272467902993,0.6018099547511312,0.30841654778887306,0.004524886877828055,0.10413694721825963,0.0,0.005420827389443652,0.11312217194570136,2.9269614835948645,148.27073669433594,1.106335437189362,2.8807480580064833,26.778763576894065,0.0,285.08092731515814
42.43328,-71.394425,0,0.6787330316742082,0.3660485021398003,0.049773755656108594,0.10927246790299572,0.27149321266968324,0.4596291012838802,0.0,0.05335235378031384,2.8733031674208145,7.6918687589158345,53.77947235107422,1.3021875082225816,1.4539477283929136,8.242750061819288,15.542124557960696,104.12652866598907
42.38473732,-71.17714143,0,0.0,0.0,0.0,0.0,1.0,1.0,0.0,0.0,50.723981900452486,48.18402282453638,37.05629348754883,2.8185841405983783,2.1032414285468395,12.050371622704263,626.1855684269386,32.50799740849432
41.684471,-70.112889,1,0.16289592760180996,0.2362339514978602,0.16289592760180996,0.3514978601997147,0.18552036199095023,0.2174037089871612,0.4796380090497738,0.1492154065620542,2.3438914027149322,4.096148359486448,0.41786783933639526,0.6477054457961552,0.5693003449936863,3.227246661282205,18.54165134017259,0.6323335419423951
42.1776866667,-73.240875,0,0.29411764705882354,0.47845934379457916,0.2171945701357466,0.21997146932952924,0.2398190045248869,0.11355206847360913,0.0,0.0,5.14027149321267,1.514978601997147,360.623046875,1.4479422770339176,2.848418356961491,15.321452846784462,387.15956804227443,11.383382228566797
42.6604890723,-70.6001079898,1,0.0,0.024821683309557776,0.013574660633484163,0.014550641940085592,0.2986425339366516,0.26562054208273894,0.6877828054298643,0.6502139800285307,14.755656108597286,7.642225392296719,0.30702266097068787,1.0943219076443054,0.8826751905592439,7.684557720071619,0.0,116.66458669699325
42.3658407061,-71.2151181512,0,0.0,0.0,0.09954751131221719,0.021398002853067047,0.9004524886877828,0.9783166904422254,0.0,0.0002853067047075606,54.85972850678733,50.82396576319543,6.819122791290283,0.4300722449632006,0.7424662903453834,3.194963469655335,7.384836135027411,104.13617492167208
42.3666535587,-71.5046440678,0,0.06334841628959276,0.2630527817403709,0.027149321266968326,0.09728958630527818,0.9095022624434389,0.6396576319543509,0.0,0.0,21.04524886877828,11.882168330955777,99.5648422241211,1.860391826588152,1.724456089861981,11.159548883296425,168.33434358431472,44.18476992971711
42.3815725143,-71.1163204908,0,0.0,0.0,0.0,0.0,1.0,1.0,0.0,0.0,62.339366515837106,62.98373751783167,5.582199573516846,0.24878373769910855,0.8526811342658986,5.65374614295125,1270.916986082859,0.8667831127466341
42.6559708166,-70.6155980718,0,0.0,0.051925820256776035,0.0,0.05021398002853067,0.995475113122172,0.6716119828815977,0.004524886877828055,0.2245363766048502,42.52488687782805,23.870756062767477,15.876355171203613,2.162115721756067,1.445082806887516,10.790420480974403,193.70632656951912,35.92893223646525
42.102525,-70.1791833333,0,0.0,0.0,0.0,0.0,0.0,0.0,1.0,1.0,0.0,0.0,0.0,0.0,1.099077693000209e-06,1.0349888472365284e-07,0.0,2489.406990588841
42.6355404083,-71.3020539355,0,0.0,0.029386590584878743,0.0,0.0,1.0,0.9706134094151213,0.0,0.0,62.74660633484163,59.04593437945792,25.930694580078125,1.680886064044465,1.8996454309899706,12.152248027459597,22.79491021859985,36.37527438917698
42.521145,-70.7848966667,0,0.0,0.0,0.01809954751131222,0.0017118402282453639,0.0,0.0,0.9819004524886877,0.997432239657632,0.0,0.0,-1.4934920072555542,0.08590497523362724,0.08901829379906459,0.6973919873915215,0.0,4295.542381894327
42.8130116667,-70.870445,0,0.0,0.002282453637660485,0.0,0.09072753209700428,0.6877828054298643,0.6878744650499287,0.31221719457013575,0.21825962910128388,51.98642533936651,39.031383737517835,3.440368890762329,1.1529097698418114,0.8977727787997574,7.0396509538294065,0.0,39.32803935098177
41.680845524,-70.1103222372,1,0.13574660633484162,0.14750356633380884,0.7149321266968326,0.5258202567760343,0.03619909502262444,0.1557774607703281,0.09502262443438914,0.14094151212553496,0.6244343891402715,2.8784593437945794,0.04511095583438873,0.3011748342903806,0.46221485852416927,2.5879679572210255,0.0,124.70754210730439
42.3043416667,-71.1551221667,0,0.0,0.035092724679029956,0.0,0.05734664764621969,1.0,0.9069900142653352,0.0,0.0005706134094151213,27.18552036199095,22.310984308131243,74.27703857421875,3.5225822199617536,1.403300791658813,7.604472353454966,624.2213922958697,39.5210524959411
42.5969217,-71.4424412,0,0.4751131221719457,0.44251069900142653,0.4343891402714932,0.17089871611982882,0.09049773755656108,0.3455064194008559,0.0,0.033095577746077035,1.2895927601809956,5.817118402282453,54.11488342285156,0.6225154343074415,1.499212009142744,7.3058912471341815,11.59650333536066,385.1347588265632
42.3755866667,-72.0105222167,0,0.7375565610859729,0.68188302425107,0.26244343891402716,0.23052781740370898,0.0,0.009700427960057061,0.0,0.012838801711840228,0.0,0.09985734664764621,257.7806091308594,1.2002655837256788,1.2713732574939383,6.3873374507670695,14.901037948653421,80.18580451364353
42.3833504186,-72.7614949788,0,0.5656108597285068,0.887018544935806,0.09049773755656108,0.039087018544935806,0.19457013574660634,0.053637660485021395,0.0,0.0,2.090497737556561,0.6870185449358059,333.4087219238281,2.849814665313355,4.680908374489866,29.564325261256528,257.7184645589507,56.058934687111716
42.1933333333,-71.0478694444,1,0.03619909502262444,0.09101283880171183,0.07692307692307693,0.03965763195435093,0.08597285067873303,0.4550641940085592,0.7737556561085973,0.392867332382311,3.4524886877828056,18.35663338088445,38.20665740966797,0.3262068611140914,0.9773598399775638,5.588776345164068,4.107162772987402,392.81909319984385
42.4628055867,-70.9813570976,0,0.0,0.0,0.0,0.09586305278174037,1.0,0.8699001426533524,0.0,0.034236804564907276,57.34389140271493,46.96747503566334,6.98334264755249,1.005590817034359,1.1780336976601604,6.288401194322764,258.8017915106847,34.6741810887176
42.3878116667,-71.52616,0,0.3936651583710407,0.43651925820256776,0.20361990950226244,0.11925820256776035,0.3936651583710407,0.39001426533523537,0.0,0.0,6.51131221719457,8.240513552068474,65.10920715332031,2.980405874812346,2.8400781330962084,13.991817743445651,43.20448190175361,4.776263369482676
42.450996819,-71.0668967665,0,0.0,0.029101283880171185,0.0,0.0008559201141226819,1.0,0.969472182596291,0.0,0.0005706134094151213,54.547511312217196,45.47075606276748,22.92769432067871,2.5094373770569587,2.1188362979533735,8.722226707038272,340.31462871687904,31.993900238753746
42.08191667,-70.19291667,0,0.0,0.0,0.0,0.024251069900142655,0.0,0.0,0.4253393665158371,0.48730385164051354,0.0,0.0,1.352874994277954,0.7123075091739383,0.4867442795644031,3.9950808405621983,24.971833471338535,153.81696494467474
42.4860416667,-71.3462,1,0.6244343891402715,0.5731811697574893,0.28054298642533937,0.15549215406562053,0.0,0.08216833095577745,0.08144796380090498,0.010271041369472182,0.0,1.195435092724679,42.8045768737793,1.7139413935758763,1.8062967186970718,8.642277255269663,1.2232279465402387,618.743607501877
42.51912925,-71.3507985556,0,0.4751131221719457,0.49671897289586303,0.39819004524886875,0.2507845934379458,0.12217194570135746,0.18088445078459345,0.0,0.002282453637660485,1.6334841628959276,3.537232524964337,55.75098419189453,0.35385455107167313,1.2526392581084043,5.633932851138957,145.57186191078353,11.56514415421982
42.6211783333,-71.0865166667,0,0.5475113122171946,0.6345221112696149,0.2398190045248869,0.207132667617689,0.12217194570135746,0.14436519258202568,0.07239819004524888,0.006562054208273894,0.665158371040724,2.0847360912981454,42.287841796875,1.36931992336685,1.1342834231130703,7.0486407341474875,46.41290177809616,46.03271728530711
42.588505,-71.543945,1,0.6832579185520362,0.6456490727532097,0.27149321266968324,0.1660485021398003,0.0,0.10727532097004279,0.00904977375565611,0.0008559201141226819,0.0,1.6487874465049928,101.16477966308594,1.3610268512897985,1.7641988293833262,10.848898807181387,36.38948076372109,352.06665791491264
42.3712010783,-71.2783414083,1,0.15384615384615385,0.15977175463623394,0.15384615384615385,0.08445078459343795,0.13574660633484162,0.6590584878744651,0.11312217194570136,0.0522111269614836,4.144796380090498,18.794008559201142,30.01305389404297,0.8701617036866656,2.201714929888839,11.244799234710912,0.0,257.25515192741386
42.7455333333,-70.9784777778,0,0.3574660633484163,0.4644793152639087,0.5158371040723982,0.3914407988587732,0.12669683257918551,0.11241084165477888,0.0,0.02253922967189729,1.0271493212669682,1.35320970042796,21.381010055541992,0.48640720712497365,0.7386455639567137,3.7567804224802592,26.331642267105043,166.08264320783454
42.0630138333,-71.31153,0,0.058823529411764705,0.3115549215406562,0.08144796380090498,0.13152639087018544,0.8597285067873304,0.5560627674750357,0.0,0.0,17.755656108597286,13.075606276747504,69.42808532714844,0.982313563472452,1.6877875255811365,14.849771883182049,17.329131481444858,36.354809796881426
42.61113,-70.672845,0,0.0,0.009985734664764621,0.03167420814479638,0.061626248216833095,0.8190045248868778,0.6156918687589158,0.14027149321266968,0.30613409415121257,46.53393665158371,37.35663338088445,3.512876510620117,1.4991735535555941,1.2815461424166628,7.653649033419593,121.65731229297722,8.905948970224694
42.075824749,-70.1489842334,0,0.0,0.0,0.0,0.0002853067047075606,0.0,0.0,0.27149321266968324,0.46619115549215406,0.0,0.0,1.3445442914962769,0.540743622016553,0.5169206121708962,3.5841450497804406,14.905856560837233,1038.6569973604458
42.3145483333,-73.0004183333,0,0.8190045248868778,0.901283880171184,0.06334841628959276,0.02282453637660485,0.11764705882352941,0.05420827389443652,0.0,0.0,1.339366515837104,0.6062767475035663,238.91696166992188,7.101269276820573,10.805326174975672,64.73331293939442,141.95723799570862,439.19884940319906
42.7019611057,-70.9447119567,0,0.1493212669683258,0.4222539229671897,0.28054298642533937,0.2282453637660485,0.5384615384615384,0.2427960057061341,0.0,0.011697574893009986,12.647058823529411,6.434522111269615,20.515661239624023,0.5970436658635817,0.6205934273361922,2.7009537095922656,57.3819538345815,25.907772729614532
42.1001064108,-72.5744091047,0,0.0,0.0,0.0,0.0,1.0,1.0,0.0,0.0,37.68325791855204,56.11155492154066,55.68138122558594,2.015177170601334,1.55220600515821,14.629833242379298,791.5720522086215,9.350920322846983
41.6224333333,-70.5404361111,1,0.06334841628959276,0.14436519258202568,0.0,0.0019971469329529245,0.9230769230769231,0.6165477888730385,0.0,0.06647646219686162,13.832579185520363,12.482168330955778,24.401914596557617,0.6394272911596738,0.696684340120417,3.4581928787909324,325.4915136744526,13.672492166764465
42.2690005402,-72.3363862763,0,0.6606334841628959,0.5609129814550642,0.08144796380090498,0.08017118402282454,0.09954751131221719,0.11611982881597717,0.004524886877828055,0.0028530670470756064,1.3574660633484164,1.7820256776034238,122.07978057861328,1.1774971416917825,3.8616116631965585,21.66615885336619,150.36479331532578,47.75487961733709
42.0376969444,-70.7916483333,0,0.47058823529411764,0.37375178316690444,0.167420814479638,0.26134094151212556,0.36199095022624433,0.329243937232525,0.0,0.0008559201141226819,5.104072398190045,6.543223965763196,35.62000274658203,0.3331670701467935,0.40971126690271736,2.131765309225561,94.68680296273197,31.00194912045941
42.281511932,-72.2599037737,0,0.8823529411764706,0.7477888730385164,0.04072398190045249,0.14179743223965763,0.07239819004524888,0.07760342368045649,0.0,0.0,0.579185520361991,0.8368045649072753,214.5992431640625,1.6592653873945136,2.8906278213635397,14.405835301797676,289.746997328508,51.63438938541616
41.9559666667,-70.0251471667,0,0.6063348416289592,0.5061340941512126,0.0,0.21997146932952924,0.3936651583710407,0.2664764621968616,0.0,0.0042796005706134095,7.004524886877828,4.902710413694722,25.265792846679688,1.9031443696190382,2.0326324511161986,8.175567681792659,369.534135330201,82.20157086829619
42.0794672033,-71.0598689844,0,0.01809954751131222,0.12867332382310984,0.0,0.05534950071326676,0.9819004524886877,0.8148359486447931,0.0,0.0005706134094151213,30.244343891402714,21.88216833095578,55.880348205566406,1.4843364991292212,1.17081388393968,8.445763344133827,196.990878587446,21.93780395757076
42.6174616667,-71.1046611667,0,0.39819004524886875,0.5543509272467902,0.5610859728506787,0.2108416547788873,0.0,0.1674750356633381,0.04072398190045249,0.06048502139800285,0.0,2.157203994293866,42.41696548461914,0.5528193136579798,1.3437817540238175,8.49523361685342,23.610651948791084,649.1010678889157
42.0666431722,-70.1943916082,1,0.11764705882352941,0.26961483594864477,0.6244343891402715,0.22738944365192582,0.17194570135746606,0.10071326676176891,0.0,0.012268188302425107,3.914027149321267,3.694151212553495,2.8851144313812256,0.751089881912136,0.9076731862262953,3.3504450269598083,19.560470160430803,5.694219933529102
41.31321667,-70.01544167,0,0.04524886877828054,0.08758915834522112,0.2171945701357466,0.346077032810271,0.5339366515837104,0.21968616262482168,0.0,0.23423680456490728,8.20814479638009,3.768330955777461,5.547110557556152,0.617582453247523,0.7310154798985543,4.169906397946381,415.75950376495206,92.64776425389283
42.156241141,-72.0607431205,0,0.8235294117647058,0.7592011412268188,0.17647058823529413,0.21711840228245363,0.0,0.017974322396576318,0.0,0.0025677603423680455,0.0,0.13894436519258202,199.49374389648438,0.9318159158715026,2.696623284790916,12.786085643823888,194.06124505658298,27.15059843370507
42.6854548169,-71.9745985419,1,0.04072398190045249,0.38659058487874465,0.0,0.10099857346647646,0.04524886877828054,0.20114122681883023,0.8371040723981901,0.2893009985734665,0.9230769230769231,2.4345221112696147,325.52093505859375,0.7014473582618715,1.85407531089575,10.212034129989629,0.0,227.2866208271652
42.0074666667,-70.8412333333,0,0.04072398190045249,0.07132667617689016,0.0,0.07360912981455064,0.18552036199095023,0.27560627674750354,0.7692307692307693,0.5620542082738944,6.968325791855204,6.382881597717546,16.830278396606445,0.222497576485402,0.4549896547513643,1.9221417162130565,20.44895606444433,30.04605419393841
42.2565264,-71.78805615,0,0.0,0.0,0.0,0.0,1.0,1.0,0.0,0.0,75.57466063348416,70.86733238231099,160.88497924804688,2.839347502143464,2.7117363640938437,16.618993356147698,1179.5899385770965,17.021219282975526
42.0047067677,-70.7141933264,0,0.1493212669683258,0.12382310984308131,0.33031674208144796,0.18887303851640513,0.07239819004524888,0.4296718972895863,0.00904977375565611,0.21455064194008558,0.8235294117647058,9.494151212553495,3.909499406814575,0.8646200861367618,0.9999278864322364,6.304940492647219,86.06549467194817,225.72856646650044
41.34333638,-70.7400709713,0,0.19004524886877827,0.47075606276747506,0.0,0.16062767475035664,0.20361990950226244,0.1449358059914408,0.0,0.019686162624821684,3.9502262443438916,2.487018544935806,21.709081649780273,2.2157275504299587,1.935393939470134,14.037295131077741,43.818347684489794,107.7267382826844
42.3547182392,-70.960594178,0,0.0,0.0,0.0,0.0025677603423680455,0.5565610859728507,0.23680456490727533,0.3031674208144796,0.7203994293865906,33.21266968325792,18.03138373751783,13.017548561096191,1.6871027570722874,0.7132417585257517,3.9999830043125044,92.61939548213994,66.26459946871717
41.935425,-70.0738528333,0,0.09502262443438914,0.25392296718972895,0.0,0.04336661911554922,0.0,0.05449358059914408,0.5248868778280543,0.5215406562054208,0.0,1.263623395149786,3.840597152709961,2.0930732583856506,1.0356367372208142,7.707981965714413,0.0,167.60810039626833
42.25483,-71.0520861667,0,0.0,0.09443651925820257,0.0,0.0048502139800285305,1.0,0.9007132667617689,0.0,0.0,38.98190045248869,29.887303851640514,18.194210052490234,1.2877837514851553,1.609702567703776,9.226269914256704,320.5485951839823,34.29082541729511
42.0767111667,-73.2364666667,0,0.6787330316742082,0.84679029957204,0.058823529411764705,0.10727532097004279,0.013574660633484163,0.011697574893009986,0.15384615384615385,0.01825962910128388,0.2850678733031674,0.05164051355206847,392.4225158691406,3.1751737519226992,4.083594469931472,20.4669759035637,41.8579977432676,358.0904277305921
42.6144906983,-71.9219322199,0,0.6787330316742082,0.6687589158345221,0.1583710407239819,0.07703281027104136,0.1493212669683258,0.2296718972895863,0.0,0.0011412268188302425,2.48868778280543,5.006847360912982,276.7174072265625,5.211625972079589,3.905147578434695,26.861968765380325,137.03449646575385,105.01665536073547
42.2333814188,-70.8653219294,0,0.3755656108597285,0.3689015691868759,0.04072398190045249,0.1369472182596291,0.583710407239819,0.4579172610556348,0.0,0.0,6.280542986425339,6.732382310984308,19.677156448364258,1.6113600148668072,1.2632021680626009,7.649800392480868,437.8075514750109,3.028598940072193
41.5481383333,-70.6308666667,1,0.0,0.1289586305278174,0.02262443438914027,0.06305278174037089,0.9773755656108597,0.6074179743223965,0.0,0.1631954350927247,15.113122171945701,11.30756062767475,7.3081889152526855,1.6482857783519664,0.9706054930214896,7.862618829083443,266.80058634880515,33.08941212404758
42.3485966667,-72.6004116667,0,0.22171945701357465,0.04450784593437946,0.02262443438914027,0.024821683309557776,0.22624434389140272,0.2893009985734665,0.4117647058823529,0.1340941512125535,8.782805429864254,9.454493580599143,33.597537994384766,0.5519076205410379,0.3607535479136521,1.7462534137774566,13.668615417709866,240.51764300772226
42.1070424733,-72.0866960467,0,0.25339366515837103,0.19686162624821682,0.09049773755656108,0.19115549215406563,0.6561085972850679,0.5358059914407989,0.0,0.0362339514978602,23.877828054298643,19.77660485021398,193.5994873046875,2.1765528417644826,1.4723802892052527,5.756357139649527,144.15128643719996,5.573676560045484
42.2745083333,-71.01765,0,0.0,0.0,0.0,0.0005706134094151213,1.0,0.8813124108416548,0.0,0.11355206847360913,60.64705882352941,56.588017118402284,4.414608955383301,0.249759360007355,0.4387875731118496,2.2340620339565125,561.5661692102625,1.407251591505256
42.5554444444,-71.1997416667,0,0.3574660633484163,0.1326676176890157,0.2669683257918552,0.17432239657631954,0.3755656108597285,0.6893009985734665,0.0,0.0,6.904977375565611,13.209985734664764,32.188316345214844,0.8007545354352031,0.5947527832337841,3.017371024779819,21.237108461976003,112.2443006497773
42.415055,-72.74456667,0,0.8461538461538461,0.7925820256776034,0.0,0.0442225392296719,0.14027149321266968,0.09757489300998573,0.0,0.0,0.7285067873303167,0.7269614835948645,287.09124755859375,5.1905197758492205,5.010228437847965,28.257698197447006,616.0339239579166,60.670017954698324
41.7379897835,-70.6790630741,0,0.25339366515837103,0.29158345221112697,0.06334841628959276,0.2051355206847361,0.6832579185520362,0.3044222539229672,0.0,0.14379457917261054,15.515837104072398,6.720970042796005,5.438007354736328,0.36247120797388743,0.8417079135892155,4.841976094808933,138.9249451049864,33.882375535012606
42.2360894682,-71.0349248884,0,0.7692307692307693,0.3788873038516405,0.06787330316742081,0.052781740370898715,0.16289592760180996,0.5589158345221112,0.0,0.0017118402282453639,1.7013574660633484,23.979172610556347,38.07622528076172,2.4282332573904246,2.6787658631598137,14.585367856083126,147.6297747585797,28.66234678020748
42.49033,-71.0068688889,0,0.31221719457013575,0.3637660485021398,0.02262443438914027,0.03166904422253923,0.416289592760181,0.40570613409415124,0.24434389140271492,0.18430813124108417,10.995475113122172,16.84650499286733,28.84088134765625,2.1127357435074066,2.127646500000168,10.376164510356917,38.12309749664785,65.00488141397771
42.3158333333,-72.9953783333,0,0.8687782805429864,0.8947218259629102,0.08597285067873303,0.021112696148359488,0.04524886877828054,0.06048502139800285,0.0,0.0,0.5475113122171946,0.7007132667617689,258.1912536621094,12.281741322193042,10.161421624487296,63.14657702001885,0.0,4.407948469021168
42.4936146441,-72.192956188,0,0.9502262443438914,0.7486447931526391,0.0,0.033951497860199714,0.004524886877828055,0.13637660485021397,0.0,0.0,0.02262443438914027,1.8479315263908702,333.0977478027344,2.6539194639233363,3.297945621452034,24.86654238263973,651.2849126389947,221.5934143857536
42.3774672,-71.2233362,0,0.0,0.0025677603423680455,0.00904977375565611,0.0034236804564907277,0.9909502262443439,0.9934379457917261,0.0,0.0005706134094151213,49.57013574660633,50.25791726105563,13.854002952575684,0.691461297018455,1.0761723351706503,4.973016324007752,106.98598969201902,4.916332172231373
42.5349605872,-72.7451538129,0,0.45248868778280543,0.7283880171184023,0.0,0.009985734664764621,0.14479638009049775,0.05706134094151213,0.0,0.0,1.339366515837104,0.5360912981455064,237.62118530273438,6.528157273508032,6.270881427470138,50.84585560019974,260.48553264001856,11.041130572077689
42.2145110178,-71.0936340704,0,0.6606334841628959,0.8131241084165478,0.049773755656108594,0.04136947218259629,0.25339366515837103,0.09186875891583453,0.0,0.030242510699001426,8.072398190045249,1.7626248216833096,63.24944305419922,5.787320462442693,4.596561176044298,24.613409981755005,67.59371671573007,15.923286712799657
42.1080703861,-72.3738441092,1,0.669683257918552,0.7352353780313837,0.013574660633484163,0.10470756062767475,0.3076923076923077,0.13523537803138375,0.0,0.0,3.97737556561086,1.6496433666191155,221.54095458984375,1.4013294193972137,2.01756085941751,11.748994929857707,658.9442924079991,10.320872481769843
42.4504666667,-73.1887583333,0,0.04072398190045249,0.4042796005706134,0.0,0.03138373751783167,0.9592760180995475,0.5398002853067047,0.0,0.0,32.59276018099548,18.600570613409417,323.8831787109375,2.558696274001574,4.293852400547069,35.82326126863187,210.94195043667125,1.2551773516228866
41.7709,-69.9333933333,0,0.0,0.06504992867332382,0.19457013574660634,0.20399429386590584,0.0,0.03138373751783167,0.3755656108597285,0.5235378031383737,0.0,0.7546362339514978,-0.5678575038909912,0.5240666388649948,0.6456846904465589,3.5929017247724175,107.29742936795729,91.17191049151961
41.3865283333,-70.5063633333,1,0.0,0.021968616262482168,0.0,0.020827389443651926,0.1493212669683258,0.3925820256776034,0.5113122171945701,0.4696148359486448,5.764705882352941,13.019115549215407,0.9229041934013367,0.6045881622359331,0.5610018326971621,2.6032124422750282,41.15481388497195,90.30740660603348
42.3821533333,-72.4141916667,0,0.7013574660633484,0.8633380884450784,0.2986425339366516,0.10613409415121255,0.0,0.009700427960057061,0.0,0.0,0.0,0.12239657631954351,322.9488525390625,1.5148147485538193,2.5416624683687368,16.954571824773446,3.2008441402955183,523.3795815843267
41.2778383333,-70.0958555,0,0.0,0.0,0.0,0.0738944365192582,1.0,0.7069900142653353,0.0,0.2065620542082739,54.60633484162896,33.80970042796006,5.53421688079834,1.351762982958511,0.6638737129915586,5.767659953828592,215.9625450357476,3.145964050558758
42.5115783333,-72.2108216667,0,0.23529411764705882,0.7477888730385164,0.7647058823529411,0.2507845934379458,0.0,0.0,0.0,0.0,0.0,0.0,230.14344787597656,0.9962301489584083,2.777513624871834,15.085937763314979,0.0,3.2832580882543865
42.3889616667,-71.1342583333,0,0.0,0.0014265335235378032,0.0,0.0005706134094151213,1.0,0.9689015691868759,0.0,0.028530670470756064,40.022624434389144,59.09215406562054,6.402951717376709,0.5133770448699262,0.580530952944487,3.9346830123937324,9.388442744463315,42.809195732713476
42.647105,-70.61321333,1,0.5339366515837104,0.42938659058487877,0.11312217194570136,0.12353780313837376,0.20361990950226244,0.41740370898716117,0.04524886877828054,0.014835948644793153,1.3167420814479638,8.142653352353781,25.09134864807129,0.8629908378966903,1.0778469577050125,4.9738831504406145,3.399763772031204,50.7645308609508
42.1390202979,-72.0619552312,0,0.5701357466063348,0.6068473609129814,0.004524886877828055,0.11497860199714693,0.0,0.1463623395149786,0.4253393665158371,0.12410841654778887,0.0,1.5825962910128388,182.59080505371094,4.787661143311626,3.6039975245626774,19.748164244616987,24.707514670554186,2.3461244062512696
42.0717964172,-71.0969543457,0,0.3665158371040724,0.24593437945791727,0.16289592760180996,0.105848787446505,0.3076923076923077,0.5988587731811698,0.07239819004524888,0.023965763195435093,3.3031674208144794,16.754065620542082,39.60107421875,1.2078666264257238,0.9149865969824991,4.179435760436269,0.0,86.95050182038118
41.7854840072,-70.9148080194,0,0.15384615384615385,0.3637660485021398,0.11312217194570136,0.14293865905848788,0.29411764705882354,0.1920114122681883,0.3891402714932127,0.2747503566333809,12.244343891402714,5.019400855920114,17.92588233947754,0.8800533818419094,0.7436935312347017,4.429170095503607,6.735887579692731,1.3100082332210277
42.4901395967,-71.1673080915,0,0.0,0.007703281027104137,0.14479638009049775,0.10099857346647646,0.8552036199095022,0.8912981455064194,0.0,0.0,38.457013574660635,34.34807417974322,31.590116500854492,0.1251890155083359,1.0642343865618853,6.15838772752858,67.96190121739079,0.4605857256330787
42.0796313603,-71.3440562133,0,0.334841628959276,0.19657631954350926,0.00904977375565611,0.19800285306704707,0.6561085972850679,0.5683309557774607,0.0,0.03195435092724679,13.882352941176471,17.260485021398004,67.71110534667969,0.9298191573226341,1.1573793182053032,4.510788290304041,76.17766873807079,39.13145934849589
41.970405,-70.0701528333,0,0.04072398190045249,0.29757489300998574,0.04524886877828054,0.13894436519258202,0.9140271493212669,0.305848787446505,0.0,0.16262482168330955,21.099547511312217,6.033095577746077,20.92391014099121,1.5129603834346375,1.2900378914465263,8.864326046122605,230.6313057077433,56.3498704895801
42.1162252913,-73.4166150619,0,0.579185520361991,0.7777460770328103,0.0,0.017974322396576318,0.42081447963800905,0.13580599144079886,0.0,0.003708987161198288,13.484162895927602,3.881027104136947,280.40216064453125,7.429647814712244,11.539359115880996,88.92806764961983,59.39767520458225,52.193321595463225
42.4020569499,-71.0997669798,0,0.0,0.005991440798858773,0.0,0.006562054208273894,1.0,0.9106990014265335,0.0,0.0724679029957204,75.39366515837104,64.31041369472183,4.4081549644470215,1.325052003946501,1.0380582506758103,8.555126905854367,342.4533447981004,44.27517878227214
42.3311692997,-71.0321378997,0,0.0,0.0,0.004524886877828055,0.0008559201141226819,0.7782805429864253,0.5032810271041369,0.1085972850678733,0.4641940085592011,62.39819004524887,38.5811697574893,5.387365341186523,1.1350915613622168,0.7618278465895852,5.45534981406509,141.42410030534043,21.473079961732722
42.271,-71.854775,0,0.12217194570135746,0.31726105563480744,0.11764705882352941,0.02653352353780314,0.5701357466063348,0.6165477888730385,0.17647058823529413,0.03737517831669044,21.221719457013574,18.614265335235377,172.2625732421875,3.7174636263685326,4.158286135639024,31.52944905130499,1.3819539159423844,0.888889996499667
42.2832182111,-72.6263049756,0,0.6153846153846154,0.4881597717546362,0.05429864253393665,0.09072753209700428,0.27149321266968324,0.19457917261055635,0.0,0.10955777460770329,6.049773755656108,6.19885877318117,65.81432342529297,9.571090767645119,6.888364695784555,63.106350036405445,223.4054974903639,93.49490720725731
42.7189916667,-71.0251166667,1,0.4343891402714932,0.49957203994293864,0.416289592760181,0.28815977175463625,0.1493212669683258,0.18801711840228244,0.0,0.0,1.3846153846153846,2.6995720399429386,28.507671356201172,1.0249439070071622,1.6399205981777354,9.752388532996184,11.977613321123185,3.9589639542875252
42.2975083333,-71.1493445,0,0.0,0.0644793152639087,0.0,0.012838801711840228,1.0,0.922681883024251,0.0,0.0,32.77828054298642,34.59286733238231,47.38270950317383,0.9313744722320725,1.5076314877291308,6.429144832646999,345.630283312825,31.398673560609197
42.2849083333,-73.3468033333,0,0.6153846153846154,0.6251069900142653,0.09502262443438914,0.1360912981455064,0.27149321266968324,0.143509272467903,0.0,0.026818830242510697,2.339366515837104,1.91811697574893,268.18914794921875,3.2698050349107683,3.7885715339933292,20.06253601005177,305.97112036462033,42.32190256353937
41.9362194444,-71.3693694444,0,0.03167420814479638,0.30271041369472185,0.1085972850678733,0.1326676176890157,0.8597285067873304,0.5514978601997147,0.0,0.0,12.733031674208144,11.501569186875892,34.08749771118164,1.0345501335587697,1.3246964782878112,6.64031341050136,201.28938430281502,14.674055830260247
42.3752942888,-72.2429827228,1,0.7737556561085973,0.656490727532097,0.21266968325791855,0.09871611982881598,0.013574660633484163,0.011126961483594865,0.0,0.13009985734664764,0.167420814479638,0.08131241084165478,180.70753479003906,2.3506603782509643,2.584587872792838,18.383159958401823,41.720458911792214,202.67081707033842
42.4161784067,-71.4740845889,1,0.5927601809954751,0.6504992867332382,0.2081447963800905,0.18830242510699002,0.05429864253393665,0.02710413694721826,0.0,0.029957203994293864,1.1040723981900453,0.4405135520684736,66.50650787353516,2.6751704844083335,1.6610280069486905,6.867346044468549,112.77710361479816,85.98014841340269
42.1246083333,-71.3684783333,0,0.17194570135746606,0.2502139800285307,0.3665158371040724,0.2992867332382311,0.13574660633484162,0.32553495007132666,0.0,0.027389443651925822,4.027149321266968,6.923823109843081,40.75666809082031,0.42222250414042795,1.1957087725977953,6.082674083368253,219.89793595871197,228.16476843172643
42.4897845788,-71.241648635,0,0.42081447963800905,0.4102710413694722,0.02262443438914027,0.027960057061340943,0.5565610859728507,0.5603423680456491,0.0,0.0008559201141226819,5.927601809954751,10.812838801711841,74.41126251220703,1.3915984994948856,2.507762295729076,10.625187860401324,487.96540178206067,64.44682672042235
42.354392981,-71.4257059517,1,0.2850678733031674,0.20114122681883023,0.7058823529411765,0.29814550641940085,0.0,0.4693295292439372,0.0,0.0,0.0,15.429101283880172,38.53150939941406,0.2810827594778758,1.2502548026728326,8.130449419595514,0.0,309.6656592391522
42.4146220122,-71.4756690709,1,0.3257918552036199,0.6721825962910128,0.3212669683257919,0.19686162624821682,0.02262443438914027,0.019115549215406563,0.004524886877828055,0.023965763195435093,0.7194570135746606,0.3087018544935806,60.676395416259766,0.9469346863759325,1.752273614853426,7.0563318706864875,269.14070617079943,78.06988190692086
41.398745,-70.5104616667,1,0.0,0.005420827389443652,0.07239819004524888,0.0673323823109843,0.013574660633484163,0.31383737517831667,0.746606334841629,0.5737517831669044,0.22171945701357465,8.32753209700428,0.07405626028776169,0.2251498927846804,0.2837110912560442,2.1124392931895746,0.0,268.1455013165871
42.2985427396,-71.0357857485,0,0.09502262443438914,0.006276747503566334,0.12669683257918551,0.05420827389443652,0.5158371040723982,0.4042796005706134,0.167420814479638,0.5255349500713267,14.502262443438914,27.73295292439372,1.7813163995742798,0.5173586820566793,0.43014318610780716,2.1168879737221014,163.1848925483345,48.010658955622425
42.3411060953,-72.7729842067,1,0.3438914027149321,0.7834522111269615,0.1085972850678733,0.021112696148359488,0.01809954751131222,0.11241084165477888,0.46153846153846156,0.0667617689015692,0.14027149321266968,1.0513552068473608,305.38104248046875,1.7972503363711891,4.81055646599397,24.018639362568553,16.601242767538583,57.481239185309555
41.7928808152,-70.0191458771,0,0.0,0.003138373751783167,0.04072398190045249,0.2051355206847361,0.18552036199095023,0.2202567760342368,0.49321266968325794,0.49472182596291014,2.8642533936651584,3.9737517831669043,0.2294520139694214,0.6372024276457922,0.30785611372844146,2.3680293830419017,3.104743204680536,48.09421424034764
42.8279333333,-70.9181833333,0,0.5972850678733032,0.381169757489301,0.0,0.038801711840228244,0.40271493212669685,0.4710413694721826,0.0,0.037089871611982884,8.117647058823529,14.384593437945792,29.80683708190918,0.9467474990524387,1.4921803593116532,6.704130191590728,511.23181415954633,34.22902188343895
42.28492,-71.2342966667,0,0.0,0.006562054208273894,0.0,0.014835948644793153,1.0,0.9651925820256776,0.0,0.013124108416547788,46.5972850678733,38.22681883024251,51.03986740112305,1.2835938744241022,1.2222473738882844,9.400440008287786,334.26830762272226,3.5502887780776886
42.332855,-72.36702,0,0.49321266968325794,0.6037089871611983,0.004524886877828055,0.015977175463623396,0.013574660633484163,0.006562054208273894,0.34841628959276016,0.35549215406562057,0.37104072398190047,0.04650499286733238,163.12599182128906,3.9165843068561035,5.703583793856216,45.728649408782644,27.905360225179425,62.442840545458694
42.0961879887,-70.9324452193,1,0.004524886877828055,0.12582025677603423,0.9366515837104072,0.35520684736091296,0.058823529411764705,0.505848787446505,0.0,0.0005706134094151213,0.9592760180995475,14.208844507845935,23.215478897094727,0.27500822678223535,0.6919370351093885,3.783082663126002,0.0,303.19244184428203
41.7685,-69.97876167,1,0.03619909502262444,0.19914407988587732,0.15384615384615385,0.0884450784593438,0.6561085972850679,0.5332382310984308,0.13574660633484162,0.16918687589158346,9.013574660633484,7.756633380884451,4.182155609130859,1.083058630890934,1.1831200961077728,4.28964324258387,7.903075940222569,32.37191648793934
42.447028,-72.5104639722,0,0.669683257918552,0.7449358059914408,0.02262443438914027,0.09957203994293866,0.248868778280543,0.10328102710413695,0.0,0.02168330955777461,2.678733031674208,0.9258202567760342,129.96131896972656,5.3070892505040685,3.210039876981902,17.35485590687962,181.64636987623808,8.395018347912965
42.01165,-71.0145722167,0,0.2081447963800905,0.14693295292439373,0.23076923076923078,0.25049928673323824,0.38009049773755654,0.4276747503566334,0.0,0.0,5.02262443438914,10.287589158345222,20.882734298706055,0.45805458154570466,0.42310967092393365,1.6862299561098966,111.64476221421494,37.411597799275135
42.3930620644,-72.2388369286,1,0.4072398190045249,0.6219686162624821,0.1085972850678733,0.09814550641940085,0.0,0.0,0.27601809954751133,0.2385164051355207,0.0,0.0,159.75135803222656,1.5347830869532126,2.7421727793000694,13.564050372477261,0.4815536634719715,3.767836692742298
42.0789554009,-70.1588585577,0,0.0,0.0,0.0,0.0014265335235378032,0.0,0.0,0.6832579185520362,0.5426533523537803,0.0,0.0,1.6607756614685059,0.6613059006287415,0.5226719471783281,3.6225950986891253,0.0,1405.3501400793994
42.650891308,-70.7988651334,0,0.31221719457013575,0.17917261055634806,0.17194570135746606,0.5517831669044223,0.4751131221719457,0.12582025677603423,0.0,0.0,8.809954751131222,2.453922967189729,14.700241088867188,1.700398087232853,0.9422172799192667,4.504921841456448,236.0270080505815,17.395256548766884
42.3602991647,-72.1612758829,0,0.4660633484162896,0.7038516405135521,0.28054298642533937,0.07703281027104136,0.00904977375565611,0.05306704707560628,0.0,0.0,0.11764705882352941,0.45477888730385163,198.29898071289062,3.275890339012799,6.065161415578791,33.905829772194956,45.132848834096286,192.0902067363431
42.64048,-71.51307,0,0.6425339366515838,0.7352353780313837,0.3574660633484163,0.15320970042796006,0.0,0.08958630527817403,0.0,0.0005706134094151213,0.0,1.425392296718973,86.09611511230469,0.796781128776357,2.0017313154920178,8.960638526418848,0.0,48.871865685221174
42.6607991429,-71.3397182781,0,0.00904977375565611,0.10413694721825963,0.05429864253393665,0.05021398002853067,0.9366515837104072,0.8299572039942938,0.0,0.0,28.5158371040724,31.585164051355207,42.33363342285156,2.151611678678784,1.4550593532829184,7.422774940235021,85.7511496143135,27.439919327834772
42.712395,-72.1853616667,0,0.6832579185520362,0.7355206847360913,0.18552036199095023,0.21283880171184022,0.13122171945701358,0.03223965763195435,0.0,0.011412268188302425,0.7285067873303167,0.33951497860199714,304.2400817871094,2.3470066608826077,2.669881086936337,17.92901805200677,210.6464850697115,11.562956199445358
42.0376224449,-70.9283299479,0,0.11312217194570136,0.2818830242510699,0.00904977375565611,0.2687589158345221,0.2895927601809955,0.30984308131241084,0.0,0.0008559201141226819,7.968325791855204,6.157203994293866,23.103269577026367,1.042434571346771,0.6204471430193229,4.437710211787993,177.51771990080653,9.557802211047546
42.497995,-70.9777133333,0,0.1085972850678733,0.19172610556348074,0.0,0.025392296718972897,0.8914027149321267,0.7300998573466476,0.0,0.047075606276747506,33.38461538461539,25.451640513552068,62.43381881713867,3.6242002146034897,2.7704915674032673,11.5896737873872,307.5408810015547,29.615601809505662
41.904743082,-70.908690351,1,0.28054298642533937,0.25221112696148357,0.5475113122171946,0.21540656205420827,0.013574660633484163,0.4861626248216833,0.0,0.0,0.08144796380090498,10.744079885877317,9.373224258422852,1.4904878562635606,1.2559082573723321,7.805240618818638,5.751493237835566,291.935664564417
42.4632672191,-72.3431954532,1,0.6018099547511312,0.8547788873038517,0.16289592760180996,0.07018544935805991,0.1493212669683258,0.04051355206847361,0.0,0.003708987161198288,0.6787330316742082,0.2507845934379458,265.1781005859375,3.931712765437588,4.944296293418978,28.246927497384586,27.18239387613112,60.51142995783075
41.9494138889,-70.6303555556,0,0.0,0.017403708987161197,0.013574660633484163,0.012268188302425107,0.0,0.2550641940085592,0.665158371040724,0.633095577746077,0.0,4.716405135520684,0.8138617277145386,0.6753708128786049,0.8804408865581601,8.12962953372604,1.6009244423771642,7.183082106481214
42.33155632,-71.19405201,0,0.0,0.009700427960057061,0.0,0.002282453637660485,1.0,0.9566333808844508,0.0,0.03138373751783167,58.55656108597285,28.977460770328104,44.728614807128906,0.8307427984610695,1.4281623409085638,8.191883117976545,82.2674907447499,2.8982209243361314
41.7087616667,-70.2585666667,0,0.0,0.04251069900142653,0.39819004524886875,0.3925820256776034,0.5565610859728507,0.3863052781740371,0.04524886877828054,0.16176890156918688,8.855203619909503,5.697289586305279,4.628950595855713,0.611656495978629,0.6672453437094086,5.003700222855501,51.63447631324693,5.378652582743375
42.7950798446,-70.854965086,0,0.05429864253393665,0.04051355206847361,0.0,0.08388017118402283,0.7104072398190046,0.5931526390870185,0.0,0.04022824536376605,12.502262443438914,14.258773181169758,11.20531177520752,1.014253784056863,0.6778266144659459,3.9078393044555133,369.5704190577957,120.60480578700569
42.4210464869,-71.5869966861,0,0.669683257918552,0.6867332382310984,0.04072398190045249,0.1181169757489301,0.02262443438914027,0.12524964336661912,0.248868778280543,0.03452211126961484,0.4117647058823529,2.7900142653352353,98.25804138183594,1.1012979869928823,2.286587604863716,9.251509236597911,0.0,251.23257907798654
41.8855174574,-69.9919983011,1,0.9728506787330317,0.29700427960057063,0.0,0.24251069900142652,0.0,0.3215406562054208,0.0,0.10813124108416548,0.0,9.059914407988588,12.001075744628906,0.8230636804010416,0.6161056639400733,3.7611905311509477,268.7263272317609,257.50029418180384
42.2241083333,-70.9113083333,0,0.11764705882352941,0.22339514978601996,0.3076923076923077,0.21455064194008558,0.5746606334841629,0.5215406562054208,0.0,0.007703281027104137,16.69683257918552,13.451925820256776,9.426775932312012,0.7769971592743842,1.0922013908592723,5.897699693576331,61.93665923560624,5.05218037241003
41.9895929564,-70.9702719469,0,0.0,0.06219686162624822,0.0,0.07189728958630527,1.0,0.865620542082739,0.0,0.0002853067047075606,49.90950226244344,35.13922967189729,14.857528686523438,1.1936273626083946,0.9951733841094187,6.277675967323443,280.5454242999923,41.67009380023522
42.60425,-71.61758,1,0.5927601809954751,0.5654778887303852,0.3257918552036199,0.12639087018544937,0.07692307692307693,0.23452211126961484,0.0,0.003138373751783167,1.8823529411764706,4.605706134094151,68.45330810546875,1.6988449739153682,1.3238338786083599,7.39688632007493,2.8094325379590677,146.83336537480884
42.25112833,-71.83577,0,0.0,0.07503566333808845,0.0,0.003138373751783167,0.8823529411764706,0.8174037089871612,0.11312217194570136,0.10071326676176891,34.07239819004525,41.08873038516405,158.70416259765625,2.2177369569064376,2.308976948345184,12.480098978674643,36.77987094069898,1.3302600964547213
42.1507416667,-72.0633695,0,0.6606334841628959,0.76490727532097,0.3212669683257919,0.17004279600570613,0.0,0.02653352353780314,0.0,0.0333808844507846,0.0,0.2932952924393723,192.32818603515625,2.7031184109354243,3.0369662628867644,18.523661164630195,31.529133319664695,310.54497392581504
42.5114914449,-71.3565084525,0,0.6606334841628959,0.5666191155492154,0.1085972850678733,0.22425106990014265,0.23076923076923078,0.1788873038516405,0.0,0.006276747503566334,2.3438914027149322,2.4236804564907275,73.07426452636719,2.403746132019149,1.3997076912034252,9.566862525138385,182.06131375676708,76.45755158628775
41.6419286111,-70.5438977778,0,0.19004524886877827,0.2787446504992867,0.0,0.006276747503566334,0.8099547511312217,0.5223965763195435,0.0,0.03223965763195435,23.97737556561086,17.703566333808844,29.340574264526367,0.7413209718623642,0.6459904996530126,5.4610515190197235,62.82093115006142,48.3209451413979
42.4903851422,-71.0307093245,0,0.9547511312217195,0.559771754636234,0.04524886877828054,0.1312410841654779,0.0,0.23252496433666192,0.0,0.047931526390870186,0.0,5.651925820256776,32.89045333862305,3.2883966332004735,2.1523757564320025,13.41452312433306,153.70187335797053,728.4590140387742
42.0997817055,-70.9393697977,1,0.3574660633484163,0.11982881597717546,0.4841628959276018,0.37203994293865905,0.1583710407239819,0.49300998573466476,0.0,0.0028530670470756064,3.484162895927602,14.90870185449358,23.791362762451172,0.1904595307585761,0.8265421846785183,4.229560828016739,32.1919303858706,158.67809495934588
42.3245146377,-71.6544306579,0,0.06334841628959276,0.1920114122681883,0.5520361990950227,0.22853067047075606,0.38461538461538464,0.5711840228245364,0.0,0.0,6.276018099547511,12.322111269614837,90.1275405883789,0.47561634446397427,1.4850660048805886,7.721153932674787,14.899175528649891,3.713506657744023
42.2975279712,-71.8285881315,0,0.23076923076923078,0.14208273894436518,0.00904977375565611,0.029101283880171185,0.7601809954751131,0.8271041369472183,0.0,0.0014265335235378032,24.873303167420815,22.574037089871613,212.7936248779297,3.469884987805172,3.029737254620569,19.808226783578895,275.23403905106863,86.32863941758764
41.6994883333,-70.30548,0,0.013574660633484163,0.21825962910128388,0.0,0.11041369472182597,0.9864253393665159,0.6676176890156919,0.0,0.0019971469329529245,27.552036199095024,11.67018544935806,22.141069412231445,2.628847322836937,1.3133789918869057,9.231599695431735,296.96477860410465,4.756243907239763
42.687595,-71.1545861667,0,0.0,0.0,0.0,0.0014265335235378032,1.0,0.9985734664764622,0.0,0.0,64.53846153846153,61.907275320970044,24.58148193359375,1.3299096162478707,1.213743780056204,8.931012998736914,899.8153571413153,25.182305860338648
42.3814933333,-72.711295,0,0.583710407239819,0.6079885877318117,0.01809954751131222,0.05706134094151213,0.334841628959276,0.15920114122681883,0.0,0.0,8.06787330316742,4.290727532097004,149.5299072265625,3.443288972961228,3.70570331597092,19.502197073548505,0.0,21.60229626222227
41.374369651,-70.6682661497,1,0.02262443438914027,0.329243937232525,0.05429864253393665,0.06476462196861626,0.08144796380090498,0.16119828815977175,0.3031674208144796,0.08559201141226819,1.0588235294117647,2.529243937232525,2.998943567276001,0.6285223771718313,0.5867953694135403,2.435533295601272,0.0,173.63998053923734
42.7126299777,-70.779833391,1,0.0,0.0005706134094151213,0.4796380090497738,0.3443651925820257,0.07692307692307693,0.03052781740370899,0.3167420814479638,0.43195435092724677,2.3800904977375565,0.8650499286733239,1.8534703254699707,0.35531865065273555,0.3529235147505355,1.5667545190173247,0.0,75.39146116735314
42.0747611111,-70.801775,1,0.27601809954751133,0.3509272467902996,0.17194570135746606,0.3437945791726106,0.5067873303167421,0.2796005706134094,0.0,0.006276747503566334,8.959276018099548,5.858202567760342,8.217093467712402,0.555016227783748,1.0120219597740858,5.0250310319593945,37.015341075562574,2.7197286483959235
42.0399769328,-71.0630722344,1,0.03619909502262444,0.12639087018544937,0.40271493212669685,0.18887303851640513,0.2579185520361991,0.6313837375178317,0.0,0.0,6.004524886877828,23.28901569186876,24.89934539794922,0.6374484696899776,0.719312135709107,3.5079591546383924,0.0,47.53720127308744
42.07948238,-70.05709805,0,0.0,0.0,0.0,0.0,0.0,0.0,1.0,1.0,0.0,0.0,0.0,0.0,0.0,0.0,0.0,3643.1978073147425
42.2007652,-71.1924879347,0,0.0,0.016833095577746076,0.0,0.10784593437945791,1.0,0.875320970042796,0.0,0.0,44.723981900452486,37.86875891583452,34.86250305175781,3.014955139712293,1.5254596032320842,13.6001699348645,396.86470719146786,6.887952409208151
42.5976538732,-71.4299936339,0,0.167420814479638,0.3326676176890157,0.4298642533936652,0.14893009985734665,0.40271493212669685,0.4764621968616263,0.0,0.005135520684736091,7.095022624434389,8.46077032810271,50.0561637878418,1.1270577623200322,1.9849568556609978,11.002702299226625,6.879614493921719,142.99448932610682
42.6130616252,-70.8947355328,1,0.11764705882352941,0.10984308131241084,0.1493212669683258,0.42796005706134094,0.27149321266968324,0.4102710413694722,0.45248868778280543,0.03737517831669044,5.4389140271493215,6.874750356633381,11.522729873657227,1.2408027590528374,0.7550833434551892,3.4205147603280235,0.0,186.8629836891141
42.3479118347,-71.5909500122,0,0.00904977375565611,0.1303851640513552,0.0,0.12696148359486448,0.9909502262443439,0.7320970042796006,0.0,0.0014265335235378032,23.502262443438916,23.52410841654779,128.6204071044922,3.32796089263998,2.5690988748691757,20.680659875680018,302.2124069962926,17.37898484470653
41.34980949,-70.4941154,1,0.0,0.0,0.0,0.009700427960057061,0.0,0.07047075606276748,0.4841628959276018,0.783737517831669,0.0,1.8082738944365193,0.8215623497962952,0.18360570826992037,0.14799308426309546,0.7658437300917524,0.0,633.8097702939804
42.6058383333,-72.093375,0,0.43891402714932126,0.501283880171184,0.35294117647058826,0.3263908701854494,0.03167420814479638,0.10156918687589159,0.14027149321266968,0.013980028530670471,0.49321266968325794,1.6893009985734664,253.50799560546875,2.4258433636148578,2.5937696040429583,21.417545104419915,0.0,108.76723833059438
42.62722167,-70.91843,1,0.2579185520361991,0.20770328102710414,0.7420814479638009,0.7281027104136947,0.0,0.019686162624821684,0.0,0.0002853067047075606,0.0,0.2085592011412268,11.848464965820312,1.1994419095757458,0.6237864687267524,3.4731208898072845,0.0,442.13130551418664
42.52793,-72.2993866667,1,0.7013574660633484,0.6604850213980028,0.03167420814479638,0.14151212553495007,0.12217194570135746,0.03452211126961484,0.14479638009049775,0.11925820256776035,2.479638009049774,0.7300998573466476,170.61668395996094,3.217682527423433,2.4635987873262684,11.51457827332364,3.9506581986358693,57.19602853672552
42.0827782201,-70.9338381608,0,0.0,0.035948644793152636,0.0,0.09215406562054208,1.0,0.859058487874465,0.0,0.011982881597717546,45.248868778280546,34.73922967189729,29.785764694213867,0.6819165532791904,0.6949288027143283,4.875551422824755,283.5304301077454,68.17379478197435
42.4280846394,-71.5173399361,1,0.6334841628959276,0.479885877318117,0.12669683257918551,0.16861626248216832,0.13574660633484162,0.3420827389443652,0.10407239819004525,0.007132667617689016,2.751131221719457,4.489586305278174,66.50544738769531,2.582293733456764,1.9484574449485732,9.874350122368774,0.0,257.0406615776695
41.6831207593,-70.2206665277,0,0.0,0.10128388017118402,0.0,0.016833095577746076,1.0,0.8787446504992867,0.0,0.003138373751783167,41.28506787330317,29.19429386590585,9.426284790039062,0.6327396211563107,0.7655016037216718,4.022246535928602,203.13687769721062,24.559960316472228
42.4757825722,-72.5124750822,0,0.8054298642533937,0.8693295292439372,0.04524886877828054,0.04650499286733238,0.14027149321266968,0.06390870185449359,0.0,0.0,1.3619909502262444,0.5295292439372326,130.2896270751953,6.281729628737926,8.567566817682,39.60827576592033,46.93973645361296,2.2048451565931657
42.7060118458,-70.8181292564,0,0.0,0.021968616262482168,0.12217194570135746,0.49472182596291014,0.18552036199095023,0.12724679029957203,0.6787330316742082,0.3534950071326676,7.366515837104072,3.777175463623395,0.12827825546264648,0.30456040370782084,0.662122756105813,4.650666054030873,6.154561965006914,22.857175969774406
42.4802666667,-71.885475,0,1.0,0.889015691868759,0.0,0.02710413694721826,0.0,0.051925820256776035,0.0,0.0008559201141226819,0.0,0.3534950071326676,429.8172912597656,12.414200117558362,8.257804416322697,70.15772303828889,274.6619065110184,320.63436085845734
42.267944693,-71.1234919507,0,0.11312217194570136,0.027389443651925822,0.013574660633484163,0.003708987161198288,0.8733031674208145,0.9689015691868759,0.0,0.0,37.16289592760181,41.453067047075606,14.94063663482666,3.3791249537281223,2.255790459563377,14.67851206970995,424.4029596345604,41.42478132917849
42.3514416667,-72.709945,0,0.6561085972850679,0.6074179743223965,0.0,0.11554921540656206,0.00904977375565611,0.17945791726105564,0.2669683257918552,0.024536376604850214,0.2895927601809955,3.8487874465049927,129.62608337402344,3.843894271787277,3.341548318149286,16.270706891908517,6.842903390062219,9.620940069709148
42.1355907061,-71.6011557542,1,0.40271493212669685,0.491583452211127,0.3574660633484163,0.2553495007132668,0.15384615384615385,0.17203994293865907,0.0,0.012268188302425107,2.239819004524887,2.925534950071327,81.62023162841797,1.0435718679978538,1.9689965300184167,14.98515238034477,50.68015812641599,32.84504681236055
42.7338780807,-70.7933655017,1,0.02262443438914027,0.003994293865905849,0.7239819004524887,0.3845934379457917,0.05429864253393665,0.03366619115549215,0.05429864253393665,0.3660485021398003,0.8280542986425339,0.9726105563480741,1.9870877265930176,0.2757749880175159,0.3170891468941776,1.6415300296975979,0.0,36.374625332429105
42.4044133333,-71.3073883333,0,0.6470588235294118,0.5007132667617689,0.23076923076923078,0.21055634807417975,0.09049773755656108,0.2570613409415121,0.03167420814479638,0.003138373751783167,1.4434389140271493,3.6912981455064195,56.181888580322266,1.2972958240202477,1.3629861092326547,7.373164597447623,0.48327648785262145,200.00588378077995
42.1356971667,-73.24273,0,0.34841628959276016,0.752639087018545,0.004524886877828055,0.0442225392296719,0.23529411764705882,0.0818830242510699,0.0,0.0,2.3438914027149322,0.677318116975749,383.8490295410156,5.637743024048543,5.6042236396619,49.09354646270808,58.5363298095336,2.7006698618799954
42.4392598629,-71.1004809832,0,0.167420814479638,0.42938659058487877,0.013574660633484163,0.04764621968616262,0.5882352941176471,0.4838801711840228,0.22624434389140272,0.03737517831669044,25.420814479638008,21.744365192582027,39.82075881958008,1.248664341582513,1.6891280369910329,8.01778901411326,0.0,54.09771372451368
41.7674928066,-70.0940196589,0,0.04524886877828054,0.04536376604850214,0.027149321266968326,0.07446504992867332,0.2081447963800905,0.2676176890156919,0.5429864253393665,0.5674750356633381,4.484162895927602,5.682168330955777,2.267143726348877,1.6576977844895924,0.6256243227485346,4.7810814048372,1.1444992969546863,132.95712176257817
42.4097533151,-71.3705120504,1,0.013574660633484163,0.22282453637660485,0.8099547511312217,0.37318116975748933,0.06334841628959276,0.350641940085592,0.09049773755656108,0.033095577746077035,0.3257918552036199,4.255634807417974,34.15841293334961,0.6431835999221005,0.9278227230946295,5.721514370433602,0.0,266.14488382902425
42.6144192025,-71.1428565784,0,0.2081447963800905,0.3880171184022825,0.2579185520361991,0.17032810271041368,0.5248868778280543,0.38716119828815976,0.00904977375565611,0.0522111269614836,7.615384615384615,7.347218259629101,29.80429458618164,1.2989008490205316,1.7692934817526702,10.888302940195263,20.84138062906338,53.491140011399246
41.5210433333,-71.02795,0,0.027149321266968326,0.22853067047075606,0.12669683257918551,0.33523537803138376,0.6334841628959276,0.12268188302425106,0.0,0.0068473609129814554,23.710407239819006,3.1529243937232523,12.835082054138184,1.5405827572471178,1.194686182814905,5.568776475456883,222.72958804276237,15.751246417538944
42.1764292281,-72.0704108571,0,0.4841628959276018,0.4322396576319544,0.0,0.10185449358059914,0.08597285067873303,0.15406562054208273,0.4117647058823529,0.23794579172610555,0.995475113122172,1.9052781740370899,190.533203125,1.592135577759552,2.503303040026516,13.4432444306145,50.07777440744245,59.10806161451732
42.1205731748,-71.1658351921,1,0.2986425339366516,0.20770328102710414,0.10407239819004525,0.1398002853067047,0.5294117647058824,0.6399429386590585,0.06787330316742081,0.006276747503566334,7.457013574660634,11.419686162624823,65.48310089111328,2.121182462045939,1.5822781076541572,10.851006982784279,13.685266142850764,73.53505467658495
42.3902466667,-71.3427216667,0,0.3755656108597285,0.5378031383737518,0.14479638009049775,0.2051355206847361,0.07692307692307693,0.17146932952924393,0.00904977375565611,0.0042796005706134095,0.8959276018099548,2.108987161198288,50.128013610839844,1.4052785483705723,1.4885609296577484,9.164943271718768,32.184115641090536,189.05184583590176
41.7387951887,-70.1612676159,0,0.0,0.014265335235378032,0.0,0.13751783166904422,1.0,0.842225392296719,0.0,0.0042796005706134095,31.32579185520362,19.53124108416548,27.965179443359375,1.7398565253787488,1.4576730329860685,10.417390091118936,238.62984387324298,20.133251436597995
41.8908410834,-70.8085858232,0,0.07239819004524888,0.15748930099857347,0.09954751131221719,0.25905848787446506,0.2895927601809955,0.22881597717546362,0.049773755656108594,0.056490727532097,9.14027149321267,4.990014265335235,32.4158935546875,0.3127618277391322,0.33923537334745296,1.7992814286740821,112.3206977228344,18.09348055979332
42.54612,-71.4131616667,0,0.334841628959276,0.3985734664764622,0.248868778280543,0.23366619115549214,0.3665158371040724,0.30271041369472185,0.0,0.0002853067047075606,6.683257918552036,4.97660485021398,71.91754913330078,2.5085122857547146,1.634805705503996,8.02677767089257,68.04908444237243,2.40585372993205
41.6627116667,-70.06665,0,0.0,0.0,0.0,0.017403708987161197,0.2081447963800905,0.3275320970042796,0.3257918552036199,0.5689015691868758,13.547511312217194,12.295292439372325,1.8950129747390747,0.5882354203489895,0.3376948831405464,2.5045152826691783,9.087232595720955,145.76121245846508
42.4500854128,-71.3404184674,0,0.6787330316742082,0.3378031383737518,0.23529411764705882,0.143509272467903,0.058823529411764705,0.46276747503566334,0.027149321266968326,0.002282453637660485,1.1538461538461537,12.601997146932954,43.663028717041016,2.032872141698732,1.2103408571299277,8.871469136994227,16.01104349278362,237.65793325625637
42.248165533,-71.4145046008,0,0.5158371040723982,0.4502139800285307,0.4253393665158371,0.27931526390870187,0.03619909502262444,0.23423680456490728,0.0,0.0,0.6470588235294118,4.948359486447932,51.10129165649414,0.5758365123813591,1.378101341651285,10.394523542432127,31.945150206799596,453.9413307110505
41.448203991,-70.6208752498,1,0.416289592760181,0.3914407988587732,0.04072398190045249,0.014550641940085592,0.2986425339366516,0.437660485021398,0.12669683257918551,0.09272467902995721,3.502262443438914,11.782881597717546,12.27214527130127,2.9463225186903745,1.6156603199078254,12.100768782512336,65.16194395420689,9.840661752986804
42.4404275657,-71.3376167113,0,0.3438914027149321,0.6670470756062767,0.0,0.01768901569186876,0.13122171945701358,0.19543509272467904,0.49321266968325794,0.07931526390870186,2.678733031674208,3.798288159771755,54.233924865722656,1.1955215728801194,1.7111649758497425,9.855552589132389,0.0,147.759860760316
42.5716383333,-72.5336383333,0,0.8914027149321267,0.6912981455064194,0.0,0.0019971469329529245,0.01809954751131222,0.05905848787446505,0.0,0.0,0.17194570135746606,1.30641940085592,106.89591217041016,3.6475402254596654,2.485841884131036,20.001980826810996,1027.3279979670367,136.8058894565109
42.099871895,-70.9349320713,1,0.18552036199095023,0.12296718972895863,0.6153846153846154,0.38231098430813126,0.18552036199095023,0.48074179743223966,0.0,0.0017118402282453639,6.778280542986425,12.737232524964337,23.78694725036621,0.38653969198714017,0.7485393141855663,4.381481854760095,56.073191979336436,188.95188648150042
42.4691969838,-71.3499303154,0,0.21266968325791855,0.17061340941512126,0.3755656108597285,0.30271041369472185,0.27601809954751133,0.41911554921540656,0.09049773755656108,0.05021398002853067,3.3122171945701355,8.669329529243937,37.00104522705078,1.4074640656820991,1.1493670097728397,4.698348944093428,42.32472389940706,5.474283533376524
41.8651116667,-71.135,0,0.09049773755656108,0.2944365192582026,0.004524886877828055,0.2282453637660485,0.9049773755656109,0.38716119828815976,0.0,0.012838801711840228,22.755656108597286,11.980599144079886,14.498246192932129,0.9096865988573745,1.0387405505279006,8.205338747338903,82.18140313614974,53.30038245762264
42.47087833,-71.23269667,0,0.0,0.10670470756062768,0.0,0.10271041369472182,1.0,0.7865905848787447,0.0,0.0,15.968325791855204,17.209129814550643,57.31885528564453,2.0377797094891337,1.6063216903732649,8.654852724242788,257.7728503180143,39.90285857027258
42.2879829905,-71.2679012144,0,0.0,0.1680456490727532,0.22171945701357465,0.29757489300998574,0.7782805429864253,0.5275320970042796,0.0,0.0,23.71945701357466,16.18373751783167,43.13178253173828,0.8911017088498971,1.3883232031082118,5.797012307132876,145.1906495056589,41.45984421178483
42.1794880821,-71.1733138423,0,0.10407239819004525,0.013980028530670471,0.5158371040723982,0.41283880171184023,0.38009049773755654,0.572039942938659,0.0,0.0,10.773755656108598,22.95235378031384,13.244124412536621,0.7287095975890934,0.976562622527442,6.947628587522379,0.0,144.83224165784506
42.529935,-71.317341,0,0.3574660633484163,0.38316690442225393,0.6199095022624435,0.37945791726105566,0.00904977375565611,0.14664764621968615,0.00904977375565611,0.010271041369472182,0.07239819004524888,2.220256776034237,37.32274627685547,0.585296496393205,0.878643831411995,4.8765188485349595,4.674882940487362,4.038398404016594
42.4121240985,-71.4647349933,1,0.47058823529411764,0.6242510699001427,0.502262443438914,0.294151212553495,0.027149321266968326,0.006562054208273894,0.0,0.03366619115549215,0.39819004524886875,0.11583452211126961,58.04758834838867,0.46336314186783156,1.1870870713752846,5.903409440102043,96.88523258104047,8.652654308369986
42.1892333333,-71.0450527778,1,0.013574660633484163,0.14265335235378032,0.06334841628959276,0.05420827389443652,0.4841628959276018,0.4559201141226819,0.43891402714932126,0.3223965763195435,19.787330316742082,16.540941512125535,42.005165100097656,0.7216932192316219,0.966153093410966,4.805517104800022,12.537553065759834,41.1636299384175
42.5189912,-71.2059774,0,0.0,0.003138373751783167,0.0,0.0014265335235378032,1.0,0.995435092724679,0.0,0.0,23.624434389140273,25.363195435092724,51.98939514160156,0.7064521755623498,1.3493781811713457,5.580675785562085,514.6999759365802,13.881831137151465
42.3988361111,-71.1000888889,0,0.0,0.005991440798858773,0.0,0.006562054208273894,1.0,0.917546362339515,0.0,0.06562054208273894,71.70588235294117,65.679029957204,23.933874130249023,2.5007235829352945,1.3299576712274122,8.520016467198323,532.8037704164134,4.471675320123695
42.3545172513,-71.87538108,1,0.03167420814479638,0.3398002853067047,0.01809954751131222,0.17917261055634806,0.9457013574660633,0.4,0.0,0.006562054208273894,41.276018099547514,11.14037089871612,248.350341796875,3.1889669779906606,2.5441437438499057,15.141826075574118,0.0,33.01796049118031
42.0680722855,-71.1523722161,1,0.2171945701357466,0.5457917261055635,0.3891402714932127,0.23081312410841653,0.0,0.03166904422253923,0.2171945701357466,0.08644793152639087,0.0,0.4596291012838802,62.522300720214844,0.36353533309855923,0.9520346981106702,5.73170633904846,0.0,638.2698526634844
42.3702936814,-71.4529776984,0,0.49321266968325794,0.38316690442225393,0.04524886877828054,0.15606276747503567,0.46153846153846156,0.4542082738944365,0.0,0.0011412268188302425,6.0,6.109843081312411,54.36435317993164,0.9606550202034511,0.864441950937869,3.9099626652610975,264.19148379738704,6.986415851484336
42.3278694444,-71.3981111111,0,0.16289592760180996,0.0738944365192582,0.10407239819004525,0.08445078459343795,0.7330316742081447,0.8136947218259629,0.0,0.007703281027104137,22.212669683257918,30.43081312410842,49.85388946533203,2.1277245027832152,1.327667171014366,6.510622012735024,64.74071823022827,23.274248567736134
42.49314,-70.84102,1,0.013574660633484163,0.0008559201141226819,0.38461538461538464,0.03281027104136947,0.6018099547511312,0.2838801711840228,0.0,0.6641940085592012,9.628959276018099,9.80114122681883,7.670573711395264,0.9068303131035833,0.7998334242445094,4.7936276024771916,70.4768598061212,154.41878164989274
42.4386044847,-71.1961985518,0,0.06787330316742081,0.12924393723252497,0.1493212669683258,0.2136947218259629,0.7828054298642534,0.656490727532097,0.0,0.0005706134094151213,18.506787330316744,16.360912981455066,53.149627685546875,0.5334246988537115,1.4751828734421777,10.431699168870178,148.00268867316493,17.534081085490307
42.2182945058,-71.5695843906,0,0.5746606334841629,0.550641940085592,0.0,0.05962910128388017,0.4253393665158371,0.2102710413694722,0.0,0.17146932952924393,6.027149321266968,4.046504992867332,133.1591339111328,3.6496061904313697,2.6835553419542677,16.856738563744887,399.715128837178,39.63257727879439
42.52198,-73.0886833333,1,0.6923076923076923,0.5700427960057062,0.3076923076923077,0.2904422253922967,0.0,0.0673323823109843,0.0,0.0,0.0,0.5885877318116975,589.9243774414062,2.6266750968771153,2.346276104711771,18.54533683988262,73.89771173822761,465.4986281180246
42.2822669985,-71.1726610026,1,0.0,0.020542082738944364,0.36199095022624433,0.12867332382310984,0.6334841628959276,0.8074179743223966,0.004524886877828055,0.04079885877318117,29.529411764705884,38.607703281027106,28.38089942932129,0.9509259955620899,1.1694989318232767,5.161829719137072,0.0,90.77004145249414
42.374070223,-72.2431050986,1,0.7330316742081447,0.6830242510699002,0.24434389140271492,0.10128388017118402,0.02262443438914027,0.011697574893009986,0.0,0.08388017118402283,0.2398190045248869,0.08273894436519258,182.3323974609375,2.260928025911133,2.745659699786608,20.382498845919596,0.0,65.48280618463323
42.4576866667,-71.2322,0,0.013574660633484163,0.042225392296718976,0.2669683257918552,0.04907275320970043,0.7194570135746606,0.9052781740370899,0.0,0.0,11.588235294117647,20.669614835948646,66.22505187988281,0.49823076604487354,1.5553563303351186,8.148815922320304,66.25358541742608,20.74448691576118
42.0511722222,-72.7663694444,0,0.31221719457013575,0.350641940085592,0.19909502262443438,0.07988587731811697,0.40271493212669685,0.5201141226818831,0.0,0.0,10.877828054298643,12.87845934379458,71.70768737792969,1.4333040548356482,2.4771912521993937,11.025986963494178,107.3692676613868,23.280473785237106
42.5045908,-70.91092511,0,0.12217194570135746,0.13152639087018544,0.23529411764705882,0.08445078459343795,0.6334841628959276,0.7820256776034237,0.0,0.0,16.6289592760181,30.956348074179743,22.115402221679688,1.3769129126597082,1.3783328475940528,10.429914427550777,258.9014583348608,243.8886922790514
42.3582916667,-71.511305,0,0.3031674208144796,0.34122681883024253,0.27149321266968324,0.10156918687589159,0.4253393665158371,0.5572039942938659,0.0,0.0,10.316742081447964,12.419686162624823,101.81367492675781,1.606418900973903,2.020761572421298,11.24455768919105,76.63260006533397,88.51651315855565
42.4773616667,-73.23503,0,0.12669683257918551,0.3158345221112696,0.14479638009049775,0.07788873038516406,0.7285067873303167,0.578601997146933,0.0,0.0,8.027149321266968,12.248502139800285,356.4874267578125,2.5116616386497395,2.1967385593713673,13.38489652879596,111.4764652383187,50.794745377917415
42.25407,-72.3359983333,0,0.5475113122171946,0.6553495007132668,0.2579185520361991,0.14664764621968615,0.004524886877828055,0.038231098430813126,0.0,0.0,0.11312217194570136,0.5697574893009986,115.51490783691406,1.9817073529084912,2.7712354539875963,13.764653774011533,3.2883432646564006,85.98098391295537
41.653195,-70.1973716667,1,0.0,0.0,0.07239819004524888,0.08159771754636234,0.6334841628959276,0.5988587731811698,0.2850678733031674,0.2385164051355207,15.266968325791856,22.176034236804565,1.9556055068969727,0.446896785709624,0.29865039584962455,1.9564912182015646,42.241433683109975,3.179032230107321
42.10357783,-72.59878667,0,0.0,0.0,0.0,0.0002853067047075606,0.6877828054298643,0.8176890156918688,0.31221719457013575,0.18202567760342367,48.70135746606335,57.99457917261056,17.429140090942383,0.989985516901904,0.6723619110952834,3.6740613020071975,34.351915763822674,27.313273903719047
41.6306458517,-69.9668406162,0,0.0,0.0,0.0,0.07589158345221113,0.0,0.0,0.6561085972850679,0.5945791726105564,0.0,0.0,-0.20207343995571136,0.31543333610527363,0.14710273294197304,1.0675670705590108,0.0,2820.4598233631286
42.35807833,-71.16238333,0,0.0,0.0,0.0,0.0008559201141226819,0.9276018099547512,0.950641940085592,0.07239819004524888,0.04850213980028531,48.53393665158371,59.65477888730385,3.795067071914673,1.5906352648992697,1.5222478400018866,7.948603155004362,26.350477607147003,6.724673533638927
42.3528694444,-72.0453555556,1,0.26244343891402716,0.6328102710413694,0.0,0.11840228245363767,0.27149321266968324,0.12353780313837376,0.0,0.0,3.176470588235294,1.5840228245363766,325.2147216796875,2.9026150010172467,2.6405921282315497,18.047054461007054,317.1378150464314,26.458078123379916
42.1925707302,-71.0867791365,0,0.6018099547511312,0.4339514978601997,0.03167420814479638,0.10014265335235378,0.0,0.24507845934379457,0.3574660633484163,0.21968616262482168,0.0,8.587446504992867,52.81858825683594,1.4025958448023887,1.6256067225779811,7.623401663924052,65.89036315560945,547.1527806992906
42.4583505908,-71.9429832575,1,0.5203619909502263,0.5840228245363766,0.3212669683257919,0.28131241084165476,0.14479638009049775,0.07788873038516406,0.0,0.0005706134094151213,1.3846153846153846,0.8667617689015692,286.32733154296875,1.866874630715384,2.4609818591967154,11.259659761953849,13.416864460398028,132.33044814842083
41.6461970884,-70.3361801061,1,0.0,0.003994293865905849,0.13574660633484162,0.14265335235378032,0.8009049773755657,0.7957203994293865,0.06334841628959276,0.054778887303851644,12.158371040723981,16.07731811697575,2.2990965843200684,1.000256170107978,0.7582976630312012,4.333945778345533,0.0,90.4678028918331
41.924464,-70.0322481997,0,0.0,0.0005706134094151213,0.013574660633484163,0.05734664764621969,0.0,0.17089871611982882,0.5656108597285068,0.677318116975749,0.0,6.37546362339515,1.098609447479248,0.5327438045606059,0.5860382160444875,2.8342568711840244,0.0,72.73504780194506
42.4564192778,-71.1075298889,0,0.6470588235294118,0.5446504992867333,0.08144796380090498,0.017974322396576318,0.11764705882352941,0.1195435092724679,0.04072398190045249,0.2961483594864479,1.1085972850678734,5.03623395149786,55.30888366699219,1.3471645490578374,1.7085216998137622,6.849901284483886,63.77942644180519,376.2143220375437
42.1737066341,-73.1907473132,0,0.746606334841629,0.6870185449358059,0.004524886877828055,0.09272467902995721,0.22171945701357465,0.06048502139800285,0.0,0.11383737517831669,1.6289592760180995,0.5281027104136947,413.35504150390625,3.6436443552307622,6.225547122705058,36.569082233212136,254.76138086287168,70.4166642143708
41.3315834509,-70.8208392933,1,0.04072398190045249,0.23452211126961484,0.10407239819004525,0.16262482168330955,0.06334841628959276,0.03052781740370899,0.13574660633484162,0.41055634807417973,0.9276018099547512,0.44251069900142653,4.135865688323975,0.9223533417593315,0.9930998634065594,8.552133810107245,65.73357493423045,53.92405023370664
42.6638877923,-73.2586816105,0,0.14479638009049775,0.29586305278174035,0.47058823529411764,0.1115549215406562,0.08144796380090498,0.0550641940085592,0.004524886877828055,0.0002853067047075606,1.257918552036199,0.7980028530670471,314.12286376953125,2.3489996513646023,3.73891464977566,27.948620994514897,2.3736394497870923,7.962117931993699
42.2684695419,-71.7723097174,0,0.0,0.07703281027104136,0.0,0.013409415121255349,1.0,0.9032810271041369,0.0,0.005991440798858773,58.09049773755656,46.50898716119829,168.21136474609375,1.7307715377724326,3.575619094652659,19.445240363352255,401.622991686756,1.6042546634302475
42.5233833333,-70.94442,1,0.058823529411764705,0.035092724679029956,0.3936651583710407,0.06276747503566334,0.2895927601809955,0.8676176890156919,0.20361990950226244,0.025106990014265335,12.199095022624434,40.26105563480742,10.916427612304688,0.83074479579016,1.256979263013564,5.738305158123446,0.0,119.47600471657788
42.53126167,-71.192305,0,0.17647058823529413,0.18088445078459345,0.004524886877828055,0.09843081312410841,0.8190045248868778,0.7206847360912981,0.0,0.0,19.334841628959275,15.912981455064195,42.48814392089844,1.9225382565247182,1.2596948006847732,6.731123996699795,359.1869702735862,12.944376049246074
42.387511,-71.13297,0,0.0,0.0,0.0,0.0,1.0,0.9743223965763196,0.0,0.025106990014265335,45.60633484162896,56.93723252496434,5.231869220733643,0.5780209135153664,0.7113638391865715,4.163397613881048,201.7713316566871,80.60230047458614
42.414876344,-71.2991156114,1,0.2398190045248869,0.42139800285306706,0.11764705882352941,0.30385164051355207,0.15384615384615385,0.1335235378031384,0.0,0.014835948644793153,1.48868778280543,1.4302425106990013,57.62687683105469,0.7516548416880987,1.3020778533677742,5.794705115279632,41.349842393162625,46.94742837128428
42.4183179389,-71.1490408646,0,0.0,0.003138373751783167,0.0,0.0005706134094151213,1.0,0.9052781740370899,0.0,0.09072753209700428,42.56561085972851,45.18345221112696,5.185164928436279,0.8177760118389202,1.4129908335694419,9.007360847968721,65.25478854327822,4.919782109559657
42.1092631084,-71.1876854043,0,0.18099547511312217,0.09300998573466476,0.23076923076923078,0.2099857346647646,0.5882352941176471,0.5226818830242511,0.0,0.1643366619115549,14.864253393665159,14.17089871611983,79.7608871459961,0.4038388669482104,0.6978208589999212,4.0772908354419615,84.23322708195676,10.01179043215093
42.0467981,-71.2122444,1,0.13574660633484162,0.2767475035663338,0.14027149321266968,0.1383737517831669,0.6199095022624435,0.5780313837375178,0.09954751131221719,0.006276747503566334,21.380090497737555,22.364621968616262,54.828067779541016,0.5627570741599287,0.6192625861739806,3.0510671613529543,0.0,46.51422823238505
42.0291010705,-72.6037175402,0,0.11312217194570136,0.2253922967189729,0.7330316742081447,0.3914407988587732,0.004524886877828055,0.0673323823109843,0.1493212669683258,0.24393723252496433,0.013574660633484163,2.340085592011412,14.69791316986084,0.5874263048082753,1.1064943508683256,6.366557232629936,0.0,435.742504871758
41.6984366114,-70.3146637046,0,0.5067873303167421,0.45763195435092724,0.0,0.019686162624821684,0.4841628959276018,0.505848787446505,0.0,0.006276747503566334,4.004524886877828,8.21283880171184,29.503013610839844,0.7080125555578938,1.4166762276034228,8.516501560888603,571.2963186197499,74.50636700667351
42.32820944,-72.52604912,0,0.23076923076923078,0.31982881597717544,0.02262443438914027,0.11583452211126961,0.2398190045248869,0.2861626248216833,0.0,0.0,6.8144796380090495,7.384022824536377,70.41693878173828,1.9915179154771476,1.3374345306603348,9.797257997096592,425.35449386575385,149.59519038294556
42.4801222222,-71.0657722222,0,0.0,0.075320970042796,0.0,0.025677603423680456,1.0,0.8990014265335236,0.0,0.0,39.710407239819006,25.057061340941512,35.875999450683594,1.203675057355929,1.8428643557977114,9.31563161191968,390.6010905573525,70.4189079561287
42.4317789722,-71.152991,0,0.004524886877828055,0.007703281027104137,0.0,0.0025677603423680455,0.6289592760180995,0.7446504992867332,0.3665158371040724,0.24336661911554922,16.986425339366516,19.099001426533523,4.7961015701293945,3.2617819155424015,2.882538763682018,23.343829228853377,23.5744032017521,46.457025998344264
42.101738,-70.160324,0,0.0,0.0,0.0,0.0,0.0,0.0,1.0,1.0,0.0,0.0,0.0,0.0,3.923690263967127e-05,0.00013455350660146687,0.0,2803.7495343800942
42.6298884809,-71.2975894338,0,0.3031674208144796,0.03680456490727532,0.0,0.009985734664764621,0.6968325791855203,0.9423680456490727,0.0,0.010841654778887305,24.511312217194572,45.35720399429387,38.08191680908203,3.0036761427782084,1.5886866214816886,10.22596198049932,19.82367137698258,117.71387819884208
42.5328716667,-70.899345,0,0.0,0.003994293865905849,0.004524886877828055,0.0456490727532097,0.995475113122172,0.7443651925820257,0.0,0.20399429386590584,35.7737556561086,30.953495007132666,7.23143196105957,0.885172137878421,1.0170207447665764,6.142570850895896,230.210237577785,7.299768104610641
42.2751633333,-71.3067883333,0,0.248868778280543,0.331811697574893,0.12217194570135746,0.17945791726105564,0.3574660633484163,0.41683309557774606,0.013574660633484163,0.01768901569186876,4.683257918552036,7.715263908701854,38.33407211303711,0.6809893708160665,1.0013036209582333,3.981397899623827,100.40755008332546,158.93100762843866
42.0592028333,-71.01665555,0,0.0,0.011697574893009986,0.0,0.03223965763195435,1.0,0.9560627674750357,0.0,0.0,52.10859728506787,47.40399429386591,27.156339645385742,0.5292288489768738,0.5648809826923744,3.686380077197566,461.4191022336499,0.13409450095521167
42.35481,-72.6688366667,0,0.6244343891402715,0.6039942938659059,0.34841628959276016,0.14265335235378032,0.0,0.15320970042796006,0.0,0.03452211126961484,0.0,2.641084165477889,65.96466827392578,1.4668552586305688,2.8307400748026637,12.907313666365846,197.8731017279436,197.64647634054748
42.0790237235,-71.1804235177,0,0.4660633484162896,0.430527817403709,0.5203619909502263,0.28587731811697575,0.013574660633484163,0.28131241084165476,0.0,0.0002853067047075606,0.3031674208144796,5.553495007132668,79.21757507324219,0.48746640505220273,1.044085372675108,6.127761189081045,83.69863369356689,251.59061657649193
42.1288652731,-71.1999287012,0,0.8506787330316742,0.7004279600570613,0.1493212669683258,0.21626248216833097,0.0,0.06134094151212553,0.0,0.0,0.0,0.7554921540656205,94.92643737792969,0.9779312823881704,2.4433397237255963,13.274172398118166,162.925078706013,563.3382119758359
42.5480342521,-71.8929165602,1,0.2579185520361991,0.39971469329529247,0.01809954751131222,0.0738944365192582,0.4072398190045249,0.40114122681883024,0.3031674208144796,0.055920114122681885,8.2579185520362,10.649643366619115,278.5909729003906,1.7245738466669058,2.3259760358688846,13.761488183137796,0.0,23.775085151591462
41.5134896654,-70.9995602652,1,0.0,0.0014265335235378032,0.22624434389140272,0.27845934379457915,0.0,0.01768901569186876,0.3031674208144796,0.4738944365192582,0.0,0.1754636233951498,0.4683614671230316,0.16115896155041837,0.3485549722128288,2.7982073531953353,0.0,158.2860977232564
42.4769251078,-71.2491573843,0,0.0,0.10613409415121255,0.35294117647058826,0.162339514978602,0.6470588235294118,0.7298145506419401,0.0,0.0,24.285067873303166,21.07246790299572,37.777870178222656,1.1581237251525358,1.8346574492568744,10.41267957379697,117.4174445086243,126.74232744881363
42.2599323011,-72.4199632555,0,0.5294117647058824,0.52981455064194,0.19909502262443438,0.1942938659058488,0.27149321266968324,0.2094151212553495,0.0,0.0,2.6877828054298645,4.876176890156919,164.0641632080078,1.8196388816204125,1.9661976504670562,10.586149510862898,49.904447687490446,1.2583211680812418
42.018435111,-70.8741828514,1,0.09502262443438914,0.11583452211126961,0.3438914027149321,0.5072753209700428,0.07239819004524888,0.0522111269614836,0.37104072398190047,0.15263908701854492,2.2081447963800906,1.129243937232525,17.17709732055664,0.16148118416478177,0.23081078624915324,1.779846184608093,7.798816708723319,738.2055503773591
42.7378654022,-73.0818944927,1,0.11312217194570136,0.4288159771754636,0.7782805429864253,0.31840228245363766,0.0,0.10641940085592011,0.09954751131221719,0.03737517831669044,0.0,1.55206847360913,328.40643310546875,2.4546690219516174,2.7644609887802383,22.67382959259192,0.0,460.3377447914954
42.4956394733,-71.5514594054,1,0.7420814479638009,0.5215406562054208,0.25339366515837103,0.053637660485021395,0.0,0.2787446504992867,0.004524886877828055,0.0008559201141226819,0.0,9.149215406562055,109.01875305175781,2.3620704074351915,3.1273237776861893,22.879395651022808,0.9200058531640605,269.02731744511277
41.9014166667,-71.0685111667,0,0.02262443438914027,0.075320970042796,0.00904977375565611,0.16062767475035664,0.9683257918552036,0.736376604850214,0.0,0.0042796005706134095,45.16742081447964,26.355777460770327,6.694343566894531,0.576839903025944,0.48919577019836924,2.48963714579185,341.64249034682706,59.77733552480857
42.0998917964,-70.9348489228,1,0.18099547511312217,0.12296718972895863,0.5927601809954751,0.38145506419400854,0.21266968325791855,0.4815977175463623,0.0,0.0017118402282453639,7.552036199095022,12.723823109843082,23.78694725036621,0.38653969198714017,0.7485393141855663,4.381481854760095,55.18071743890816,182.06221310839103
42.0217353848,-70.8789206595,1,0.1583710407239819,0.22567760342368046,0.40271493212669685,0.3700427960057061,0.00904977375565611,0.05848787446504993,0.01809954751131222,0.17860199714693295,0.10407239819004525,0.9412268188302425,17.526151657104492,0.1949349344676527,0.305574149529499,2.1072193916002036,9.414787144525665,213.6188631431764
42.5464966667,-71.3700116667,0,0.2895927601809955,0.3181169757489301,0.334841628959276,0.43309557774607704,0.2398190045248869,0.1637660485021398,0.0,0.0017118402282453639,4.819004524886878,2.8470756062767477,57.857826232910156,0.43105575655431205,1.1636743544751986,5.52669179760041,194.75378714650427,0.0687387174727301
42.3771279929,-71.4561255008,0,0.4253393665158371,0.3780313837375178,0.27149321266968324,0.1529243937232525,0.3031674208144796,0.45249643366619113,0.0,0.009700427960057061,4.072398190045249,5.924679029957204,53.103179931640625,0.7950562534547001,0.7097149383963572,2.5583684046670423,26.870117725301533,141.63484305765036
42.57538667,-73.30111667,0,0.23529411764705882,0.637660485021398,0.0,0.04935805991440799,0.2171945701357466,0.11098430813124108,0.0,0.0,2.6289592760180995,1.2159771754636235,380.9085693359375,3.9133200441724676,7.259702382092718,37.483977240093346,81.67244577053957,5.624604497900082
42.3059032536,-72.6325479097,0,0.04524886877828054,0.062482168330955774,0.5656108597285068,0.27589158345221115,0.15384615384615385,0.45706134094151213,0.0,0.003994293865905849,0.832579185520362,16.082168330955778,33.28795623779297,0.9498716399278635,0.8728506607949585,4.904716043025692,4.894806322406099,25.78717924053008
42.4963351429,-71.3641855238,1,0.5067873303167421,0.5329529243937232,0.18552036199095023,0.21597717546362338,0.08597285067873303,0.17175463623395149,0.2171945701357466,0.029386590584878743,2.909502262443439,3.4867332382310985,62.90485763549805,1.9636692969439085,1.388820166638345,9.4979737013151,11.067010411658456,255.64308672598068
42.3923138889,-72.8808833333,0,0.7963800904977375,0.8593437945791726,0.07239819004524888,0.06276747503566334,0.11764705882352941,0.05848787446504993,0.0,0.0025677603423680455,0.8868778280542986,0.4664764621968616,230.37843322753906,5.197468709251849,7.097358079882145,37.314845297874385,61.385758955755044,18.975049939614593
41.8953377338,-70.5396385171,0,0.00904977375565611,0.07788873038516406,0.0,0.0017118402282453639,0.7963800904977375,0.5007132667617689,0.049773755656108594,0.37146932952924394,24.900452488687783,13.043081312410841,14.520447731018066,1.9978403560467959,0.9092861619064633,7.826592694285639,172.13781335189097,3.102386047269069
42.5860385855,-71.5989795133,0,0.5248868778280543,0.5049928673323824,0.15384615384615385,0.1768901569186876,0.0,0.0659058487874465,0.0,0.007417974322396576,0.0,1.8316690442225392,65.0433349609375,1.6966470730842014,1.5788525993060087,11.895147274570736,149.8482758733906,282.91843924069906
42.2845116667,-72.7193083333,0,0.42081447963800905,0.5358059914407989,0.0,0.09671897289586305,0.4298642533936652,0.2,0.0,0.0,6.4434389140271495,3.155206847360913,85.80367279052734,1.7854502253996083,2.025411622321128,14.420140590901726,239.18881032701285,6.919766128856379
42.79892984,-71.050366,0,0.08597285067873303,0.35263908701854496,0.004524886877828055,0.1463623395149786,0.9095022624434389,0.40684736091298146,0.0,0.0738944365192582,23.67873303167421,12.40456490727532,50.408721923828125,1.5049034820787712,2.1268380562067573,10.467359140306195,207.48660453674808,16.217169276044885
42.2775883333,-71.6321333333,0,0.07692307692307693,0.12239657631954351,0.4841628959276018,0.20171184022824537,0.43891402714932126,0.6704707560627675,0.0,0.0,13.339366515837105,23.673038516405136,85.56440734863281,1.6456254014140936,1.1326227246118612,6.004442422776824,25.797445368686734,93.8604363626713
42.0903482102,-71.0753265303,0,0.00904977375565611,0.23452211126961484,0.03619909502262444,0.28017118402282454,0.9547511312217195,0.4793152639087018,0.0,0.0,29.36651583710407,14.771469329529245,55.597225189208984,0.6260530168090579,0.7241043104694945,5.779308932545483,114.57112387813102,12.319294217227924
41.6940571983,-69.9925393336,0,0.43891402714932126,0.1340941512125535,0.0,0.019686162624821684,0.3393665158371041,0.712981455064194,0.19909502262443438,0.12610556348074178,6.027149321266968,18.41854493580599,10.703900337219238,1.341499349452385,1.1338194918359792,3.8729016749975727,34.58959900560345,81.55887261858959
41.3609726756,-70.649772652,1,0.5113122171945701,0.3309557774607703,0.11312217194570136,0.05848787446504993,0.03167420814479638,0.007703281027104137,0.1493212669683258,0.47332382310984306,0.24434389140271492,0.10299572039942939,1.2208776473999023,0.27514614224419837,0.3132924323773558,1.7763250467604175,0.0,156.93679209559238
42.3084827098,-71.5967158864,0,0.5972850678733032,0.31269614835948645,0.26244343891402716,0.5206847360912982,0.0,0.12011412268188303,0.0,0.0,0.0,6.938944365192582,103.34832000732422,3.3640962927726528,2.0217184062468445,7.793098079555176,146.799534509136,708.9716326304365
42.2462701267,-71.4893619674,0,0.4796380090497738,0.39657631954350925,0.167420814479638,0.1209700427960057,0.35294117647058826,0.46904422253922967,0.0,0.003138373751783167,5.384615384615385,10.958345221112696,96.16941833496094,1.24659638051562,1.8865912388899666,8.810080047748837,188.76013916145286,24.41315058426457
42.6352682044,-70.9148736592,1,0.1493212669683258,0.36148359486447934,0.8506787330316742,0.5472182596291013,0.0,0.014835948644793153,0.0,0.0025677603423680455,0.0,0.22881597717546362,10.383125305175781,0.3402615983139339,0.8041354872748288,3.5036915420622727,0.0,545.6167794879794
42.2423863263,-72.3324071545,0,0.5701357466063348,0.7549215406562054,0.3031674208144796,0.13780313837375177,0.12669683257918551,0.04736091298145506,0.0,0.012838801711840228,1.4253393665158371,0.5674750356633381,114.71363067626953,2.5677152821469393,3.800099082582351,28.750533333613244,0.0,59.82905749462351
41.6764774,-70.0685744,1,0.0,0.005420827389443652,0.08597285067873303,0.19600570613409415,0.9049773755656109,0.766904422253923,0.00904977375565611,0.03052781740370899,17.239819004524886,16.370328102710413,2.546511650085449,0.2805386444427768,0.5476053563439638,1.919750710589668,3.6461522628741028,81.52685168687066
41.8824213,-69.995172,1,0.334841628959276,0.19315263908701855,0.40271493212669685,0.30042796005706135,0.1085972850678733,0.30756062767475034,0.0,0.13951497860199716,2.6334841628959276,8.81169757489301,5.000908851623535,0.9755084986271078,0.5847184372065293,3.901436849006248,99.73848335457,8.794332805768343
42.556655,-71.7940616667,0,0.3891402714932127,0.5523537803138374,0.0,0.02253922967189729,0.5475113122171946,0.40912981455064196,0.0,0.007703281027104137,10.099547511312217,12.403138373751784,177.57110595703125,5.12343462632818,4.037131548484887,30.463369082172434,255.3089234331274,19.970977850097352
42.77577,-71.0654305,0,0.004524886877828055,0.1340941512125535,0.0,0.03252496433666191,0.995475113122172,0.7072753209700428,0.0,0.12382310984308131,21.850678733031675,29.047360912981453,26.394515991210938,3.6922017490818484,2.681941641266796,18.577160544241302,364.8886934737481,2.1828857959201704
42.2175758997,-71.6984379997,0,0.23529411764705882,0.2747503566333809,0.18099547511312217,0.05820256776034237,0.5565610859728507,0.574037089871612,0.027149321266968326,0.05563480741797432,20.552036199095024,19.121540656205422,97.19515228271484,1.1942266179492216,2.4042517340349177,15.740527035047243,47.435398955878824,9.478378902435438
41.680835107,-70.1059067052,1,0.03167420814479638,0.1463623395149786,0.9638009049773756,0.5611982881597718,0.0,0.18231098430813125,0.004524886877828055,0.08017118402282454,0.0,3.589158345221113,0.26631397008895874,0.48913578088982235,0.48661810653446697,2.9436620397874003,0.0,403.62946882010027
41.6121116667,-70.429895,0,0.0,0.003708987161198288,0.004524886877828055,0.04365192582025677,0.03619909502262444,0.32838801711840226,0.8642533936651584,0.49586305278174037,1.090497737556561,5.610841654778888,-0.5892760753631592,0.37580510227245173,0.5866965425590844,3.6101839833193567,0.0,199.4056349700375
42.397169,-72.519295,1,0.4660633484162896,0.1971469329529244,0.06334841628959276,0.03452211126961484,0.3167420814479638,0.6579172610556349,0.0,0.0,8.515837104072398,22.662482168330957,93.125244140625,3.0569041078729793,2.402362586254807,17.57001490751096,0.0,21.64927670248616
42.2024478023,-71.2449635672,0,0.04524886877828054,0.19372325249643366,0.11764705882352941,0.10299572039942939,0.8371040723981901,0.6516405135520684,0.0,0.0008559201141226819,19.76923076923077,14.592011412268189,59.17665100097656,2.773436177980273,1.83335733006701,14.079440943547892,218.7715898417522,13.555693167917426
42.2088643628,-73.3853472769,0,0.334841628959276,0.3874465049928673,0.10407239819004525,0.13808844507845935,0.33031674208144796,0.14322396576319543,0.04072398190045249,0.0025677603423680455,6.742081447963801,3.2302425106990014,228.8127899169922,1.9649659115134297,2.7119608281834466,18.309213207111394,11.676697922472416,15.258223644350974
41.7004285312,-70.038585473,1,0.0,0.3803138373751783,0.02262443438914027,0.005135520684736091,0.8144796380090498,0.5089871611982881,0.16289592760180996,0.07189728958630527,24.018099547511312,12.83623395149786,11.635626792907715,0.5470034225696621,0.6516177649736183,3.203266143945204,10.163171675068778,26.456296199147644
42.1394083333,-73.0336695,1,0.049773755656108594,0.4125534950071327,0.0,0.05934379457917261,0.2850678733031674,0.0964336661911555,0.6018099547511312,0.41169757489301,4.497737556561086,1.1258202567760343,433.7005920410156,0.4409779752965372,2.3427918222362436,14.096298486651445,25.269488216970206,41.99455639565586
42.5890197754,-70.7832641602,0,0.13574660633484162,0.45763195435092724,0.058823529411764705,0.16861626248216832,0.8054298642533937,0.37375178316690444,0.0,0.0,10.93212669683258,8.081312410841655,35.29969787597656,2.7528505112738597,1.8562814961692398,8.579439534414224,172.99696629533514,17.106998521329658
42.423367302,-71.0945698579,0,0.0,0.0,0.0,0.0,1.0,0.9960057061340941,0.0,0.003994293865905849,65.50226244343891,59.294436519258205,5.538364410400391,1.442278154466957,1.477691985539325,15.318597868472843,754.5395528878402,9.795780553758819
42.3601524014,-71.3662917881,1,0.0,0.11355206847360913,0.4253393665158371,0.33951497860199714,0.5565610859728507,0.5044222539229671,0.01809954751131222,0.019686162624821684,7.3031674208144794,12.809129814550642,36.45406723022461,0.313937178602447,0.8216967373903673,3.5972767663724077,10.409329281796337,101.77422674256826
42.4549594133,-71.1238269756,1,0.8823529411764706,0.42853067047075605,0.04072398190045249,0.009985734664764621,0.05429864253393665,0.4861626248216833,0.02262443438914027,0.06875891583452211,0.6606334841628959,17.68987161198288,62.646514892578125,3.936917164002276,2.5500178641991833,20.575125932417638,0.0,240.99572374968457
42.4582672119,-71.0114135742,0,0.0,0.0,0.0,0.019686162624821684,1.0,0.9803138373751783,0.0,0.0,43.06334841628959,41.62510699001427,16.61009407043457,1.6404790790934554,1.205250374362893,6.123269954053526,453.97246602952237,18.925781466051877
42.392452476,-72.2487645596,1,0.8099547511312217,0.5663338088445078,0.12669683257918551,0.12068473609129815,0.0,0.0,0.05429864253393665,0.2704707560627675,0.0,0.0,163.46449279785156,2.158383156981833,2.2659706524674506,13.870002690530093,49.3058201644979,236.0863992617614
42.4715716667,-71.1641221667,1,0.5746606334841629,0.1666191155492154,0.22171945701357465,0.052781740370898715,0.02262443438914027,0.6456490727532097,0.17194570135746606,0.12838801711840228,0.2398190045248869,20.229671897289585,15.296673774719238,1.2909351427549538,1.7455054495274238,8.263257416380702,1.6741291370535776,234.30954950297874
41.9673,-70.7451633333,0,0.06334841628959276,0.47731811697574894,0.004524886877828055,0.05335235378031384,0.9321266968325792,0.4396576319543509,0.0,0.013409415121255349,22.524886877828056,10.75206847360913,47.13048553466797,1.4353136986286819,1.3926496888920061,6.266003718726779,295.4735769112478,40.86999508054882
42.6547773478,-72.4304501022,0,0.9095022624434389,0.9001426533523538,0.0,0.010556348074179744,0.027149321266968326,0.025106990014265335,0.0,0.0017118402282453639,0.22624434389140272,0.3629101283880171,339.2378845214844,6.045663707966272,7.565967281414617,55.044637937215754,481.17501255117713,48.53668981939648
42.1487722222,-73.136725,0,0.8144796380090498,0.9263908701854494,0.03167420814479638,0.037089871611982884,0.1493212669683258,0.034236804564907276,0.0,0.0,0.6380090497737556,0.105848787446505,505.996337890625,3.515174190261082,4.098185668862016,25.077575782801556,405.5012818647274,62.74911803733038
42.1648149722,-71.4541559722,0,0.3891402714932127,0.40399429386590585,0.0,0.12610556348074178,0.5701357466063348,0.44308131241084164,0.0,0.0,12.085972850678733,11.480171184022824,107.72145080566406,2.0222632159061025,2.0126666813449816,9.088828605115642,350.1902687828106,54.93438541362572
42.315525,-71.117775,0,0.0,0.0362339514978602,0.0,0.002282453637660485,0.6244343891402715,0.8807417974322397,0.3755656108597285,0.07988587731811697,28.226244343891402,38.949500713266765,18.737140655517578,0.7504558259284023,1.8079908095829862,10.884530869922896,15.775763257559866,40.88567028987403
42.5180160796,-71.9297182141,0,0.6968325791855203,0.7009985734664764,0.06787330316742081,0.07788873038516406,0.03167420814479638,0.105848787446505,0.16289592760180996,0.08102710413694722,0.08144796380090498,1.3489300998573466,331.38873291015625,3.214227042663583,2.654774258071404,13.473629635996938,20.016644239087068,4.105449980448078
42.5738959294,-71.0282267724,0,0.07239819004524888,0.13780313837375177,0.18099547511312217,0.17375178316690443,0.746606334841629,0.6810271041369472,0.0,0.0025677603423680455,10.805429864253394,15.689015691868759,29.291690826416016,2.3066544992824,1.631260793674854,6.340236072657454,57.193627496613566,1.8985829783718333
41.5604216667,-70.6315083333,0,1.0,0.5432239657631954,0.0,0.014550641940085592,0.0,0.4385164051355207,0.0,0.003708987161198288,0.0,11.378601997146934,36.441036224365234,0.7448772715594496,1.5333121013737063,7.654667364814812,369.498642669482,110.34402570430856
42.4952765375,-71.1635770705,0,0.0,0.012268188302425107,0.3574660633484163,0.14607703281027104,0.6425339366515838,0.8416547788873039,0.0,0.0,24.809954751131222,38.20798858773181,30.236291885375977,0.3654257762462075,0.6518865738964233,3.121266684719767,25.302269306398532,13.39978094523288
42.4891282426,-72.4835842475,0,1.0,0.9047075606276748,0.0,0.038801711840228244,0.0,0.026818830242510697,0.0,0.0,0.0,0.2085592011412268,255.91885375976562,4.836831258658362,5.111096598439285,27.58415386052981,280.97301546935154,119.64804968633695
42.3936716667,-73.268845,0,0.36199095022624433,0.5009985734664765,0.0,0.2099857346647646,0.5294117647058824,0.25049928673323824,0.0,0.0,16.217194570135746,7.924108416547789,346.8269348144531,2.218933569503666,2.477223083295576,17.233278998944474,172.34827952431706,62.32935346417417
42.10514311,-72.08941349,0,0.26244343891402716,0.2747503566333809,0.416289592760181,0.18345221112696147,0.31221719457013575,0.46847360912981456,0.0,0.014835948644793153,11.298642533936652,17.913266761768902,176.33042907714844,1.535216115392191,2.0076190673117438,12.68546423126692,0.0,129.3773157471508
42.4374593934,-71.2176372931,0,0.07692307692307693,0.06191155492154066,0.02262443438914027,0.17517831669044223,0.9004524886877828,0.7572039942938659,0.0,0.0002853067047075606,22.63348416289593,15.90299572039943,74.90911102294922,1.2817150755816886,1.5244889073071308,8.036373053266995,237.11095951775144,69.45379025661904
42.375992653,-70.9916397575,0,0.0,0.0,0.0,0.023395149786019972,0.9366515837104072,0.6992867332382311,0.06334841628959276,0.27646219686162626,53.31674208144796,42.1509272467903,6.864566802978516,1.0696025927264374,0.8264943009181195,3.6946393150756913,122.05525388681384,13.146765941438668
42.4257187417,-71.2327105171,0,0.03167420814479638,0.07988587731811697,0.2579185520361991,0.2333808844507846,0.6923076923076923,0.6804564907275321,0.0,0.0,14.687782805429864,17.633095577746076,69.01567840576172,1.858244581844802,1.4277510122097758,6.169369840442957,22.387812860673137,125.14932634299414
42.3905555556,-71.0508333333,0,0.0,0.0,0.03619909502262444,0.0042796005706134095,0.8597285067873304,0.7743223965763195,0.10407239819004525,0.22139800285306704,51.83257918552036,62.85962910128388,11.784409523010254,2.6857678864245833,0.8633238806908342,4.686411200418872,16.880229967808017,44.33415697624945
42.23764167,-71.46797167,0,0.33031674208144796,0.451925820256776,0.049773755656108594,0.05135520684736091,0.0,0.19029957203994294,0.5927601809954751,0.2074179743223966,0.0,3.3660485021398,67.87631225585938,1.385778469908637,2.298458401988252,12.01290678261368,16.653844294203648,438.53530969196265
42.552325,-70.8394,0,0.0,0.19914407988587732,0.013574660633484163,0.043937232524964336,0.9095022624434389,0.37489300998573466,0.03167420814479638,0.3543509272467903,36.411764705882355,10.675035663338088,16.56882095336914,2.7890943512336417,1.2898295440179426,11.203850951759179,29.404480404483866,54.65262213878285
42.4483352917,-73.2642442724,0,0.0,0.035092724679029956,0.0,0.02368045649072753,1.0,0.9221112696148359,0.0,0.0017118402282453639,59.00452488687783,44.285877318116974,304.9372863769531,1.2295812202441132,1.557798014463236,9.672806555430858,20.228908734724804,39.885208833828884
42.498745,-71.47602833,0,0.15384615384615385,0.331811697574893,0.28054298642533937,0.20142653352353782,0.5656108597285068,0.41055634807417973,0.0,0.017974322396576318,28.597285067873305,9.054208273894437,70.617919921875,1.4834092243559258,1.6258244923006948,7.925890295272962,99.09648441010691,15.269080103375906
42.4209754109,-71.361570099,0,0.09502262443438914,0.3617689015691869,0.3574660633484163,0.2102710413694722,0.11312217194570136,0.16005706134094153,0.03167420814479638,0.14693295292439373,2.841628959276018,3.348074179743224,36.84520721435547,1.619522693630595,1.7772374856437327,9.860349589865386,0.0,199.01297443442678
41.9440283333,-69.9837416667,0,0.00904977375565611,0.3514978601997147,0.00904977375565611,0.013409415121255349,0.09502262443438914,0.045934379457917264,0.4343891402714932,0.48359486447931527,2.32579185520362,0.9055634807417974,6.215332984924316,3.7865417891438398,1.3820643596787996,12.163985630268837,55.58457544940693,116.34953787294855
42.5634727222,-71.1732330278,0,0.00904977375565611,0.03937232524964337,0.07239819004524888,0.19800285306704707,0.918552036199095,0.7569186875891584,0.0,0.005706134094151213,15.09049773755656,18.828530670470755,29.58604621887207,0.8349954415768722,0.40415693912959194,2.2739542953166043,200.03795158058023,16.254305576402146
42.1680611111,-72.6835555556,1,0.5113122171945701,0.6485021398002853,0.416289592760181,0.1557774607703281,0.0,0.18145506419400856,0.07239819004524888,0.005420827389443652,0.0,3.735235378031384,124.81617736816406,4.712528764525367,3.9160056185537617,29.229957603616466,0.0,516.9231703091356
41.5611216667,-70.6491916667,0,0.34841628959276016,0.2961483594864479,0.167420814479638,0.05135520684736091,0.4072398190045249,0.3007132667617689,0.06787330316742081,0.31726105563480744,3.8009049773755654,4.441084165477888,5.193554878234863,1.8857618562456442,1.1835573539148363,11.34257897241664,42.7561780006804,25.866007378052725
41.2888033333,-70.1579138333,0,0.04072398190045249,0.14750356633380884,0.1493212669683258,0.16490727532097005,0.6289592760180995,0.30756062767475034,0.0,0.1920114122681883,11.312217194570136,5.950356633380885,7.436460971832275,0.6948028297596219,0.6872781548688798,5.176079673329158,62.17268583091491,3.0839248134471324
42.7989835153,-70.8571483568,0,0.0,0.03281027104136947,0.07692307692307693,0.04736091298145506,0.9230769230769231,0.6456490727532097,0.0,0.131811697574893,23.0,17.353780313837376,10.012401580810547,0.7704542663564533,0.7673344495047965,4.701216315659282,129.6055811988347,17.83081779065435
42.3567361111,-71.5531916667,0,0.013574660633484163,0.11469329529243938,0.0,0.0442225392296719,0.9864253393665159,0.8248216833095577,0.0,0.011126961483594865,38.42986425339367,31.296433666191156,143.85174560546875,3.345711804902111,2.905188064077666,17.173503515306837,574.2218627699461,20.915848823349826
42.2476771107,-71.1487233229,0,0.0,0.007132667617689016,0.0,0.015406562054208274,1.0,0.9726105563480741,0.0,0.0048502139800285305,36.76018099547511,40.186875891583455,34.52481460571289,2.1238078401500236,1.646767196531579,8.061731268994283,225.4811554055154,3.1052480593830074
42.5950939,-71.0161643,0,0.01809954751131222,0.23395149786019973,0.06787330316742081,0.16918687589158346,0.9140271493212669,0.45991440798858774,0.0,0.09015691868758915,33.55656108597285,11.425677603423681,29.329750061035156,1.3407933418223577,1.3607823523741904,7.518556719134617,82.71511924618247,4.114245432672449
41.6665393358,-69.9951490234,0,0.0,0.0011412268188302425,0.1493212669683258,0.12410841654778887,0.00904977375565611,0.2362339514978602,0.38009049773755654,0.4864479315263909,0.11312217194570136,6.483309557774608,0.4025304913520813,0.8160963433332751,0.5598361135736303,3.464656463597398,3.3067502689464794,41.79392388668445
42.6925757209,-70.9582711442,0,0.4660633484162896,0.4479315263908702,0.3031674208144796,0.40970042796005707,0.19004524886877827,0.10271041369472182,0.0,0.0,2.8054298642533935,2.6830242510699,23.965166091918945,0.3380055246353758,0.5290039934642763,2.1815555781043567,0.0,32.917563713008064
42.343577976,-71.4385065636,0,0.39819004524886875,0.5024251069900143,0.14479638009049775,0.07760342368045649,0.45701357466063347,0.41740370898716117,0.0,0.0,9.746606334841628,10.144365192582026,62.52445983886719,2.294041672316429,3.1312635958504362,23.55016708055243,445.3024668541809,33.33544798300914
42.355246279,-71.5588387102,0,0.0,0.11041369472182597,0.06334841628959276,0.03566333808844508,0.9366515837104072,0.8493580599144079,0.0,0.0,31.194570135746606,33.63537803138374,135.38270568847656,3.7173589410545116,3.010796967342403,15.401790509143614,180.79616390631503,72.39033731158679
42.3719320863,-71.7217774021,0,0.5067873303167421,0.6904422253922967,0.04524886877828054,0.04079885877318117,0.3031674208144796,0.07788873038516406,0.0,0.13209700427960058,15.203619909502262,1.7683309557774607,137.8081817626953,1.7741080040284427,2.4767681549135694,14.516672074771082,78.47211380826174,134.75204620893362
41.4136359722,-70.5831479722,0,0.7239819004524887,0.5241084165477888,0.0,0.024251069900142655,0.26244343891402716,0.425962910128388,0.0,0.0034236804564907277,4.235294117647059,7.137517831669045,20.00715446472168,1.2658986797443876,0.8959062830143814,6.282694265117119,258.7768052996542,85.25338391303318
42.6136436005,-71.6385101681,1,0.34841628959276016,0.5734664764621968,0.11764705882352941,0.12582025677603423,0.09954751131221719,0.20085592011412268,0.3665158371040724,0.035092724679029956,4.660633484162896,4.304422253922967,73.71012878417969,0.9676756198804378,2.2795258529365783,12.29271163005744,0.0,155.8745178833351
42.3962828448,-71.965938601,0,0.27149321266968324,0.4641940085592011,0.2986425339366516,0.18088445078459345,0.2986425339366516,0.2912981455064194,0.0,0.0005706134094151213,2.81447963800905,7.4850213980028535,314.03521728515625,2.1189236413069894,3.4152015682711316,16.652043683136043,113.97487226318208,77.66686559169534
42.1140855952,-71.4026497073,0,0.27601809954751133,0.34522111269614836,0.0,0.20256776034236804,0.7239819004524887,0.40456490727532096,0.0,0.0,13.873303167420815,9.372610556348075,81.46623229980469,2.7701141738975448,1.84031945314361,12.213671133857146,427.4838561067384,5.553604867062872
42.351055,-71.2059866667,0,0.0,0.0017118402282453639,0.0,0.0,1.0,0.9982881597717547,0.0,0.0,70.57013574660634,45.91497860199715,16.321290969848633,0.3306587538101989,1.4264462900802846,8.020736312782098,697.6549464451205,3.312216652989785
42.356474,-71.064578,0,0.0,0.0,0.0,0.0,1.0,0.9677603423680456,0.0,0.03223965763195435,48.57918552036199,72.0268188302425,15.904204368591309,1.8084029893532982,0.8749074570712795,4.799314239375806,63.914625034981775,87.35681637029104
42.1917689944,-71.4349721546,0,0.23529411764705882,0.18630527817403708,0.06334841628959276,0.2079885877318117,0.7013574660633484,0.5395149786019972,0.0,0.062482168330955774,14.606334841628959,12.4641940085592,73.02388763427734,2.6383366893520113,1.2967806173448437,9.75029268311507,251.11295871303275,135.2453059923138
42.0063145112,-71.1236324077,1,0.3936651583710407,0.5243937232524964,0.31221719457013575,0.23081312410841653,0.04072398190045249,0.13295292439372325,0.04524886877828054,0.0333808844507846,0.7873303167420814,2.3660485021398,24.86442756652832,0.49057037821456057,0.8018112233941891,4.565569244266351,0.0,264.0700379792997
42.3204021108,-71.6160962537,1,0.08597285067873303,0.1035663338088445,0.24434389140271492,0.21825962910128388,0.47058823529411764,0.6271041369472182,0.19909502262443438,0.03166904422253923,10.076923076923077,21.08901569186876,84.84083557128906,0.6655825202246661,1.360263182932835,5.908856128769349,0.0,81.76239369363324
41.9819247054,-70.6904146016,0,0.0,0.035092724679029956,0.0,0.012268188302425107,0.5656108597285068,0.47960057061340944,0.4343891402714932,0.46790299572039945,37.68325791855204,21.46562054208274,3.489865303039551,1.5331275306918115,1.053859073805077,8.534726651453699,4.680474213595229,204.3196050962251
42.6300138889,-73.1430083333,0,0.7330316742081447,0.7466476462196862,0.1493212669683258,0.02767475035663338,0.0,0.07218259629101284,0.0,0.002282453637660485,0.0,0.7457917261055634,370.02325439453125,4.092001976000478,7.277073409122654,58.82185426772408,178.4723203967615,366.00356078465114
41.3496499,-70.5117372997,1,0.0,0.019115549215406563,0.01809954751131222,0.010841654778887305,0.4253393665158371,0.24393723252496433,0.2081447963800905,0.46219686162624823,10.914027149321267,5.369186875891583,1.4477102756500244,0.41399342338946166,0.21995541608980448,1.9325985609165264,14.877558216207603,3.1795166880813355
42.3774891833,-72.530002594,0,0.22171945701357465,0.04621968616262482,0.04524886877828054,0.07703281027104136,0.7330316742081447,0.8219686162624822,0.0,0.0,14.384615384615385,26.908416547788875,55.8917350769043,2.759888600278082,1.6521812823692037,17.580096491888884,860.7964903925962,88.23721121130843
42.4683109722,-73.1519499722,0,0.2579185520361991,0.46333808844507846,0.09049773755656108,0.11554921540656206,0.6515837104072398,0.40171184022824535,0.0,0.0014265335235378032,20.506787330316744,12.29358059914408,363.6993713378906,6.338862088522811,5.593181615862705,57.79670313129346,64.20287444471599,15.954270856928206
42.4495783333,-71.4040416667,0,0.07239819004524888,0.21768901569186877,0.29411764705882354,0.1637660485021398,0.6334841628959276,0.6094151212553495,0.0,0.007132667617689016,15.574660633484163,14.73694721825963,42.297691345214844,0.7581329612293717,1.123342971519368,5.651593041882778,64.9120269909186,106.47046948717473
41.3869533333,-70.5927966667,1,0.7058823529411765,0.8031383737517832,0.0,0.0034236804564907277,0.24434389140271492,0.1609129814550642,0.0,0.0,3.8099547511312215,3.182310984308131,10.58928108215332,0.561488760472836,0.3798268985276787,1.9750452977257444,1187.865855415658,50.533258934471164
42.6504420412,-71.3109993216,0,0.0,0.0,0.0,0.0,0.7692307692307693,0.9141226818830243,0.23076923076923078,0.08587731811697574,50.47511312217195,66.80941512125536,18.04612922668457,0.9872788472554826,1.266505712678158,6.0637964374401445,7.6296566706944775,32.49543772978021
41.52752,-70.653755,1,0.31221719457013575,0.17089871611982882,0.19457013574660634,0.038231098430813126,0.49321266968325794,0.5135520684736091,0.0,0.22853067047075606,7.755656108597285,6.650499286733238,6.264485836029053,1.026740830218202,1.379518050741552,8.892235102855889,12.86028269638609,3.827954670806768
42.3678966667,-71.0612416667,0,0.0,0.0,0.0,0.0011412268188302425,0.9683257918552036,0.8952924393723253,0.03167420814479638,0.1035663338088445,76.23981900452489,72.0222539229672,1.776973843574524,0.3736675074879966,0.7946539861137386,4.039460391232375,23.455069817767612,36.552929674771676
42.4691833333,-71.6323366667,0,0.20361990950226244,0.34893009985734663,0.42081447963800905,0.40057061340941513,0.16289592760180996,0.12239657631954351,0.00904977375565611,0.0005706134094151213,4.728506787330317,2.0368045649072752,68.14989471435547,1.1779157164400822,1.6863148969456279,11.623195790383685,0.0,220.54629688195214
41.451191316,-70.6449494689,1,0.6153846153846154,0.7905848787446506,0.2398190045248869,0.06019971469329529,0.12669683257918551,0.07360912981455064,0.0,0.00884450784593438,0.9819004524886877,0.6815977175463623,25.853397369384766,1.3584737747454967,1.5440919050270656,8.45395464640055,0.7765523492623682,88.40101388567238
42.28294667,-71.29151167,0,0.12669683257918551,0.2,0.00904977375565611,0.11212553495007133,0.8642533936651584,0.6647646219686163,0.0,0.02168330955777461,11.380090497737557,11.467332382310984,45.79570770263672,2.049201249141256,1.2330468649809962,7.480825819125267,167.5296730006101,41.93818805000863
42.4248700239,-71.5169015598,1,0.583710407239819,0.4348074179743224,0.004524886877828055,0.12325249643366619,0.4072398190045249,0.43366619115549215,0.0,0.007132667617689016,3.8959276018099547,4.862767475035663,71.3684310913086,1.208359355108592,2.07718741816406,11.487533307075646,231.61864005334124,203.5700772991053
42.02231,-70.8783616667,1,0.1583710407239819,0.21626248216833097,0.583710407239819,0.3751783166904422,0.004524886877828055,0.053637660485021395,0.02262443438914027,0.18744650499286733,0.03619909502262444,0.8995720399429387,17.526151657104492,0.1949349344676527,0.305574149529499,2.1072193916002036,3.6093016429187155,246.26264428174542
42.199405,-71.895745,0,0.19004524886877827,0.5221112696148359,0.14479638009049775,0.07674750356633381,0.665158371040724,0.28644793152639086,0.0,0.017118402282453638,13.117647058823529,8.253922967189729,248.0279998779297,2.1535525055234626,2.4164681241733197,13.19578818567455,84.41055305408975,9.99941028412825
41.3512564475,-70.5430605606,1,0.004524886877828055,0.035948644793152636,0.19457013574660634,0.04536376604850214,0.013574660633484163,0.033095577746077035,0.2986425339366516,0.6510699001426533,0.19457013574660634,0.48673323823109843,1.0855423212051392,0.24281007370717822,0.1682771106166708,1.173692677325496,18.44584746179156,25.250954889800976
41.3541232468,-70.6318936306,1,0.3076923076923077,0.35977175463623395,0.06787330316742081,0.035948644793152636,0.1085972850678733,0.015977175463623396,0.31221719457013575,0.29757489300998574,0.9004524886877828,0.150641940085592,2.434131145477295,0.2439582234051995,0.32089173091558787,1.8811818783710286,0.0,79.75946313244702
42.3740490656,-72.2738118857,1,0.502262443438914,0.47674750356633383,0.013574660633484163,0.0068473609129814554,0.013574660633484163,0.013409415121255349,0.43891402714932126,0.4944365192582026,0.05429864253393665,0.09871611982881598,163.28517150878906,3.1390952597727897,3.6694359056931947,30.669445417267482,0.0,19.787070477621715
42.428314209,-71.0594482422,0,0.0,0.0,0.0,0.0,1.0,1.0,0.0,0.0,68.86877828054298,65.00713266761768,4.255828857421875,0.6355108486488062,1.5610153675856802,9.123564050610971,849.3693349235562,59.45243572904802
42.288989,-73.1814999722,0,0.8552036199095022,0.752639087018545,0.04072398190045249,0.005991440798858773,0.0,0.06847360912981455,0.09954751131221719,0.1492154065620542,0.0,2.379172610556348,457.8344421386719,1.7198390006618283,5.923982562168635,34.8472335627079,102.70963247753173,603.7709387878965
41.6540397778,-70.9959081057,0,0.03619909502262444,0.15834522111269614,0.00904977375565611,0.19600570613409415,0.9547511312217195,0.6276747503566333,0.0,0.0,26.823529411764707,20.48873038516405,36.864524841308594,1.2356166631846288,0.9301628735183904,7.278772690745336,51.99528809550919,14.019019581730458
42.6511616667,-71.3142466667,0,0.0,0.0,0.0,0.0,0.8190045248868778,0.9061340941512126,0.18099547511312217,0.09386590584878744,61.588235294117645,65.45049928673323,22.025686264038086,1.1237160788866154,1.1192180390607787,5.493599283292222,35.247437320930004,3.4283076195292295
42.4649883333,-72.5567783333,0,1.0,0.9883024251069901,0.0,0.0,0.0,0.007417974322396576,0.0,0.0,0.0,0.14293865905848788,177.38973999023438,11.609297058072679,7.300354749177593,48.192646702217,252.39911924464062,301.00334857141047
42.0643039047,-71.1569621415,1,0.42081447963800905,0.5155492154065621,0.02262443438914027,0.2818830242510699,0.0,0.037089871611982884,0.3167420814479638,0.05991440798858773,0.0,0.6793152639087019,62.31731414794922,0.23455233531933317,0.9441664190463269,7.6359948909111095,0.0,342.0935841204495
41.4087829292,-70.4491779744,1,0.0,0.025106990014265335,0.27149321266968324,0.06390870185449359,0.0,0.0,0.3755656108597285,0.7880171184022825,0.0,0.0,0.6441491842269897,0.1074631528297661,0.09498525193222619,0.5239679553009979,0.0,3.3990251653485224
42.3769364116,-71.0288258269,0,0.0,0.0,0.0,0.01768901569186876,1.0,0.9369472182596291,0.0,0.04536376604850214,87.23981900452489,76.3249643366619,3.016904354095459,0.5633829743559936,0.7103158995528484,3.6752519850059056,659.79482401931,44.3679324199105
41.3678786796,-70.6665225573,1,0.10407239819004525,0.456490727532097,0.08597285067873303,0.039942938659058486,0.013574660633484163,0.0442225392296719,0.5158371040723982,0.16576319543509271,0.13574660633484162,0.6199714693295293,0.7719365954399109,0.6963356987249248,0.49344372772775413,2.506553962516007,0.0,214.7523153239686
42.2776083333,-72.888144445,1,0.497737556561086,0.7203994293865906,0.0,0.03737517831669044,0.0,0.0008559201141226819,0.49321266968325794,0.22738944365192582,0.0,0.015691868758915834,165.90357971191406,8.64504401256233,7.863527341555663,50.15857541590161,0.0,1020.5036087738083
42.427925,-71.308075,0,0.43891402714932126,0.42624821683309555,0.12669683257918551,0.08901569186875892,0.18552036199095023,0.23452211126961484,0.0,0.08445078459343795,1.5158371040723981,3.9609129814550643,75.55140686035156,1.7608786087782156,2.30110274913083,11.79191279384785,17.073148710824917,138.6520686905152
42.59945,-72.477205,0,0.6923076923076923,0.7455064194008559,0.013574660633484163,0.006562054208273894,0.19909502262443438,0.08901569186875892,0.0,0.0,2.5610859728506785,1.7868758915834522,89.5998764038086,1.5076240190921117,4.14158475643014,27.53568201464117,134.91248168614416,136.88992375920992
42.3720573773,-71.1423963972,1,0.0,0.0017118402282453639,0.0,0.009985734664764621,1.0,0.9480741797432239,0.0,0.04022824536376605,11.904977375565611,35.862196861626245,10.689727783203125,1.2038958058521785,0.8188218757229533,4.3570341852164125,0.0,15.73965912366101
42.08228,-70.2034766667,0,0.0,0.0005706134094151213,0.0,0.039087018544935806,0.0,0.0042796005706134095,0.4298642533936652,0.4921540656205421,0.0,0.124679029957204,2.497213363647461,0.7065912295805891,0.5593565590717297,4.127715850507591,0.0,250.9407425796074
42.1232777778,-72.460125,0,0.2895927601809955,0.2644793152639087,0.004524886877828055,0.23081312410841653,0.7058823529411765,0.49015691868758915,0.0,0.0,13.167420814479637,7.096718972895863,84.34496307373047,0.4239111270214029,0.789047444362422,4.0980143787167105,287.0808292852566,20.741016625602477
42.3246749154,-71.170012289,1,0.06334841628959276,0.11469329529243938,0.23529411764705882,0.052781740370898715,0.4072398190045249,0.8139800285306704,0.2850678733031674,0.017974322396576318,19.153846153846153,28.263623395149786,50.61522674560547,1.0020391144462821,1.3513983129037186,5.491470804393514,0.0,197.14354499865644
42.0058528113,-71.3597896867,0,0.5203619909502263,0.4716119828815977,0.0,0.034236804564907276,0.4796380090497738,0.340941512125535,0.0,0.0011412268188302425,16.262443438914026,7.203138373751783,122.67650604248047,1.5896744348046932,2.4844834476935516,14.517378443093307,239.64083113664645,38.05428224546159
42.3435851902,-71.2662746838,0,0.04524886877828054,0.14322396576319543,0.0,0.028815977175463622,0.9547511312217195,0.81169757489301,0.0,0.012553495007132667,29.330316742081447,25.844793152639088,28.35811996459961,3.4014090667471857,2.1894454332336264,16.002392282378235,228.75954015199963,3.633158249832028
41.2394493997,-70.0096013997,0,0.03167420814479638,0.22282453637660485,0.0,0.003138373751783167,0.13122171945701358,0.08930099857346648,0.42081447963800905,0.508416547788873,2.6561085972850678,1.6853067047075607,-0.028841501101851463,1.0417329727299192,0.5808636839279968,5.049977097530562,87.81209879537383,71.82529929892134
42.4810248555,-71.2353344634,0,0.49321266968325794,0.37660485021398005,0.19004524886877827,0.12325249643366619,0.2895927601809955,0.49072753209700426,0.0,0.0,2.6425339366515836,9.54864479315264,50.35500717163086,2.232648381179502,2.138838009209617,11.27022932647763,105.35703713223403,120.8096655502596
42.79195,-71.0682055,0,0.14479638009049775,0.23937232524964336,0.0,0.07332382310984308,0.6244343891402715,0.4855920114122682,0.22171945701357465,0.19315263908701855,18.1131221719457,14.630242510699002,38.685298919677734,2.0503056490026257,2.3123592805054614,11.719597066570856,48.378571806908255,71.66769702347969
41.9862258216,-70.0764075706,0,0.0,0.06305278174037089,0.03619909502262444,0.1594864479315264,0.15384615384615385,0.16062767475035664,0.17647058823529413,0.45106990014265336,5.9411764705882355,3.720684736091298,4.8652024269104,0.7777605532348014,0.8441844726638997,6.139839953612796,92.60525839502438,25.072385862997233
41.9895306123,-70.9770563571,0,0.0,0.042225392296718976,0.0,0.038231098430813126,1.0,0.9195435092724679,0.0,0.0,52.35746606334842,35.29786019971469,29.832744598388672,0.6679198282930885,0.8986475067737668,7.079038946554561,385.0429897734243,20.06675603478996
41.5775333333,-70.5277166667,1,0.0,0.05734664764621969,0.03619909502262444,0.07646219686162625,0.502262443438914,0.5004279600570614,0.4343891402714932,0.35320970042796007,10.986425339366516,12.451925820256776,5.166136264801025,0.7454704013236114,0.5424092809044271,3.273143651992526,14.76378722125749,61.9464530971377
41.6890496884,-70.3796808431,0,0.497737556561086,0.43024251069900143,0.00904977375565611,0.035948644793152636,0.49321266968325794,0.5169757489300999,0.0,0.0028530670470756064,7.742081447963801,9.239942938659059,29.76358413696289,1.623205261608119,1.5429848715610874,8.903731073108984,258.03439978426206,56.95176592805245
42.4031655699,-71.0930858017,0,0.09502262443438914,0.0068473609129814554,0.09049773755656108,0.02225392296718973,0.37104072398190047,0.8596291012838801,0.38009049773755654,0.10641940085592011,14.606334841628959,59.4188302425107,0.6547555923461914,0.5188023660689774,0.8930061880003097,7.2117267520272605,22.82312494632736,177.85959912083428
42.4083263612,-71.3306858818,1,0.3212669683257919,0.34579172610556347,0.0,0.11269614835948645,0.31221719457013575,0.36861626248216833,0.0,0.002282453637660485,6.167420814479638,7.015406562054208,71.52936553955078,1.4064110417532696,1.0738954130887441,5.4017699220513995,0.0,63.52892124669572
42.3022346322,-71.2810002806,1,0.0,0.018544935805991442,0.0,0.024821683309557776,1.0,0.9557774607703281,0.0,0.0008559201141226819,31.443438914027148,25.473038516405136,38.180946350097656,0.8586322710279342,1.6369207683597737,7.937174548865568,15.524517131375665,30.35742496396471
41.7246905594,-70.1318742971,0,0.06787330316742081,0.27503566333808843,0.04524886877828054,0.0659058487874465,0.23529411764705882,0.37146932952924394,0.6289592760180995,0.2607703281027104,4.904977375565611,6.1609129814550645,8.715201377868652,0.6680513521121757,0.9267654951953945,5.251157741430567,0.0,181.60150111230533
42.44314,-71.459005,0,0.1583710407239819,0.10898716119828816,0.40271493212669685,0.26333808844507844,0.43891402714932126,0.6211126961483595,0.0,0.0011412268188302425,15.561085972850679,16.94122681883024,63.262908935546875,0.5239729636182795,0.6136489789046281,2.1680138333413113,5.7435966633607025,106.81922879781312
42.0996757727,-71.3794398779,1,0.11312217194570136,0.12182596291012839,0.27149321266968324,0.061626248216833095,0.6153846153846154,0.7871611982881598,0.0,0.02653352353780314,11.131221719457013,17.935235378031383,75.3807144165039,1.6088880796760492,1.813058716098774,10.876086006043913,67.52659669578236,21.900795825378435
42.29495,-71.6040366667,0,0.03619909502262444,0.11583452211126961,0.3212669683257919,0.3320970042796006,0.5158371040723982,0.3303851640513552,0.11764705882352941,0.19087018544935805,11.339366515837105,9.65021398002853,88.48566436767578,0.495169349309566,1.1289004052373226,5.784624588273835,84.54725432085674,2.3158410000183784
42.0514470851,-71.8732112926,0,0.0,0.010271041369472182,0.0,0.006562054208273894,1.0,0.9823109843081312,0.0,0.0008559201141226819,49.95022624434389,48.7169757489301,158.4930877685547,2.1192170873488303,1.6637024125947661,10.470307260641926,609.597167324292,1.2077544105398184
41.9265620701,-70.8164287033,1,0.03619909502262444,0.1689015691868759,0.09502262443438914,0.14807417974322395,0.004524886877828055,0.26191155492154067,0.11312217194570136,0.008559201141226819,0.07239819004524888,11.21398002853067,25.217260360717773,0.7724025592896118,0.9803287979495812,5.663432166382193,9.762368065427998,214.77399078860958
42.7011514417,-72.8887221551,0,0.18099547511312217,0.6907275320970043,0.0,0.0804564907275321,0.07692307692307693,0.07275320970042796,0.6968325791855203,0.09700427960057062,1.2986425339366516,0.8893009985734665,428.9640808105469,1.1057737914526333,4.473035041635754,22.288833348913702,0.0,114.68774014179475
42.3859333333,-72.6035616667,1,0.1085972850678733,0.14094151212553496,0.3212669683257919,0.1360912981455064,0.45248868778280543,0.3557774607703281,0.0,0.011982881597717546,10.28054298642534,9.348074179743223,41.59946060180664,1.4000959116229215,0.7351047016777916,5.4163125925546165,232.02860528264048,31.00208924477453
42.2641993601,-71.3371001746,0,0.167420814479638,0.16205420827389444,0.4751131221719457,0.21112696148359486,0.3574660633484163,0.6077032810271041,0.0,0.0019971469329529245,6.4343891402714934,11.68758915834522,44.05038833618164,1.4384373473785956,1.5517401727440971,6.890525260479203,24.78786790492274,10.60653294538569
42.484014,-72.356594,0,1.0,0.9281027104136947,0.0,0.007417974322396576,0.0,0.028815977175463622,0.0,0.0,0.0,0.2621968616262482,336.09698486328125,4.0702795544050225,5.273216522652967,31.303715278054593,471.23783717128265,744.2047184167945
42.50564,-72.2520333333,0,0.8914027149321267,0.7038516405135521,0.1085972850678733,0.23680456490727533,0.0,0.028530670470756064,0.0,0.002282453637660485,0.0,0.4473609129814551,202.9169921875,0.9498523002626297,1.9154410637118207,10.634700047318477,304.95708069577694,1.1704585247776074
42.05946267,-71.2645815101,0,0.5248868778280543,0.5415121255349501,0.15384615384615385,0.20399429386590584,0.18099547511312217,0.2088445078459344,0.13574660633484162,0.04336661911554922,1.8235294117647058,3.4932952924393725,79.28132629394531,0.6999258920219069,1.2105148301078787,5.480635071466765,9.856597484455994,109.70758143820557
42.0998500035,-70.9346155706,1,0.18099547511312217,0.12296718972895863,0.5927601809954751,0.38145506419400854,0.21266968325791855,0.4815977175463623,0.0,0.0017118402282453639,7.552036199095022,12.723823109843082,23.78694725036621,0.38653969198714017,0.7485393141855663,4.381481854760095,42.84689795645323,169.3195396627837
42.3165866667,-71.2268366667,1,0.0,0.010271041369472182,0.06787330316742081,0.024251069900142655,0.9321266968325792,0.9626248216833095,0.0,0.0028530670470756064,29.828054298642535,36.39115549215406,33.61100769042969,3.1695150160455543,1.800574354278631,10.146990333270464,71.02159585433252,8.374494265533048
41.9289666667,-70.0262666667,0,0.0,0.04336661911554922,0.0,0.12838801711840228,0.09049773755656108,0.41340941512125534,0.8687782805429864,0.34750356633380886,7.927601809954751,13.601426533523538,-1.0214940309524536,0.3075818894872694,0.8340390335241892,4.428203205082174,0.0,310.0636205568204
42.0510331452,-71.0834580661,0,0.03167420814479638,0.1181169757489301,0.0,0.11269614835948645,0.9547511312217195,0.7164051355206847,0.0,0.028530670470756064,41.32579185520362,27.66105563480742,36.04412078857422,0.3279493319611245,0.37217317511833414,2.0223969522443133,343.1658745974638,80.1903305097248
42.460690807,-71.3607626036,0,0.0,0.056490727532097,0.4298642533936652,0.2296718972895863,0.5294117647058824,0.6878744650499287,0.03167420814479638,0.01768901569186876,8.384615384615385,17.912696148359487,35.55332565307617,1.1939584206213238,0.8995992307693343,4.255764756685911,18.83639951339119,0.5655956363007296
41.726105,-70.006325,0,0.004524886877828055,0.04992867332382311,0.0,0.017403708987161197,0.995475113122172,0.9263908701854494,0.0,0.005991440798858773,19.683257918552037,14.975178316690442,25.488658905029297,0.7719252539850332,1.0458883775620358,6.309427313958974,444.69543821441636,9.363433519036985
41.8355527778,-70.8890138889,1,0.3438914027149321,0.3991440798858773,0.07692307692307693,0.1115549215406562,0.013574660633484163,0.044793152639087015,0.5520361990950227,0.42082738944365194,0.23076923076923078,0.7868758915834522,17.116222381591797,0.5852121582470003,0.7431777447320763,6.2818824301899285,13.884285442625709,61.42395977217189
41.8578273241,-71.0822239886,0,0.2669683257918552,0.263623395149786,0.4479638009049774,0.3346647646219686,0.248868778280543,0.2456490727532097,0.02262443438914027,0.016833095577746076,7.619909502262443,5.180028530670471,14.226216316223145,0.45158449484169416,0.7783636533829403,4.803187186626711,78.50820309039145,92.45569592238245
42.4928162701,-71.3681813635,1,0.3212669683257919,0.4088445078459344,0.4343891402714932,0.294151212553495,0.03167420814479638,0.1783166904422254,0.20361990950226244,0.03109843081312411,0.6470588235294118,3.570898716119829,55.67564392089844,1.0105529169766085,1.318355008891807,9.568603317469096,19.083573848437535,152.0543699470788
41.6910944626,-69.9584453114,0,0.0,0.0,0.0,0.042796005706134094,1.0,0.8333808844507846,0.0,0.08730385164051355,29.828054298642535,29.40342368045649,18.75840187072754,0.5054626733265423,1.1793309727324557,6.035115018430144,205.40659180869588,5.823949452458849
42.3710031868,-70.9825860779,0,0.0,0.0002853067047075606,0.14479638009049775,0.04992867332382311,0.6923076923076923,0.5503566333808845,0.16289592760180996,0.39600570613409414,38.92307692307692,30.122967189728957,1.834891438484192,1.1268722517180434,0.7266867065119704,3.978417141092996,0.0,88.04883786619318
42.1426145548,-71.3739996758,0,0.2669683257918552,0.2990014265335235,0.08144796380090498,0.16947218259629102,0.48868778280542985,0.4442225392296719,0.0,0.0,9.828054298642535,9.372610556348075,56.05086898803711,1.0040451684524063,1.029419165508505,7.418103626727267,210.75997620455047,122.20935396472818
42.2160779578,-71.1760616675,0,0.004524886877828055,0.017118402282453638,0.09502262443438914,0.026248216833095576,0.9004524886877828,0.9566333808844508,0.0,0.0,27.67420814479638,39.40599144079886,32.71345520019531,2.261993910006593,1.3611753409739875,11.445497005361105,355.223721299475,6.995794447508219
42.0886249885,-70.797495693,1,0.38009049773755654,0.3880171184022825,0.6018099547511312,0.3398002853067047,0.0,0.2362339514978602,0.0,0.0,0.0,6.598573466476462,3.47114896774292,0.5265152744051861,0.863365354319962,4.33318862234401,1.7666616850007577,406.9988019012078
42.2948869579,-71.9753802915,0,0.8506787330316742,0.6522111269614836,0.02262443438914027,0.06191155492154066,0.00904977375565611,0.13894436519258202,0.11312217194570136,0.061626248216833095,0.09954751131221719,1.9514978601997146,281.3367614746094,4.630853973858809,2.8514947675881412,16.809916336488197,146.98721866276875,233.56939564638458
42.26683,-72.227125,0,0.5610859728506787,0.498716119828816,0.07239819004524888,0.07446504992867332,0.0,0.35406562054208274,0.2579185520361991,0.0522111269614836,0.0,10.970898716119828,143.1215057373047,2.058321196625678,4.297393353744131,26.575677394048547,19.012007539505255,31.025192574490724
42.5747305939,-71.4302443536,0,0.09049773755656108,0.31383737517831667,0.19457013574660634,0.2136947218259629,0.7149321266968326,0.45249643366619113,0.0,0.0002853067047075606,11.013574660633484,11.375748930099858,85.24285888671875,3.337053657079647,2.0517167623551478,15.162089443667456,121.13971306225102,36.71009551526753
42.2029507222,-72.4486709167,0,0.8914027149321267,0.7646219686162625,0.1085972850678733,0.11412268188302425,0.0,0.046790299572039944,0.0,0.0,0.0,1.2345221112696148,127.12378692626953,2.2890104823225927,2.521565008950852,19.04329449489789,2.5242851966984157,36.65927920235352
42.4257426057,-71.1778344401,0,0.0,0.003994293865905849,0.0,0.0011412268188302425,1.0,0.9777460770328102,0.0,0.017118402282453638,53.12217194570136,40.883880171184025,42.76057434082031,2.9286733361616686,3.3638621972424483,18.66189420525451,56.550455390702744,8.803145297260723
42.0133184972,-71.1597233844,0,0.19457013574660634,0.24907275320970043,0.13574660633484162,0.3064194008559201,0.669683257918552,0.4042796005706134,0.0,0.0025677603423680455,17.031674208144796,9.02339514978602,31.769603729248047,0.6478844915079933,0.8225293866006016,4.472065382293436,12.897993013001889,45.81102929162089
42.0285259761,-70.6853203308,0,0.14027149321266968,0.17118402282453637,0.01809954751131222,0.04650499286733238,0.8416289592760181,0.7783166904422254,0.0,0.0025677603423680455,7.266968325791855,11.147503566333809,8.85869312286377,0.5656856245979891,0.8537818214603755,6.013065924707956,111.14708082407516,9.79014897972971
42.3944911547,-71.2305231807,0,0.3257918552036199,0.2102710413694722,0.049773755656108594,0.02653352353780314,0.6244343891402715,0.7629101283880171,0.0,0.0,28.669683257918553,26.763195435092726,57.3355598449707,2.4330327344772953,2.8146242857656607,17.363777028270533,276.2733932654099,0.8139677310441489
41.7051530554,-70.1941502094,1,0.07239819004524888,0.2216833095577746,0.3212669683257919,0.0804564907275321,0.5429864253393665,0.4938659058487874,0.06334841628959276,0.19457917261055635,8.53393665158371,9.578601997146933,2.734424591064453,0.7664384955665114,1.3346994542722528,6.678343424591352,7.5948246771886865,0.22118727093113333
42.4545116667,-71.3913033333,0,0.09954751131221719,0.037660485021398,0.17194570135746606,0.11355206847360913,0.7285067873303167,0.8368045649072753,0.0,0.0019971469329529245,25.126696832579185,26.86305278174037,38.76686477661133,1.19694186372437,1.030437782218608,4.6514496471256805,2.367608639524054,78.58869134962241
41.6544155144,-70.5721110432,1,0.5203619909502263,0.18459343794579172,0.10407239819004525,0.006562054208273894,0.3438914027149321,0.7988587731811697,0.02262443438914027,0.008273894436519259,10.235294117647058,25.128958630527816,22.109256744384766,1.440626971876598,1.0617095541592794,4.637555971239574,0.0,72.5729173439472
42.6883281594,-71.0034158196,0,0.42081447963800905,0.4282453637660485,0.11764705882352941,0.21340941512125536,0.4434389140271493,0.2875891583452211,0.0,0.06390870185449359,5.095022624434389,3.514407988587732,45.44796371459961,1.4841750421224162,1.0888045652477591,5.425381583757579,256.3028708770437,88.70489321175897
42.2678339362,-71.8503371204,0,0.16289592760180996,0.24507845934379457,0.04524886877828054,0.0282453637660485,0.6018099547511312,0.6878744650499287,0.18552036199095023,0.037089871611982884,14.714932126696832,21.974607703281027,166.87557983398438,1.3260836475856337,4.01123931978788,23.322122040005937,93.5957924951266,5.300297282170639
42.04275,-71.9478083333,0,0.5248868778280543,0.49358059914407987,0.09502262443438914,0.1035663338088445,0.2579185520361991,0.10641940085592011,0.004524886877828055,0.0005706134094151213,2.9547511312217196,1.308416547788873,185.06935119628906,5.697590959153181,4.235827751382241,25.777137789424817,199.4332160394654,63.525448385988135
42.21029303,-73.3807248448,0,0.29411764705882354,0.5081312410841655,0.28054298642533937,0.12382310984308131,0.3936651583710407,0.1754636233951498,0.0,0.0025677603423680455,13.248868778280542,4.825392296718973,234.1383056640625,2.909381536588846,2.947642803548546,23.351900881748307,0.0,36.636770771849015
42.5949638889,-71.5580305556,0,0.37104072398190047,0.39828815977175464,0.1085972850678733,0.15805991440798858,0.49321266968325794,0.24621968616262482,0.0,0.0019971469329529245,8.877828054298643,3.805991440798859,109.04141998291016,4.555170437740074,3.36839730470326,12.663279954161371,203.62547594073982,20.66961026527251
42.4807522341,-71.5361160671,0,0.3891402714932127,0.38373751783166904,0.579185520361991,0.2935805991440799,0.03167420814479638,0.2995720399429387,0.0,0.0,0.18099547511312217,8.439372325249643,89.58013153076172,0.22121738254510082,1.5833838154455422,7.001933803292712,146.25261866608074,216.7117421359447
42.2133756721,-72.1146512338,0,0.02262443438914027,0.16718972895863052,0.9230769230769231,0.5877318116975749,0.05429864253393665,0.14065620542082738,0.0,0.026818830242510697,1.0407239819004526,3.4639087018544936,182.9984588623047,0.34900203106241295,1.5955521341378662,7.876861185530271,0.0,294.04410255538767
42.6548835826,-71.2814479337,0,0.0,0.07503566333808845,0.0,0.00456490727532097,0.669683257918552,0.8194008559201141,0.33031674208144796,0.09329529243937233,15.877828054298643,24.628815977175464,26.542898178100586,2.60917615322511,2.756544540797326,16.12147581984511,40.41956321067656,0.038889354812028064
42.5777735554,-70.9925901875,0,0.049773755656108594,0.10898716119828816,0.36199095022624433,0.22624821683309557,0.583710407239819,0.62339514978602,0.0,0.003994293865905849,24.660633484162897,21.776890156918686,15.180201530456543,1.797457615307665,1.552128174947759,10.008698950475134,34.25008819261933,73.65383834005478
42.2292760341,-71.9086694252,0,0.22171945701357465,0.49900142653352353,0.0,0.1797432239657632,0.7782805429864253,0.28473609129814553,0.0,0.0,7.14027149321267,5.132667617689016,278.843994140625,2.4923821054979904,2.3995932894987937,13.832030392451626,50.90373378442829,15.747344970108303
41.9829425449,-71.2447033358,0,0.22171945701357465,0.27303851640513555,0.14027149321266968,0.24907275320970043,0.502262443438914,0.3962910128388017,0.0,0.002282453637660485,13.475113122171946,7.579172610556348,38.175289154052734,0.48073563202449837,0.7308559225857203,3.425082192292963,56.5296773164395,17.449131085705474
42.4430758,-71.9618071997,0,0.4841628959276018,0.5977175463623395,0.5067873303167421,0.2815977175463623,0.0,0.08930099857346648,0.00904977375565611,0.005135520684736091,0.0,1.63623395149786,269.86468505859375,5.252204762058911,2.723742030117726,17.085020484263232,4.958780716083524,490.26649470553593
42.2404866667,-71.0057916667,0,0.0,0.010556348074179744,0.0,0.0011412268188302425,1.0,0.9883024251069901,0.0,0.0,74.55656108597285,59.47246790299572,10.735743522644043,0.4193323627934997,1.7698710286664034,11.618910314578953,654.9031725789816,2.5959924916456423
41.6737270242,-70.0617021555,1,0.0,0.005420827389443652,0.11764705882352941,0.13238231098430814,0.8597285067873304,0.828530670470756,0.004524886877828055,0.025106990014265335,12.927601809954751,21.374607703281026,1.5672427415847778,0.37527493925125843,0.5508840930037271,2.3236955130708115,0.0,186.80206334489853
42.3891666667,-72.5277777778,0,0.0,0.05563480741797432,0.0,0.016262482168330955,1.0,0.9135520684736091,0.0,0.0,58.9683257918552,40.231954350927246,70.21465301513672,1.8101359779507833,2.172184530329064,20.596351535745764,72.20190618859439,169.38302641157154
42.1083001273,-71.3214162379,1,0.10407239819004525,0.38830242510699003,0.6334841628959276,0.3007132667617689,0.0,0.2724679029957204,0.24434389140271492,0.019115549215406563,0.0,4.546647646219686,52.94969940185547,0.36538461911660797,1.2508955954877259,6.166628909400754,0.0,363.4900826289537
42.264021582,-72.4754917567,0,0.004524886877828055,0.3115549215406562,0.3438914027149321,0.2499286733238231,0.23529411764705882,0.13865905848787446,0.004524886877828055,0.013124108416547788,5.633484162895928,3.527246790299572,83.8864517211914,0.19164819576798167,0.5665604735225481,4.282714198786391,97.84145002027404,79.56312895077514
42.5953588781,-71.4664614341,1,0.18099547511312217,0.3477888730385164,0.049773755656108594,0.13437945791726105,0.6787330316742082,0.42339514978602,0.08144796380090498,0.007988587731811698,23.018099547511312,11.75320970042796,57.39883041381836,1.8263965407545806,2.1156813733231323,14.78968073670699,0.0,43.924722706210275
42.2798376855,-71.4588234037,0,0.09502262443438914,0.35235378031383735,0.049773755656108594,0.09757489300998573,0.8552036199095022,0.5255349500713267,0.0,0.023395149786019972,17.4841628959276,9.356633380884452,78.1439437866211,2.1587549017071357,2.36981763444596,16.35007263642957,131.82381380887335,19.464748475300762
41.7459854805,-70.14285291,0,0.01809954751131222,0.10984308131241084,0.6018099547511312,0.2547788873038516,0.3755656108597285,0.6236804564907276,0.004524886877828055,0.007132667617689016,6.3076923076923075,11.127817403708987,2.4617786407470703,1.1260946196195125,1.321659254531855,7.723540914570813,28.24529229168007,2.270382781722331
42.5711366667,-70.8958883333,0,0.0,0.02225392296718973,0.0,0.04165477888730385,1.0,0.931811697574893,0.0,0.0042796005706134095,38.79185520361991,36.32154065620542,13.835826873779297,0.3773959929813927,0.9091380792518327,6.875982219493893,321.2489659647944,23.57872627973565
42.41657,-71.5605083333,1,0.6470588235294118,0.6142653352353781,0.13574660633484162,0.08302425106990015,0.2081447963800905,0.2396576319543509,0.004524886877828055,0.0005706134094151213,1.1990950226244343,4.388017118402282,93.23623657226562,2.7755829546903676,3.1780389912621407,16.418932970785796,11.73650701660913,170.41769447229768
42.3878383333,-72.5215533333,0,0.00904977375565611,0.10385164051355207,0.0,0.026818830242510697,0.9909502262443439,0.8607703281027104,0.0,0.0,44.83257918552036,33.835948644793156,84.76811981201172,4.380787460835729,2.353551080751074,18.36433915029309,389.8451443537663,41.44007221856309
41.595425,-70.5696666667,1,0.248868778280543,0.11497860199714693,0.11764705882352941,0.11697574893009986,0.33031674208144796,0.6807417974322396,0.2398190045248869,0.07560627674750357,5.393665158371041,13.707275320970043,7.72759485244751,1.1701915663168125,0.8501670823716686,3.450810195388961,28.540788073543165,94.69185441633434
42.0752221667,-72.56717,0,0.43891402714932126,0.3962910128388017,0.03167420814479638,0.07417974322396577,0.27149321266968324,0.4955777460770328,0.23076923076923078,0.029671897289586305,3.5610859728506785,10.370328102710413,37.66114807128906,1.3529034253200685,1.6183345558954396,7.928041371048474,97.55117906007584,13.371495587550838
42.0550313069,-71.918706895,0,0.31221719457013575,0.3049928673323823,0.0,0.08159771754636234,0.6244343891402715,0.49957203994293864,0.0,0.0005706134094151213,20.384615384615383,10.19315263908702,195.19058227539062,1.78411690735058,2.1089211193532336,10.044480030927396,237.44362782731685,32.56694790627512
42.0878465751,-73.1374669242,0,0.9230769230769231,0.7708987161198289,0.0,0.08758915834522112,0.07239819004524888,0.07874465049928674,0.0,0.0048502139800285305,0.19004524886877827,0.5186875891583452,497.5693054199219,4.098832132818605,3.5233390262612123,15.02445932440968,421.08772707129117,8.97323931842371
41.942445,-70.0166027833,0,0.23076923076923078,0.4222539229671897,0.0,0.04536376604850214,0.7420814479638009,0.4781740370898716,0.0,0.0456490727532097,10.737556561085972,10.045649072753209,22.40559196472168,1.472355019693512,1.5765543335029684,6.237645940660479,487.1023322490486,23.135685684638954
41.4545864551,-70.5948890542,0,0.0,0.0008559201141226819,0.00904977375565611,0.020827389443651926,0.26244343891402716,0.3420827389443652,0.6877828054298643,0.6017118402282453,21.69683257918552,13.214265335235378,0.42112997174263,0.14746481502718614,0.8453564229100843,6.0563440423498225,29.624024377773747,13.379655820163206
42.2309437634,-73.3670955642,0,0.09954751131221719,0.4758915834522111,0.05429864253393665,0.12810271041369473,0.42081447963800905,0.17375178316690443,0.0,0.0019971469329529245,8.167420814479637,3.4313837375178315,226.5942840576172,0.8353558784664759,2.6180815266461512,18.023866154803116,366.4126314606476,28.15067311785795
42.3304007758,-71.5481747417,0,0.27149321266968324,0.30613409415121257,0.0,0.1398002853067047,0.7285067873303167,0.5423680456490727,0.0,0.0,16.266968325791854,18.939514978602,105.14252471923828,3.9444596286393057,2.37389711152853,17.80590911821199,258.27205270230905,33.23726167920275
42.08185283,-71.15042217,0,0.8687782805429864,0.7563480741797433,0.0,0.1383737517831669,0.13122171945701358,0.07760342368045649,0.0,0.019686162624821684,1.1085972850678734,0.7860199714693296,108.43578338623047,2.0298641647818014,1.731714571901564,12.142571507201842,454.7406939251483,14.62436486656386
42.5740133333,-71.43577,0,0.35294117647058826,0.41797432239657634,0.058823529411764705,0.18601997146932953,0.5429864253393665,0.36319543509272467,0.0,0.0,9.665158371040723,7.834807417974322,116.2995376586914,3.3076175854654455,2.100441619827323,15.865707334884695,251.26565564682053,53.21803713104323
41.9479216667,-70.7942283333,0,0.4841628959276018,0.36918687589158344,0.27149321266968324,0.2815977175463623,0.24434389140271492,0.1609129814550642,0.0,0.011697574893009986,3.1221719457013575,2.825392296718973,29.162277221679688,0.6449638836275807,0.6423090791366445,4.148454143536527,57.289608334203486,105.38180422069428
42.2174538,-70.7898681,1,0.38009049773755654,0.3791726105563481,0.22171945701357465,0.18716119828815977,0.39819004524886875,0.42624821683309555,0.0,0.005135520684736091,4.719457013574661,8.992296718972895,8.052364349365234,1.2300267499239717,1.299828628171837,8.555862418048193,125.29478597483241,0.07933727084777124
42.2686047209,-72.2238584259,0,0.5882352941176471,0.5777460770328102,0.09502262443438914,0.10984308131241084,0.12669683257918551,0.22368045649072754,0.13122171945701358,0.04964336661911555,3.9592760180995477,5.52867332382311,148.18295288085938,2.555503188008647,4.545293715361056,25.831959372141018,43.58752507646273,160.20814319579
42.2970910378,-71.8837047837,0,0.7149321266968326,0.8402282453637661,0.0,0.04736091298145506,0.23076923076923078,0.10756062767475036,0.0,0.0,4.1900452488687785,1.4522111269614837,345.5293273925781,3.828433717299065,4.856036834604246,26.19229851045335,177.45036337422547,85.83804154004433
42.4773192058,-71.0628482226,0,0.0,0.030813124108416547,0.0,0.00884450784593438,1.0,0.9569186875891583,0.0,0.0034236804564907277,40.48868778280543,27.523537803138375,29.19183921813965,1.208112815272849,1.7897054018979555,7.174070608819794,384.5514507065817,20.617694042409827
42.1503230555,-73.4237260134,0,0.3438914027149321,0.5049928673323824,0.04524886877828054,0.18801711840228244,0.35294117647058826,0.13209700427960058,0.0,0.0034236804564907277,4.262443438914027,1.776034236804565,258.5177307128906,2.166721585706923,3.0510364876871754,13.005755598742432,181.2489670732107,3.7558279378846064
42.0396115002,-71.063601294,1,0.06334841628959276,0.11840228245363767,0.4434389140271493,0.19115549215406563,0.3212669683257919,0.6370898716119828,0.0,0.0,7.51131221719457,23.60485021398003,24.89934539794922,0.6374484696899776,0.719312135709107,3.5079591546383924,33.745017020702555,40.45489368810185
41.6869993,-71.164128,0,0.0,0.0,0.0,0.0008559201141226819,1.0,0.9751783166904422,0.0,0.023965763195435093,74.15384615384616,69.48530670470755,58.495487213134766,1.145617408460677,1.6021845463957027,7.959549883484237,589.9410274624438,18.61988162791163
41.3583333333,-70.6372,1,0.7013574660633484,0.40627674750356635,0.09954751131221719,0.04736091298145506,0.0,0.017974322396576318,0.11312217194570136,0.31726105563480744,0.0,0.19400855920114124,4.209430694580078,0.35380812369749853,0.338020778273695,1.8628135021018895,27.61573440094953,148.8595395550416
41.8021986322,-70.5720780516,0,0.6153846153846154,0.3840228245363766,0.0,0.005420827389443652,0.38461538461538464,0.294151212553495,0.0,0.3072753209700428,8.040723981900452,5.808844507845935,25.053447723388672,1.0690370808343945,1.278372075782287,7.4505338196822395,191.5938271821021,67.31810018533471
42.4268138889,-71.1833722222,0,0.06334841628959276,0.007703281027104137,0.0,0.013694721825962911,0.9366515837104072,0.9495007132667618,0.0,0.028815977175463622,40.38461538461539,38.54550641940086,53.302040100097656,3.1334191197638,2.817819075480477,15.231573119996687,237.38820175085226,1.7840006817259848
42.4994666667,-72.4183166667,0,0.4660633484162896,0.7671897289586306,0.39819004524886875,0.12068473609129815,0.0,0.030813124108416547,0.13122171945701358,0.07817403708987161,0.0,0.34807417974322397,273.5344543457031,2.046714932851511,3.7129904602197823,18.337555390976775,52.220276729294774,327.6578567976724
42.7017091401,-71.1072902475,0,0.08597285067873303,0.3572039942938659,0.027149321266968326,0.030242510699001426,0.5656108597285068,0.2944365192582026,0.0,0.23737517831669044,18.65158371040724,9.58716119828816,53.181392669677734,2.6553865739608447,2.872677920633252,14.912399708159745,197.05716256737335,0.39416007755948435
42.4451617739,-70.9889812553,0,0.0,0.0,0.167420814479638,0.30756062767475034,0.8009049773755657,0.4992867332382311,0.0,0.03680456490727532,36.52036199095023,24.73808844507846,2.32211971282959,0.15710454573859461,0.9569941572137747,5.03028509529929,45.34612939517721,17.269293597963532
42.4823633333,-70.9288166667,0,0.013574660633484163,0.14893009985734665,0.004524886877828055,0.043081312410841656,0.9819004524886877,0.7286733238231099,0.0,0.005135520684736091,31.34389140271493,33.67246790299572,27.540668487548828,1.5664665356086134,2.0605174618590145,11.814912199049658,172.81159126408158,12.950881282025302
42.5184633333,-72.2684466667,1,0.11312217194570136,0.5252496433666192,0.2850678733031674,0.2513552068473609,0.14479638009049775,0.07845934379457917,0.45248868778280543,0.09728958630527818,2.339366515837104,1.3614835948644792,164.8960723876953,1.0880551212670302,1.277482104971145,8.593905109373852,19.219355343588653,0.36216530466763464
42.4171236138,-72.5238923285,0,0.20361990950226244,0.27931526390870187,0.04072398190045249,0.08359486447931526,0.669683257918552,0.40342368045649074,0.0,0.010841654778887305,16.65610859728507,9.413124108416548,60.719722747802734,0.8544676955119624,1.8882312881106704,13.93355958096616,190.43138064990447,29.029440147575993
42.6385633333,-71.00293055,1,0.583710407239819,0.7797432239657632,0.38461538461538464,0.17032810271041368,0.0,0.043937232524964336,0.03167420814479638,0.005991440798858773,0.0,0.5680456490727532,36.069705963134766,1.671029422928298,1.816491344060057,6.655799434326021,67.0785500639652,264.9113623529121
42.29830974,-71.79336041,0,0.11764705882352941,0.021968616262482168,0.08597285067873303,0.010271041369472182,0.7963800904977375,0.9617689015691869,0.0,0.005991440798858773,22.88235294117647,46.16291012838802,188.6632080078125,4.350452649744217,2.7127048695681797,18.447273959778425,846.7572425960556,6.998434362806031
42.4647356797,-71.6074985412,0,0.5339366515837104,0.6185449358059915,0.29411764705882354,0.1166904422253923,0.0,0.18544935805991442,0.04524886877828054,0.0028530670470756064,0.0,2.3677603423680456,122.39644622802734,2.485494856777938,2.939179532554676,18.34513854487191,0.0,343.0252862618247
42.2151554599,-70.7374177307,0,0.0,0.012838801711840228,0.02262443438914027,0.037945791726105564,0.7375565610859729,0.5024251069900143,0.2398190045248869,0.4442225392296719,34.98642533936651,18.437089871611985,2.9255967140197754,1.466633047794489,0.789523981104577,7.332051296446035,65.06186941358077,8.293224741641689
42.3471255835,-71.1134180402,0,0.0,0.0,0.0,0.002282453637660485,1.0,0.948644793152639,0.0,0.04907275320970043,29.846153846153847,59.663623395149784,5.536591053009033,0.6994562852357666,0.6687221147086583,4.611626677558745,132.24867503321488,24.38582059546519
42.2550463238,-71.334690105,1,0.5656108597285068,0.42853067047075605,0.3393665158371041,0.1840228245363766,0.0,0.32439372325249644,0.0,0.0068473609129814554,0.0,5.603708987161198,44.28522872924805,0.6503160687672591,1.3168383547449518,5.093680922158284,1.4078585637396903,289.82669289264635
42.3497154532,-72.4950778443,1,0.21266968325791855,0.12838801711840228,0.4660633484162896,0.34407988587731814,0.00904977375565611,0.22339514978601996,0.0,0.0011412268188302425,0.07239819004524888,4.20941512125535,52.18742752075195,0.34678755075703427,1.429364914146767,8.855310980516277,22.09872978639905,306.8313597882047
42.2034181477,-71.4140258075,0,0.3076923076923077,0.21512125534950072,0.00904977375565611,0.15263908701854492,0.6832579185520362,0.607132667617689,0.0,0.011697574893009986,11.493212669683258,18.249928673323822,59.3020133972168,1.710662341677872,1.057079675212343,7.349241607587643,173.41810040689342,51.121414915987955
42.4707946777,-72.4120788574,0,0.7873303167420814,0.8601997146932953,0.0,0.06533523537803139,0.19909502262443438,0.046790299572039944,0.0,0.0,2.2986425339366514,0.37203994293865905,365.4485778808594,2.2336396221488997,3.8224147932786203,26.020823555814232,306.2500387288749,51.104307880836195
42.1256833333,-71.213355,0,0.6289592760180995,0.7455064194008559,0.0,0.12610556348074178,0.03167420814479638,0.06619115549215407,0.0,0.0,0.5067873303167421,1.2639087018544937,138.21139526367188,3.4052539906821937,3.052505907825867,15.963823356144363,539.447008469497,204.70710238076336
42.487709755,-71.2896678854,0,0.00904977375565611,0.03566333808844508,0.22171945701357465,0.3703281027104137,0.7692307692307693,0.5940085592011413,0.0,0.0,10.705882352941176,16.78145506419401,35.9642219543457,0.8696203611941214,0.8325544381323783,4.817314878022958,95.53518662843354,12.402946845885278
41.8764388889,-70.5368638889,0,0.027149321266968326,0.23566333808844508,0.0,0.010271041369472182,0.9728506787330317,0.44764621968616264,0.0,0.24764621968616263,25.361990950226243,10.621398002853066,13.17529296875,1.0083018101872916,1.1565755550573773,8.023146696932564,362.22525573081697,4.774794207701234
42.2640633333,-71.7670533333,0,0.17647058823529413,0.11868758915834522,0.02262443438914027,0.020542082738944364,0.8009049773755657,0.8604850213980029,0.0,0.0,29.14027149321267,37.28787446504993,166.33245849609375,3.5619465549275517,2.767458648579557,21.467342761396164,52.06111481614855,151.74281187715383
42.4056235184,-71.4630514383,1,0.7285067873303167,0.595435092724679,0.14479638009049775,0.3338088445078459,0.00904977375565611,0.029101283880171185,0.11764705882352941,0.03965763195435093,0.09502262443438914,0.41740370898716117,60.35394287109375,0.5439497498822731,0.8168341984742447,3.7761358987453364,140.57001224370498,476.0707286676286
42.0386285462,-70.7542618364,0,0.4751131221719457,0.42339514978602,0.0,0.17004279600570613,0.40271493212669685,0.3420827389443652,0.0,0.018544935805991442,5.850678733031674,6.036519258202568,35.22503662109375,0.5287524917009834,0.5675017819614256,4.055142070689461,253.8394369444322,50.54694148256092
42.4737966667,-72.333435,0,0.9502262443438914,0.9223965763195435,0.049773755656108594,0.037089871611982884,0.0,0.023395149786019972,0.0,0.0,0.0,0.17346647646219687,220.82318115234375,2.5380208697997593,4.631918738879279,24.77752945965214,18.497334725388992,34.39033409802947
42.3987448537,-72.5205760633,1,0.6108597285067874,0.16776034236804566,0.004524886877828055,0.03566333808844508,0.3076923076923077,0.6627674750356634,0.0,0.0,11.728506787330316,21.530670470756064,82.68275451660156,2.7434841924484195,2.2399995238229633,17.987473794597847,20.099146994207832,115.87230826508207
42.4891361111,-71.7673166667,0,0.4298642533936652,0.35520684736091296,0.23076923076923078,0.06875891583452211,0.013574660633484163,0.3589158345221113,0.0,0.0362339514978602,0.3076923076923077,9.255920114122683,153.3004150390625,2.7252478528860435,2.7522583020775033,22.724116927597578,251.9698233472456,312.88412484677076
42.3108333333,-71.3110716667,0,0.04072398190045249,0.05021398002853067,0.0,0.028530670470756064,0.9592760180995475,0.9186875891583453,0.0,0.0,15.199095022624434,20.598002853067047,45.5773811340332,0.8716193788579824,0.9985173320890376,5.598510300333694,2.8363345157240496,82.6882697875678
42.389695223,-71.1042134536,0,0.0,0.0,0.0,0.0,1.0,1.0,0.0,0.0,70.31674208144797,72.86504992867333,25.003602981567383,1.2400576337353106,1.7312432540674065,7.860976874549072,1234.4296261690067,0.1499925808640346
41.9971005638,-70.948937697,0,0.1085972850678733,0.2094151212553495,0.3891402714932127,0.16690442225392296,0.502262443438914,0.5840228245363766,0.0,0.0,10.846153846153847,14.732382310984308,12.640291213989258,0.7148065472358826,0.9926819197461241,3.9527032858400597,84.20028482781126,20.29908839404991
41.9159888889,-70.0673222222,0,0.7963800904977375,0.23880171184022825,0.0,0.11041369472182597,0.0,0.0002853067047075606,0.0,0.4647646219686163,0.0,0.0068473609129814554,11.800139427185059,1.001783323642738,1.0929968847828824,5.736298680554047,301.4457776345808,1340.5955012275638
42.4992216667,-72.2378433333,0,0.7873303167420814,0.7934379457917261,0.0,0.1557774607703281,0.02262443438914027,0.02368045649072753,0.1583710407239819,0.012553495007132667,0.23076923076923078,0.2884450784593438,218.9064483642578,2.9180173543354284,3.311675225404913,29.753069109776963,41.79134156287051,60.6071718830808
42.2479368953,-71.1301164329,0,0.0,0.02710413694721826,0.0,0.007132667617689016,1.0,0.9603423680456491,0.0,0.005420827389443652,69.63348416289593,52.34179743223966,15.728645324707031,0.4456019283181012,1.209481467125985,5.828044650976668,3.1374943573191643,57.731504737238225
41.9421770681,-71.3001384666,0,0.03619909502262444,0.05335235378031384,0.058823529411764705,0.024536376604850214,0.9049773755656109,0.9152639087018545,0.0,0.0068473609129814554,10.14027149321267,29.91469329529244,42.95212173461914,0.4181636115249977,0.558147870702495,3.512491732915303,9.607649152043788,207.4745680458638
42.30330333,-70.90992833,0,0.0,0.0,0.0,0.006276747503566334,1.0,0.27560627674750354,0.0,0.7055634807417974,35.0316742081448,12.155777460770327,12.037835121154785,2.054180181797564,1.08246755975721,6.160040689205476,197.37347474485156,21.197797811154867
42.35695,-71.1039194444,0,0.0,0.0,0.0,0.0,1.0,0.8445078459343794,0.0,0.15549215406562053,78.76923076923077,61.18202567760343,2.969433069229126,0.13734260884853092,0.2811374863515595,1.2168991648301433,355.0043995798957,8.712097579792086
42.3525596823,-71.0875111114,0,0.0,0.0,0.0,0.0028530670470756064,0.5972850678733032,0.6958630527817403,0.40271493212669685,0.301283880171184,41.678733031674206,50.85506419400856,1.231661081314087,0.3528152839740473,0.2735583084500815,1.5005765954878383,12.976321899782224,33.2320623656679
41.852725,-70.84195,0,0.9230769230769231,0.6131241084165477,0.0,0.26276747503566333,0.013574660633484163,0.10670470756062768,0.0,0.0,0.09502262443438914,2.958630527817404,36.491207122802734,0.7645324384453069,0.6313876856731279,2.775454839547725,252.27436072727184,3.256627920423806
42.0130427136,-71.2285122649,0,0.09954751131221719,0.11611982881597717,0.08144796380090498,0.18630527817403708,0.7963800904977375,0.68188302425107,0.02262443438914027,0.012268188302425107,50.39819004524887,30.45021398002853,45.287078857421875,0.44082472589150534,0.4857775161206487,3.5587790508089254,3.4378339731216987,262.2739412074355
42.1006359099,-72.0458150796,0,0.8778280542986425,0.6442225392296719,0.12217194570135746,0.13295292439372325,0.0,0.17061340941512126,0.0,0.0002853067047075606,0.0,3.8276747503566333,173.4544677734375,4.649125567807505,3.0789781830984757,16.289464359394362,23.094571925766516,44.31186525054664
42.6889388889,-71.1081166667,0,0.1085972850678733,0.24022824536376605,0.03167420814479638,0.043081312410841656,0.5339366515837104,0.559771754636234,0.22171945701357465,0.08701854493580599,10.850678733031675,10.962339514978602,38.3011589050293,2.463104908609895,2.6134026095963065,11.726701424589894,71.11518759955699,31.25449847445459
41.8514661054,-70.6743849166,1,0.9547511312217195,0.814265335235378,0.03167420814479638,0.015691868758915834,0.0,0.09671897289586305,0.013574660633484163,0.05563480741797432,0.0,1.5263908701854494,34.93264389038086,0.805126576183554,1.0746251882620825,5.440357109332062,4.13578424050437,88.36553366873031
41.2555294683,-70.0844066632,0,0.7149321266968326,0.2239657631954351,0.0,0.009700427960057061,0.27149321266968324,0.7631954350927247,0.0,0.0,5.470588235294118,21.28901569186876,10.70127010345459,0.36631700668016454,0.29931457868784667,1.5350478458750567,245.43772660977163,37.24727490025596
42.3821166667,-71.7789277778,0,0.34841628959276016,0.3962910128388017,0.06334841628959276,0.014265335235378032,0.5746606334841629,0.3914407988587732,0.0,0.12268188302425106,10.194570135746606,9.573466476462198,149.2371368408203,2.22042958157413,2.7288720348392896,18.28585125801991,48.13752568452143,49.66297169132165
42.00522869,-71.1246633722,1,0.5565610859728507,0.5378031383737518,0.18099547511312217,0.22054208273894438,0.004524886877828055,0.13380884450784594,0.09954751131221719,0.0333808844507846,0.09954751131221719,2.302139800285307,24.776630401611328,0.3663822518728844,0.8039639200217362,4.800372070176117,0.0,331.45192871969647
42.8177167141,-70.9091711988,0,0.28054298642533937,0.13495007132667616,0.09502262443438914,0.11640513552068474,0.5882352941176471,0.7232524964336662,0.0,0.0,33.90950226244344,28.576890156918687,17.77512550354004,1.6155522442808044,0.9684107079111404,5.790784967481655,28.72984752388469,114.98302708765284
42.3536103115,-71.2433661568,0,0.0,0.048787446504992865,0.00904977375565611,0.029101283880171185,0.9909502262443439,0.8445078459343794,0.0,0.07646219686162625,31.687782805429865,34.93922967189729,17.15997314453125,0.49637145134366,0.7215718841624428,3.796627348025454,291.36389159060184,102.93749854653858
42.3363566667,-73.1355216667,0,0.7918552036199095,0.8439372325249643,0.2081447963800905,0.12924393723252497,0.0,0.0017118402282453639,0.0,0.0,0.0,0.013409415121255349,521.11376953125,2.4459930482169088,3.0198036045256815,19.47842717911434,328.85622356975097,1.989896200474761
41.9962166667,-71.1228416667,0,0.16289592760180996,0.362339514978602,0.18099547511312217,0.2818830242510699,0.6380090497737556,0.20256776034236804,0.0,0.0333808844507846,10.44343891402715,3.8125534950071325,26.374757766723633,0.69247120457075,0.4948340107588071,2.416534137970098,156.6941148205027,10.948121317414794
41.2689166667,-70.0376138333,0,0.5565610859728507,0.6653352353780314,0.0,0.002282453637660485,0.04524886877828054,0.05905848787446505,0.0,0.0,0.42081447963800905,1.2379457917261056,13.08641529083252,0.6324836284499223,0.5862972077473408,3.2141385317834175,357.84992986537134,11.545186206541315
42.183248,-71.363672,0,0.04524886877828054,0.21340941512125536,0.22171945701357465,0.23366619115549214,0.2171945701357466,0.4108416547788873,0.0,0.0,3.3665158371040724,8.366333808844509,43.437110900878906,0.973066050419876,1.0073564217857554,4.991153633122306,5.955399843896987,35.25948587153076
41.9734206745,-70.0217083097,0,0.9909502262443439,0.8410841654778888,0.0,0.033095577746077035,0.00904977375565611,0.06990014265335236,0.0,0.05049928673323823,0.13574660633484162,1.6716119828815976,22.355379104614258,1.5932391285460779,2.1712173073369208,9.212083952592147,304.92440908448333,22.78671364019505
42.0582128315,-71.5509192367,0,0.6199095022624435,0.7563480741797433,0.013574660633484163,0.10784593437945791,0.11764705882352941,0.10014265335235378,0.0,0.0,1.0135746606334841,1.7814550641940086,132.99107360839844,4.0855907312875495,2.3442213945626387,13.943929334942013,282.2651941913407,181.4079479165341
42.1290591576,-71.2186371687,0,0.9457013574660633,0.6359486447931526,0.004524886877828055,0.06619115549215407,0.0,0.24393723252496433,0.0,0.0,0.0,6.598573466476462,117.47127532958984,3.15661304126382,3.0570028561537534,19.92614419710315,591.1166870187657,330.9313731516079
42.34926,-71.1588279722,0,0.0,0.0,0.0,0.0,1.0,0.9885877318116976,0.0,0.011412268188302425,58.800904977375566,58.55891583452211,21.95355987548828,1.865180012739795,2.2339984518945837,11.17433082172548,517.7533739737314,9.006119465920916
42.5019116667,-72.3495783333,0,0.8144796380090498,0.8850213980028531,0.04072398190045249,0.02282453637660485,0.01809954751131222,0.04507845934379458,0.0,0.0,0.08597285067873303,0.28302425106990015,309.978271484375,4.292349555233565,4.265319667839876,27.506379437927944,26.90404149334817,2.6560774480486784
42.2305800224,-72.088146514,0,0.755656108597285,0.6194008559201141,0.03619909502262444,0.09814550641940085,0.0,0.044793152639087015,0.0,0.0025677603423680455,0.0,0.31726105563480744,270.1535949707031,3.662677525095048,3.9099746333926175,20.63424950225729,130.83093860790615,228.27895979871522
42.43751129,-71.4994722908,1,0.19004524886877827,0.3135520684736091,0.248868778280543,0.22368045649072754,0.43891402714932126,0.3646219686162625,0.08144796380090498,0.006562054208273894,9.470588235294118,8.995435092724678,61.365299224853516,0.9963014893160977,1.0998075599644517,5.679486153353074,0.0,186.33950009659256
41.9606583333,-71.25322,0,0.6515837104072398,0.31726105563480744,0.22624434389140272,0.3312410841654779,0.02262443438914027,0.32268188302425105,0.0,0.0,0.25339366515837103,7.556348074179743,38.1619758605957,0.5060818758406009,0.38681138792421865,2.001116542123823,377.72950689924266,270.1714010736182
42.3310203552,-72.5747375488,0,0.1085972850678733,0.11526390870185449,0.049773755656108594,0.14065620542082738,0.46153846153846156,0.2776034236804565,0.0,0.003138373751783167,9.868778280542987,6.685021398002853,49.2219123840332,1.6532242964186583,1.0434877906211237,7.09965111998396,252.561968954912,12.482702615101545
42.511395,-72.4478133333,0,0.9683257918552036,0.9144079885877318,0.0,0.027389443651925822,0.0,0.015977175463623396,0.0,0.0,0.0,0.23880171184022825,258.5101013183594,4.326741209167071,3.2508582383027393,23.73191316719998,77.69491854935848,51.32179360472302
42.3121482304,-71.3726814355,0,0.05429864253393665,0.07845934379457917,0.01809954751131222,0.019400855920114122,0.4841628959276018,0.6165477888730385,0.4434389140271493,0.28074179743223965,21.547511312217196,22.91925820256776,43.289955139160156,0.309091279829129,0.8512541105054853,3.867958587175011,39.10212161574219,7.757008876640004
42.0758919837,-71.1936374289,0,0.6470588235294118,0.574037089871612,0.22624434389140272,0.20599144079885878,0.08597285067873303,0.18887303851640513,0.04072398190045249,0.0025677603423680455,2.081447963800905,3.940085592011412,73.63581848144531,1.8269472496380064,1.5311977298898114,8.022302178590241,114.68230021242695,217.68967451497576
42.45202,-72.6830533333,0,0.8823529411764706,0.8199714693295292,0.00904977375565611,0.024251069900142655,0.1085972850678733,0.03937232524964337,0.0,0.07960057061340942,1.3257918552036199,0.4527817403708987,242.8555908203125,5.337885945635977,4.7915366683278515,19.5872329662731,209.4335068834203,180.14261935353923
42.1958805556,-72.6513055556,0,0.2171945701357466,0.47902995720399427,0.0,0.0659058487874465,0.7828054298642534,0.4550641940085592,0.0,0.0,34.294117647058826,15.698430813124109,123.28137969970703,2.3827384755863026,3.3786871723324663,23.368303478601874,50.27740965552342,51.99955095456606
42.34165168,-73.22738464,0,1.0,0.8855920114122682,0.0,0.007132667617689016,0.0,0.025106990014265335,0.0,0.0,0.0,0.29158345221112697,447.1354675292969,14.418851144124412,8.693757010801496,78.15547555219166,314.5956481765345,510.5547455697411
42.5992861137,-70.8645033568,0,0.2986425339366516,0.32838801711840226,0.24434389140271492,0.16034236804564908,0.3936651583710407,0.34950071326676174,0.0,0.037660485021398,5.502262443438914,4.0935805991440795,17.306556701660156,1.5019447389681462,1.3856158519147685,6.290500576524212,46.4673227342934,91.91693692058425
42.27815,-71.133775,0,0.0,0.042796005706134094,0.0,0.002282453637660485,1.0,0.9549215406562054,0.0,0.0,61.28054298642534,46.99486447931526,52.9936408996582,2.1056430218748976,2.662665268854745,16.51672007361588,586.8257495141655,16.04184059001392
42.4962881469,-71.5506723385,1,0.755656108597285,0.5238231098430813,0.2398190045248869,0.057631954350927245,0.0,0.28074179743223965,0.004524886877828055,0.0008559201141226819,0.0,9.34265335235378,109.01875305175781,2.3620704074351915,3.1273237776861893,22.879395651022808,0.0,275.6415310483954
42.1607194444,-71.6058055556,0,0.09049773755656108,0.3757489300998573,0.15384615384615385,0.1360912981455064,0.7058823529411765,0.45249643366619113,0.0,0.0,13.995475113122172,10.896148359486448,83.56886291503906,1.08179850846173,1.7716023053069625,9.807570729370068,37.870041161444775,76.39792685285033
42.1083641492,-71.3213707989,1,0.10407239819004525,0.38830242510699003,0.6334841628959276,0.3007132667617689,0.0,0.2724679029957204,0.24434389140271492,0.019115549215406563,0.0,4.546647646219686,52.94969940185547,0.36538461911660797,1.2508955954877259,6.166628909400754,0.0,361.17322440484327
41.5475158691,-70.5970077515,0,0.0,0.0,0.0,0.003138373751783167,1.0,0.6433666191155493,0.0,0.3238231098430813,41.588235294117645,29.876747503566335,3.601109027862549,0.27583979843779227,0.40823915695227736,2.098353079358316,299.6798395737715,4.549966937732005
42.4600116667,-70.95063,0,0.0,0.0,0.0,0.0034236804564907277,1.0,0.875320970042796,0.0,0.12125534950071326,84.2579185520362,67.68901569186876,4.35134744644165,0.4493163946416721,0.753229990938126,5.147986283971843,400.6479616301956,61.20839888579022
42.6133916667,-71.0418916667,1,0.08597285067873303,0.30099857346647646,0.6153846153846154,0.430527817403709,0.2986425339366516,0.2442225392296719,0.0,0.020256776034236805,11.18552036199095,6.977175463623396,27.605743408203125,0.6639911464571332,0.7887230351549316,3.4896745064442936,38.388400874701404,1.878222955256942
41.7228537314,-70.5588470321,0,0.6561085972850679,0.8601997146932953,0.0,0.0011412268188302425,0.23529411764705882,0.08388017118402283,0.0,0.0,9.447963800904978,2.8679029957203994,58.97080612182617,1.9788655044907775,1.746076551804791,9.178681106868222,937.9660152422657,104.48771738832453
41.3567919722,-70.6351769722,1,0.5701357466063348,0.3820256776034237,0.004524886877828055,0.04850213980028531,0.0,0.016262482168330955,0.17647058823529413,0.31126961483594867,0.0,0.1614835948644793,4.038597583770752,0.3483686149264281,0.34015540015272017,1.8686876907129224,70.04791177002477,13.69833049011105
42.505537071,-72.6466212781,0,0.8823529411764706,0.8219686162624822,0.0,0.013124108416547788,0.11764705882352941,0.12553495007132667,0.0,0.0,1.244343891402715,1.8059914407988589,117.34326934814453,3.8671536153843147,4.981040168544141,32.26234443846645,233.77629028271346,2.068208295196304
42.4633633333,-72.896575,1,0.31221719457013575,0.7009985734664764,0.049773755656108594,0.06276747503566334,0.583710407239819,0.16861626248216832,0.0,0.0,12.561085972850679,3.7366619115549216,310.7004089355469,3.69084222029448,5.186947268516298,25.96250701452134,0.0,7.575862287986647
42.1618128897,-70.7332420349,0,0.0,0.14179743223965763,0.27149321266968324,0.463623395149786,0.07239819004524888,0.15035663338088445,0.6561085972850679,0.2216833095577746,4.02262443438914,3.0679029957203996,-0.6136614084243774,0.535334903415449,0.9555261143698315,8.145345722163128,0.0,174.05368227730355
42.2713464153,-72.4213312356,1,0.38461538461538464,0.47332382310984306,0.45701357466063347,0.13951497860199716,0.0,0.3146932952924394,0.0,0.0,0.0,10.138944365192582,142.55618286132812,0.5380702777432641,2.0024061149868024,10.33510628775093,0.4167197314972033,334.81815822232795
41.2870777778,-70.1019722222,0,0.0,0.0,0.03167420814479638,0.007132667617689016,0.9683257918552036,0.7766048502139801,0.0,0.18601997146932953,42.0,32.1700427960057,5.687140464782715,0.916258992731639,0.7250630322242476,5.025487754132165,376.12881128121364,21.217841988261238
41.9177632,-70.7522998997,0,0.49321266968325794,0.3666191155492154,0.15384615384615385,0.11754636233951497,0.11312217194570136,0.1335235378031384,0.004524886877828055,0.08359486447931526,2.1266968325791855,2.685021398002853,33.45484161376953,1.0255143788451289,0.7458108530184803,3.799855729864068,26.61266134101269,181.59443049895725
42.0274862394,-71.6508933943,0,0.8914027149321267,0.7232524964336662,0.0,0.062482168330955774,0.08597285067873303,0.15549215406562053,0.0,0.0068473609129814554,1.8144796380090498,2.4770328102710413,166.97091674804688,1.7197768162129021,2.2395574590897325,13.906488691319513,408.4029904722934,221.35547061715846
41.9570283333,-70.6804283333,0,0.05429864253393665,0.024251069900142655,0.00904977375565611,0.0068473609129814554,0.9366515837104072,0.9657631954350927,0.0,0.0028530670470756064,23.4841628959276,36.292154065620544,35.61533737182617,1.8257220520446862,1.3887211461951259,9.557561223774965,241.1410764643783,60.60749054065577
42.54193,-73.23565,0,0.7647058823529411,0.5432239657631954,0.049773755656108594,0.04536376604850214,0.18552036199095023,0.1731811697574893,0.0,0.0,1.8506787330316743,3.22453637660485,373.1211853027344,3.8196380488777795,4.108569042960732,29.164350358814726,209.49804598458363,1.4361798226248013
42.375883746,-72.238954316,1,0.7285067873303167,0.630527817403709,0.18552036199095023,0.14750356633380884,0.00904977375565611,0.008559201141226819,0.058823529411764705,0.09015691868758915,0.167420814479638,0.06476462196861626,162.95668029785156,2.298494736817044,2.632758571402033,13.462534839793015,0.0,289.7811927695816
42.443790915,-71.6049718038,0,0.8506787330316742,0.8185449358059914,0.14479638009049775,0.03851640513552068,0.0,0.112981455064194,0.0,0.0,0.0,1.091583452211127,157.0098419189453,1.6896722044385293,3.118908726634564,18.576675469622558,4.771219719017724,293.56026702909236
42.1849713485,-72.8183933347,0,0.8144796380090498,0.9126961483594864,0.18552036199095023,0.06847360912981455,0.0,0.003138373751783167,0.0,0.013409415121255349,0.0,0.0068473609129814554,266.53179931640625,2.9129082127882495,6.426588669097643,44.88239432243515,0.0,163.4624562125774
42.3994966667,-72.3950583333,0,0.8235294117647058,0.9432239657631954,0.17194570135746606,0.018544935805991442,0.0,0.03566333808844508,0.004524886877828055,0.0002853067047075606,0.0,0.3934379457917261,272.8577880859375,3.6875412671122487,4.804264787657185,33.41747772361317,4.32657381407415,51.695979717480284
42.50606167,-71.60831333,0,0.22624434389140272,0.6131241084165477,0.02262443438914027,0.08502139800285306,0.22171945701357465,0.09900142653352353,0.0,0.0,4.3122171945701355,1.6037089871611983,140.9331817626953,3.099542486242771,3.7326376705256292,24.059410638989082,181.60229743629876,16.477001507064113
42.7075590595,-73.1851008755,0,0.18099547511312217,0.33009985734664765,0.06787330316742081,0.11982881597717546,0.04524886877828054,0.42796005706134094,0.0,0.0,0.832579185520362,12.920970042796005,184.98524475097656,0.9556562029145882,4.370130008543567,32.74934705298877,125.73876166448606,188.05324464263953
42.0621247599,-70.680215805,1,0.5384615384615384,0.2553495007132668,0.3167420814479638,0.5223965763195435,0.11312217194570136,0.18887303851640513,0.0,0.015121255349500713,1.2307692307692308,3.3106990014265336,5.726179599761963,0.6811841531778491,0.8560111111269968,5.160617994216473,62.92146245830947,48.03805025522844
41.3584377997,-70.6374126997,1,0.7013574660633484,0.40627674750356635,0.09954751131221719,0.04736091298145506,0.0,0.017974322396576318,0.11312217194570136,0.31726105563480744,0.0,0.19400855920114124,4.209430694580078,0.35380812369749853,0.338020778273695,1.8628135021018895,8.243272181189527,134.69353735649142
41.6598275185,-70.5624682089,0,0.11312217194570136,0.24022824536376605,0.0,0.0034236804564907277,0.8868778280542986,0.74151212553495,0.0,0.008273894436519259,51.21266968325792,29.68074179743224,34.01322937011719,0.4758016645355977,0.8232000862243054,4.108101698576452,804.2817741074722,37.06530298066298
42.0153999329,-71.3424758911,0,0.16289592760180996,0.2804564907275321,0.004524886877828055,0.11440798858773181,0.7647058823529411,0.5049928673323824,0.00904977375565611,0.007132667617689016,28.040723981900452,20.702425106990013,71.9807357788086,2.9493790318519624,2.2679580884239394,16.683505481703445,110.94677878310199,3.861744088543551
42.3786664147,-71.084223501,0,0.0,0.0,0.0,0.0,1.0,1.0,0.0,0.0,82.34841628959276,81.45905848787447,5.418501853942871,0.2665366025242399,0.5863457037781836,3.753568748856217,1240.0328054234112,118.68272184145528
42.2197965331,-71.504074358,0,0.7963800904977375,0.36433666191155495,0.0,0.2348074179743224,0.19909502262443438,0.40057061340941513,0.0,0.0,2.97737556561086,6.211412268188303,124.96974182128906,3.8765881827750865,2.6621810486567696,26.318488777560578,237.0259793124372,49.80239783136101
42.582061196,-71.4370520612,0,0.334841628959276,0.3854493580599144,0.0,0.06961483594864479,0.665158371040724,0.5315263908701855,0.0,0.0002853067047075606,19.040723981900452,9.048502139800286,117.9344711303711,1.4582545859155425,3.0421393215247394,17.59755830991348,585.3827868725831,41.9224558276383
42.61066167,-71.13829167,0,0.4117647058823529,0.4205420827389444,0.08144796380090498,0.17004279600570613,0.31221719457013575,0.3095577746077033,0.18552036199095023,0.09500713266761769,4.221719457013575,5.128958630527817,27.382387161254883,0.7360572910518001,1.508239823918188,9.81288462501701,11.539107464291263,25.485844842550936
42.4244616667,-71.0355083333,0,0.0,0.0,0.05429864253393665,0.003994293865905849,0.9457013574660633,0.9960057061340941,0.0,0.0,24.959276018099548,45.89529243937233,3.9462621212005615,0.7070963544175259,0.921790332089252,6.986934440406519,82.54522171311605,2.0897834094648675
41.6726957459,-70.5422931398,0,0.6561085972850679,0.3683309557774608,0.0,0.0,0.28054298642533937,0.5209700427960057,0.0,0.0,7.5656108597285066,17.154921540656204,42.399959564208984,0.20205753535307147,0.3920175737829147,2.3063141726300156,1092.5027685703499,9.316898676949549
42.8282877997,-71.0411153,0,0.4751131221719457,0.6128388017118402,0.334841628959276,0.21255349500713266,0.03167420814479638,0.0978601997146933,0.0,0.0034236804564907277,0.5294117647058824,1.581169757489301,23.242210388183594,0.6388917782001629,1.7248736032620142,7.615010536237367,18.086993252457052,174.3117025411109
42.6603169253,-70.599974795,1,0.0,0.024821683309557776,0.013574660633484163,0.014550641940085592,0.39819004524886875,0.2744650499286733,0.5882352941176471,0.6407988587731812,17.84162895927602,7.734094151212553,0.30702266097068787,1.0943219076443054,0.8826751905592439,7.684557720071619,0.0,109.18163429584621
42.3429722222,-72.56845,0,0.18099547511312217,0.13495007132667616,0.4343891402714932,0.1477888730385164,0.01809954751131222,0.24679029957203993,0.0,0.0017118402282453639,0.19909502262443438,9.229386590584879,39.19343566894531,1.0891229175993073,0.6445075818406315,3.1562948245820164,49.19835555354489,341.73876273351675
42.2235751969,-71.3229914026,0,0.4434389140271493,0.5457917261055635,0.049773755656108594,0.06191155492154066,0.4253393665158371,0.30385164051355207,0.0,0.0,7.900452488687783,5.8379457917261055,76.58785247802734,1.1640281624457147,1.9987212636591294,8.814292553839303,195.67989020729127,7.960371425106511
42.3348296883,-71.0098497067,0,0.0,0.0,0.027149321266968326,0.003138373751783167,0.06787330316742081,0.11126961483594865,0.8733031674208145,0.8827389443651926,2.3846153846153846,7.889586305278174,-1.5374946594238281,0.3008383648062857,0.1750869754236354,1.4025111848785525,0.0,334.97003153322487
42.1545136889,-71.67822725,0,0.3891402714932127,0.4054208273894436,0.004524886877828055,0.0659058487874465,0.4434389140271493,0.43309557774607704,0.0,0.0,6.846153846153846,8.287589158345222,144.55148315429688,2.135556927707343,2.3413354860789553,11.596157589935174,10.344182059259953,5.578143688566466
42.396971663,-72.5192755,1,0.43891402714932126,0.19885877318116976,0.08597285067873303,0.03366619115549215,0.3167420814479638,0.6576319543509273,0.0,0.0,8.44343891402715,23.073038516405134,93.125244140625,3.0569041078729793,2.402362586254807,17.57001490751096,0.0,43.518961508645404
42.1592014989,-70.7908589157,0,0.3257918552036199,0.5509272467902996,0.19909502262443438,0.17375178316690443,0.46153846153846156,0.23166904422253923,0.013574660633484163,0.02225392296718973,13.036199095022624,4.232239657631954,12.095742225646973,1.4284582024898922,1.3981816450492928,10.389139404542666,51.53123385047191,46.20699102807852
42.1804677928,-73.3655643091,0,0.004524886877828055,0.15720399429386592,0.1583710407239819,0.26790299572039944,0.6832579185520362,0.26904422253922966,0.0,0.0034236804564907277,35.16742081447964,9.221683309557775,206.02374267578125,0.3607191058561315,1.9576559344308042,11.02078332694255,490.2784260325594,97.33125805993339
42.25512,-71.164475,1,0.0,0.007132667617689016,0.0,0.08930099857346648,1.0,0.8807417974322397,0.0,0.02282453637660485,51.782805429864254,41.05449358059914,28.828022003173828,0.9125778140095905,0.7476863167548337,3.9069923128222612,0.5209550832088462,9.674428537818395
42.3901075253,-71.5766491763,1,0.0,0.06019971469329529,0.1085972850678733,0.062482168330955774,0.7963800904977375,0.8639087018544935,0.09502262443438914,0.012838801711840228,26.615384615384617,34.3398002853067,67.90562438964844,1.234609082552334,1.5566704838527619,6.8604080370092255,0.0,59.65586900947794
42.0953865051,-71.5803222656,0,0.4479638009049774,0.49814550641940086,0.10407239819004525,0.12211126961483595,0.4072398190045249,0.2507845934379458,0.0,0.07332382310984308,13.452488687782806,5.659058487874465,119.77518463134766,2.4017007054824826,2.0137768613045655,12.614798020504667,109.6819079546582,24.215853249929726
41.6617327,-70.2879645,0,0.0,0.0,0.0,0.0017118402282453639,1.0,0.9982881597717547,0.0,0.0,51.65158371040724,59.138659058487875,13.374767303466797,0.18519993174220117,0.2803840374122921,1.5613628518868203,738.2053931355822,16.766058675691628
42.1220450941,-72.2939538883,0,0.28054298642533937,0.7261055634807418,0.13122171945701358,0.057631954350927245,0.40271493212669685,0.12039942938659058,0.0,0.0005706134094151213,6.176470588235294,1.5951497860199715,194.55577087402344,1.9259981880965356,4.035574426451392,30.21274214354311,19.131172762744043,60.91441997046522
42.571304433,-72.5612381432,1,0.3755656108597285,0.45106990014265336,0.013574660633484163,0.04536376604850214,0.01809954751131222,0.10756062767475036,0.36199095022624433,0.1035663338088445,0.6787330316742082,2.133238231098431,40.864280700683594,1.6836118335119348,2.351042634240885,11.669188345538467,2.8764735326906927,121.59268310445132
42.3066741,-71.7961324,0,0.0,0.0011412268188302425,0.0,0.0014265335235378032,1.0,0.997432239657632,0.0,0.0,42.77828054298642,53.490727532097004,177.6352081298828,2.600295242765385,2.263912125441624,17.668571093215927,338.6271829995811,6.273073976749234
42.37565474,-71.49149158,0,0.49321266968325794,0.41340941512125534,0.013574660633484163,0.1463623395149786,0.49321266968325794,0.4339514978601997,0.0,0.0,11.312217194570136,6.931241084165478,73.83973693847656,1.7174185584109916,1.6569710438073009,12.438231885940864,69.21677946657519,20.43939788855249
42.514025,-71.4986416667,1,0.43891402714932126,0.4176890156918688,0.38009049773755654,0.15805991440798858,0.18099547511312217,0.3543509272467903,0.0,0.0,4.104072398190045,9.843651925820257,75.25035095214844,1.1572039258920113,1.673496013301909,8.510954204702397,40.90111960194476,208.57059090874387
42.435965,-71.137495,0,0.6244343891402715,0.10955777460770329,0.0,0.013694721825962911,0.3755656108597285,0.7897289586305278,0.0,0.08644793152639087,10.393665158371041,22.40827389443652,27.943439483642578,1.9763045689021856,1.7113580952948784,12.204824646129085,289.15543157749045,91.86584713885122
42.1787164691,-72.6383785119,0,0.0,0.0282453637660485,0.00904977375565611,0.029101283880171185,0.9909502262443439,0.9007132667617689,0.0,0.04108416547788873,47.8235294117647,36.828530670470755,78.75741577148438,1.1830391244697098,2.7686629293026574,24.39272729384705,255.30423040325897,31.28093153568916
42.3309283333,-71.1317888333,0,0.0,0.0,0.0,0.0,1.0,0.9754636233951498,0.0,0.024536376604850214,39.28054298642534,40.42310984308131,26.295305252075195,2.555558854173319,2.6648448219448064,16.033189015718936,315.58097807308593,11.264545777840244
42.4965848976,-71.364700995,1,0.4751131221719457,0.527246790299572,0.19004524886877827,0.21540656205420827,0.14027149321266968,0.1746077032810271,0.19004524886877827,0.029386590584878743,4.67420814479638,3.533238231098431,56.199485778808594,1.4273664702868922,1.3673984164031123,10.456976949961277,6.686252118713927,212.3266417371231
42.1905476817,-71.1135363579,1,0.0,0.10670470756062768,0.049773755656108594,0.1962910128388017,0.9502262443438914,0.6713266761768901,0.0,0.018830242510699,5.723981900452489,12.99201141226819,48.64699935913086,0.9635481504678383,1.530528765148535,9.806984612971394,0.0,272.5653764252249
42.5434729673,-72.7729844136,0,0.7285067873303167,0.6781740370898716,0.013574660633484163,0.009700427960057061,0.14479638009049775,0.09272467902995721,0.0,0.0,1.3167420814479638,0.7332382310984308,307.75079345703125,6.263587408837754,5.36465145398979,24.967532364082885,132.50758278816184,40.75411484734703
42.36992167,-71.25847,0,0.0,0.04821683309557775,0.0,0.008273894436519259,1.0,0.9432239657631954,0.0,0.0002853067047075606,40.678733031674206,44.383166904422254,62.72645950317383,3.5027789859024887,2.4463915583220084,13.478977242124724,212.78682590351534,35.23684080839269
42.2578966667,-71.1841583333,0,0.29411764705882354,0.10756062767475036,0.13574660633484162,0.22653352353780315,0.47058823529411764,0.6159771754636234,0.08597285067873303,0.04821683309557775,6.574660633484163,16.791440798858773,28.47696876525879,0.7182653663024594,0.9979846825482931,5.002593107227864,45.193970657123636,144.03934300103955
42.0611944444,-70.1138361111,0,0.0,0.1166904422253923,0.38461538461538464,0.2211126961483595,0.04524886877828054,0.027960057061340943,0.0,0.2553495007132668,0.9140271493212669,0.633095577746077,2.757655143737793,0.98550482829264,0.8611679650014827,5.170136118240626,52.55050072942262,46.42809541484435
42.1090445,-71.31707,1,0.33031674208144796,0.4248216833095578,0.24434389140271492,0.3728958630527817,0.2986425339366516,0.1543509272467903,0.08144796380090498,0.019115549215406563,5.049773755656108,2.5426533523537804,54.59858322143555,1.025884515498805,1.0299786942722013,4.766653365389957,5.137283864186651,45.308588029494146
42.537933061,-72.7577709241,0,0.6742081447963801,0.8185449358059914,0.0,0.007703281027104137,0.03167420814479638,0.030242510699001426,0.0,0.0,0.15384615384615385,0.24165477888730386,241.9211883544922,4.320801172219408,4.496444166622824,22.04459730662527,131.97596106124192,116.80217201854451
41.3177616667,-70.766945,1,0.013574660633484163,0.047075606276747506,0.1583710407239819,0.10613409415121255,0.09049773755656108,0.15520684736091298,0.2986425339366516,0.49957203994293864,1.3619909502262444,2.421398002853067,0.6794725656509399,1.0649335885315239,1.0845384037226395,6.653603874220153,0.0,36.16704495027397
42.5864231447,-71.9415659476,1,0.37104072398190047,0.5865905848787446,0.3936651583710407,0.19400855920114124,0.13574660633484162,0.11412268188302425,0.013574660633484163,0.0008559201141226819,1.253393665158371,3.5948644793152638,331.7592468261719,1.1868612363125979,2.58227467318495,17.05456606217774,0.0,148.5279968343838
42.1988667294,-71.1336455607,0,0.2579185520361991,0.20199714693295293,0.1493212669683258,0.14950071326676176,0.5927601809954751,0.6445078459343795,0.0,0.0002853067047075606,9.583710407239819,16.77574893009986,21.772851943969727,1.9257511621422871,2.1711663235724297,13.037596901989014,20.48876948721509,23.005546514721306
42.5711398758,-71.3744289615,0,0.12669683257918551,0.12382310984308131,0.19909502262443438,0.19087018544935805,0.6470588235294118,0.6265335235378031,0.0,0.025677603423680456,14.307692307692308,11.05734664764622,66.70591735839844,1.4884836749635828,1.1029414292004296,4.711548747914764,239.06417220479807,97.06349685655469
41.3573229816,-70.6338501064,1,0.4253393665158371,0.44108416547788876,0.027149321266968326,0.051069900142653356,0.0,0.016547788873038517,0.26244343891402716,0.2582025677603424,0.0,0.1646219686162625,2.2423763275146484,0.37717519916142334,0.35202246771162155,1.852712214498201,83.4954351868403,107.69464622347114
42.269427,-71.2973379722,0,0.2669683257918552,0.36119828815977173,0.29411764705882354,0.23223965763195434,0.42081447963800905,0.34236804564907275,0.01809954751131222,0.030813124108416547,7.14027149321267,4.852781740370899,33.76872634887695,0.28208051371400283,0.8982431115519178,4.518717053033757,109.7382749794868,7.901923645010909
42.4038191751,-71.2941158072,1,0.4298642533936652,0.38773181169757487,0.1085972850678733,0.2088445078459344,0.06334841628959276,0.34522111269614836,0.22624434389140272,0.019686162624821684,1.081447963800905,5.140085592011412,56.70213317871094,2.4385006730045635,1.9189860380785635,11.211878111298997,0.5447069394541562,253.70095816570844
42.488995,-71.3059466667,0,0.013574660633484163,0.047931526390870186,0.004524886877828055,0.31383737517831667,0.9819004524886877,0.6065620542082739,0.0,0.0,18.380090497737555,13.244507845934379,41.64635467529297,0.8138046049996965,0.713745349976511,3.3942099852823424,314.98097536831165,32.0919710284809
42.0989388333,-71.41292,0,0.07239819004524888,0.10128388017118402,0.2081447963800905,0.10955777460770329,0.7194570135746606,0.7891583452211127,0.0,0.0,10.787330316742082,20.81283880171184,91.68112182617188,1.8836615586444883,1.6106973425761104,9.435547803552678,73.64582190530587,47.54754392836181
42.3186018,-72.6221737,0,0.14027149321266968,0.015121255349500713,0.02262443438914027,0.014835948644793153,0.6244343891402715,0.694151212553495,0.0,0.0,21.13574660633484,32.76062767475036,35.46281051635742,0.4405851166025721,0.4337700135056654,2.4399164184346396,464.3151858466697,45.57583640727099
42.4332866667,-71.0812221667,0,0.0,0.06504992867332382,0.0,0.0,1.0,0.9300998573466477,0.0,0.0048502139800285305,49.49321266968326,47.49358059914408,28.759082794189453,2.5315135876723573,2.221924215008727,18.48591429662282,545.5346566081914,15.927601585983064
42.45830833,-71.25003,0,0.7828054298642534,0.15463623395149786,0.0,0.10756062767475036,0.2171945701357466,0.7372325249643367,0.0,0.0,1.7013574660633484,12.82567760342368,59.420257568359375,2.433533266340037,1.9436699398830655,16.146294351798918,383.841361146603,186.88982764465268
42.3962989654,-71.1775362214,0,0.0,0.08502139800285306,0.0,0.017403708987161197,1.0,0.8970042796005706,0.0,0.0005706134094151213,33.2579185520362,28.096433666191157,19.433988571166992,4.943107869029813,2.923592158974716,25.917622943688144,445.4852593582572,5.042517680862875
42.473275,-71.5818633333,0,0.49321266968325794,0.7112696148359486,0.0,0.020542082738944364,0.4117647058823529,0.19001426533523538,0.0,0.0,5.117647058823529,2.0910128388017117,140.23353576660156,1.6824516596486063,2.733997487334479,17.99318720237572,290.65899785390934,3.499895291148698
42.08154559,-71.15505073,0,0.9457013574660633,0.776034236804565,0.05429864253393665,0.1680456490727532,0.0,0.047075606276747506,0.0,0.0042796005706134095,0.0,0.44593437945791725,102.42180633544922,1.4027302488678253,1.647099119780957,10.791036355212011,201.338477737493,325.52718024040433
42.262825,-72.6856616667,0,0.03167420814479638,0.17631954350927248,0.0,0.2065620542082739,0.9683257918552036,0.5412268188302425,0.0,0.0,27.692307692307693,15.104707560627675,60.6722412109375,1.0007197437278714,1.3075629089089638,6.933133351872035,425.24140517112505,34.82850553261879
42.5398058491,-73.2565667108,0,0.4841628959276018,0.879885877318117,0.013574660633484163,0.04051355206847361,0.21266968325791855,0.019686162624821684,0.0,0.0,1.2126696832579185,0.13865905848787446,439.5244140625,4.591570366052746,7.521195730624138,65.62144667968776,37.675210584285324,1.0992019942741245
42.3109166667,-71.1365666667,0,0.0,0.04621968616262482,0.0,0.0,1.0,0.9537803138373752,0.0,0.0,20.624434389140273,22.00456490727532,69.55399322509766,2.1248292201149375,2.1522631446184532,9.457896608004582,18.016404535928732,96.49226804429111
42.34137,-71.037572,0,0.0,0.0,0.01809954751131222,0.0025677603423680455,0.8054298642533937,0.9349500713266762,0.17647058823529413,0.062482168330955774,61.6289592760181,77.16262482168331,1.362465500831604,0.4495774311329384,0.7587793585185358,4.756151711514266,26.01934061251654,152.0769694109951
41.8390246862,-70.542414943,1,0.36199095022624433,0.23052781740370898,0.1583710407239819,0.10756062767475036,0.4117647058823529,0.3920114122681883,0.03167420814479638,0.17032810271041368,5.990950226244344,7.692154065620542,8.05559253692627,2.3085242097709675,1.8972113514251971,13.446500607936509,26.25268178190329,2.6980515831613605
42.3200333333,-71.0533445,0,0.0,0.0,0.0,0.0005706134094151213,1.0,0.9403708987161198,0.0,0.0522111269614836,79.14932126696833,67.81312410841655,4.715139865875244,0.48723968456187333,0.6246836858274941,3.9236154636837863,629.7263869473605,0.30548350598216567
41.3210616667,-70.79538,1,0.18099547511312217,0.1783166904422254,0.09502262443438914,0.18716119828815977,0.0,0.020256776034236805,0.5656108597285068,0.4527817403708987,0.0,0.18573466476462197,1.2085113525390625,0.5676579688679764,0.6678720989330522,5.663187068715245,28.192240161010538,591.0684977157238
42.139692,-71.640436,0,0.06787330316742081,0.30385164051355207,0.167420814479638,0.20770328102710414,0.5384615384615384,0.40228245363766046,0.17647058823529413,0.04079885877318117,22.615384615384617,10.717546362339515,79.47164154052734,2.735392787310644,3.1445868775047017,20.06874992734563,26.8936357983602,9.974565772592081
42.3455972222,-71.6137472222,0,0.16289592760180996,0.34693295292439374,0.4298642533936652,0.17375178316690443,0.2579185520361991,0.38516405135520687,0.12217194570135746,0.08302425106990015,4.352941176470588,15.35206847360913,67.59996032714844,0.8978326109216651,1.2215509324874667,7.33120989151752,0.5306981280581843,123.63977194707219
42.4108027778,-71.8982916667,0,0.34841628959276016,0.6918687589158345,0.3755656108597285,0.17089871611982882,0.17194570135746606,0.09300998573466476,0.027149321266968326,0.0017118402282453639,1.2126696832579185,0.8273894436519258,246.22940063476562,1.3380434459621044,3.6268445242191167,24.98571414843728,11.639802396686802,167.06934089444997
42.2060805556,-71.0920972222,0,0.5701357466063348,0.6145506419400856,0.03167420814479638,0.16718972895863052,0.12669683257918551,0.16633380884450785,0.16289592760180996,0.029386590584878743,2.1357466063348416,5.793152639087019,49.05121994018555,0.8442756224920172,2.791542750996017,16.37230509312281,0.0,90.03121825852563
42.26903824,-70.9210160746,0,0.4796380090497738,0.05962910128388017,0.1583710407239819,0.033951497860199714,0.0,0.0002853067047075606,0.26244343891402716,0.8784593437945791,0.0,0.015121255349500713,4.932183742523193,1.119722946328154,0.32377595002544657,1.7635104551418561,102.13163591445256,71.52312542548437
42.0176642267,-70.8759541491,1,0.058823529411764705,0.13580599144079886,0.18552036199095023,0.4644793152639087,0.08597285067873303,0.08216833095577745,0.502262443438914,0.14293865905848788,2.493212669683258,1.550071326676177,16.608713150024414,0.13507986562246402,0.26057138806254754,2.0886082311664276,0.0,691.6464979716881
42.47686167,-73.23577833,0,0.18099547511312217,0.2990014265335235,0.15384615384615385,0.07475035663338088,0.665158371040724,0.5968616262482168,0.0,0.0,10.217194570135746,13.195149786019972,356.4874267578125,2.5116616386497395,2.1967385593713673,13.38489652879596,130.82704853133427,11.254077628811414
42.4083061141,-71.3307121736,1,0.3212669683257919,0.34579172610556347,0.0,0.11269614835948645,0.31221719457013575,0.36861626248216833,0.0,0.002282453637660485,6.167420814479638,7.015406562054208,71.52936553955078,1.4064110417532696,1.0738954130887441,5.4017699220513995,0.0,66.40367905940468
42.0741,-71.917375,0,0.12217194570135746,0.45706134094151213,0.013574660633484163,0.1463623395149786,0.40271493212669685,0.20456490727532098,0.4479638009049774,0.12724679029957203,7.076923076923077,3.5320970042796005,164.1010284423828,0.631551041661417,1.9435969984344947,10.087221917359289,0.0,67.24888518746027
42.6739252777,-71.211101398,0,0.29411764705882354,0.4211126961483595,0.7013574660633484,0.19457917261055635,0.0,0.38316690442225393,0.004524886877828055,0.0011412268188302425,0.0,7.792296718972896,26.328210830688477,1.3877976500077684,2.033337851612487,12.932857841460782,16.22451541762412,308.9990739573445
41.279561,-70.1810925,0,0.03167420814479638,0.1087018544935806,0.49321266968325794,0.3398002853067047,0.4751131221719457,0.35805991440798857,0.0,0.0738944365192582,11.402714932126697,8.596861626248216,1.4064760208129883,0.24432112608533163,0.41886353489492123,1.9463181877837934,83.92292798295766,86.0791103478801
41.7009222222,-71.0286277778,1,0.4117647058823529,0.5355206847360913,0.0,0.07646219686162625,0.03619909502262444,0.034236804564907276,0.5339366515837104,0.3115549215406562,0.3212669683257919,0.4445078459343795,47.791996002197266,1.4272328371997338,1.342490668304096,7.162340446961175,0.0,900.433968236488
42.2245916667,-71.074075,0,0.13574660633484162,0.4687589158345221,0.23529411764705882,0.11184022824536377,0.6289592760180995,0.41740370898716117,0.0,0.0,13.16289592760181,9.347218259629102,51.186275482177734,1.9455111815066557,3.9181825958802916,26.457891530289828,287.2661182356332,53.16813452460037
42.42328185,-70.9845179,0,0.0,0.0,0.0,0.21455064194008558,0.579185520361991,0.2687589158345221,0.15384615384615385,0.4536376604850214,37.067873303167424,16.178887303851642,2.144538164138794,0.34601811896703843,0.2777328586980435,1.803069627802654,73.324279216272,33.285590175876244
42.7475144444,-71.0488581609,0,0.2081447963800905,0.2,0.3167420814479638,0.12524964336661912,0.4751131221719457,0.5517831669044223,0.0,0.0002853067047075606,6.647058823529412,13.776890156918688,11.549612045288086,1.726885844352232,2.420590010333299,11.395057007355087,11.573021623148637,22.03499912034124
42.0396091125,-72.5917061229,1,0.027149321266968326,0.11440798858773181,0.8461538461538461,0.49900142653352353,0.12669683257918551,0.29700427960057063,0.0,0.003138373751783167,3.1085972850678734,4.541797432239657,15.378119468688965,0.718008755383638,0.9644936135380624,7.9178151930696075,8.350540454895498,30.18318923907278
42.183328,-71.2110969722,0,0.0,0.0008559201141226819,0.0,0.019971469329529243,1.0,0.9717546362339515,0.0,0.007417974322396576,41.0316742081448,45.169472182596294,41.02701187133789,1.9214054747642288,1.5585070381418893,13.695016910368318,686.5247351968566,1.4103789641609943
42.2395633333,-72.633715,0,0.3393665158371041,0.5472182596291013,0.22171945701357465,0.029386590584878743,0.07239819004524888,0.23024251069900142,0.36199095022624433,0.16690442225392296,1.7692307692307692,5.1443651925820255,115.00923919677734,1.1478246556054421,6.8072561336185355,54.40768540550929,0.0,2.4468754951963727
42.0316483593,-71.2286327966,0,0.0,0.04108416547788873,0.0,0.10984308131241084,1.0,0.8442225392296719,0.0,0.0048502139800285305,47.44796380090498,38.087589158345224,51.68428421020508,0.2656617596176123,0.5494727999409597,3.658166917397992,65.08490045403957,5.802368139685285
42.1735716667,-71.59858,0,0.3167420814479638,0.39001426533523537,0.10407239819004525,0.08131241084165478,0.5746606334841629,0.4887303851640514,0.004524886877828055,0.03651925820256776,13.877828054298643,10.021112696148359,95.25670623779297,1.023751358734225,2.255076726264165,17.25690943058924,158.2190101706532,0.7010002233321462
42.6296783333,-70.662405,1,0.7420814479638009,0.40855920114122685,0.004524886877828055,0.05905848787446505,0.004524886877828055,0.4738944365192582,0.22171945701357465,0.04964336661911555,0.07692307692307693,20.414265335235378,22.015169143676758,2.3298013750983735,2.0327222047104496,10.822900707011659,15.13746998937307,340.87300122622673
42.2422006997,-72.6225222,0,0.35294117647058826,0.5281027104136947,0.0,0.056776034236804565,0.28054298642533937,0.23395149786019973,0.36199095022624433,0.1360912981455064,4.597285067873303,5.4065620542082735,36.93478012084961,5.7519056073768455,4.133303147278832,33.31362462876092,48.36758878964853,66.53453598179506
42.4400409589,-71.0627540947,0,0.3438914027149321,0.08644793152639087,0.19004524886877827,0.02168330955777461,0.4660633484162896,0.8918687589158345,0.0,0.0,5.8099547511312215,39.492724679029955,15.570606231689453,1.6972130287013865,2.327194257177946,8.000169448177516,13.666883109735426,5.489889254343133
42.4082341511,-71.1364410818,0,0.0,0.0,0.0,0.0014265335235378032,1.0,0.9985734664764622,0.0,0.0,53.977375565610856,61.53038516405135,7.2526655197143555,0.5772688039346647,0.9788903426830737,6.472045007767851,246.36373107870162,0.5255049297232727
42.6963442512,-71.8877536436,0,1.0,0.8918687589158345,0.0,0.04165477888730385,0.0,0.0362339514978602,0.0,0.0008559201141226819,0.0,0.8433666191155492,454.669189453125,14.641833007709984,7.842644301783861,48.781964280045585,185.74321612748395,376.38939333876357
42.7494206716,-70.9979305974,1,0.7647058823529411,0.55320970042796,0.23529411764705882,0.2907275320970043,0.0,0.14208273894436518,0.0,0.0,0.0,2.1820256776034235,31.089784622192383,1.2408411783513733,1.4048972840941245,6.255249976898842,3.1807357241051073,271.08799460132093
42.3624666667,-71.3768361111,1,0.0,0.10185449358059914,0.9095022624434389,0.5266761768901569,0.09049773755656108,0.28873038516405136,0.0,0.03566333808844508,3.244343891402715,10.967475035663337,34.801483154296875,0.24162429527176787,0.6982274452526998,3.0028512976714867,17.964917194823514,78.61999111728842
41.919581,-70.072648,0,0.06334841628959276,0.20770328102710414,0.0,0.0804564907275321,0.0,0.0002853067047075606,0.4751131221719457,0.5680456490727532,0.0,0.0068473609129814554,7.309582233428955,1.5913759184628504,0.87112282361141,5.845558001286439,25.170911263148884,1206.4290852188508
42.27373,-71.1261445,0,0.0,0.011982881597717546,0.0,0.0014265335235378032,1.0,0.9865905848787446,0.0,0.0,50.50678733031674,46.37432239657632,32.72467041015625,4.405173362868808,2.7613479277062867,17.591615221360158,323.89491335241513,13.555666249133301
42.41363,-71.66648,0,0.4841628959276018,0.36490727532097006,0.0,0.07817403708987161,0.5158371040723982,0.5417974322396576,0.0,0.0,13.384615384615385,16.60085592011412,113.13655853271484,2.5087375127466878,2.6995736330088063,13.006645444300618,295.555380128309,3.3265777129654843
42.4625296016,-72.2455853892,1,0.6108597285067874,0.8154065620542083,0.3891402714932127,0.1768901569186876,0.0,0.0,0.0,0.0002853067047075606,0.0,0.0,178.36166381835938,2.396927646239352,3.3037184431602,17.12303888665208,1.901554679301817,0.056955753858704564
42.128115971,-73.2499909449,0,1.0,0.8382310984308131,0.0,0.051069900142653356,0.0,0.033951497860199714,0.0,0.0,0.0,0.3600570613409415,371.72967529296875,6.500018232703692,5.288034872248058,44.38944933058524,39.04444367620778,124.52800689597115
42.6966333333,-70.85878,0,0.4072398190045249,0.2085592011412268,0.583710407239819,0.34579172610556347,0.00904977375565611,0.31098430813124106,0.0,0.0048502139800285305,0.16289592760180996,11.89586305278174,4.793517589569092,0.6270177145249396,0.8064547904677309,3.245496577797947,117.56697691284542,323.82330922204875
41.8442875,-69.9568949,0,0.5701357466063348,0.4502139800285307,0.0,0.07218259629101284,0.4298642533936652,0.24707560627674752,0.0,0.143509272467903,8.339366515837105,4.807988587731812,14.375931739807129,1.0149158489484753,0.8437741831410954,5.17743235842394,285.0564502404757,96.142442190069
41.7443222222,-71.1439722222,0,0.0,0.018830242510699,0.0,0.019686162624821684,1.0,0.6630527817403709,0.0,0.2984308131241084,41.89140271493213,27.660199714693295,12.140226364135742,2.213167461106608,1.2405412397727216,10.94754993622678,26.111179448696557,54.29338628466704
41.9217048213,-70.5433849712,1,0.2669683257918552,0.03651925820256776,0.058823529411764705,0.0094151212553495,0.5203619909502263,0.3486447931526391,0.11764705882352941,0.5406562054208274,9.104072398190045,10.197432239657632,8.403562545776367,1.063710516958687,1.0441542576460232,8.636184504202097,26.166497421358113,135.94829602187616
42.3755558425,-72.2383123264,1,0.7692307692307693,0.6410841654778887,0.1493212669683258,0.14950071326676176,0.00904977375565611,0.007988587731811698,0.058823529411764705,0.07446504992867332,0.167420814479638,0.06219686162624822,167.76470947265625,2.3753931616815223,2.7397922755160256,13.031788420205135,0.0,239.51213529696608
41.688075,-71.1266721667,0,0.0,0.008559201141226819,0.0,0.0,1.0,0.7726105563480742,0.0,0.21654778887303852,68.04072398190046,47.82339514978602,65.0093765258789,1.7684298997894798,1.5259210997370467,10.036320095304673,461.89955034270866,2.3081486370376267
41.3947181795,-70.5139683403,1,0.004524886877828055,0.005420827389443652,0.19004524886877827,0.06790299572039943,0.7375565610859729,0.57660485021398,0.06787330316742081,0.30556348074179746,15.244343891402714,18.001997146932954,2.158982992172241,0.5021960364128735,0.36919359757762027,2.354996492053786,0.0,126.82740355912688
41.9758337416,-71.3217357919,0,0.05429864253393665,0.05848787446504993,0.0,0.030813124108416547,0.9457013574660633,0.8450784593437946,0.0,0.06419400855920114,31.963800904977376,31.987731811697575,57.87071990966797,0.7291665535091879,0.8856159456830404,5.12514070358107,261.1298885730792,4.461873371477447
41.7739741825,-70.5148774239,1,0.14027149321266968,0.21283880171184022,0.09502262443438914,0.22881597717546362,0.29411764705882354,0.3805991440798859,0.45248868778280543,0.16861626248216832,9.968325791855204,14.130099857346648,-0.005804833956062794,0.5527148827123987,1.0500097254478518,5.132369607970148,0.0,130.96081644816604
42.4723747397,-70.9186044146,0,0.0,0.010271041369472182,0.0,0.017974322396576318,1.0,0.8630527817403709,0.0,0.10813124108416548,52.83710407239819,46.639087018544934,5.937345027923584,0.7616642238916883,1.5062616680581848,9.339831098783058,470.0362060432598,20.65697588217599
42.210061823,-71.00682136,0,0.0,0.0011412268188302425,0.0,0.03166904422253923,1.0,0.9158345221112696,0.0,0.05135520684736091,44.18099547511312,42.11554921540656,40.17145538330078,1.6218757862978157,1.3373178209888101,8.53110438701875,671.9791657925256,17.543654936497255
42.4165500686,-71.3956832886,0,0.02262443438914027,0.29586305278174035,0.19004524886877827,0.3001426533523538,0.11312217194570136,0.24679029957203993,0.0,0.0019971469329529245,2.3891402714932126,6.0830242510699,39.833431243896484,0.9659982420600257,1.2859455153143686,8.689391007802554,40.629332791682124,166.2786841338619
42.0888179479,-70.6741759933,1,0.013574660633484163,0.05934379457917261,0.5113122171945701,0.6102710413694722,0.0,0.19971469329529243,0.0,0.02767475035663338,0.0,4.174893009985735,0.3556910753250122,0.14609118051631426,0.2238834360417123,1.3653678813536774,15.61134246963352,489.89340988960345
42.404605,-71.0258111667,0,0.0,0.0,0.0,0.0011412268188302425,1.0,0.9985734664764622,0.0,0.0002853067047075606,72.3710407239819,66.76062767475035,5.492323875427246,1.9889065712500635,2.4918882383252825,11.01054387911988,54.0721151240265,36.81241034489239
41.4235096633,-70.9140233107,0,0.0,0.0,0.08597285067873303,0.021112696148359488,0.0,0.0002853067047075606,0.6968325791855203,0.8607703281027104,0.0,0.014550641940085592,0.13869544863700867,0.19752178518074945,0.2609903447521085,1.6040315683024802,0.0,30.454621417522286
42.280980785,-71.8247317009,0,0.0,0.019686162624821684,0.0,0.012553495007132667,1.0,0.967475035663338,0.0,0.0002853067047075606,22.248868778280542,20.84564907275321,176.4570770263672,1.886904701584505,3.0669582027357722,14.486791344758432,543.7863683503272,53.05024837643294
42.065929,-71.1901215,0,0.6470588235294118,0.5047075606276747,0.2171945701357466,0.2624821683309558,0.0,0.19115549215406563,0.0,0.0002853067047075606,0.0,3.0388017118402284,68.60452270507812,2.411159727021848,1.1840384369971386,7.096952990940089,224.39228242938887,331.6339417998705
42.3022751691,-71.2838566295,1,0.0,0.010556348074179744,0.0,0.020827389443651926,1.0,0.9677603423680456,0.0,0.0008559201141226819,30.452488687782804,27.80142653352354,38.4174690246582,0.6293400541886975,1.4863625462487822,6.730334202052129,0.0,145.44501472365604
42.16686,-71.164674,0,0.049773755656108594,0.05135520684736091,0.6923076923076923,0.5614835948644793,0.2579185520361991,0.3863052781740371,0.0,0.0002853067047075606,9.217194570135746,14.696148359486449,13.489509582519531,0.10195444296245221,0.8619571193587494,5.489178438551654,56.97050029672442,10.496556920310757
42.4610783333,-70.89608,0,0.0,0.0,0.167420814479638,0.03452211126961484,0.29411764705882354,0.31554921540656206,0.5113122171945701,0.6422253922967189,9.02262443438914,11.385734664764621,1.582234501838684,1.4570334272568213,0.6690684213449702,4.799184180136058,17.881772805922395,13.228718712946442
42.31242833,-71.327325,0,0.0,0.06048502139800285,0.004524886877828055,0.08559201141226819,0.995475113122172,0.8539229671897289,0.0,0.0,21.013574660633484,22.10527817403709,48.85924530029297,0.5875560367461953,0.806914838012455,4.009572783020969,228.90143287972498,24.841316951816495
42.3378250428,-72.1419636687,1,0.0,0.31098430813124106,1.0,0.3041369472182596,0.0,0.0818830242510699,0.0,0.003138373751783167,0.0,0.8265335235378032,171.75900268554688,0.7636290798657102,2.796943760223883,17.899266363428367,2.719121432702394,416.8150358884457
42.2669258118,-72.5876693726,0,0.5565610859728507,0.4653352353780314,0.027149321266968326,0.14950071326676176,0.13122171945701358,0.1760342368045649,0.0,0.05249643366619115,2.764705882352941,2.9743223965763197,49.121097564697266,1.6336664683154156,1.9978616591014398,10.80563140630473,229.98259148681504,221.2826524918474
42.065675,-72.1502666667,0,0.43891402714932126,0.6171184022824536,0.0,0.013980028530670471,0.4660633484162896,0.20912981455064195,0.08144796380090498,0.1275320970042796,3.986425339366516,2.8932952924393724,230.0675048828125,4.86279220290647,3.922518789771854,28.189832487588777,148.81764700854325,7.525720320656193
42.2703630639,-72.5960907284,0,0.334841628959276,0.41198288159771757,0.24434389140271492,0.11269614835948645,0.0,0.17375178316690443,0.38009049773755654,0.16833095577746077,0.0,4.8191155492154065,38.78067398071289,3.5808520370579595,2.4550789030440394,13.805770748194552,0.0,647.8247187179062
41.7427845611,-71.1886131325,0,0.09049773755656108,0.15834522111269614,0.09049773755656108,0.10242510699001427,0.579185520361991,0.6502139800285307,0.2171945701357466,0.08017118402282454,31.212669683257918,21.984878744650498,2.278992176055908,0.7358702424519519,1.3967463406407796,8.99353240028408,10.417910277020404,129.03494372246436
42.10928333,-71.196045,0,0.0,0.18601997146932953,0.0,0.28473609129814553,1.0,0.5223965763195435,0.0,0.0019971469329529245,29.511312217194572,14.314407988587732,83.03901672363281,0.715461472786151,0.9522096734564733,5.177570755214667,430.0073179133709,0.007804194335700445
42.4111972222,-71.7597583333,1,0.23076923076923078,0.45905848787446507,0.45248868778280543,0.12838801711840228,0.058823529411764705,0.11554921540656206,0.2579185520361991,0.27018544935805994,0.22624434389140272,1.9905848787446505,135.46217346191406,1.2101383500025855,1.468051927792388,11.003275356583536,1.171289495896446,324.8843688445176
41.6289303346,-70.8037404587,0,0.13574660633484162,0.1486447931526391,0.19004524886877827,0.1195435092724679,0.3393665158371041,0.11583452211126961,0.18099547511312217,0.5629101283880171,8.628959276018099,2.405991440798859,0.8134385943412781,0.6167981842882142,0.39438742364334534,3.06702312437151,29.979377016590995,77.40464150452095
42.2093444008,-71.6089762375,1,0.497737556561086,0.7514978601997147,0.27601809954751133,0.11611982881597717,0.22624434389140272,0.11925820256776035,0.0,0.0,2.339366515837104,2.3386590584878744,133.45709228515625,1.852743765156382,3.0338231752476497,16.72852565878374,46.487072901149766,8.066247618630062
42.2559182626,-71.1397124817,0,0.19457013574660634,0.2427960057061341,0.0,0.041940085592011414,0.8054298642533937,0.7152639087018545,0.0,0.0,26.457013574660632,26.233666191155493,33.56862258911133,1.4087105355082683,1.6170933352731005,9.703991633303675,185.85238963967515,30.928580588631487
42.3472647,-72.6859127,1,0.29411764705882354,0.329243937232525,0.0,0.08958630527817403,0.7058823529411765,0.49900142653352353,0.0,0.0019971469329529245,15.710407239819004,12.521255349500713,91.75886535644531,3.287121806482218,2.4229317592718917,11.961963752639567,107.2635770059144,0.9243646570474907
42.52432,-72.33538,1,0.9004524886877828,0.8473609129814551,0.09954751131221719,0.04650499286733238,0.0,0.05905848787446505,0.0,0.0,0.0,0.6647646219686163,263.1651611328125,4.027858335337623,4.019210642545598,21.278212234026142,3.313655702856992,10.483478981396328
42.4022690478,-71.1082234383,0,0.0,0.0,0.0,0.0,1.0,0.9951497860199715,0.0,0.0048502139800285305,63.9683257918552,70.9583452211127,5.5168867111206055,0.6682749252476685,0.9981266731058844,6.538755424776594,116.5807302099801,86.7314934853606
42.7632722,-70.8045899,1,0.0,0.0017118402282453639,0.5972850678733032,0.3589158345221113,0.10407239819004525,0.024251069900142655,0.0,0.3455064194008559,1.9049773755656108,0.44022824536376604,2.554856061935425,0.3034516743059545,0.3268611599897096,1.7008929217899957,74.06131722245378,0.46328840267079546
42.3532869933,-72.4997190368,1,0.004524886877828055,0.14835948644793154,0.48868778280542985,0.3340941512125535,0.0,0.16776034236804566,0.0,0.0042796005706134095,0.0,2.761768901569187,49.54173278808594,0.8379422166448018,1.24057371490706,7.5207537169803516,15.191728142049225,391.53135798729
42.5251347745,-71.8358346376,0,0.9004524886877828,0.8191155492154065,0.09954751131221719,0.10699001426533523,0.0,0.0,0.0,0.009700427960057061,0.0,0.0,290.5278015136719,4.38809497227599,4.011583415968809,33.60555175151966,4.539729561346941,0.5426733386523804
42.635744193,-70.9038622361,1,0.2171945701357466,0.31126961483594867,0.3212669683257919,0.5572039942938659,0.13122171945701358,0.030813124108416547,0.0,0.0002853067047075606,2.909502262443439,0.3674750356633381,13.518105506896973,0.924772297373192,1.0679456737933954,5.62859676050743,91.45330498403331,184.89817953470336
41.362476,-70.5352563,0,0.18099547511312217,0.2921540656205421,0.07692307692307693,0.028530670470756064,0.5203619909502263,0.3594864479315264,0.013574660633484163,0.04764621968616262,8.990950226244344,7.025677603423681,4.082531929016113,0.37598885802897947,0.2623936105005904,1.6794789888960922,147.81130850521794,18.394310120318913
42.6542496619,-71.7017484289,0,0.8099547511312217,0.604564907275321,0.19004524886877827,0.2413694721825963,0.0,0.04992867332382311,0.0,0.0008559201141226819,0.0,1.9067047075606276,88.04248046875,0.3005579219461508,1.0872432222999333,5.0245634747862225,0.0,639.2512907183276
42.5690583333,-71.8770916667,0,0.2398190045248869,0.5592011412268189,0.0,0.04621968616262482,0.669683257918552,0.26961483594864477,0.0,0.07104136947218259,14.520361990950226,8.906134094151213,260.6706848144531,3.9387384860797203,3.507098706775254,27.29253996367385,273.98500719617897,0.11315652920036123
42.0188233333,-71.2879,0,0.17647058823529413,0.2282453637660485,0.3438914027149321,0.18773181169757489,0.4117647058823529,0.43138373751783166,0.06787330316742081,0.12039942938659058,7.914027149321267,10.323537803138374,49.12677001953125,1.2505342270233255,0.8182209569529301,4.9811476092313285,24.58037334253389,85.66390250998462
42.3872046771,-71.1244136173,0,0.0,0.0,0.0,0.0,1.0,1.0,0.0,0.0,50.46606334841629,60.89671897289586,16.921838760375977,1.2668804001410383,0.8263325026717576,3.8769099957067428,829.9284264654799,6.086678252280382
42.7715833333,-71.0396555556,0,0.013574660633484163,0.1044222539229672,0.049773755656108594,0.02253922967189729,0.9004524886877828,0.7557774607703281,0.0,0.07617689015691868,27.56561085972851,24.276462196861626,10.967406272888184,1.1929750213863743,2.2062561680704964,10.901248903856288,46.529688969252156,34.78181516105076
41.8939366667,-70.0206528333,0,0.0,0.023965763195435093,0.19004524886877827,0.12639087018544937,0.004524886877828055,0.042796005706134094,0.42081447963800905,0.6804564907275321,0.05429864253393665,0.8573466476462197,2.864654064178467,0.7987915992677397,0.4274561053177026,2.3274767525894817,36.41031644374714,103.21784996512433
42.1051360357,-71.6702815447,1,0.6515837104072398,0.3095577746077033,0.027149321266968326,0.019115549215406563,0.15384615384615385,0.5152639087018545,0.11312217194570136,0.015691868758915834,3.5294117647058822,19.31897289586305,107.64834594726562,2.4984466400508194,2.5908898937810028,17.396138078578247,11.47221580959064,60.936749135382236
42.210400295,-71.1439907891,0,0.0,0.08758915834522112,0.5475113122171946,0.4550641940085592,0.45248868778280543,0.4544935805991441,0.0,0.0,23.15837104072398,21.265049928673324,13.924063682556152,0.4111527662822544,1.2457796347800527,7.463448842499768,30.636276932472725,40.38278023142759
42.5182595581,-71.0394645647,1,0.0,0.0008559201141226819,0.5701357466063348,0.18659058487874466,0.25339366515837103,0.7934379457917261,0.1583710407239819,0.017974322396576318,9.506787330316742,32.89272467902996,21.4858455657959,0.371932443792123,0.6719616162170942,4.417127390316142,0.0,216.7682996616796
42.020830804,-70.036099242,0,0.004524886877828055,0.33723252496433664,0.0,0.0,0.0,0.013694721825962911,0.6877828054298643,0.5492154065620543,0.0,0.10756062767475036,0.7642613053321838,3.415408553510992,1.7425654905398202,15.836068912776017,0.0,152.45038899673526
42.5419868144,-72.2500227106,0,0.5746606334841629,0.6002853067047076,0.40271493212669685,0.23823109843081314,0.0,0.04850213980028531,0.0,0.029671897289586305,0.0,0.7249643366619115,181.5780029296875,1.8108522340910536,2.224821043129922,13.893567607248492,11.989884508552377,495.957641018419
42.5328558187,-72.900413887,0,0.34841628959276016,0.6687589158345221,0.25339366515837103,0.12838801711840228,0.1493212669683258,0.06533523537803139,0.0,0.0011412268188302425,1.592760180995475,0.6656205420827389,535.77294921875,2.804313426063782,2.56097916360538,18.283246386972753,17.111692170922957,14.21133536784726
42.6431402882,-70.6280677525,1,0.42081447963800905,0.5657631954350927,0.2081447963800905,0.17146932952924393,0.14479638009049775,0.17403708987161198,0.21266968325791855,0.07189728958630527,7.642533936651584,5.642796005706134,32.73365783691406,2.582606351837514,1.9265500868437833,6.256643689249721,1.596762389141912,71.2310202290611
41.6948583333,-70.6212,0,0.0,0.007988587731811698,0.04524886877828054,0.13922967189728958,0.8914027149321267,0.5526390870185449,0.06334841628959276,0.2770328102710414,29.8868778280543,16.51840228245364,5.103561878204346,0.8893645648054078,0.6629646426098127,3.6462054343041297,111.32903707557755,1.840824423674519
42.1529416667,-71.6175472222,0,0.4343891402714932,0.5554921540656206,0.5656108597285068,0.23195435092724678,0.0,0.18801711840228244,0.0,0.0,0.0,4.095292439372325,83.44902801513672,0.8389017824068093,1.7501710639420232,12.681753901045267,22.484476745063258,327.53271789810145
41.7703494718,-70.6000244245,0,0.3891402714932127,0.5708987161198288,0.2895927601809955,0.14693295292439373,0.049773755656108594,0.10727532097004279,0.10407239819004525,0.06990014265335236,0.8642533936651584,2.0359486447931525,7.736233234405518,0.8537397809074929,1.0036034557441034,5.4019274869918545,15.022250626552195,196.5566934788704
42.46074,-72.171515,0,0.9140271493212669,0.8385164051355207,0.0,0.061626248216833095,0.004524886877828055,0.03937232524964337,0.0,0.015977175463623396,0.03167420814479638,0.3834522111269615,279.0414733886719,6.210944348753868,5.006530601668692,26.864310376447634,306.2637610569186,278.4103310624105
42.2313400358,-71.2322042417,0,0.5972850678733032,0.36119828815977173,0.0,0.15720399429386592,0.40271493212669685,0.42082738944365194,0.0,0.054778887303851644,5.085972850678733,8.032239657631955,94.57431030273438,3.4768664555104003,1.908132448334014,9.346182564264407,301.5537044812667,78.99054553541637
42.1897322222,-71.1038466667,1,0.28054298642533937,0.0978601997146933,0.38461538461538464,0.24308131241084166,0.13122171945701358,0.4893009985734665,0.20361990950226244,0.16975748930099857,0.9095022624434389,8.984308131241084,47.24779510498047,1.4098172976948387,1.136680854986516,6.461491092316164,17.10671687119344,402.5054166159002
42.2489833333,-72.2504666667,1,0.08597285067873303,0.32724679029957204,0.2850678733031674,0.14807417974322395,0.45248868778280543,0.46562054208273895,0.0,0.002282453637660485,13.832579185520363,16.125534950071327,121.6939468383789,0.703491123987845,3.6641975538624334,25.096464420972243,23.570565372542188,32.70897921141029
41.5212928551,-71.0699789966,0,0.0,0.07075606276747504,0.17647058823529413,0.1905848787446505,0.755656108597285,0.2995720399429387,0.06334841628959276,0.4125534950071327,18.226244343891402,7.75435092724679,1.9395942687988281,1.0435004949554458,0.7380309820856987,5.491124775577674,12.142432539276534,3.425457318571926
42.2193742823,-71.2015092094,0,0.12669683257918551,0.19600570613409415,0.1493212669683258,0.22995720399429387,0.7239819004524887,0.5534950071326676,0.0,0.0008559201141226819,9.104072398190045,13.187446504992867,50.76915740966797,1.6336546374367513,1.2946306218113492,9.060292041505775,41.968664891981476,68.99859467279748
41.3477283333,-70.6602333333,1,0.0,0.0667617689015692,0.08597285067873303,0.0362339514978602,0.0,0.0028530670470756064,0.22624434389140272,0.6995720399429387,0.0,0.019400855920114122,1.1549863815307617,0.25131413193733443,0.19910532790996674,1.215286575092948,29.127270513962696,22.635996248492724
42.3744583333,-71.3596033333,0,0.19457013574660634,0.33295292439372326,0.3257918552036199,0.17860199714693295,0.4796380090497738,0.442225392296719,0.0,0.0017118402282453639,5.271493212669683,6.065049928673324,43.373191833496094,1.11736474793718,1.0732987921840416,4.295552127572959,106.58744019388814,44.09955603283076
42.1081609213,-71.3215596782,1,0.10407239819004525,0.38830242510699003,0.6334841628959276,0.3007132667617689,0.0,0.2724679029957204,0.24434389140271492,0.019115549215406563,0.0,4.546647646219686,52.94969940185547,0.36538461911660797,1.2508955954877259,6.166628909400754,0.0,372.1288324961208
42.8602424997,-70.9110098,0,0.27601809954751133,0.26105563480741795,0.0,0.041940085592011414,0.7239819004524887,0.642796005706134,0.0,0.0,4.841628959276018,16.381455064194007,29.479108810424805,2.2027706993043954,2.1273077594307956,9.050482400949555,223.50809372432303,230.33709754213356
42.1045953494,-71.0558147283,0,0.18552036199095023,0.20370898716119828,0.07239819004524888,0.0659058487874465,0.7420814479638009,0.6442225392296719,0.0,0.07845934379457917,35.93665158371041,33.85962910128388,68.22953796386719,0.8431383150307309,0.8958363819825865,5.723690466813046,126.97412445708281,22.951106054739316
42.4595067,-71.03457665,0,0.0,0.10213980028530671,0.00904977375565611,0.035948644793152636,0.9909502262443439,0.8510699001426534,0.0,0.0094151212553495,24.97285067873303,32.0981455064194,31.551347732543945,2.9597201226448835,2.2904015695205135,13.754237133108168,30.834163263018556,41.61741272852838
41.2971539554,-70.2509299556,0,0.0,0.07988587731811697,0.08144796380090498,0.04365192582025677,0.0,0.0,0.0,0.35748930099857346,0.0,0.0,4.984310150146484,0.5603594325564423,0.6839655526890912,4.051047687191172,157.28935687833066,90.97287401977022
42.3741747517,-72.2737757923,1,0.4796380090497738,0.46847360912981456,0.013574660633484163,0.0068473609129814554,0.00904977375565611,0.013980028530670471,0.4660633484162896,0.5021398002853067,0.03167420814479638,0.1209700427960057,163.28517150878906,3.1390952597727897,3.6694359056931947,30.669445417267482,0.0,14.956257926173533
42.3616222222,-71.1549805556,0,0.0,0.0,0.0,0.003994293865905849,0.9004524886877828,0.9640513552068474,0.09954751131221719,0.03195435092724679,60.61085972850679,63.34893009985735,6.538365840911865,0.6890178632899111,0.9795475262424939,3.779631829733599,129.23287932713384,75.8144268302514
42.6728532972,-70.5681449838,0,0.0,0.0,0.0,0.0,0.0,0.0,1.0,1.0,0.0,0.0,-1.5174131393432617,0.09660058642328609,0.08023924147013926,0.58568538105242,0.0,2657.363797148475
42.424060821,-71.6116708547,0,0.33031674208144796,0.36148359486447934,0.31221719457013575,0.2664764621968616,0.21266968325791855,0.21141226818830242,0.0,0.0,2.085972850678733,4.073894436519258,113.29391479492188,3.230983178136663,1.9883501567281394,14.241702951133364,48.43495676182306,23.581526188102085
42.68429484,-72.27610723,0,1.0,0.9109843081312411,0.0,0.02225392296718973,0.0,0.00884450784593438,0.0,0.03965763195435093,0.0,0.13580599144079886,357.49139404296875,9.308843267903628,6.407398520828007,49.91074751059656,695.7565991055583,621.3847480710705
42.43487,-71.1983816667,0,0.416289592760181,0.08958630527817403,0.46153846153846156,0.21940085592011413,0.12217194570135746,0.6764621968616262,0.0,0.014265335235378032,2.339366515837104,18.40684736091298,55.28896713256836,0.8156610696702308,1.4025894334844984,5.163582533786432,104.014651781202,203.38796555749764
41.7007273737,-70.0110278105,1,0.0,0.18288159771754636,0.2895927601809955,0.06134094151212553,0.6470588235294118,0.6627674750356634,0.06334841628959276,0.08701854493580599,14.031674208144796,15.374607703281027,5.244443893432617,1.3114119592613729,1.2035165306175954,4.900588473871894,0.0,84.06813407403148
42.215692762,-71.9549916641,1,0.167420814479638,0.3232524964336662,0.07239819004524888,0.19514978601997146,0.36199095022624433,0.12496433666191155,0.16289592760180996,0.2687589158345221,7.199095022624435,1.7255349500713266,257.68524169921875,2.0312895842068226,1.5475027088892457,8.223571776030152,0.20704147594279892,10.988464420927793
42.6176716667,-71.4921883333,0,0.6561085972850679,0.7166904422253922,0.027149321266968326,0.10898716119828816,0.19457013574660634,0.08758915834522112,0.0,0.0002853067047075606,6.153846153846154,2.2530670470756062,119.60862731933594,4.153443522648401,2.8757066719284388,15.582343976149067,23.407628992512645,31.29969876723762
42.2557222222,-71.5635333333,1,0.049773755656108594,0.19029957203994294,0.38461538461538464,0.22054208273894438,0.5475113122171946,0.5138373751783167,0.0,0.0002853067047075606,8.760180995475114,8.941226818830243,88.05516815185547,0.9491454000738087,1.4805145088033664,11.781539080320542,39.72468083196155,51.75788156653073
41.3535083333,-70.8247533333,1,0.13122171945701358,0.24308131241084166,0.027149321266968326,0.05905848787446505,0.05429864253393665,0.10242510699001427,0.48868778280542985,0.4776034236804565,0.7963800904977375,1.3803138373751782,3.744478702545166,1.7370889037131847,1.2465847439060234,12.055830201664744,0.0,145.78769093989698
42.4281316667,-72.21654,0,0.6877828054298643,0.668188302425107,0.248868778280543,0.19115549215406563,0.0,0.023395149786019972,0.00904977375565611,0.08017118402282454,0.0,0.17146932952924393,178.449462890625,3.8618510145470375,3.4332327709047328,22.322428101763133,88.092958120614,8.998481868667174
41.650425,-70.6213833333,1,0.04072398190045249,0.06562054208273894,0.1493212669683258,0.07161198288159772,0.5294117647058824,0.5965763195435093,0.26244343891402716,0.22767475035663337,16.74660633484163,12.316690442225392,6.651896953582764,0.9263176360698494,0.6574226785057142,5.132458981427164,9.080450474690396,151.11014325643006
41.6321737,-70.9484382,0,0.0,0.03166904422253923,0.0,0.01825962910128388,1.0,0.946077032810271,0.0,0.003994293865905849,42.067873303167424,48.60313837375178,30.075124740600586,0.5609716313045974,0.5968283066036211,3.28530286457253,345.0339582239179,1.0319650266055367
42.2979786695,-71.1815022002,0,0.0,0.03281027104136947,0.0,0.04051355206847361,1.0,0.9255349500713267,0.0,0.0008559201141226819,31.556561085972852,26.17403708987161,36.34117126464844,1.2795345037552144,1.7475558777965272,10.292900891264761,421.29755657361426,13.93650988053206
42.3056781292,-71.8403957226,0,0.10407239819004525,0.2921540656205421,0.0,0.027960057061340943,0.8959276018099548,0.6724679029957203,0.0,0.0,28.28054298642534,20.524679029957206,246.9561309814453,2.8470065110532694,2.755810422223833,14.19110954047443,112.16866985011707,2.5355985406444743
41.3516972677,-70.5326111116,1,0.17194570135746606,0.039087018544935806,0.2171945701357466,0.041940085592011414,0.05429864253393665,0.08159771754636234,0.17647058823529413,0.3874465049928673,0.7873303167420814,1.4171184022824537,1.6409573554992676,0.25008906220672456,0.2231504357295941,1.806053210077459,4.240180899740982,199.28978547934685
42.536055,-72.17561333,0,0.9728506787330317,0.7674750356633381,0.027149321266968326,0.19372325249643366,0.0,0.0,0.0,0.0002853067047075606,0.0,0.0,365.22662353515625,2.304376550959632,2.598672562535029,14.812463367177235,363.3768043410241,13.658440041965513
42.3189143981,-72.6401162719,0,0.0,0.06875891583452211,0.0,0.01825962910128388,0.9321266968325792,0.903851640513552,0.06787330316742081,0.005706134094151213,35.588235294117645,37.132667617689016,51.30445861816406,2.3854178586406825,1.8364130389587647,9.139794838781935,79.49604934863592,24.716278961021263
42.0844789921,-71.568412101,0,0.6968325791855203,0.6302425106990014,0.06787330316742081,0.17803138373751784,0.18099547511312217,0.1594864479315264,0.0,0.002282453637660485,3.009049773755656,2.4410841654778888,144.5309600830078,2.504329136373887,1.696911484406437,6.7302219026222305,121.85139188779858,211.50060173133392
42.4591391177,-72.5598877147,0,1.0,0.8125534950071327,0.0,0.0011412268188302425,0.0,0.14436519258202568,0.0,0.0,0.0,4.364051355206847,113.04326629638672,5.782407070061513,6.998271915064188,54.18523336300358,63.46564075232075,80.40567663084222
42.2591389,-72.0933611,0,0.27601809954751133,0.5369472182596291,0.10407239819004525,0.09557774607703282,0.09954751131221719,0.2211126961483595,0.0,0.0,0.7420814479638009,4.079885877318117,248.83328247070312,2.652453565881442,3.0082248700581,21.657947670892245,28.27503276158273,160.06403038211192
42.2326837997,-71.6623163997,0,0.09502262443438914,0.36205420827389445,0.0,0.08302425106990015,0.9049773755656109,0.4747503566333809,0.0,0.0,31.452488687782804,11.476462196861625,154.3433074951172,3.252881333732491,2.2586768271641255,11.903016932594012,261.5740559063408,66.78794696455866
41.8955555556,-70.7455555556,1,0.15384615384615385,0.21997146932952924,0.09954751131221719,0.09300998573466476,0.6968325791855203,0.4288159771754636,0.0,0.018544935805991442,12.126696832579185,9.934094151212554,34.12353515625,0.3462008021773942,0.4170565529974286,2.0445308456084,127.36009734741809,19.541068492988526
42.6825310695,-71.2940461213,0,0.00904977375565611,0.2099857346647646,0.004524886877828055,0.05392296718972896,0.9547511312217195,0.6379457917261055,0.0,0.0,24.79638009049774,15.976319543509273,67.42674255371094,2.8964299993506035,2.028921382705536,14.945940336458104,218.08838829204038,17.30591431076919
42.2215575653,-71.6485880771,0,0.48868778280542985,0.4710413694721826,0.26244343891402716,0.15463623395149786,0.0,0.2536376604850214,0.0,0.0,0.0,6.5238231098430814,122.10694885253906,2.821221584019975,2.513821504881112,17.381890483219337,71.184718386439,331.30151599994554
42.4680399657,-71.503291176,0,0.4072398190045249,0.5392296718972895,0.3393665158371041,0.12382310984308131,0.23529411764705882,0.28245363766048504,0.004524886877828055,0.0002853067047075606,3.262443438914027,4.199144079885877,88.21441650390625,2.4994120908309467,2.546826998242797,10.71827704024322,0.0,75.39998562474075
42.1824628692,-71.8804164603,0,0.7058823529411765,0.42710413694721827,0.0,0.08017118402282454,0.17647058823529413,0.35320970042796007,0.0,0.03223965763195435,2.3438914027149322,13.45135520684736,212.71224975585938,2.4660772068246914,2.534612509382336,12.44953719135707,301.4521233958148,11.01456748197431
42.2401580811,-71.7747192383,0,0.14479638009049775,0.24079885877318116,0.8144796380090498,0.1087018544935806,0.04072398190045249,0.6502139800285307,0.0,0.0002853067047075606,1.085972850678733,26.659058487874464,146.66653442382812,1.6275077517038463,2.973032577492453,16.700936514440873,4.406324352158308,250.6502483713042
42.601822,-71.988628,0,0.5972850678733032,0.44650499286733236,0.1085972850678733,0.1666191155492154,0.2895927601809955,0.3355206847360913,0.0,0.015977175463623396,8.692307692307692,6.645078459343795,340.4136047363281,3.4342473505825004,2.430566736163056,15.187153529044247,115.01378591139745,9.782660093358203
42.4878431299,-70.9341481466,0,0.1583710407239819,0.1788873038516405,0.0,0.05734664764621969,0.8416289592760181,0.7586305278174037,0.0,0.003994293865905849,26.466063348416288,30.710128388017118,36.53697967529297,1.6936549092847255,1.791376310882753,9.163398332212093,267.7597290375383,18.984038094051574
42.2924916667,-72.5186916667,1,0.9864253393665159,0.9589158345221113,0.0,0.016547788873038517,0.0,0.003708987161198288,0.013574660633484163,0.0008559201141226819,0.0,0.08587731811697574,112.7348403930664,3.7238227360370613,4.311459184079157,23.527973647628965,27.0033427729914,902.784623648411
42.01870833,-71.29612,0,0.14027149321266968,0.23794579172610555,0.01809954751131222,0.18830242510699002,0.8416289592760181,0.4630527817403709,0.0,0.1044222539229672,20.93212669683258,14.051069900142654,61.419151306152344,0.5285155940125185,0.8472602338386391,4.3805065023390855,280.1182983838954,25.305694604228105
42.4689666667,-72.0919638333,0,0.31221719457013575,0.7001426533523538,0.3393665158371041,0.10242510699001427,0.20361990950226244,0.07988587731811697,0.0,0.0,2.176470588235294,0.7209700427960057,317.4398498535156,1.2254949163261604,2.730281220530073,19.379149192324828,17.855656752535175,81.2420318631873
41.447445,-70.5592583333,1,0.05429864253393665,0.0898716119828816,0.167420814479638,0.03366619115549215,0.5882352941176471,0.5877318116975749,0.17647058823529413,0.24108416547788872,9.212669683257918,16.790870185449357,1.0299549102783203,0.5482003710765013,0.4928509078631242,2.808985155217623,32.847450561792584,63.67619243722714
42.4213821722,-72.4803350861,0,0.5248868778280543,0.859058487874465,0.12669683257918551,0.020256776034236805,0.02262443438914027,0.050784593437945794,0.3257918552036199,0.05335235378031384,0.2171945701357466,0.4176890156918688,135.40615844726562,1.8398467765384972,3.6258175045418057,22.2077947765562,0.7098643878774087,184.57141855496548
41.9389117997,-70.6122794,1,0.0,0.06476462196861626,0.00904977375565611,0.047075606276747506,0.9095022624434389,0.5269614835948645,0.01809954751131222,0.340941512125535,19.099547511312217,8.045934379457917,20.675832748413086,2.3266939339153754,1.9710623282582793,13.999574407310245,200.79445071798548,6.344048752040024
41.7046793527,-69.9465991862,0,0.0,0.0048502139800285305,0.10407239819004525,0.04850213980028531,0.18099547511312217,0.21683309557774608,0.5565610859728507,0.6587731811697575,3.5429864253393664,4.230527817403709,0.62570720911026,0.6020047853917245,0.46381633919897824,4.060056686832909,25.654040577458147,79.99896665738825
42.3588866667,-71.20842,0,0.0,0.0,0.0,0.015406562054208274,1.0,0.9845934379457917,0.0,0.0,52.547511312217196,54.11554921540656,15.217497825622559,0.26924965296663594,0.569835079814918,3.0807315937491997,566.7491782619677,9.175081792088553
42.5674283333,-73.1512138333,0,0.00904977375565611,0.22510699001426535,0.5565610859728507,0.23195435092724678,0.4253393665158371,0.35463623395149785,0.0,0.0008559201141226819,8.705882352941176,8.990014265335235,292.1565856933594,0.9824601712990031,3.2439682362325266,18.82254277519263,0.0,83.49036346211358
42.6525770544,-71.6768812686,1,0.1583710407239819,0.3241084165477889,0.18552036199095023,0.20028530670470757,0.21266968325791855,0.3146932952924394,0.42081447963800905,0.037089871611982884,6.452488687782806,8.584022824536376,81.74888610839844,0.5191556913191022,0.6759687386667416,3.5985951989119838,0.0,194.61182346204825
42.1707722222,-71.0601583333,0,0.0,0.03281027104136947,0.0,0.09358059914407989,1.0,0.865620542082739,0.0,0.005420827389443652,36.60180995475113,31.970328102710415,64.18658447265625,0.8461095906403481,0.7672783882068404,4.8627219681237905,121.72220421121168,0.5291838744312835
42.6577016667,-72.6734033333,0,0.7149321266968326,0.6054208273894437,0.12669683257918551,0.024251069900142655,0.09049773755656108,0.10042796005706134,0.0,0.0002853067047075606,0.5203619909502263,1.5084165477888731,280.7987060546875,3.2597915953027345,5.063842683345183,25.15169396011631,22.916281931729777,3.111179982306705
42.1146583333,-72.7919616667,0,0.2171945701357466,0.49529243937232525,0.09049773755656108,0.08930099857346648,0.6108597285067874,0.3346647646219686,0.0,0.00456490727532097,8.65158371040724,5.433666191155492,84.40264129638672,1.8731346148293926,2.1376155672126615,14.660831232999449,26.344506958050037,44.11000402045067
42.6837606481,-70.8269724995,1,0.11312217194570136,0.24450784593437946,0.08144796380090498,0.11754636233951497,0.7239819004524887,0.5440798858773181,0.08144796380090498,0.0550641940085592,20.352941176470587,11.875606276747504,5.187679767608643,2.1842626281554334,1.7682762837896835,11.107791540963186,0.0,53.095210913806135
42.8040283333,-70.9729616667,1,0.6289592760180995,0.4944365192582026,0.15384615384615385,0.1383737517831669,0.04524886877828054,0.18516405135520686,0.12217194570135746,0.019971469329529243,0.4434389140271493,3.066191155492154,18.920612335205078,1.9992729796910393,2.4138030962374284,11.034142127082184,3.4201222311940516,254.31208573820453
42.27521641,-71.75793976,0,0.004524886877828055,0.007132667617689016,0.0,0.0005706134094151213,0.7420814479638009,0.8593437945791726,0.25339366515837103,0.1326676176890157,49.47963800904977,47.4941512125535,110.16949462890625,1.7868359257891204,2.298135262304482,15.02329229885679,18.814384699728468,34.78880606366821
42.1506292301,-72.7394985312,0,0.3936651583710407,0.14978601997146934,0.13574660633484162,0.04907275320970043,0.3393665158371041,0.7611982881597718,0.11764705882352941,0.010841654778887305,8.30316742081448,31.04793152639087,64.62217712402344,1.1630367148274106,1.0854925786439584,6.154227134837882,0.0,106.40027520998545
42.2767885693,-71.0114018619,0,0.0,0.0,0.00904977375565611,0.003708987161198288,0.8099547511312217,0.6039942938659059,0.167420814479638,0.38773181169757487,53.70135746606335,34.384308131241085,1.9611209630966187,0.6184957805583654,0.3059910314787292,2.7277011756897314,89.79866867196492,13.54593378595346
42.05733333,-70.13666667,0,0.0,0.0,0.00904977375565611,0.05962910128388017,0.22171945701357465,0.0738944365192582,0.49321266968325794,0.7218259629101283,12.040723981900452,3.936947218259629,0.13898052275180817,0.2773887075032626,0.2440671433323622,1.2066558538033878,63.591118603061524,12.105820245438006
42.4669189453,-71.4915161133,0,0.27149321266968324,0.36547788873038517,0.09049773755656108,0.10670470756062768,0.6380090497737556,0.5258202567760343,0.0,0.0014265335235378032,5.321266968325792,9.204850213980029,90.99234771728516,1.6977629640412648,2.501056742549728,15.62643281453173,141.75113109134747,10.410083611256846
42.0946150091,-72.9483130923,0,0.6515837104072398,0.8074179743223966,0.2081447963800905,0.12325249643366619,0.14027149321266968,0.04022824536376605,0.0,0.02368045649072753,0.669683257918552,0.2676176890156919,389.77227783203125,1.6229779201394494,2.2443662595282827,10.388948365827563,86.86855663623142,22.20881560113738
42.3278449151,-71.2101929717,1,0.19909502262443438,0.014835948644793153,0.18552036199095023,0.04165477888730385,0.6153846153846154,0.9121255349500713,0.0,0.03138373751783167,10.945701357466064,23.90756062767475,34.24400329589844,1.4270587099809255,0.9482099421821041,5.354967001718981,0.0,69.3481850848501
42.1031581243,-72.1583068224,0,0.6742081447963801,0.4898716119828816,0.09049773755656108,0.340941512125535,0.14479638009049775,0.07674750356633381,0.0,0.006276747503566334,0.5927601809954751,0.9617689015691869,223.537109375,2.3427431162137986,2.3146139978416196,14.890521878754786,35.15924725501982,157.9441500007482
41.50176667,-71.1208945,0,0.2669683257918552,0.08502139800285306,0.06787330316742081,0.07161198288159772,0.18552036199095023,0.10213980028530671,0.19457013574660634,0.5586305278174037,3.3619909502262444,1.7609129814550641,9.467543601989746,1.3359129823577156,0.6760731026455881,3.6686954904466518,112.05977897004463,177.20901974372623
42.6614202973,-71.1651027975,0,0.0,0.1087018544935806,0.058823529411764705,0.0644793152639087,0.9411764705882353,0.816262482168331,0.0,0.0,21.004524886877828,15.212553495007132,47.99848556518555,1.056696597284758,1.3462433733047916,8.320197088930074,285.0761792866701,11.384597969156848
42.172423,-72.547842,0,0.5882352941176471,0.33437945791726104,0.0,0.034807417974322394,0.31221719457013575,0.5971469329529244,0.09502262443438914,0.029957203994293864,5.497737556561086,28.759201141226818,60.136680603027344,1.8103676055740046,1.2449558257713187,6.326026900862091,10.66322515860153,125.67355349125529
42.2912490943,-71.1443422685,0,0.0,0.048787446504992865,0.0,0.005420827389443652,1.0,0.9457917261055635,0.0,0.0,43.01357466063349,47.12696148359486,62.94590759277344,2.114587128822539,1.6607924026636534,7.744371461621886,536.751708306795,8.584072642180985
42.49218833,-71.87954667,0,0.6923076923076923,0.875320970042796,0.0,0.005135520684736091,0.3076923076923077,0.10527817403708987,0.0,0.0,5.660633484162896,1.0938659058487874,426.33575439453125,9.955588286369224,9.99004381019899,74.67973612977174,73.73915398059472,0.8774141250638752
42.7898833333,-70.9392016667,0,0.03619909502262444,0.2664764621968616,0.7963800904977375,0.3634807417974322,0.0,0.15263908701854492,0.0,0.02710413694721826,0.0,1.8313837375178317,5.041754722595215,0.4011067787898114,1.147833819485453,6.772837366305962,0.0,8.362467278797137
41.5261192904,-70.6703164042,1,0.0,0.0028530670470756064,0.00904977375565611,0.025106990014265335,0.7601809954751131,0.48502139800285304,0.23076923076923078,0.46048502139800285,39.588235294117645,11.450499286733239,0.5041787028312683,0.7705190470218933,0.984656292706778,8.639461401955694,0.0,145.0988789980705
41.5645285551,-70.6169916788,0,0.013574660633484163,0.21540656205420827,0.00904977375565611,0.033951497860199714,0.9773755656108597,0.6944365192582026,0.0,0.050784593437945794,21.660633484162897,22.027389443651927,12.561138153076172,1.1314733352863955,1.1167514279782937,8.556524642328077,232.85590671872498,3.724831224352233
42.1628066667,-72.8143683333,0,0.9909502262443439,0.8273894436519258,0.0,0.03138373751783167,0.0,0.11241084165477888,0.0,0.015977175463623396,0.0,3.0262482168330957,188.962158203125,19.268025424641852,11.568615470897806,67.72080179711803,358.95340253798753,297.80963074028296
42.64261423,-70.799195054,0,0.4072398190045249,0.430527817403709,0.3574660633484163,0.3486447931526391,0.17647058823529413,0.10984308131241084,0.0,0.0008559201141226819,1.506787330316742,1.4955777460770328,11.216004371643066,1.2549555662397351,1.6137740405616212,8.882640190693689,324.02184762925697,1.6983108968471787
42.4350919722,-72.688004,0,1.0,0.8416547788873039,0.0,0.02310984308131241,0.0,0.04165477888730385,0.0,0.027960057061340943,0.0,0.49015691868758915,219.92886352539062,4.282056952323092,4.681315351622602,28.035879576801534,72.16183661785556,65.52802069344291
42.6511845264,-70.8429489643,0,0.09049773755656108,0.1520684736091298,0.42081447963800905,0.3118402282453638,0.248868778280543,0.19258202567760344,0.0,0.0008559201141226819,5.407239819004525,3.703851640513552,7.490622520446777,0.26730460443878257,0.6979626430266304,2.6150859541744764,50.25459619997863,20.782868346031933
42.2977611111,-71.1076972222,0,0.004524886877828055,0.056776034236804565,0.0,0.012268188302425107,0.995475113122172,0.9258202567760342,0.0,0.005135520684736091,19.81447963800905,35.21911554921541,33.37385177612305,1.668226875013389,1.720789563497999,7.6331751217587716,354.93665244837786,0.4787558826036984
42.1215259033,-70.6805733233,0,0.0,0.06134094151212553,0.38009049773755654,0.329243937232525,0.049773755656108594,0.1760342368045649,0.18099547511312217,0.3189728958630528,2.5610859728506785,6.56718972895863,1.5564560890197754,0.21205611909603397,1.0536892827088569,8.541862934154077,3.491028673623098,218.23666130201434
42.6355757406,-71.1490238721,0,0.4117647058823529,0.32353780313837377,0.01809954751131222,0.1643366619115549,0.14027149321266968,0.44308131241084164,0.38461538461538464,0.04051355206847361,1.7330316742081449,8.323252496433666,22.54234504699707,2.3157993111125434,2.0471644272277154,13.958414422169838,46.60057059522084,90.99679046806685
42.36038908,-73.21200142,0,0.8099547511312217,0.8459343794579173,0.19004524886877827,0.1346647646219686,0.0,0.0,0.0,0.013980028530670471,0.0,0.0,550.0850830078125,2.3957013929657753,3.414784152328558,21.453877274075058,102.76899632988378,93.6906160515431
42.1885389722,-71.198729,0,0.0,0.0,0.0,0.0,1.0,1.0,0.0,0.0,67.65610859728507,54.201141226818834,32.233890533447266,1.2257324169191628,1.3925248884486925,11.331002335364152,592.4766589844119,6.637253809338727
42.3273583333,-72.513245,1,0.47058823529411764,0.21283880171184022,0.45701357466063347,0.22853067047075606,0.0,0.15634807417974322,0.0,0.0002853067047075606,0.0,2.4085592011412267,53.16886901855469,0.4971839997100969,1.738902939903997,10.728560001105743,7.780286981652071,600.0408576731439
42.315119911,-71.3894226775,0,0.06787330316742081,0.019971469329529243,0.14479638009049775,0.034807417974322394,0.7873303167420814,0.8704707560627675,0.0,0.07303851640513552,29.751131221719458,39.5848787446505,43.576351165771484,0.9058194868941077,0.9657568729768199,4.4236313296281455,56.712455415892954,96.00841579041237
42.4411966667,-71.6676333333,0,0.27601809954751133,0.2582025677603424,0.2895927601809955,0.1500713266761769,0.4343891402714932,0.5092724679029957,0.0,0.0005706134094151213,8.83710407239819,12.384022824536377,79.35233306884766,1.2467614470095332,1.3071793566253715,8.377669279381164,0.0,3.1804027336177922
42.349895,-71.0519555,0,0.0,0.0,0.0,0.0,0.8280542986425339,0.9309557774607703,0.17194570135746606,0.06904422253922968,66.55656108597285,78.2342368045649,2.197267770767212,0.3416255710966007,0.45109532676150427,2.011371215781406,0.0,34.36287151379726
41.9224597202,-69.9781988561,0,0.3755656108597285,0.46562054208273895,0.004524886877828055,0.051069900142653356,0.4841628959276018,0.08359486447931526,0.0,0.26904422253922966,14.628959276018099,1.9406562054208274,21.9366512298584,1.6048209551413153,1.3810646041979797,8.694696719603948,375.8585814493282,27.11668128830708
42.222280296,-71.0595246367,0,0.8959276018099548,0.8527817403708987,0.03167420814479638,0.06019971469329529,0.00904977375565611,0.07104136947218259,0.0,0.0048502139800285305,0.15384615384615385,1.342938659058488,131.83795166015625,5.450192883102401,5.043428230220953,24.21941083771616,189.08388925839594,200.22213597427435
41.84423,-70.540475,1,0.14027149321266968,0.26562054208273894,0.27601809954751133,0.11554921540656206,0.5158371040723982,0.3774607703281027,0.00904977375565611,0.1449358059914408,10.389140271493213,7.123823109843081,8.140254020690918,1.5610958162444684,1.4199787672607207,8.747095509461326,0.0,65.90718686474281
41.2493317114,-70.0847791653,0,0.0,0.09472182596291012,0.0,0.015121255349500713,1.0,0.6513552068473609,0.0,0.13009985734664764,24.036199095022624,14.817689015691869,8.372840881347656,0.19854696305736563,0.49646977591456004,3.5512481000165197,348.4604413573527,19.685668416571595
42.0901555028,-70.67215,1,0.058823529411764705,0.05392296718972896,0.7692307692307693,0.6276747503566333,0.0,0.16833095577746077,0.02262443438914027,0.03223965763195435,0.0,4.472753209700428,0.028135430067777634,0.09652053246907973,0.16946272693070916,1.0918008904287566,0.0,700.7586358726102
42.4247166667,-71.837525,0,0.42081447963800905,0.6684736091298146,0.48868778280542985,0.2850213980028531,0.0,0.030813124108416547,0.09049773755656108,0.005706134094151213,0.0,0.5049928673323824,216.05624389648438,1.020034963415493,1.5250471611153509,6.826861830164841,0.0,795.2817416631796
42.7112283333,-72.492895,1,0.8280542986425339,0.9061340941512126,0.08597285067873303,0.05249643366619115,0.049773755656108594,0.012838801711840228,0.0,0.0,0.49321266968325794,0.12867332382310984,133.36636352539062,3.362699603685716,4.171590178503628,20.605623744372583,14.918003497306405,0.8667378743538403
42.675986202,-71.7784107104,0,0.47058823529411764,0.807132667617689,0.00904977375565611,0.025106990014265335,0.3438914027149321,0.11526390870185449,0.0,0.0002853067047075606,3.502262443438914,1.246219686162625,162.9784698486328,3.5263812166648316,3.4980084235315374,18.46039242802592,287.4026047260029,29.510256619813514
42.6401831438,-70.6348701225,1,0.37104072398190047,0.6168330955777461,0.4660633484162896,0.20970042796005706,0.11764705882352941,0.10527817403708987,0.04524886877828054,0.056776034236804565,0.7692307692307693,2.88074179743224,25.602996826171875,1.3938152746838743,1.856662116631823,6.707092386456182,0.4016155714283116,159.73609339794172
41.663737542,-70.0794877763,0,0.0,0.0,0.0,0.017403708987161197,0.3936651583710407,0.456490727532097,0.43891402714932126,0.4513552068473609,18.11764705882353,17.23138373751783,2.0626776218414307,0.809089935063845,0.3216960094312889,2.3662793558569515,5.872562182558239,47.83171248328482
42.2488833333,-72.5629194444,0,0.07692307692307693,0.25164051355206846,0.00904977375565611,0.1609129814550642,0.7873303167420814,0.5081312410841655,0.0,0.003708987161198288,12.561085972850679,10.482168330955778,74.84886932373047,2.107815072151042,2.0530565641426297,11.511762723242255,375.29544632902287,20.289076305887768
41.73153,-70.7738633333,0,0.29411764705882354,0.30099857346647646,0.11312217194570136,0.2995720399429387,0.45701357466063347,0.32838801711840226,0.0,0.005991440798858773,8.963800904977376,8.206847360912981,4.578348159790039,0.4454870051521785,0.43667150826674067,2.2127500563079714,27.952865384847055,2.367881997168899
42.1826742436,-71.2174973054,0,0.0,0.009700427960057061,0.0,0.034236804564907276,0.9864253393665159,0.9420827389443652,0.013574660633484163,0.013980028530670471,30.92760180995475,35.99457917261056,38.26454544067383,1.9560300586908437,1.5555600671951655,11.47110874289558,165.77297869628333,63.342492944005386
42.6025466667,-72.7394333333,1,0.02262443438914027,0.3666191155492154,0.0,0.005420827389443652,0.9592760180995475,0.5594864479315264,0.01809954751131222,0.024821683309557776,51.52488687782805,16.43623395149786,123.837158203125,3.069922281190502,6.882894968612214,41.12369100057812,13.88639075318333,26.831120111590383
42.6170755971,-71.2471948191,0,0.03167420814479638,0.05449358059914408,0.17647058823529413,0.29985734664764624,0.7828054298642534,0.6433666191155493,0.0,0.0,24.32579185520362,24.794579172610558,35.9074821472168,0.2725414597954061,0.3497422510531935,1.5275806491902724,32.71847705993621,8.01106260461075
42.022061678,-70.8827934316,1,0.14027149321266968,0.29529243937232524,0.2850678733031674,0.30385164051355207,0.03619909502262444,0.09586305278174037,0.04072398190045249,0.15121255349500715,0.40271493212669685,1.5783166904422254,18.69881248474121,0.2505681435962591,0.42702525397836905,2.9595732632346974,0.0,115.54892320119926
42.6355750483,-70.6426464921,1,0.4253393665158371,0.6222539229671897,0.5248868778280543,0.17660485021398004,0.04524886877828054,0.17375178316690443,0.0,0.017403708987161197,0.29411764705882354,7.627960057061341,24.19218635559082,1.5613610270049714,1.7796846954399934,8.590603724179264,16.853214083947172,114.16860215804996
42.5089116667,-71.37587,0,0.08597285067873303,0.39600570613409414,0.7692307692307693,0.32268188302425105,0.058823529411764705,0.20770328102710414,0.0,0.0025677603423680455,1.081447963800905,2.901283880171184,44.933860778808594,0.6511294386963092,1.689743612511401,8.48904578049827,0.0,182.1445258755102
42.0216051441,-70.9460222983,0,0.665158371040724,0.2967189728958631,0.19457013574660634,0.21312410841654778,0.09049773755656108,0.44821683309557775,0.0,0.006562054208273894,0.995475113122172,11.123537803138374,17.00470733642578,0.7311983727802,0.7300659137502797,3.7316677624091006,140.4919407359818,144.37793185203253
42.28101333,-71.20723667,0,0.0,0.08930099857346648,0.0,0.1731811697574893,1.0,0.7209700427960057,0.0,0.016262482168330955,37.64705882352941,21.70841654778887,55.42779541015625,1.777482388673241,1.94402928182915,14.559580515145434,497.35478502356864,34.87379274442217
42.6123759896,-70.6666230877,0,0.0,0.0,0.0,0.015406562054208274,1.0,0.6664764621968616,0.0,0.31726105563480744,79.55203619909503,44.51298145506419,8.007205963134766,1.5843710948958192,1.1430376821205046,8.363056959709729,195.5698150171687,15.204745695369999
42.6703691453,-70.8072406567,1,0.14479638009049775,0.1303851640513552,0.8552036199095022,0.5534950071326676,0.0,0.0898716119828816,0.0,0.0011412268188302425,0.0,1.2390870185449359,1.5187684297561646,0.4249791654799134,0.8482526560550391,3.3480343978024885,0.0,589.8184465481135
42.0260081918,-70.8866128063,1,0.4117647058823529,0.4573466476462197,0.26244343891402716,0.27931526390870187,0.01809954751131222,0.1101283880171184,0.2171945701357466,0.037089871611982884,0.27601809954751133,1.762339514978602,20.53358268737793,0.3961231496798406,0.5183909202564833,3.549610579825621,0.0,251.53853043421205
41.6556133333,-70.3207083333,0,0.0,0.0,0.0,0.0068473609129814554,1.0,0.972039942938659,0.0,0.021112696148359488,51.321266968325794,30.86333808844508,14.392481803894043,0.467799244965082,0.5373771035335287,2.516949784963691,449.625063310317,4.233156597286305
42.1629931189,-71.2372697067,1,0.0,0.1166904422253923,0.0,0.11611982881597717,1.0,0.6915834522111269,0.0,0.015977175463623396,42.14027149321267,22.12781740370899,53.18153381347656,0.7162526379816746,1.14716050519311,4.1941590418983035,0.0,62.47600294193381
42.4355943498,-71.4226522435,0,0.14479638009049775,0.35920114122681884,0.08597285067873303,0.12553495007132667,0.7692307692307693,0.5118402282453638,0.0,0.002282453637660485,31.85972850678733,16.83737517831669,60.63066482543945,0.8598937581833483,1.2271757266506,5.597302500416188,150.34963505131407,36.26779282331005
42.393283,-71.269786,0,0.004524886877828055,0.21997146932952924,0.00904977375565611,0.09985734664764621,0.9864253393665159,0.581169757489301,0.0,0.09015691868758915,61.51131221719457,32.94293865905849,53.63079071044922,1.6169913296644087,2.140679897284883,11.349436707014874,237.07507679128148,75.09410887227446
42.2831256663,-71.1751812624,1,0.0,0.03138373751783167,0.26244343891402716,0.16262482168330955,0.7330316742081447,0.7426533523537803,0.004524886877828055,0.054778887303851644,32.0316742081448,32.52268188302425,30.205427169799805,0.9476304277950963,1.1447136180508433,4.51653300438837,0.0,133.26018974265003
42.4486666667,-71.34198,0,0.5203619909502263,0.36547788873038517,0.027149321266968326,0.12439372325249644,0.4253393665158371,0.4527817403708987,0.027149321266968326,0.013980028530670471,10.782805429864254,12.879885877318117,47.329200744628906,2.081805090797909,1.165151663447514,8.62013939682137,100.94728151574293,65.15893173262566
42.2624944444,-71.0972333333,0,0.0,0.0,0.0,0.003994293865905849,1.0,0.9960057061340941,0.0,0.0,45.81447963800905,46.23252496433666,11.982741355895996,0.5638887347331564,1.0018098597601688,4.7233233295211,46.63144218397003,0.9456290188855055
42.4585243923,-71.8985955496,0,0.8054298642533937,0.8339514978601997,0.07692307692307693,0.08701854493580599,0.03619909502262444,0.021968616262482168,0.03619909502262444,0.0028530670470756064,0.17194570135746606,0.14122681883024252,330.5226745605469,5.4524057774623165,4.872921079781974,36.63019656027821,0.0,216.28155329792534
41.4672062399,-70.6024404707,0,0.0,0.09386590584878744,0.0,0.0008559201141226819,1.0,0.6119828815977175,0.0,0.2553495007132668,12.384615384615385,8.78002853067047,10.622488021850586,1.258670655667461,0.8489192076701524,7.666132385976911,412.1821091400051,19.124229661578113
42.4320666667,-71.2049716667,0,0.12669683257918551,0.07788873038516406,0.4479638009049774,0.19115549215406563,0.4253393665158371,0.7309557774607703,0.0,0.0,9.411764705882353,17.659343794579172,54.61201095581055,1.5028188763313652,1.9592463106518732,11.608301798742907,3.8425949461289863,152.28423823962214
42.2524916667,-71.0299695,0,0.0,0.0,0.0,0.002282453637660485,1.0,0.9977175463623396,0.0,0.0,51.25339366515837,46.33067047075606,12.345417022705078,1.0905510567016226,2.4767055269909113,10.605249623913707,130.72483884412514,4.7950949079286325
42.264207618,-71.7722003305,0,0.1493212669683258,0.08758915834522112,0.0,0.020542082738944364,0.8506787330316742,0.891583452211127,0.0,0.0,35.89592760180995,44.18345221112696,186.98619079589844,2.258244873477168,3.2516215817840415,17.51612281680245,247.21990371858237,10.70592368233498
42.2176033333,-72.6243216667,0,0.0,0.052781740370898715,0.0,0.05934379457917261,1.0,0.8684736091298145,0.0,0.016547788873038517,36.94570135746606,31.577460770328102,77.33101654052734,0.8349849930496149,2.8471258060753732,22.75509554386289,682.5542970559546,19.867731419699364
42.6094966667,-71.2394783333,0,0.0,0.0456490727532097,0.1085972850678733,0.17032810271041368,0.8914027149321267,0.7768901569186876,0.0,0.005991440798858773,33.529411764705884,25.326676176890157,36.505615234375,0.32150237333951204,0.3507614986104048,1.7673482699049123,67.71044614300344,129.648383536395
41.661798,-69.945508,0,0.0,0.0,0.0,0.024536376604850214,0.0,0.03195435092724679,0.5429864253393665,0.5888730385164052,0.0,1.1783166904422253,0.7333246469497681,0.33223385611494344,0.24633003772215586,1.3391129312336283,0.0,811.4018916364867
42.2557277778,-71.5636777778,1,0.05429864253393665,0.19315263908701855,0.416289592760181,0.22225392296718974,0.49321266968325794,0.5075606276747504,0.0,0.0002853067047075606,7.633484162895928,8.896148359486448,88.05516815185547,0.9491454000738087,1.4805145088033664,11.781539080320542,48.989108330913794,40.034513597874096
41.5497946646,-71.1052898225,0,0.3076923076923077,0.36433666191155495,0.35294117647058826,0.2978601997146933,0.13122171945701358,0.06390870185449359,0.0,0.11611982881597717,1.0542986425339367,0.8390870185449358,8.389678955078125,1.2335304892907084,1.3233854923418753,11.297561148890221,2.3205860159811293,80.90585533045993
42.549995,-70.8751916667,0,0.0,0.0,0.0,0.0008559201141226819,1.0,0.8407988587731812,0.0,0.14807417974322395,47.990950226244344,45.29186875891583,14.215503692626953,0.8416045451344605,1.2173182733948125,7.175437087629233,384.9531159284005,55.58385916211907
42.3750488668,-72.2376779696,1,0.8009049773755657,0.6502139800285307,0.13574660633484162,0.14950071326676176,0.01809954751131222,0.007988587731811698,0.03167420814479638,0.04964336661911555,0.21266968325791855,0.06219686162624822,167.76470947265625,2.3753931616815223,2.7397922755160256,13.031788420205135,0.0,168.28008643796832
42.1718334482,-71.3167819748,0,0.049773755656108594,0.25677603423680456,0.8552036199095022,0.656490727532097,0.09502262443438914,0.03138373751783167,0.0,0.0028530670470756064,1.4343891402714932,0.451925820256776,34.87849426269531,0.3236206519516643,0.895076605901077,4.894704970304815,0.0,73.4950724717499
42.0558875242,-70.8206276503,0,0.08144796380090498,0.12325249643366619,0.0,0.04079885877318117,0.6244343891402715,0.6085592011412269,0.27601809954751133,0.21141226818830242,12.950226244343892,12.332382310984308,21.134389877319336,0.9054403503487615,0.7302061927704221,3.106480743987692,24.45619618065178,23.169267621535358
41.4213166667,-70.5740805556,1,0.21266968325791855,0.3477888730385164,0.11312217194570136,0.1195435092724679,0.49321266968325794,0.38145506419400854,0.167420814479638,0.12496433666191155,6.475113122171946,6.399714693295293,7.132768630981445,0.9544774565712844,1.0724933891822246,7.547777681713263,70.5002258309256,6.959679527824142
41.9504966667,-70.8262333333,1,0.5248868778280543,0.4998573466476462,0.3665158371040724,0.3375178316690442,0.09954751131221719,0.10756062767475036,0.0,0.0019971469329529245,0.6832579185520362,1.4476462196861626,12.926825523376465,1.1770487909667446,0.9422050146453227,6.6360789262721775,75.47973154653945,0.7938748502292481
42.146017,-72.590709,1,0.0,0.06990014265335236,0.03619909502262444,0.041940085592011414,0.9547511312217195,0.8507845934379458,0.00904977375565611,0.037089871611982884,30.235294117647058,34.59457917261056,39.84649658203125,1.6125905193705494,1.626516104250973,8.69628598046409,14.523430662465355,77.56509822242771
42.4123984902,-71.3509744686,0,0.45248868778280543,0.48017118402282455,0.013574660633484163,0.07417974322396577,0.11764705882352941,0.32353780313837377,0.3891402714932127,0.09186875891583453,1.334841628959276,4.331526390870185,38.067378997802734,2.0734174082261294,1.373833656454218,6.229861280117895,0.0,174.51398950990426
42.353443,-71.404815,0,0.07692307692307693,0.17403708987161198,0.35294117647058826,0.29757489300998574,0.5701357466063348,0.49186875891583454,0.0,0.0,12.868778280542987,9.562910128388017,41.25369644165039,0.7555174609337337,0.7418765973660951,4.320392816422888,54.107748844601204,118.02004004575575
42.5896879844,-71.5443113059,1,0.6153846153846154,0.6359486447931526,0.33031674208144796,0.14750356633380884,0.0,0.12154065620542083,0.00904977375565611,0.0008559201141226819,0.0,1.7243937232524964,95.55862426757812,1.4194059674817792,1.7978303179729211,11.508809855938,0.0,333.3771372497945
41.69821358,-70.47531115,0,0.832579185520362,0.49529243937232525,0.0,0.0,0.167420814479638,0.48131241084165477,0.0,0.0,2.3076923076923075,9.659914407988587,43.10753631591797,0.20584046075542792,0.5627564357939557,3.629411149307155,999.8624110939061,197.74947926971882
41.9020783333,-70.0715333333,0,0.02262443438914027,0.027960057061340943,0.07239819004524888,0.04336661911554922,0.0,0.0,0.497737556561086,0.7763195435092725,0.0,0.0,0.23116996884346008,1.1589540094545956,0.5056765294835188,3.3631127379408268,17.12151664399499,2914.9938136052065
41.7407254978,-71.1993648282,0,0.08597285067873303,0.1500713266761769,0.3212669683257919,0.16918687589158346,0.4343891402714932,0.5589158345221112,0.12669683257918551,0.11383737517831669,8.995475113122172,22.022253922967188,6.669209003448486,0.9490881099039795,0.8528550298200204,3.574767754613869,82.27376511473908,128.86183626918373
42.58703377,-71.11278003,0,0.03167420814479638,0.04764621968616262,0.0,0.15920114122681883,0.9683257918552036,0.7897289586305278,0.0,0.0034236804564907277,29.60633484162896,20.288445078459343,32.64619064331055,1.3014412055200006,1.121114540313462,6.924935765418964,406.1867256257867,28.357319242514617
42.279675,-72.5317383333,0,0.6108597285067874,0.595435092724679,0.09954751131221719,0.18373751783166906,0.2895927601809955,0.15178316690442226,0.0,0.02653352353780314,3.2850678733031673,2.3001426533523537,87.78228759765625,1.089429928398232,1.3731387012076113,5.250804045004044,235.6552089570559,2.1010280083066797
42.39132,-71.00298333,0,0.0,0.0,0.0,0.09015691868758915,1.0,0.8370898716119829,0.0,0.05620542082738944,68.43891402714932,59.042510699001426,24.95744514465332,3.6095760806207458,1.2805286883056357,7.305136349908858,364.3236065838822,10.579094492744035
42.0218613952,-70.8690961483,1,0.0,0.05934379457917261,0.6334841628959276,0.5760342368045649,0.08144796380090498,0.04650499286733238,0.20361990950226244,0.15549215406562053,2.506787330316742,1.1574893009985734,16.761573791503906,0.14047556050132182,0.12615153549721853,0.7954136659859642,0.0,1009.8641322452663
41.5670826902,-70.5948476456,0,0.0,0.041940085592011414,0.03619909502262444,0.03937232524964337,0.9638009049773756,0.8947218259629102,0.0,0.021398002853067047,38.94117647058823,29.017689015691868,5.435794830322266,0.5659067080349769,0.5240651119723129,2.2623690043719185,125.02711222718708,30.052070134461264
41.619422,-71.000286,0,0.5429864253393665,0.3671897289586305,0.19457013574660634,0.336376604850214,0.23076923076923078,0.24821683309557774,0.0,0.0,4.493212669683258,8.176319543509273,17.758642196655273,1.2566453667076773,0.8811184810502094,8.164993850473866,376.30859952678713,127.6047510270563
42.4159458188,-71.5260644448,0,0.334841628959276,0.23081312410841653,0.0,0.10670470756062768,0.665158371040724,0.5960057061340942,0.0,0.0034236804564907277,10.248868778280542,4.746362339514978,73.65101623535156,2.4208729894702454,1.478818243212172,8.342021749855244,138.28250743230691,0.596249453710701
42.7905666667,-70.939705,0,0.07239819004524888,0.26105563480741795,0.7330316742081447,0.3483594864479315,0.0,0.15863052781740372,0.02262443438914027,0.03252496433666191,0.0,1.8485021398002852,5.041754722595215,0.4011067787898114,1.147833819485453,6.772837366305962,0.0,55.441716119465184
42.4876,-71.3531883333,1,0.6832579185520362,0.7015691868758915,0.11764705882352941,0.1985734664764622,0.0,0.007703281027104137,0.07692307692307693,0.013124108416547788,0.0,0.1934379457917261,56.121028900146484,1.3544318174570666,1.5881056641701459,8.302487402012945,5.290306179160153,743.0947930773043
42.2089459628,-71.2838349948,1,0.9683257918552036,0.7161198288159771,0.03167420814479638,0.14550641940085593,0.0,0.1166904422253923,0.0,0.005135520684736091,0.0,1.9731811697574893,110.31080627441406,4.186652126659257,2.6019447423901836,14.384341827654547,0.0,549.7899053091979
42.2121676586,-71.6708642521,0,0.6380090497737556,0.4601997146932953,0.08597285067873303,0.18801711840228244,0.14027149321266968,0.23423680456490728,0.0,0.0,1.6199095022624435,3.8439372325249646,153.1572723388672,5.741532691126062,3.0168039352319402,17.71246433817454,220.9522551929842,0.1920651166016455
42.31588388,-71.03625355,0,0.0,0.0,0.027149321266968326,0.01825962910128388,0.8959276018099548,0.36034236804564906,0.07692307692307693,0.6205420827389444,65.66515837104072,25.217974322396575,7.638972282409668,0.8813888442689312,0.4315918646486766,2.8357172940047173,144.29523819475372,16.750785413431096
42.062181028,-72.2775061056,0,0.6153846153846154,0.6510699001426533,0.15384615384615385,0.0667617689015692,0.0,0.1087018544935806,0.004524886877828055,0.0008559201141226819,0.0,1.324679029957204,240.41893005371094,2.646088299203375,3.318686125240347,19.446924633280197,0.0,353.5308887416541
42.4319566429,-71.1069460823,0,0.583710407239819,0.3594864479315264,0.11312217194570136,0.02310984308131241,0.3031674208144796,0.6148359486447932,0.0,0.0025677603423680455,11.167420814479637,28.675320970042797,30.624353408813477,2.4174353846582064,1.9810299826413336,13.4103768985607,0.0,148.7998115567576
42.5994616667,-70.99315,0,0.17194570135746606,0.23052781740370898,0.23529411764705882,0.15406562054208273,0.579185520361991,0.5574893009985734,0.00904977375565611,0.0019971469329529245,9.873303167420815,13.796291012838802,27.827749252319336,2.949697447913362,2.0368816983439983,10.83009364410218,145.31911607839655,31.980467824168922
42.5080882559,-72.2791457771,1,0.5067873303167421,0.6513552068473609,0.2398190045248869,0.22767475035663337,0.0,0.011697574893009986,0.248868778280543,0.08131241084165478,0.0,0.13495007132667616,166.01565551757812,0.853772671041307,1.7997819175497116,7.12038882906848,0.0,281.9197565922715
42.374602,-71.9518039722,0,0.1085972850678733,0.3477888730385164,0.0,0.05563480741797432,0.8914027149321267,0.527246790299572,0.0,0.002282453637660485,19.79185520361991,12.600855920114123,354.00701904296875,1.727174123492869,2.722196308717016,11.367957259851682,24.82521986673758,14.652038834150268
42.0203502684,-70.8641338348,1,0.0,0.07275320970042796,0.9095022624434389,0.613694721825963,0.08597285067873303,0.06019971469329529,0.0,0.14893009985734665,1.7873303167420815,1.275891583452211,15.991673469543457,0.07097029396217705,0.16810646205513685,0.9111492446938831,0.0,850.4322213370403
42.1986108222,-70.7677878547,0,0.004524886877828055,0.27018544935805994,0.013574660633484163,0.11583452211126961,0.9819004524886877,0.6139800285306705,0.0,0.0,39.932126696832576,11.64222539229672,22.44697380065918,0.9753010290856111,1.3092469005986638,5.427813835446789,19.40388033615123,40.2660723317531
41.9121239997,-70.6836978,1,0.8371040723981901,0.675320970042796,0.0,0.0005706134094151213,0.00904977375565611,0.18202567760342367,0.00904977375565611,0.10156918687589159,0.167420814479638,3.987731811697575,38.35177993774414,2.2783229807721552,1.5002569171174538,9.947005166285235,7.3054470782333345,269.5235588836016
42.3606316132,-71.2548286591,1,0.248868778280543,0.09101283880171183,0.04072398190045249,0.04650499286733238,0.4660633484162896,0.6950071326676177,0.21266968325791855,0.15891583452211128,16.552036199095024,27.87360912981455,16.185928344726562,1.8641756520963628,1.564545127951555,13.343444526573478,8.215741857851842,92.07989417121888
42.6311866667,-72.0012583333,0,0.4479638009049774,0.5477888730385164,0.5520361990950227,0.3298145506419401,0.0,0.0659058487874465,0.0,0.0,0.0,1.9574893009985734,344.35723876953125,1.7926132352527897,1.8494411542937461,8.575637414371723,19.66480370615771,489.1001575273114
42.063808,-70.860542,0,0.03619909502262444,0.22853067047075606,0.0,0.14151212553495007,0.9592760180995475,0.47674750356633383,0.0,0.12553495007132667,32.23076923076923,12.510699001426534,36.734764099121094,1.6045770804147135,1.035496436920231,4.4592791314847915,242.8633894542518,5.730249423774921
41.8250686994,-70.9847621281,0,0.7104072398190046,0.5201141226818831,0.00904977375565611,0.11982881597717546,0.27601809954751133,0.3166904422253923,0.0,0.007417974322396576,5.475113122171946,6.633666191155492,34.53379440307617,1.1786626496916819,0.9577341528827943,5.3951189231085985,250.9020313789795,47.60885919847613
42.4931717897,-71.4865155426,1,0.3574660633484163,0.3275320970042796,0.3665158371040724,0.3717546362339515,0.23076923076923078,0.25221112696148357,0.0,0.0005706134094151213,3.3529411764705883,4.986305278174037,65.75150299072266,0.7653215931457721,0.9827356744905564,4.395508076335051,11.034740291434007,66.58505397781006
42.4699313287,-71.2209665403,0,0.5248868778280543,0.13922967189728958,0.19457013574660634,0.10756062767475036,0.2171945701357466,0.7326676176890157,0.0,0.0014265335235378032,3.02262443438914,21.843937232524965,60.56304931640625,0.689608487267934,1.1843143098287925,4.711134856779433,185.76317226110163,186.5495148986923
42.522415,-72.2955683333,1,0.5158371040723982,0.5914407988587732,0.0,0.10014265335235378,0.004524886877828055,0.029671897289586305,0.40271493212669685,0.20542082738944364,0.04072398190045249,0.5569186875891583,163.55682373046875,0.7368630666450965,2.0173607132801585,9.716835085316998,1.0231996782725108,3.552685886052622
41.7289138889,-70.6799277778,1,0.13574660633484162,0.17717546362339515,0.2850678733031674,0.14750356633380884,0.00904977375565611,0.22995720399429387,0.36199095022624433,0.36205420827389445,0.13122171945701358,4.332952924393723,0.6852650046348572,0.7102254483150633,0.7691867579761992,4.137685420918792,0.0,200.6942756853395
42.0779483333,-71.1483533333,0,0.8099547511312217,0.6416547788873038,0.0,0.17203994293865907,0.19004524886877827,0.1035663338088445,0.0,0.05877318116975749,1.1538461538461537,1.1041369472182596,85.7671127319336,2.5408533879614756,1.511741354828904,13.11579937691552,334.17433558860387,83.9575743411764
42.2390774215,-71.2298989193,0,0.6606334841628959,0.47902995720399427,0.17647058823529413,0.12610556348074178,0.1085972850678733,0.3383737517831669,0.049773755656108594,0.050784593437945794,2.1900452488687785,6.2008559201141225,67.95433044433594,0.8850083358002827,1.813287924872627,9.045094503658312,12.542111454007125,198.9153695237046
42.3952234589,-71.0714673461,0,0.0,0.0,0.07239819004524888,0.014265335235378032,0.7692307692307693,0.7834522111269615,0.1583710407239819,0.20171184022824537,60.89592760180995,61.66077032810271,3.5768346786499023,0.6618617599708645,0.44051565901306433,1.822243201146785,9.542868531812234,118.98256224455274
42.258502,-72.7484879722,0,1.0,0.9706134094151213,0.0,0.017974322396576318,0.0,0.009700427960057061,0.0,0.0,0.0,0.09500713266761769,331.3691711425781,10.803517719855405,7.358624295536207,54.67492166097656,233.76920190928348,946.2972262938727
41.9639360188,-70.8963951096,1,0.2895927601809955,0.19743223965763196,0.11764705882352941,0.2405135520684736,0.13574660633484162,0.09586305278174037,0.0,0.024251069900142655,1.5158371040723981,1.3951497860199715,7.864035129547119,0.266798017407389,0.29626407566315405,1.2338549923158257,0.3828190905984059,4.517701420791945
42.6639133333,-71.23932,0,0.6742081447963801,0.3238231098430813,0.00904977375565611,0.08131241084165478,0.08144796380090498,0.37203994293865905,0.2171945701357466,0.10014265335235378,1.737556561085973,6.722111269614836,33.79310607910156,3.114855981805972,2.4498235320935167,17.192111796231824,89.15861730157584,238.1716624048519
42.47143,-71.17063,1,0.27149321266968324,0.1449358059914408,0.36199095022624433,0.06134094151212553,0.3167420814479638,0.7417974322396577,0.049773755656108594,0.0456490727532097,9.470588235294118,24.690156918687588,17.645402908325195,1.5080827621402964,1.6937050343040467,7.40460169912082,17.793293211707777,201.67290949734362
41.997405,-70.0800083333,1,0.0,0.039087018544935806,0.08597285067873303,0.1594864479315264,0.0,0.12639087018544937,0.49321266968325794,0.5369472182596291,0.0,2.7937232524964335,2.2177000045776367,1.0296718271434588,0.9561748204574211,6.0346220555189864,0.0,292.1425553454263
42.3963433333,-72.7043616667,0,0.6108597285067874,0.7243937232524964,0.3891402714932127,0.13152639087018544,0.0,0.05049928673323823,0.0,0.0,0.0,0.49957203994293864,189.98190307617188,2.1836496056043293,3.4804623006268107,17.095515476676976,120.83314045154238,550.5411498108406
41.7561611111,-70.156625,0,0.0,0.00884450784593438,0.02262443438914027,0.08873038516405135,0.23529411764705882,0.31098430813124106,0.5475113122171946,0.49814550641940086,8.434389140271493,7.584022824536377,2.1552603244781494,1.273513779721547,0.7718546337759329,4.624454764633914,21.836726363832444,60.62767751921873
42.2567982562,-71.3211343041,1,0.8235294117647058,0.4758915834522111,0.1583710407239819,0.07560627674750357,0.0,0.27589158345221115,0.01809954751131222,0.010271041369472182,0.0,4.796861626248217,38.08808517456055,1.6235908186802481,1.8443608168755778,13.550575400774207,3.9356848595871505,379.97739005610896
41.7218213976,-70.2344899716,0,0.08144796380090498,0.07475035663338088,0.669683257918552,0.5072753209700428,0.16289592760180996,0.17146932952924393,0.03619909502262444,0.17660485021398004,2.8642533936651584,2.8042796005706134,3.1169872283935547,0.4357039661643609,0.33488939159188325,1.847414218987953,107.13238349413044,17.11784080666625
42.3122786188,-70.9514268701,0,0.04072398190045249,0.0025677603423680455,0.00904977375565611,0.005991440798858773,0.0,0.0,0.7104072398190046,0.9728958630527818,0.0,0.0,2.459014892578125,0.5928994534793828,0.0792090340032322,0.5800215290940001,52.613893129533054,1388.7010661635275
42.0604849271,-71.9084376727,0,0.13122171945701358,0.28473609129814553,0.08597285067873303,0.10927246790299572,0.6199095022624435,0.48359486447931527,0.13122171945701358,0.03452211126961484,13.506787330316742,10.228530670470755,155.41329956054688,2.4852451842835794,2.15829236840589,12.004816154963637,29.02939984158598,34.42879601024348
41.7166374701,-70.2250875776,0,0.004524886877828055,0.18316690442225392,0.5520361990950227,0.40741797432239657,0.4298642533936652,0.3483594864479315,0.0,0.05164051355206847,8.737556561085972,7.4154065620542085,2.771665573120117,0.5577885331044978,0.8589154429465897,6.025866021847615,9.414989317163727,58.374814266187336
41.553946,-70.49996,1,0.14479638009049775,0.15720399429386592,0.4751131221719457,0.20199714693295293,0.04072398190045249,0.1360912981455064,0.07239819004524888,0.42796005706134094,0.38461538461538464,2.645363766048502,0.9886360764503479,0.16298289983734182,0.19252773174661636,1.2557046887554435,23.317172797350015,31.34484993652457
42.2730122,-72.064376,0,0.38009049773755654,0.4861626248216833,0.19004524886877827,0.15492154065620542,0.19909502262443438,0.08587731811697574,0.0,0.0002853067047075606,1.7963800904977376,0.7711840228245364,256.7379455566406,2.37743916878314,2.336017173082599,18.946084617713684,77.69196969642978,37.36005026469056
42.4701932997,-72.5920294,0,0.9230769230769231,0.2587731811697575,0.0,0.02310984308131241,0.04072398190045249,0.4630527817403709,0.0,0.09158345221112696,1.1538461538461537,12.81398002853067,150.8567657470703,13.8835250501347,4.577885931042499,31.86889434851424,432.97578817792214,19.505720929526884
41.4504226181,-70.6248589978,1,0.43891402714932126,0.4664764621968616,0.04524886877828054,0.019971469329529243,0.03167420814479638,0.3166904422253923,0.37104072398190047,0.12039942938659058,0.6289592760180995,7.111840228245364,2.3074874877929688,1.7457942133760944,1.715935657472271,10.354252993071603,7.703538201841382,87.32997014047804
41.77995,-70.7637633333,0,0.5701357466063348,0.44108416547788876,0.09502262443438914,0.20256776034236804,0.3167420814479638,0.3215406562054208,0.004524886877828055,0.0011412268188302425,5.0588235294117645,7.307845934379458,12.637317657470703,0.6938530137136172,0.6042109798057274,3.2274472812271977,44.500028166877236,33.78609780255084
42.4387633333,-71.3772716667,0,0.1583710407239819,0.34579172610556347,0.12217194570135746,0.18773181169757489,0.23076923076923078,0.3492154065620542,0.0,0.014550641940085592,3.6380090497737556,5.342938659058488,52.27058410644531,0.692827521163219,1.3756501639214174,8.289592880715764,85.50736984130012,77.04405207796535
42.3321320144,-71.1273131913,0,0.0,0.0,0.0,0.0,1.0,0.9840228245363766,0.0,0.015977175463623396,59.61085972850679,46.74179743223966,13.928711891174316,1.4700445350358509,2.23049977754127,13.93496272079915,651.4631009595558,40.00048739634687
41.6791703962,-70.1161462069,1,0.15384615384615385,0.13751783166904422,0.6470588235294118,0.3897289586305278,0.12217194570135746,0.3044222539229672,0.07239819004524888,0.14436519258202568,1.9864253393665159,6.935235378031384,0.1950656622648239,0.5279071613045361,0.4506265149764646,1.8767850555704968,5.990034298585009,11.036310399955706
42.2360194861,-71.8041733415,0,0.1493212669683258,0.0644793152639087,0.0,0.02253922967189729,0.8506787330316742,0.912981455064194,0.0,0.0,39.78733031674208,44.4,202.00852966308594,6.043013508601159,4.030392169191058,23.462050272167037,290.76828673387433,7.246493449526697
41.7137318145,-70.0970971622,1,0.36199095022624433,0.4607703281027104,0.16289592760180996,0.06562054208273894,0.04524886877828054,0.22938659058487876,0.3755656108597285,0.22624821683309557,0.669683257918552,4.557774607703281,10.574986457824707,0.9976216923630434,0.8085631504782529,4.16348296948933,24.72361391876732,123.50363177414665
42.5268117343,-71.4764177799,1,0.12669683257918551,0.5303851640513552,0.5429864253393665,0.1651925820256776,0.01809954751131222,0.1660485021398003,0.29411764705882354,0.11697574893009986,0.09954751131221719,2.3289586305278176,76.1123046875,0.7974864648611238,2.1605880109544136,9.693234316384547,0.0,306.74675068357806
42.6670027778,-71.2249666667,0,0.26244343891402716,0.256490727532097,0.0,0.06847360912981455,0.7375565610859729,0.6570613409415121,0.0,0.01768901569186876,11.710407239819004,9.572039942938659,65.32331085205078,2.9075808067576836,2.3253609861824556,16.710694390870476,318.55046359415496,51.22245625453067
42.53858,-72.272015,0,0.665158371040724,0.6710413694721826,0.334841628959276,0.24165477888730386,0.0,0.0644793152639087,0.0,0.0014265335235378032,0.0,0.7751783166904422,166.36801147460938,1.3457173185838007,1.9747293191289894,9.43379037952459,10.026379274609527,390.1878828083846
42.07334218,-73.20870724,1,0.27601809954751133,0.5520684736091298,0.45248868778280543,0.27189728958630527,0.05429864253393665,0.016262482168330955,0.0,0.09757489300998573,0.3574660633484163,0.07960057061340942,428.1529541015625,1.0196980251473284,2.4132844034719296,9.915425011478606,20.180007567162345,99.86605943173184
42.3715783333,-72.5170216667,0,0.0,0.12639087018544937,0.0,0.06904422253922968,1.0,0.7563480741797433,0.0,0.0,39.94570135746606,22.270470756062767,96.92185974121094,2.6056733489603965,2.17573909739679,13.096751214619088,445.2988953566659,8.384053964971837
42.5958640349,-70.6659920618,0,0.0,0.005135520684736091,0.0,0.018544935805991442,0.0,0.075320970042796,1.0,0.8918687589158345,0.0,2.066761768901569,-1.690000057220459,0.0004244308723474261,0.3123189870351781,1.9940442107639207,0.0,748.6809931531817
42.3871963208,-72.8205824409,1,0.5882352941176471,0.6670470756062767,0.4117647058823529,0.18002853067047075,0.0,0.10328102710413695,0.0,0.003138373751783167,0.0,1.2864479315263908,341.51959228515625,3.8007390331879147,3.5518523336293666,19.341463437698216,0.0,369.63600252184887
42.3994409088,-72.2230329071,0,0.46153846153846156,0.6884450784593438,0.5384615384615384,0.08416547788873038,0.0,0.0,0.0,0.2225392296718973,0.0,0.0,164.768798828125,1.8381767544245828,3.401408246546367,26.595118350131028,0.0,494.9819130629322
42.4898716667,-71.23742,0,0.8868778280542986,0.3609129814550642,0.1085972850678733,0.04079885877318117,0.004524886877828055,0.598002853067047,0.0,0.0,0.00904977375565611,18.7509272467903,67.09661865234375,1.27000501716942,2.2880457486663177,11.780955978755784,188.87939822313032,299.3371594474511
42.1316881997,-71.5440193997,0,0.0,0.20085592011412268,0.0,0.029101283880171185,1.0,0.7275320970042796,0.0,0.027960057061340943,63.294117647058826,24.031098430813124,79.77035522460938,1.3228818909215139,2.4939516113326885,14.188710846160784,181.03643725659646,134.1921421641741
42.1845314542,-71.4188830205,0,0.06787330316742081,0.24108416547788872,0.36199095022624433,0.1914407988587732,0.38009049773755654,0.4,0.19004524886877827,0.15748930099857347,5.009049773755656,6.888445078459344,56.09506607055664,0.27150272042959794,1.355440737831868,6.6798140053028625,68.69913224305827,16.77672412135655
41.9966366667,-70.7299116667,0,0.01809954751131222,0.12838801711840228,0.027149321266968326,0.2088445078459344,0.9547511312217195,0.6542082738944365,0.0,0.0034236804564907277,32.86877828054298,17.13922967189729,15.385147094726562,1.803540448184319,1.280691495398963,6.129380349699881,219.48580830229875,9.333249619535804
42.1828643303,-73.274252373,0,0.5475113122171946,0.670756062767475,0.0,0.07275320970042796,0.22624434389140272,0.13295292439372325,0.17194570135746606,0.047931526390870186,1.1945701357466063,1.1235378031383738,332.1474304199219,7.85517424022735,5.868639683742894,50.784486217590356,41.39670231054308,19.057184550874197
42.0884285346,-70.6391979549,0,0.0,0.0,0.0,0.09072753209700428,0.2669683257918552,0.2245363766048502,0.6877828054298643,0.6579172610556349,15.298642533936652,11.354921540656205,0.37535956501960754,0.6418795737614235,0.32346270097128665,1.9944240373426387,0.0,118.66432888107201
42.1082502641,-71.3214308419,1,0.10407239819004525,0.38830242510699003,0.6334841628959276,0.3007132667617689,0.0,0.2724679029957204,0.24434389140271492,0.019115549215406563,0.0,4.546647646219686,52.94969940185547,0.36538461911660797,1.2508955954877259,6.166628909400754,0.0,363.61778129517126
42.3063916667,-71.3108283333,0,0.0,0.04736091298145506,0.0,0.021112696148359488,1.0,0.8838801711840228,0.0,0.03965763195435093,32.085972850678736,20.628815977175464,47.03067398071289,0.44329977746758903,0.9027792044886193,5.114470738017442,56.83465336520183,6.38733998859976
42.5543813004,-71.1096380582,0,0.04072398190045249,0.19543509272467904,0.15384615384615385,0.22225392296718974,0.8054298642533937,0.5814550641940086,0.0,0.0,19.669683257918553,14.39771754636234,31.97706413269043,1.4016371602054438,0.8639384138946524,4.7336028240567405,88.9747710909982,73.73618790390618
41.7397555556,-70.9039027778,1,0.2669683257918552,0.3340941512125535,0.03167420814479638,0.09101283880171183,0.2081447963800905,0.33009985734664765,0.4343891402714932,0.1209700427960057,6.53393665158371,8.361768901569187,14.015607833862305,0.3643604887277382,0.8936586588106189,4.652457313507653,5.890516862420932,46.75372654821227
42.3967533333,-72.0314471667,0,0.755656108597285,0.6630527817403709,0.1085972850678733,0.2827389443651926,0.12217194570135746,0.017403708987161197,0.0,0.0,1.8009049773755657,0.29586305278174035,253.42320251464844,1.6744945879242819,2.2677037510949085,13.162518937183075,104.81091890249604,3.771934106397335
42.6107741319,-71.2090764136,0,0.45701357466063347,0.18716119828815977,0.3257918552036199,0.17289586305278173,0.09502262443438914,0.44821683309557775,0.0,0.0019971469329529245,2.728506787330317,14.049928673323823,30.104162216186523,0.7257061850634526,0.876504247866022,5.212270135852542,0.0,166.7844288114749
41.9167326,-70.5727366,1,0.22624434389140272,0.38088445078459343,0.18099547511312217,0.0804564907275321,0.38009049773755654,0.40285306704707563,0.01809954751131222,0.0025677603423680455,8.452488687782806,10.330385164051355,8.618399620056152,0.6688233962196626,2.62091675355155,17.06756925140642,45.551684169393816,44.68433968665911
42.408558459,-71.1079859734,0,0.0,0.0,0.0,0.0005706134094151213,1.0,0.9871611982881597,0.0,0.012268188302425107,75.64253393665159,66.41112696148359,4.044310092926025,0.4963943238050543,0.8107365885157872,5.4401644181690125,491.39563006185097,18.334951598780528
42.3459166667,-71.0728445,0,0.0,0.0,0.0,0.0,1.0,0.9982881597717547,0.0,0.0017118402282453639,79.97737556561086,78.77774607703282,2.3984386920928955,0.1791152158056778,0.19540459218081674,0.8580224580810494,791.7545706006102,2.4359298240102087
41.8141536161,-70.5549127869,0,0.00904977375565611,0.09243937232524964,0.0,0.0002853067047075606,0.9864253393665159,0.8553495007132668,0.004524886877828055,0.044793152639087015,28.81447963800905,24.863623395149787,18.652626037597656,1.4353287754026427,1.5105419345699396,9.900014987963688,20.12328963969929,51.3071088357971
42.1951004982,-72.6544065085,0,0.665158371040724,0.6271041369472182,0.08144796380090498,0.07189728958630527,0.25339366515837103,0.2990014265335235,0.0,0.0019971469329529245,14.058823529411764,10.605991440798858,127.8739242553711,2.8309497272113844,3.8605980288219213,25.675042794649233,27.47088272048774,106.44151447316219
41.3401,-70.74938333,0,0.23076923076923078,0.48530670470756065,0.2986425339366516,0.18773181169757489,0.38461538461538464,0.18630527817403708,0.0,0.00884450784593438,5.728506787330317,3.0567760342368047,25.243425369262695,1.7023264625393766,1.8259518627280107,7.136030197554235,107.72041982841958,74.17576321878681
42.0820156696,-70.2170052727,1,0.0,0.0002853067047075606,0.0,0.04736091298145506,0.0,0.015406562054208274,0.5339366515837104,0.5261055634807418,0.0,0.7192582025677603,1.4675333499908447,1.0793583055341962,0.47178565176332854,2.806921894172775,0.0,321.0499509702972
41.6966819763,-70.6289825439,0,0.0,0.015691868758915834,0.06787330316742081,0.08873038516405135,0.4660633484162896,0.35691868758915835,0.45248868778280543,0.5215406562054208,22.02262443438914,11.195149786019972,0.913081169128418,0.38466709347003697,0.4540624519431414,2.7772484195935982,16.682240558972047,20.337482155236422
42.269924704,-71.4133175033,0,0.0,0.0,0.058823529411764705,0.08473609129814551,0.9411764705882353,0.8912981455064194,0.0,0.020256776034236805,52.547511312217196,54.11269614835949,46.595298767089844,0.28334834425682676,0.39218497505008126,1.409248761415811,0.7807620270271477,11.847436864599025
42.394294515,-71.7446306602,0,0.8099547511312217,0.7845934379457917,0.02262443438914027,0.056490727532097,0.167420814479638,0.07902995720399429,0.0,0.045934379457917264,1.1040723981900453,1.2174037089871612,161.97793579101562,1.9894341142611576,2.675571296490058,16.392713194131105,70.18253423888444,68.31703845836356
42.63202183,-71.13136373,0,0.167420814479638,0.1957203994293866,0.15384615384615385,0.07018544935805991,0.6787330316742082,0.7255349500713266,0.0,0.0,13.271493212669684,11.089586305278175,67.43769073486328,1.6439209573423226,1.8812844383405793,16.333718011793717,222.61357120016493,169.68548785925265
42.7203765683,-71.0232993594,1,0.18552036199095023,0.5278174037089871,0.5701357466063348,0.2747503566333809,0.19457013574660634,0.17517831669044223,0.0,0.0,3.3438914027149322,2.634236804564907,27.334468841552734,1.5065627141349756,1.7147030239071583,11.265812346833451,19.452563885489475,72.74760533338254
42.4504529755,-71.5495810199,1,0.27601809954751133,0.4316690442225392,0.27601809954751133,0.20684736091298145,0.0,0.21283880171184022,0.09502262443438914,0.025106990014265335,0.0,4.6045649072753205,73.2528305053711,0.7365209080575759,1.1723034307305344,5.169243407622904,0.0,371.57031096451726
42.6028049018,-71.6182343684,1,0.502262443438914,0.5691868758915835,0.27601809954751133,0.13751783166904422,0.21266968325791855,0.21569186875891583,0.0,0.003708987161198288,4.48868778280543,4.38944365192582,68.19367218017578,1.5331987338795634,1.3237450927780223,6.653413864292096,0.0,136.16932002781837
42.26900833,-73.32685833,0,0.31221719457013575,0.21455064194008558,0.47058823529411764,0.6242510699001427,0.2081447963800905,0.10242510699001427,0.0,0.0,4.018099547511312,1.5455064194008559,254.78829956054688,0.8679529917450179,1.5104385899111354,8.172557331776279,0.0,135.5562209153235
42.4299336831,-71.3942405955,0,0.46153846153846156,0.41112696148359484,0.02262443438914027,0.10699001426533523,0.4117647058823529,0.4145506419400856,0.09502262443438914,0.04964336661911555,4.276018099547511,7.577460770328103,53.92961883544922,1.6201540623341977,1.5655517883951862,8.5341870286541,178.55287735635568,81.93851468801947
42.49906,-72.4193933333,0,0.5520361990950227,0.7426533523537803,0.27149321266968324,0.11126961483594865,0.04072398190045249,0.04536376604850214,0.13574660633484162,0.09671897289586305,0.3167420814479638,0.4972895863052782,277.74444580078125,3.4681505631942535,3.612769334394023,17.074442375601908,15.887713690570571,230.05924672167703
42.565496,-71.571387,1,0.3665158371040724,0.44365192582025675,0.3393665158371041,0.10527817403708987,0.13574660633484162,0.31697574893009983,0.12669683257918551,0.0804564907275321,3.3710407239819005,8.572895863052782,74.79263305664062,2.351247852471528,2.513148349339507,12.222020002626737,11.302631599593495,140.72857090369172
42.6436757287,-70.9510929993,0,0.0,0.2524964336661912,0.0,0.13152639087018544,1.0,0.6122681883024251,0.0,0.0,18.009049773755656,11.195720399429387,22.100099563598633,0.49746182848978077,2.176512445682973,12.703830961475123,319.9799306134144,14.159287306208308
42.5232670696,-71.0869342109,0,0.004524886877828055,0.010841654778887305,0.22624434389140272,0.131811697574893,0.7692307692307693,0.7263908701854493,0.0,0.13095577746077033,23.330316742081447,31.242510699001425,25.24573516845703,0.36913049136865855,0.41243821393714364,1.7320774633392104,35.627795410044506,14.461231155030992
42.2866386114,-71.7821878264,0,0.0,0.12296718972895863,0.0,0.003708987161198288,0.9095022624434389,0.8310984308131241,0.09049773755656108,0.03965763195435093,3.7873303167420813,29.339514978601997,217.16285705566406,3.309676409251526,3.408058344684184,17.89166423395727,158.48481681155096,228.95790204946934
42.2820366667,-71.6074833333,0,0.0,0.039942938659058486,0.10407239819004525,0.3828815977175464,0.8959276018099548,0.5703281027104137,0.0,0.005135520684736091,58.74660633484163,26.27589158345221,89.10575866699219,0.2742110491151184,0.4545306301870555,1.590735005079729,130.95380602145266,50.77393546110652
42.3309096483,-71.6326588697,0,0.2398190045248869,0.19600570613409415,0.08597285067873303,0.13723252496433666,0.669683257918552,0.6587731811697575,0.0,0.0011412268188302425,14.67420814479638,16.663908701854492,90.15509796142578,1.7067708438626594,1.8208574171380398,8.607337979563553,75.73053522876367,69.66695808240931
41.8541666667,-69.9772222222,0,0.0,0.06904422253922968,0.0,0.0068473609129814554,1.0,0.9241084165477889,0.0,0.0,19.248868778280542,25.266191155492155,15.329907417297363,0.3174454056995455,0.4744431038296413,2.1437382558875306,425.21532445365347,34.36691977761643
41.7502533333,-70.619475,0,0.0,0.0005706134094151213,0.0,0.005991440798858773,0.9140271493212669,0.6402282453637661,0.08597285067873303,0.3486447931526391,33.660633484162894,29.039087018544937,4.827385902404785,0.9998288699151571,0.6996202823397067,3.3724616566402736,141.91626582561207,11.053319709188099
42.4292904195,-72.0242810994,1,0.3031674208144796,0.6741797432239658,0.2171945701357466,0.23081312410841653,0.06334841628959276,0.028815977175463622,0.0,0.0,1.0316742081447965,0.3312410841654779,242.79551696777344,2.3737803068787353,2.704929797076665,13.434948536180274,5.338240514739563,48.77277626685508
41.9268494675,-70.647059724,0,0.013574660633484163,0.2647646219686163,0.0,0.014265335235378032,0.8733031674208145,0.6034236804564908,0.0,0.0005706134094151213,59.68325791855204,29.996861626248215,24.610084533691406,0.5708931079448044,1.1144232403394567,4.947864981618865,0.0,10.860249822750704
42.0643,-71.3790888889,0,0.34841628959276016,0.4641940085592011,0.3076923076923077,0.05392296718972896,0.19457013574660634,0.3509272467902996,0.14027149321266968,0.01825962910128388,4.036199095022624,6.863908701854494,95.03424072265625,1.1511463876557508,2.315938795319389,13.597882001712371,58.942359105342454,23.70442600980162
41.6815585275,-69.9522061665,0,0.0,0.0,0.07692307692307693,0.012553495007132667,0.9095022624434389,0.6174037089871612,0.0,0.31925820256776033,20.751131221719458,19.639372325249642,7.298495292663574,0.8187992192738527,0.9363225919214722,5.1870807113302835,114.00632385428256,35.55833933299586
41.2528383333,-70.0040138833,0,0.17647058823529413,0.2664764621968616,0.0,0.006562054208273894,0.7692307692307693,0.6644793152639087,0.0,0.0,10.877828054298643,9.238231098430813,17.065650939941406,0.6766220230797046,0.7205256273967244,3.338315744542407,244.82656353538613,56.861018716557375
42.2254972902,-72.3085786971,0,0.14479638009049775,0.4122681883024251,0.45701357466063347,0.2399429386590585,0.013574660633484163,0.09671897289586305,0.004524886877828055,0.011126961483594865,0.5248868778280543,2.266191155492154,118.28187561035156,1.5607123251316466,2.924907818206481,20.109698539592628,78.18085167461483,343.13800074448636
42.2799963889,-72.4734653611,0,0.6018099547511312,0.6459343794579172,0.248868778280543,0.1774607703281027,0.13574660633484162,0.0833095577746077,0.0,0.03366619115549215,1.760180995475113,1.2881597717546363,84.45365142822266,1.2725551692785313,1.562038203512466,13.03546474235292,0.0,93.7632882069064
41.7701216667,-70.048875,0,0.03619909502262444,0.08388017118402283,0.12217194570135746,0.034807417974322394,0.8416289592760181,0.7631954350927247,0.0,0.0804564907275321,16.248868778280542,16.47731811697575,16.94902229309082,1.2082315254900624,1.2449117973492052,9.1768160304863,44.71784274070827,44.39218090050231
42.6037283333,-71.6881116667,0,0.5248868778280543,0.5332382310984308,0.3031674208144796,0.3087018544935806,0.14027149321266968,0.09957203994293866,0.0,0.007703281027104137,1.1266968325791855,1.5982881597717546,112.46987915039062,1.1396115590068157,1.3742074633361578,7.92471949255254,42.39511616028277,156.7816160158458
42.6434056691,-70.6272941362,1,0.4298642533936652,0.555206847360913,0.33031674208144796,0.1674750356633381,0.1085972850678733,0.18687589158345222,0.11764705882352941,0.07132667617689016,5.1855203619909505,5.937803138373752,28.768136978149414,2.2705671989996272,1.890489048461996,6.428311312271308,0.0,131.74708689397454
42.0926598523,-72.1645191716,1,0.2986425339366516,0.34807417974322397,0.6515837104072398,0.5463623395149786,0.0,0.04821683309557775,0.0,0.02225392296718973,0.0,0.37318116975748933,197.46051025390625,1.384133772223209,1.358150837481993,6.1916092878586,0.0,301.3532665108044
42.3412720503,-72.2312601614,1,0.3438914027149321,0.6077032810271041,0.3031674208144796,0.11897289586305278,0.04072398190045249,0.0042796005706134095,0.013574660633484163,0.00456490727532097,0.3438914027149321,0.05021398002853067,149.54574584960938,2.3825567158563445,5.125232525648817,30.360758845568572,0.0,177.52745321106016
42.35461,-72.6325266667,0,0.248868778280543,0.19914407988587732,0.6470588235294118,0.12154065620542083,0.06334841628959276,0.29015691868758914,0.027149321266968326,0.17061340941512126,0.6380090497737556,7.948930099857346,33.82658767700195,1.3266880064515576,1.3443308696230751,10.438152192142859,55.019992777433536,39.326087859864444
42.5675222222,-72.2741583333,1,0.2669683257918552,0.2921540656205421,0.058823529411764705,0.10156918687589159,0.3393665158371041,0.5232524964336662,0.334841628959276,0.05306704707560628,6.950226244343892,17.455634807417976,165.0808868408203,0.7978201255398927,1.2294991634995511,7.539603378709705,27.486100957980444,10.100677399633167
41.78328333,-69.96633833,0,0.0,0.029671897289586305,0.027149321266968326,0.06790299572039943,0.8687782805429864,0.8191155492154065,0.09954751131221719,0.07646219686162625,31.728506787330318,14.75206847360913,7.591831207275391,1.1553801713446108,0.9827774640697357,4.875346141139525,66.042525470107,6.581282714602824
42.414771396,-71.560162265,1,0.665158371040724,0.5603423680456491,0.12669683257918551,0.08245363766048502,0.19909502262443438,0.3286733238231098,0.0,0.0005706134094151213,1.1719457013574661,6.982025677603423,89.51539611816406,3.238286224482029,3.0057915763208967,16.17697137243831,38.5429178447641,148.04458060393512
42.564862437,-70.7684574352,0,0.2669683257918552,0.025106990014265335,0.13122171945701358,0.06704707560627675,0.49321266968325794,0.3263908701854494,0.03619909502262444,0.5218259629101284,6.357466063348416,6.627674750356634,5.741135120391846,1.0853697242974907,0.9326360850202794,4.35550798815251,144.73662933586434,2.368854808410439
41.3530458703,-70.5365966506,1,0.06787330316742081,0.04650499286733238,0.03167420814479638,0.05420827389443652,0.17194570135746606,0.08359486447931526,0.3574660633484163,0.4008559201141227,2.669683257918552,1.4271041369472182,0.9166344404220581,0.26000823104617743,0.22001722704869117,1.634037375178034,0.0,173.8185624339834
42.8314853507,-70.9160614853,0,0.31221719457013575,0.3689015691868759,0.013574660633484163,0.0333808844507846,0.6018099547511312,0.40171184022824535,0.0,0.131811697574893,22.773755656108598,12.381455064194009,20.024946212768555,1.888179420890096,1.7472145371644536,9.754965324240697,154.38057898900593,3.4427265460938514
42.3768341812,-71.2438274066,0,0.0,0.002282453637660485,0.0,0.0014265335235378032,1.0,0.9843081312410842,0.0,0.011982881597717546,73.09049773755656,62.48901569186876,18.957441329956055,0.4390850774991431,1.495426005419451,10.524993934333814,548.887936245982,5.628462803178995
42.52142244,-72.29878268,1,0.5746606334841629,0.6162624821683309,0.07239819004524888,0.0898716119828816,0.0,0.024251069900142655,0.31221719457013575,0.2074179743223966,0.0,0.4758915834522111,161.90687561035156,1.101948751565442,2.006893216322484,8.303679338715234,0.0,232.83064697835735
41.81595226,-70.00354312,0,0.0,0.019686162624821684,0.09049773755656108,0.3486447931526391,0.0,0.060770328102710415,0.48868778280542985,0.4955777460770328,0.0,1.340941512125535,0.771381676197052,0.25954641533895645,0.29891063878491625,1.9081159442062041,0.0,156.1307664584178
42.1883337182,-71.1999243664,0,0.0,0.0002853067047075606,0.0,0.0,1.0,0.9997146932952924,0.0,0.0,75.78733031674209,54.45734664764622,35.49375915527344,1.1324216411987729,1.4716020786991073,12.670662068481857,646.8129464851302,27.32278333105746
42.5231800425,-70.9451677262,1,0.08597285067873303,0.035092724679029956,0.4479638009049774,0.06276747503566334,0.23076923076923078,0.8676176890156919,0.17647058823529413,0.025106990014265335,6.950226244343892,40.63537803138374,10.226218223571777,0.9647561104089508,1.2550701272139073,6.494489641392367,0.0,158.1422889049242
41.6746248799,-70.062990692,1,0.0,0.005706134094151213,0.167420814479638,0.14750356633380884,0.8009049773755657,0.820827389443652,0.013574660633484163,0.024821683309557776,12.633484162895927,20.818259629101284,1.793128490447998,0.37048487041478073,0.5501206617497946,2.3472626400763095,0.0,164.39684105851043
42.1147909827,-71.4148988044,0,0.3891402714932127,0.2918687589158345,0.27149321266968324,0.08388017118402283,0.3393665158371041,0.6242510699001427,0.0,0.0,5.457013574660634,12.399429386590585,82.76483917236328,1.4498133152991217,1.7155608797418391,10.436973432851534,89.27749602262367,0.3928924963549206
42.3639543341,-71.988915405,1,0.2986425339366516,0.6162624821683309,0.3212669683257919,0.11469329529243938,0.08597285067873303,0.1115549215406562,0.2895927601809955,0.0724679029957204,1.3574660633484164,1.910413694721826,257.67205810546875,2.1408559787474797,3.4156791679122844,20.742444710466124,0.0,59.528003975741264
42.62220688,-71.53035006,1,0.2850678733031674,0.5860199714693295,0.20361990950226244,0.19942938659058487,0.08144796380090498,0.06390870185449359,0.40271493212669685,0.09415121255349501,1.0226244343891402,0.7589158345221113,72.98163604736328,1.7542811272363275,2.0308592911933583,9.658745000318259,0.0,168.6159704700929
42.5187777778,-70.9035916667,0,0.0,0.0,0.0,0.0014265335235378032,1.0,0.9948644793152639,0.0,0.003708987161198288,57.457013574660635,61.400855920114125,8.836395263671875,0.5849875408530254,1.228100033169852,7.066381271695498,316.5366285992051,2.923953788521529
41.8807360444,-69.9901578799,1,0.4072398190045249,0.3426533523537803,0.08144796380090498,0.19372325249643366,0.4841628959276018,0.40627674750356635,0.0,0.015406562054208274,17.30316742081448,11.10756062767475,7.693033218383789,0.40261251154558253,0.6561519057440423,3.55529908112185,11.239164887358347,35.4289030171543
42.6260886684,-71.6048171537,1,0.013574660633484163,0.45706134094151213,0.08144796380090498,0.13808844507845935,0.0,0.15748930099857347,0.0,0.033951497860199714,0.0,3.5206847360912983,61.87178421020508,0.1260003397249447,0.9368440619211069,7.3915720721544345,0.0,172.97605582963288
42.564249372,-70.805062247,0,0.13574660633484162,0.22710413694721826,0.03619909502262444,0.10613409415121255,0.8235294117647058,0.3774607703281027,0.0,0.24308131241084166,16.76923076923077,8.293865905848788,11.435508728027344,2.029282658039186,1.2429678310193815,9.273302001776527,47.25929943542895,0.5255028249066238
42.5655103993,-72.7254136769,0,0.4298642533936652,0.7583452211126962,0.3574660633484163,0.0550641940085592,0.14027149321266968,0.0833095577746077,0.027149321266968326,0.0017118402282453639,1.8461538461538463,1.2108416547788874,214.16676330566406,2.0421792893720383,5.326670496151765,34.73425426117009,0.0,93.13126301903382
42.4103669016,-71.6914864866,0,0.0,0.08302425106990015,0.0,0.013409415121255349,1.0,0.692154065620542,0.0,0.1920114122681883,32.248868778280546,26.644793152639085,143.8607635498047,3.6181003650302097,3.272852350426171,14.604908561959757,143.5536261897106,15.473660881786182
42.605505,-71.75460833,0,0.5203619909502263,0.45106990014265336,0.00904977375565611,0.05449358059914408,0.33031674208144796,0.21683309557774608,0.0,0.0011412268188302425,5.981900452488688,3.7489300998573465,180.8915557861328,2.2902297628492616,2.546594463938901,11.684492222209052,414.4684752337546,52.24548776308338
42.2297810232,-71.0028007464,0,0.0,0.005420827389443652,0.0,0.003138373751783167,1.0,0.9914407988587732,0.0,0.0,44.199095022624434,49.57860199714693,31.486360549926758,1.4964213834598512,1.95285995861846,10.798632642865662,454.1988931132412,1.7577540306579469
42.2620741,-71.2903538,0,0.2579185520361991,0.32553495007132666,0.6425339366515838,0.3326676176890157,0.09502262443438914,0.2570613409415121,0.004524886877828055,0.01825962910128388,0.5520361990950227,3.670756062767475,32.18790054321289,0.18317444462320628,0.883448221331592,5.0099010310096554,0.0,73.85246740588263
42.5007139127,-71.3115582866,0,0.13122171945701358,0.19514978601997146,0.8687782805429864,0.5931526390870185,0.0,0.12610556348074178,0.0,0.06390870185449359,0.0,2.346932952924394,34.25924301147461,0.10746305754730631,0.3754379142001234,1.724754270274312,14.931756481427081,488.1311555035537
42.0742815595,-71.5554519266,0,0.5294117647058824,0.7052781740370899,0.21266968325791855,0.09500713266761769,0.2579185520361991,0.14065620542082738,0.0,0.002282453637660485,3.7149321266968327,2.2861626248216833,127.83149719238281,0.8976469656054957,2.284069029029525,9.157687834062342,62.68395798993323,90.69165345742394
42.3128883333,-71.2102966667,0,0.0,0.0,0.07239819004524888,0.014265335235378032,0.9276018099547512,0.985734664764622,0.0,0.0,52.60633484162896,41.93751783166904,35.235984802246094,0.6441725919967387,1.4136543905252428,7.352020842268556,94.27213151708452,1.911464304236754
42.7122716667,-70.7767333333,1,0.0,0.008273894436519259,0.2850678733031674,0.3146932952924394,0.12669683257918551,0.029671897289586305,0.17647058823529413,0.4584878744650499,4.013574660633484,0.809700427960057,1.912436604499817,0.353235716504692,0.35484293679201145,1.549928550418858,17.184903580380453,4.322926149041696
42.0575468,-73.3509285,1,0.3076923076923077,0.31697574893009983,0.16289592760180996,0.2136947218259629,0.17194570135746606,0.06504992867332382,0.02262443438914027,0.02168330955777461,2.3484162895927603,0.6319543509272468,205.80844116210938,1.9461781100154039,2.7228341850906297,23.669880314339924,137.35422076747534,10.949768623281162
42.312877655,-72.2413482666,0,0.14027149321266968,0.512981455064194,0.15384615384615385,0.19372325249643366,0.12669683257918551,0.09500713266761769,0.502262443438914,0.07703281027104136,2.1131221719457014,1.0981455064194008,145.3207244873047,1.241462600272355,3.212829703890103,17.854888204831614,0.0,78.98952195857156
42.3390020278,-72.4586314444,0,0.45248868778280543,0.6656205420827389,0.07239819004524888,0.08958630527817403,0.334841628959276,0.17660485021398004,0.0,0.0014265335235378032,9.692307692307692,2.9335235378031386,99.40259552001953,1.7494994671204325,3.406568673147829,23.856042012440945,6.4538971593086245,16.7795488368587
42.3351980112,-71.7500682186,1,0.6199095022624435,0.5198288159771755,0.1493212669683258,0.10527817403708987,0.1583710407239819,0.26419400855920117,0.0,0.05820256776034237,5.950226244343892,8.85962910128388,135.8726043701172,1.7256464221149368,2.912996724596632,21.002272719257313,0.0,220.569378770972
42.2632716667,-72.58303,0,0.3665158371040724,0.4450784593437946,0.0,0.10613409415121255,0.5067873303167421,0.3514978601997147,0.0,0.0,9.914027149321267,6.969186875891584,58.972164154052734,1.1537476211882156,1.6759401239607887,11.398794972965137,193.4475396830776,39.56461411662924
42.4833416667,-71.0625305,0,0.0,0.16975748930099857,0.0,0.03651925820256776,1.0,0.790870185449358,0.0,0.0028530670470756064,30.968325791855204,21.59771754636234,35.56718826293945,0.9798533968531387,1.8224759644211141,8.05865632410237,432.70586992113095,7.0980541911173
42.0665432778,-72.5384140833,0,0.0,0.12296718972895863,0.02262443438914027,0.047931526390870186,0.9773755656108597,0.8291012838801712,0.0,0.0,14.416289592760181,20.27246790299572,56.300994873046875,1.238240400304079,1.5180091836146716,7.025656372245569,81.64293141300021,61.295119716439956
42.24675637,-73.25587687,0,0.6018099547511312,0.903851640513552,0.39819004524886875,0.09614835948644793,0.0,0.0,0.0,0.0,0.0,0.0,525.9463500976562,2.4488645844062384,4.256706844935785,24.242829281289282,37.60571399405401,819.9328110833285
42.1485089917,-72.28709857,0,0.5294117647058824,0.45905848787446507,0.0,0.11440798858773181,0.4253393665158371,0.3594864479315264,0.0,0.0,6.737556561085973,9.14379457917261,145.5435028076172,4.297764486168971,3.507751494231068,27.464153006766246,306.4958834467052,18.054609672048304
42.0685514122,-70.6799299126,1,0.2850678733031674,0.225962910128388,0.42081447963800905,0.3500713266761769,0.05429864253393665,0.39372325249643364,0.1085972850678733,0.016833095577746076,0.42081447963800905,7.640798858773181,2.6417667865753174,0.6255760326832444,1.044897804175808,5.718441232524618,0.0,247.77697280668093
42.3149120193,-71.1225458508,0,0.17647058823529413,0.04507845934379458,0.0,0.003708987161198288,0.48868778280542985,0.8684736091298145,0.33031674208144796,0.0818830242510699,12.248868778280542,31.791440798858773,24.638639450073242,3.173228477585933,2.032636740063149,16.143886478823138,0.0,60.062582327053335
41.8121148143,-69.9572874895,1,0.0,0.013980028530670471,0.18552036199095023,0.3346647646219686,0.4117647058823529,0.28644793152639086,0.3665158371040724,0.32895863052781743,8.606334841628959,5.480741797432239,4.296123504638672,0.7116279070341083,0.7678853399299489,4.518692679563992,0.0,45.222807391995815
42.0336111667,-72.1743783333,0,0.8778280542986425,0.7988587731811697,0.11764705882352941,0.1629101283880171,0.004524886877828055,0.013980028530670471,0.0,0.0017118402282453639,0.01809954751131222,0.08587731811697574,247.46774291992188,3.904482409119861,3.449074394667816,15.237684080734287,33.90570748987412,4.7083230035240105
42.3764499702,-71.50494177,0,0.2081447963800905,0.36034236804564906,0.0,0.0456490727532097,0.7918552036199095,0.5931526390870185,0.0,0.0,15.746606334841628,9.18944365192582,101.02590942382812,1.5749417811536426,1.9603847474573857,10.99993435106608,117.49754876528725,14.820220839274842
42.2969611371,-71.3415267965,0,0.8461538461538461,0.16918687589158346,0.02262443438914027,0.09614835948644793,0.13122171945701358,0.7335235378031384,0.0,0.0005706134094151213,3.3981900452488687,21.225962910128388,72.58457946777344,3.1800641640458687,1.7790450824785649,10.841584663456889,101.86531005395484,175.7841591329957
41.3445268,-70.7202798,1,0.2986425339366516,0.2659058487874465,0.19909502262443438,0.051925820256776035,0.22171945701357465,0.16005706134094153,0.08144796380090498,0.23537803138373753,3.1266968325791855,2.249358059914408,3.8940935134887695,1.2195295630440344,1.406623894475274,11.034350497947397,70.62023030840693,0.9007870105315396
42.3286787757,-71.4283730376,0,0.1493212669683258,0.08131241084165478,0.01809954751131222,0.029671897289586305,0.832579185520362,0.889015691868759,0.0,0.0,13.248868778280542,24.556348074179745,68.54618072509766,1.6941548065481624,1.1209393586568508,5.227764201129777,114.58024292022989,71.45942066256605
42.0493120887,-72.2668898386,1,0.8959276018099548,0.9218259629101284,0.00904977375565611,0.02653352353780314,0.0,0.014265335235378032,0.08144796380090498,0.015691868758915834,0.0,0.3115549215406562,258.4971923828125,4.17203909622542,4.017494371953347,21.30776153950651,15.582940363617901,42.27067133866048
42.25315,-71.1361778333,0,0.34841628959276016,0.143509272467903,0.0,0.03651925820256776,0.6515837104072398,0.8148359486447931,0.0,0.005135520684736091,14.524886877828054,35.304707560627676,22.59136962890625,1.2028150008119212,1.393671173819652,10.052141117348766,86.24569543994208,140.3342396516202
41.933525,-69.9786,0,0.09049773755656108,0.34293865905848786,0.03167420814479638,0.035092724679029956,0.05429864253393665,0.038801711840228244,0.37104072398190047,0.47360912981455067,1.7692307692307692,0.9537803138373752,3.4933953285217285,2.7797515702331856,1.2096881429781108,10.236676972344013,49.37356283271901,99.81000567770205
41.3808333333,-70.45433,0,0.058823529411764705,0.09443651925820257,0.47058823529411764,0.15720399429386592,0.0,0.01768901569186876,0.3076923076923077,0.519543509272468,0.0,0.312981455064194,1.0864845514297485,0.28636064646130416,0.2155880350099869,1.3805416451389723,29.27174824330724,244.6947302222405
42.4577757053,-71.3088858731,0,0.11764705882352941,0.34407988587731814,0.1583710407239819,0.2972895863052782,0.22624434389140272,0.18373751783166906,0.0,0.0,4.018099547511312,3.579172610556348,42.29370880126953,0.7366231377583866,1.3953252466399593,9.662753606784783,287.2928861371418,11.193451376901963
42.2189833766,-70.8624386787,0,0.6561085972850679,0.6219686162624821,0.1583710407239819,0.1825962910128388,0.18552036199095023,0.1646219686162625,0.0,0.011697574893009986,3.6877828054298645,2.7400855920114124,18.916587829589844,0.598275006412202,1.0036419133777672,5.222576930190313,262.2441693355905,49.15774882442018
42.48411,-71.504832,1,0.46153846153846156,0.4345221112696148,0.4660633484162896,0.19686162624821682,0.07239819004524888,0.35748930099857346,0.0,0.0,3.7873303167420813,7.089015691868759,75.13522338867188,0.8294774700363368,1.9556071284322263,10.557803695740725,30.77812375821715,328.71120574980495
42.7033988394,-72.3176743385,1,0.6244343891402715,0.8356633380884451,0.2579185520361991,0.09015691868758915,0.004524886877828055,0.015977175463623396,0.1085972850678733,0.025677603423680456,0.04524886877828054,0.12439372325249644,304.40814208984375,2.3381308027650536,3.6700030754988844,27.701239420675925,18.563168639470273,12.622535478462316
42.5099137529,-71.4736706103,1,0.4298642533936652,0.4490727532097004,0.3665158371040724,0.21312410841654778,0.20361990950226244,0.18659058487874466,0.0,0.12125534950071326,2.660633484162896,4.058202567760342,73.9430160522461,3.129405635319218,2.053078281002316,12.513589933527827,41.20755416098301,0.8477670174309199
41.4122105437,-70.6783384737,1,0.5972850678733032,0.637660485021398,0.0,0.013124108416547788,0.03167420814479638,0.1788873038516405,0.0,0.0,1.0135746606334841,2.6285306704707563,24.602006912231445,1.084027724115617,1.5566878799963977,10.344637749537561,104.17721276741692,278.0808818462729
42.1915601672,-71.5136827533,1,0.18099547511312217,0.602567760342368,0.17194570135746606,0.14522111269614835,0.0,0.13780313837375177,0.5656108597285068,0.0964336661911555,0.0,2.8684736091298144,107.98192596435547,1.551305271333223,2.1217612739862806,13.302948965187435,0.0,474.9995367386708
41.919205,-70.98223,0,0.6832579185520362,0.5768901569186876,0.027149321266968326,0.12496433666191155,0.24434389140271492,0.2370898716119829,0.0,0.0,4.46606334841629,4.51469329529244,25.793302536010742,0.852647934000728,1.0808406030830129,4.944477486903586,278.4484281952459,3.187338047523609
41.5174413501,-70.6579447165,1,0.00904977375565611,0.04079885877318117,0.049773755656108594,0.026248216833095576,0.2986425339366516,0.21997146932952924,0.4072398190045249,0.6527817403708988,4.203619909502263,3.476747503566334,1.9651271104812622,0.7393573324371856,0.6274072782703787,5.109654987555357,0.0,32.10377022301985
42.3783186842,-71.1011901498,0,0.0,0.0,0.0,0.0,1.0,1.0,0.0,0.0,73.43438914027149,71.26733238231098,3.9873743057250977,0.42153159400806334,0.9295033503564816,6.439933013789543,1698.5380333639362,25.537966589419483
42.2439037938,-71.9668019924,0,0.6515837104072398,0.5957203994293866,0.167420814479638,0.21768901569186877,0.02262443438914027,0.07132667617689016,0.0,0.007132667617689016,0.4117647058823529,1.151212553495007,301.78045654296875,3.1161377057027204,2.2313643701542736,10.192467979416117,88.65580997595042,201.30292074674432
42.40663,-71.329242,1,0.4072398190045249,0.3181169757489301,0.0,0.16861626248216832,0.2171945701357466,0.35121255349500713,0.0,0.0025677603423680455,3.5972850678733033,6.444793152639087,64.45183563232422,1.387144157008663,1.0428240367756278,5.386481204932804,5.581938418704276,139.13741680882197
42.2556533006,-71.5627715187,1,0.03619909502262444,0.18801711840228244,0.28054298642533937,0.21255349500713266,0.6832579185520362,0.5278174037089871,0.0,0.0002853067047075606,12.565610859728507,9.009700427960057,88.79936218261719,1.73936371071462,1.5845224859252942,12.394196824159346,0.0,87.41265772919854
41.6372006417,-70.3414658804,0,0.0,0.0002853067047075606,0.08597285067873303,0.15920114122681883,0.39819004524886875,0.3560627674750357,0.17647058823529413,0.40741797432239657,20.488687782805428,10.084450784593438,1.1349081993103027,0.19832443801201852,0.35451074042450226,2.2298042234830184,56.07772644963732,18.237760461880377
42.828744,-70.825042,0,0.0,0.0,0.6968325791855203,0.6002853067047076,0.0,0.05877318116975749,0.3031674208144796,0.1543509272467903,0.0,3.4835948644793153,0.16271157562732697,0.20198210240108022,0.24976625557820137,1.175303827539255,0.0,432.73728491026964
42.670508433,-72.5378421675,1,0.09049773755656108,0.3977175463623395,0.00904977375565611,0.05534950071326676,0.832579185520362,0.38887303851640515,0.0,0.0002853067047075606,26.647058823529413,10.57660485021398,112.49126434326172,0.6762411831945345,2.020318884892761,12.53395198223567,0.0,39.90904959278269
42.6363625792,-70.9159311607,1,0.18552036199095023,0.39115549215406564,0.8144796380090498,0.5155492154065621,0.0,0.024536376604850214,0.0,0.0025677603423680455,0.0,0.3666191155492154,10.569046974182129,0.5150178064080069,0.7884620286538913,3.491833924928016,0.0,611.0881232356382
41.6863033333,-69.9474716667,0,0.0,0.0,0.0,0.028815977175463622,0.0,0.35863052781740373,0.9457013574660633,0.550641940085592,0.0,9.654493580599144,-1.140875220298767,0.45061496497834647,0.7064208219464183,5.989802899925378,0.0,317.3049554639731
42.28926,-71.6136333333,0,0.19909502262443438,0.19029957203994294,0.19909502262443438,0.18516405135520686,0.39819004524886875,0.4079885877318117,0.11312217194570136,0.2094151212553495,7.574660633484163,19.702139800285305,87.41972351074219,0.46676111423044325,0.8418632017696089,5.6128707225229295,58.78440446933433,109.30454389247897
41.8129283333,-69.99762,0,0.22624434389140272,0.029957203994293864,0.40271493212669685,0.45106990014265336,0.3167420814479638,0.2550641940085592,0.0,0.20085592011412268,5.280542986425339,6.050499286733238,4.596906661987305,0.5948035434537329,0.46207967756447366,2.8178670114683584,70.07486289684779,1.114616565065795
41.9098245733,-70.0711787681,0,0.0,0.09728958630527818,0.37104072398190047,0.08530670470756063,0.0,0.0,0.2579185520361991,0.6348074179743224,0.0,0.0,2.0032308101654053,0.7486900259489822,0.8231146531565423,4.708907448209606,0.0,2099.7996503564605
42.7329111111,-71.058275,0,0.4751131221719457,0.48730385164051354,0.11312217194570136,0.11925820256776035,0.07239819004524888,0.08587731811697574,0.3257918552036199,0.2253922967189729,0.3212669683257919,0.8947218259629102,23.046688079833984,1.3556211657438277,1.8863856031967483,9.52188749639543,7.867513367031717,2.5368586391825727
41.3514533333,-70.5317466667,1,0.14027149321266968,0.038231098430813126,0.21266968325791855,0.03166904422253923,0.013574660633484163,0.07332382310984308,0.18099547511312217,0.41569186875891584,0.497737556561086,1.2285306704707561,1.6409573554992676,0.25008906220672456,0.2231504357295941,1.806053210077459,8.295439453847369,244.32058275135216
42.5908641824,-70.8208299056,1,0.15384615384615385,0.39657631954350925,0.09502262443438914,0.2559201141226819,0.502262443438914,0.2676176890156919,0.2398190045248869,0.07417974322396577,21.040723981900452,9.017974322396576,15.758554458618164,0.6271959498354653,1.245658972286942,5.021582570982656,0.0,35.815218533352045
42.1064638333,-72.9179533333,1,0.9457013574660633,0.9223965763195435,0.03619909502262444,0.03680456490727532,0.0,0.023965763195435093,0.0,0.0002853067047075606,0.0,0.14037089871611982,376.4942626953125,6.015857048443921,4.456464321365759,30.162078377721652,24.682629356330338,948.3679759776418
42.1173502179,-71.7475400773,0,1.0,0.7808844507845935,0.0,0.1332382310984308,0.0,0.06875891583452211,0.0,0.014265335235378032,0.0,0.3825962910128388,194.22544860839844,3.852958025842688,2.52450739229286,17.199012022395976,371.84663590976874,659.4358077185407
42.0096523698,-71.200048075,0,0.04072398190045249,0.1543509272467903,0.7104072398190046,0.23252496433666192,0.248868778280543,0.5743223965763196,0.0,0.0048502139800285305,4.619909502262443,12.681597717546362,37.70063781738281,0.22450452746982322,0.3197139178635305,1.7234311528089694,19.0398726106708,74.37291102600302
42.3039569511,-71.3565342433,0,0.0,0.011697574893009986,0.0,0.025677603423680456,1.0,0.9041369472182597,0.0,0.057631954350927245,49.49321266968326,34.508416547788876,62.542205810546875,1.026923267411934,1.262341357083113,7.532807934725248,208.50372052046026,8.74080727565371
42.4926290391,-71.367700181,1,0.3891402714932127,0.4345221112696148,0.37104072398190047,0.28730385164051353,0.004524886877828055,0.16975748930099857,0.22624434389140272,0.03109843081312411,0.03167420814479638,3.4345221112696147,58.166751861572266,1.2290130981211516,1.3695838061946322,9.457474990910264,0.0,186.1629213111637
42.093953,-70.7063883333,0,0.02262443438914027,0.14037089871611982,0.6561085972850679,0.29871611982881596,0.3167420814479638,0.5489300998573466,0.0,0.0002853067047075606,14.710407239819004,19.95549215406562,1.8296066522598267,0.4569117232363207,0.7762300151079441,4.691283182520607,24.783396993748312,89.03680650547638
42.7744798127,-70.8064846556,0,0.0,0.0,0.28054298642533937,0.4042796005706134,0.06787330316742081,0.016833095577746076,0.19004524886877827,0.33951497860199714,2.6380090497737556,0.5135520684736091,1.7884610891342163,0.335737574987536,0.3080008927430468,1.5753297820717431,19.351651569334614,1.4725083737158218
42.37188,-71.2919216667,0,0.38009049773755654,0.3600570613409415,0.14027149321266968,0.124679029957204,0.4796380090497738,0.49814550641940086,0.0,0.0002853067047075606,4.972850678733032,7.702425106990014,46.709529876708984,2.3641300677481407,1.9239092203591557,9.850332112802732,107.13074304631371,50.62657963217497
41.8807509241,-70.0016504839,1,0.12669683257918551,0.112981455064194,0.6742081447963801,0.3398002853067047,0.0,0.14037089871611982,0.02262443438914027,0.3303851640513552,0.0,3.7109843081312412,2.506340742111206,0.47966694658711884,0.5178002771830413,3.795314704296011,0.0,19.43919170264801
42.6271583333,-70.917969445,1,0.21266968325791855,0.21540656205420827,0.7873303167420814,0.7281027104136947,0.0,0.016833095577746076,0.0,0.0,0.0,0.181169757489301,10.38669204711914,0.8023362399252583,0.5996859207499566,3.4243952663644546,14.934461074988508,451.56863080521634
42.2868128193,-72.6416812321,1,0.12669683257918551,0.1788873038516405,0.0,0.23109843081312412,0.13122171945701358,0.12496433666191155,0.03619909502262444,0.15920114122681883,3.6199095022624435,3.914978601997147,34.108707427978516,0.6023997929317588,0.939685661190556,5.189783733467786,0.0,50.2909902954801
42.2688694444,-71.006825,0,0.0,0.0094151212553495,0.16289592760180996,0.14265335235378032,0.8371040723981901,0.7027104136947219,0.0,0.14037089871611982,38.42986425339367,36.9320970042796,2.5131723880767822,0.3790641208885535,0.5039085933787436,2.6245831685805388,135.42432982306548,6.614219670771841
42.1609,-71.2605,0,0.2986425339366516,0.2593437945791726,0.1085972850678733,0.23309557774607703,0.5927601809954751,0.5001426533523537,0.0,0.003708987161198288,11.60180995475113,10.924393723252496,51.65705108642578,1.3600827435345855,1.1094996369000512,5.343260931132332,52.310304260371645,64.93908657488204
41.6052835677,-70.5898842748,0,0.3031674208144796,0.32439372325249644,0.02262443438914027,0.04022824536376605,0.0,0.24507845934379457,0.02262443438914027,0.041940085592011414,0.0,4.982310984308131,10.703330039978027,1.0426801102443415,0.9844885347821406,4.261445313812238,333.2239323334973,390.4246025903754
42.4392016667,-71.4479516667,0,0.10407239819004525,0.06305278174037089,0.12669683257918551,0.08958630527817403,0.7692307692307693,0.8325249643366619,0.0,0.014550641940085592,18.131221719457013,26.81027104136947,53.977989196777344,1.9450730839744987,1.2461622079181358,6.094476831205862,292.003000729878,51.66970940876515
42.269495,-71.1683283333,0,0.0,0.01825962910128388,0.0,0.06105563480741798,1.0,0.8439372325249643,0.0,0.02225392296718973,54.01809954751131,42.95891583452211,34.063690185546875,0.7965523168790024,1.6806582462173871,8.929048906300002,371.07232907770674,23.96852491858915
42.6597807758,-73.2173030503,0,0.8733031674208145,0.6995720399429387,0.027149321266968326,0.03651925820256776,0.06334841628959276,0.05934379457917261,0.0,0.0,0.5248868778280543,0.6253922967189729,309.3728942871094,3.6359792609577357,5.652800489500573,28.507620220238035,50.55489227072936,71.48107781458651
42.6139033333,-72.4872133333,0,0.2398190045248869,0.5997146932952925,0.04524886877828054,0.017403708987161197,0.0,0.03851640513552068,0.0,0.16262482168330955,0.0,0.6105563480741797,66.02535247802734,5.00087119682897,4.365601106986146,32.807144853634554,148.39097955391267,51.72875901963831
42.2065166667,-71.4549333333,0,0.04072398190045249,0.3146932952924394,0.22171945701357465,0.21455064194008558,0.7375565610859729,0.4125534950071327,0.0,0.0,4.927601809954751,6.762339514978602,82.57756042480469,1.2984153351658223,1.630684400828776,7.377454013088158,62.36704104616377,64.00563366753529
42.3197500647,-71.1983148182,0,0.0,0.011126961483594865,0.0,0.003138373751783167,1.0,0.9572039942938659,0.0,0.028530670470756064,35.126696832579185,30.82796005706134,40.17363357543945,0.7690729651400802,1.3208900629859388,9.253894966343845,505.6277059475608,37.84683348820966
42.33472,-71.39453,0,0.18099547511312217,0.14664764621968615,0.6108597285067874,0.21940085592011413,0.19457013574660634,0.6039942938659059,0.0,0.0,3.085972850678733,17.46562054208274,36.64569854736328,1.5070796327204492,1.5326735709670287,7.586996661952879,0.0,44.194920338558624
42.6044598736,-71.6174822738,1,0.6199095022624435,0.5651925820256776,0.31221719457013575,0.12582025677603423,0.06334841628959276,0.23737517831669044,0.0,0.0025677603423680455,1.6244343891402715,4.649643366619116,68.63092041015625,1.5709007270815705,1.3451894336097086,8.34742910496147,0.9046826958490269,148.61617142983616
42.20758,-70.9426716667,1,0.0,0.0550641940085592,0.013574660633484163,0.03937232524964337,0.6877828054298643,0.7426533523537803,0.27601809954751133,0.15891583452211128,23.986425339366516,30.7811697574893,21.15432357788086,0.5413787992048755,0.9673262412819467,4.1629962550211825,2.2162134645948344,23.885483262526602
42.3179775351,-71.3476024639,0,0.0,0.05049928673323823,0.06334841628959276,0.16547788873038516,0.9366515837104072,0.7840228245363766,0.0,0.0,27.570135746606336,23.560627674750357,48.362796783447266,0.7271027938650333,0.7718155616964018,3.694484580963415,153.71774525477227,8.335774672076955
42.4715260957,-71.1641800922,1,0.5746606334841629,0.1666191155492154,0.22171945701357465,0.052781740370898715,0.02262443438914027,0.6456490727532097,0.17194570135746606,0.12838801711840228,0.2398190045248869,20.229671897289585,15.296673774719238,1.2909351427549538,1.7455054495274238,8.263257416380702,0.0,237.6809875556642
42.4219740394,-71.1361940541,0,0.0,0.003138373751783167,0.0,0.002282453637660485,1.0,0.9457917261055635,0.0,0.04850213980028531,58.244343891402714,43.3737517831669,7.289880752563477,0.3959369066194232,0.9317553963286966,5.759446865910612,498.89826511691376,20.545515519744615
42.8159416728,-70.96208,1,0.19457013574660634,0.36034236804564906,0.7692307692307693,0.19172610556348074,0.0,0.16119828815977175,0.03619909502262444,0.21426533523537802,0.0,2.614835948644793,1.4322296380996704,0.8472690140909385,1.98620186379851,13.52759117078444,0.0,7.425341674344048
42.2355834,-73.25646839,0,0.9140271493212669,0.882453637660485,0.08597285067873303,0.11754636233951497,0.0,0.0,0.0,0.0,0.0,0.0,522.61181640625,3.4559801912353176,3.6280191544829425,22.8076045083302,126.96345120895865,139.56494513393372
42.4312216667,-71.0497971667,0,0.0,0.0,0.0,0.0,1.0,1.0,0.0,0.0,65.31221719457014,61.597432239657635,12.627382278442383,2.5428189161892236,1.3408723567739003,9.795343719032216,965.8328233288952,2.7333483780631287
41.3304116667,-70.7847216667,1,0.2398190045248869,0.2932952924393723,0.33031674208144796,0.15977175463623394,0.1493212669683258,0.09186875891583453,0.248868778280543,0.34807417974322397,1.9864253393665159,1.178601997146933,5.312295913696289,1.3475124578443358,1.410952283264792,9.349108736241288,21.311889875278,69.84917350829059
42.64692,-71.2094283333,0,0.6289592760180995,0.35691868758915835,0.04524886877828054,0.11840228245363767,0.29411764705882354,0.33580599144079887,0.0,0.18516405135520686,2.6199095022624435,6.4490727532097,48.8216438293457,2.953947503438182,2.0030996423026473,12.701298349601135,58.4310780333296,0.381154079313576
42.3008033333,-71.3356383333,0,0.11312217194570136,0.16633380884450785,0.24434389140271492,0.12068473609129815,0.6425339366515838,0.7024251069900143,0.0,0.00912981455064194,22.53846153846154,21.371754636233952,45.169437408447266,1.3560265970693228,1.6810381531100242,10.157868112012931,32.13210346269945,4.538751006208289
42.082137579,-71.2127691414,1,0.17647058823529413,0.26134094151212556,0.11764705882352941,0.13009985734664764,0.40271493212669685,0.5412268188302425,0.19004524886877827,0.017118402282453638,6.1900452488687785,12.768901569186875,71.28076934814453,1.2124750012945784,1.722382396759892,9.918293332772517,0.0,233.43600527650852
42.0216829034,-70.8691581686,1,0.0,0.056776034236804565,0.6515837104072398,0.5771754636233951,0.08144796380090498,0.046790299572039944,0.19004524886877827,0.15863052781740372,2.416289592760181,1.1660485021398004,16.761573791503906,0.14047556050132182,0.12615153549721853,0.7954136659859642,0.0,1006.179483235102
42.4695635082,-71.338896345,0,0.583710407239819,0.16718972895863052,0.08597285067873303,0.25449358059914406,0.16289592760180996,0.4171184022824536,0.004524886877828055,0.06847360912981455,6.497737556561086,7.420256776034237,39.10197448730469,0.7675206682557918,1.1083870362311188,5.401821346164333,80.51235648211993,204.00385399694585
42.3881716667,-72.5099866667,0,0.4434389140271493,0.3024251069900143,0.05429864253393665,0.0550641940085592,0.4796380090497738,0.5492154065620543,0.0,0.0,6.271493212669683,12.837089871611983,106.38115692138672,2.4542723587886357,2.5116661168102827,12.855143992474394,352.2385220080688,1.5034200902741552
41.6493871329,-70.6223330274,1,0.08144796380090498,0.07788873038516406,0.2579185520361991,0.06990014265335236,0.2986425339366516,0.6065620542082739,0.3438914027149321,0.21198288159771755,3.8778280542986425,12.736661911554922,2.8138060569763184,0.7841411669197222,0.66178326738456,4.931572808346004,0.0,172.55367956867406
42.0331633813,-70.8414857038,0,0.20361990950226244,0.17631954350927248,0.06787330316742081,0.20399429386590584,0.7285067873303167,0.48302425106990016,0.0,0.018830242510699,20.556561085972852,9.635663338088445,23.256195068359375,0.4738703491487415,0.4995077080045706,1.9563767948078497,0.0,36.71932521725465
41.3804798752,-70.6567622812,0,0.918552036199095,0.7044222539229672,0.004524886877828055,0.014835948644793153,0.06334841628959276,0.12011412268188303,0.0,0.003994293865905849,0.8552036199095022,1.7169757489300999,9.606027603149414,0.5132410426041281,0.5112823196458182,2.6350738643731337,86.97210262914643,27.431265061216685
42.2302666667,-70.9961783333,0,0.0,0.04136947218259629,0.0,0.023965763195435093,1.0,0.9340941512125535,0.0,0.0005706134094151213,40.71945701357466,39.71526390870186,43.131317138671875,2.2532380143706416,2.13355800190978,10.855580234987784,562.4000231048757,24.269461696686673
42.519672,-72.304158,1,0.45248868778280543,0.7087018544935806,0.43891402714932126,0.08673323823109844,0.0,0.0011412268188302425,0.10407239819004525,0.15834522111269614,0.0,0.008273894436519259,162.43026733398438,1.242803232525688,2.7189411347896324,14.750036923769828,15.163260453887457,297.110621464574
42.2508716667,-71.669555,0,0.17647058823529413,0.3728958630527817,0.04072398190045249,0.20427960057061342,0.14479638009049775,0.192867332382311,0.0,0.0,1.5158371040723981,4.291012838801712,128.240966796875,2.50668412297593,2.3169715474518777,11.897401464196955,235.53903072749065,5.428024118202552
42.3654352046,-71.0177758979,0,0.0,0.0,0.0,0.013124108416547788,1.0,0.9563480741797432,0.0,0.03052781740370899,89.78733031674209,77.73523537803139,4.054075241088867,0.04433576047407377,0.1901719124256228,0.9755390892690423,714.8822436124711,19.74205774369601
42.1255105022,-72.0753282095,0,0.5565610859728507,0.5417974322396576,0.38461538461538464,0.1557774607703281,0.01809954751131222,0.2616262482168331,0.04072398190045249,0.029671897289586305,0.6787330316742082,7.727817403708987,198.96693420410156,1.635432613727773,2.2904371993443795,12.153966388964406,64.05063558386868,211.16165219064507
42.427925,-71.1066278333,0,0.0,0.1948644793152639,0.0,0.012838801711840228,1.0,0.7922967189728959,0.0,0.0,52.723981900452486,39.34893009985735,23.862464904785156,1.838048030500317,1.9651106185051164,14.131706570646964,311.47016833818856,14.998209905161858
42.6381705673,-70.9202211723,1,0.6877828054298643,0.4182596291012839,0.22624434389140272,0.4536376604850214,0.0,0.0833095577746077,0.02262443438914027,0.0025677603423680455,0.0,1.2151212553495008,15.27907657623291,0.7527294182211318,1.0293681453469172,4.651636680845567,6.221807320221196,494.1893017124334
41.661775,-69.96305,0,0.0,0.012838801711840228,0.2895927601809955,0.162339514978602,0.3665158371040724,0.22796005706134095,0.2986425339366516,0.42710413694721827,10.438914027149321,5.147503566333809,1.9488437175750732,0.8151264284047997,0.5665713170655136,2.4548659084091,45.248514706476946,20.87317857708484
42.1718071983,-70.7518663071,0,0.34841628959276016,0.21797432239657633,0.4841628959276018,0.24165477888730386,0.07692307692307693,0.4776034236804565,0.07692307692307693,0.041940085592011414,0.8280542986425339,12.623680456490728,5.979880332946777,1.5345163994802364,1.4038277351480286,8.575447967614238,0.0,163.35942453056
42.2647968633,-72.6690952108,0,0.0,0.06019971469329529,0.0,0.09186875891583453,0.9773755656108597,0.8194008559201141,0.02262443438914027,0.027960057061340943,53.502262443438916,33.688159771754634,49.47260665893555,1.0561852048671587,1.0792007147174316,4.336157559092867,5.74615161075358,19.749574162092806
42.680487,-72.982392,0,0.7058823529411765,0.8850213980028531,0.00904977375565611,0.010556348074179744,0.04524886877828054,0.033095577746077035,0.08597285067873303,0.03452211126961484,0.5339366515837104,0.33951497860199714,248.60711669921875,10.675250994094826,16.007610406322893,85.81324093984392,91.14427016226885,67.20244118567521
42.6084472222,-71.0961611111,0,0.6153846153846154,0.4818830242510699,0.3665158371040724,0.20684736091298145,0.01809954751131222,0.25278174037089873,0.0,0.052781740370898715,0.2850678733031674,4.63281027104137,29.118844985961914,0.48458125259505724,0.8028203584380391,4.9082317601619385,56.445402267571964,35.04056338162892
42.8555944,-70.96720085,0,0.6380090497737556,0.21626248216833097,0.334841628959276,0.3689015691868759,0.00904977375565611,0.2296718972895863,0.0,0.047931526390870186,0.1493212669683258,4.570042796005706,30.00012969970703,1.4141850238892377,1.203083758636825,5.203265727547615,56.62858788097393,226.3334081347849
42.0580216824,-71.1269817688,0,0.35294117647058826,0.31925820256776033,0.04524886877828054,0.20171184022824537,0.5927601809954751,0.4758915834522111,0.0,0.0011412268188302425,13.2579185520362,9.785164051355206,59.525482177734375,0.7242575763970466,0.6655379114642818,5.1162783651502135,198.89547377974205,33.53634849956829
42.40627,-71.3558416667,0,0.46153846153846156,0.37146932952924394,0.04524886877828054,0.12952924393723253,0.49321266968325794,0.42339514978602,0.0,0.05021398002853067,6.610859728506787,6.117546362339515,50.28641128540039,1.7078108009336397,1.4396540943507727,5.861154055689388,68.41244465720602,46.393499687565814
42.6966299722,-73.1077509722,0,0.0,0.09700427960057062,0.0,0.0017118402282453639,1.0,0.8978601997146933,0.0,0.0,65.03619909502262,47.45049928673324,218.2462158203125,1.6736460777184015,4.967303255471534,28.674115470519403,330.03157468508715,0.38415364187289697
42.6589799442,-70.6660676288,1,0.7963800904977375,0.4647646219686163,0.13574660633484162,0.07360912981455064,0.03167420814479638,0.41512125534950073,0.03167420814479638,0.03965763195435093,0.3076923076923077,6.361768901569187,18.09288787841797,2.4701544357965752,2.074303979818702,10.29538017029793,0.0,195.18320048849867
42.6602534191,-70.7975862175,0,0.2850678733031674,0.1332382310984308,0.5701357466063348,0.6128388017118402,0.0,0.06305278174037089,0.0,0.016547788873038517,0.0,1.10641940085592,6.110361576080322,1.2036505736364296,0.7150568232083144,3.376583759979832,11.790439191785238,124.27814551538684
42.26249667,-71.77617833,0,0.04524886877828054,0.07560627674750357,0.027149321266968326,0.007703281027104137,0.9230769230769231,0.9164051355206847,0.0,0.0,32.529411764705884,49.751783166904424,189.9378662109375,1.5719751070010233,3.2605189398864107,16.097406441875165,146.96296827192276,0.3617011039299126
42.2596005136,-71.6446798116,0,0.6108597285067874,0.2833095577746077,0.09502262443438914,0.13495007132667616,0.19909502262443438,0.2456490727532097,0.08597285067873303,0.2607703281027104,3.090497737556561,5.655634807417974,108.58267974853516,3.0885254987914723,1.3219250310108597,8.135557797844193,134.96069206051502,125.97621215452298
42.7769801006,-70.9570905372,1,0.3755656108597285,0.45477888730385163,0.01809954751131222,0.22368045649072754,0.26244343891402716,0.09985734664764621,0.24434389140271492,0.16062767475035664,3.479638009049774,1.1395149786019971,25.31418800354004,2.2213500717248222,1.4348212867203933,7.41280875514953,0.0,22.448472896514758
42.1397507406,-71.2684672992,0,0.0,0.16490727532097005,0.00904977375565611,0.14465049928673324,0.9909502262443439,0.5997146932952925,0.0,0.0002853067047075606,39.35746606334842,23.00228245363766,51.03318786621094,0.6495928918132161,0.966367489767018,6.064487729732521,46.96157399751805,17.711530121847378
42.3772222222,-72.5133333333,0,0.0,0.07988587731811697,0.0,0.037089871611982884,1.0,0.8810271041369472,0.0,0.0,22.755656108597286,26.351783166904422,92.39054870605469,2.131001567530861,1.9864422244274083,13.744967460665348,533.0722356494194,9.839115024577422
42.2475723038,-71.8207496312,0,0.0,0.0,0.0,0.0008559201141226819,1.0,0.9991440798858773,0.0,0.0,53.203619909502265,61.50442225392297,149.94834899902344,1.7262130352756428,1.3079164062761337,8.06072927418768,68.52765585340721,58.473571682238095
42.129916,-71.5521586,0,0.2398190045248869,0.4653352353780314,0.13122171945701358,0.04764621968616262,0.6289592760180995,0.44365192582025675,0.0,0.028815977175463622,14.524886877828054,14.788873038516405,108.9566879272461,2.84591401040484,2.389170206079334,16.503939511989792,2.805900165374855,33.47339759944838
42.086517632,-70.6782294219,1,0.02262443438914027,0.07018544935805991,0.2579185520361991,0.5007132667617689,0.3212669683257919,0.34122681883024253,0.09049773755656108,0.011412268188302425,2.9728506787330318,4.752353780313838,1.730726957321167,0.42492929658966516,0.6608295338818484,5.4244525314935155,0.0,154.73695520842338
42.2891916667,-72.6792966667,0,0.5158371040723982,0.3971469329529244,0.01809954751131222,0.1529243937232525,0.22171945701357465,0.19087018544935805,0.0,0.0,8.248868778280542,4.339229671897289,60.079078674316406,0.8820278192204369,1.8734587556233488,9.879003632805519,68.60082146071503,46.23489505966423
42.2671166667,-71.1196528333,0,0.0,0.011982881597717546,0.0,0.0028530670470756064,1.0,0.9851640513552068,0.0,0.0,59.30316742081448,46.670756062767474,17.136018753051758,0.9807151053644336,1.9137743639910767,10.864461712563614,526.9033011266099,80.78938557620747
42.3304371714,-71.0980911212,0,0.0,0.0,0.0,0.0,1.0,1.0,0.0,0.0,66.8054298642534,69.28559201141226,13.89432144165039,2.5878914919594584,2.113972971938952,11.875765677218004,959.1323682150745,2.111285223265842
42.1621932983,-71.5363235474,0,0.0,0.075320970042796,0.0,0.019971469329529243,1.0,0.9047075606276748,0.0,0.0,44.452488687782804,25.613409415121254,148.3767852783203,3.4092165645520547,2.303230285986909,21.30867289951075,369.11033295912057,31.685388279249217
41.8827352546,-69.9956286824,1,0.2669683257918552,0.19087018544935805,0.45701357466063347,0.3035663338088445,0.09954751131221719,0.29158345221112697,0.0,0.1543509272467903,2.484162895927602,8.390299572039943,7.627694129943848,1.0549413538833834,0.5843244826513654,3.8588055838025355,66.49486372340773,59.75858221973795
42.4357,-72.072875,1,0.2895927601809955,0.7141226818830243,0.5384615384615384,0.10898716119828816,0.06334841628959276,0.056490727532097,0.0,0.0,0.5429864253393665,0.5158345221112696,257.5777282714844,1.8254875313700656,2.840423120386175,13.881290828981996,72.1121376174314,93.1096191837166
41.3060379028,-70.251373291,0,0.13122171945701358,0.12838801711840228,0.2171945701357466,0.04621968616262482,0.0,0.0,0.049773755656108594,0.4624821683309558,0.0,0.0,4.450088024139404,1.3424633614158676,0.5394491941634755,4.149297351882409,125.92702044792982,2.883115925653794
42.2218795366,-70.8163986908,1,0.058823529411764705,0.3309557774607703,0.6923076923076923,0.36034236804564906,0.0,0.24821683309557774,0.248868778280543,0.05905848787446505,0.0,4.143509272467903,13.80164623260498,0.21147246320085572,0.9003069929323156,3.867672294400447,0.0,401.74968717879875
42.4407591205,-73.2638554462,0,0.1085972850678733,0.12924393723252497,0.08144796380090498,0.08416547788873038,0.8099547511312217,0.7814550641940086,0.0,0.0019971469329529245,24.805429864253394,33.42767475035663,300.7405090332031,0.8590668766720754,1.4464153977979899,6.9006175956678595,132.89227448163862,87.15316084701254
42.728775,-70.9903716667,0,0.0,0.14151212553495007,0.07692307692307693,0.14978601997146934,0.8597285067873304,0.621398002853067,0.06334841628959276,0.07788873038516406,20.97737556561086,15.591726105563481,26.341882705688477,0.37876404492108784,0.9888703649619252,4.0132397716738915,158.34009891517192,19.55744990090669
42.2387416667,-71.5740133333,0,0.2850678733031674,0.31269614835948645,0.13574660633484162,0.10413694721825963,0.13574660633484162,0.26333808844507844,0.4253393665158371,0.28131241084165476,3.2171945701357467,5.623680456490727,102.20967864990234,1.086137826272551,1.511658326496299,8.234180093391629,9.947997497426263,202.29394617054038
42.2048523,-70.716057,0,0.0,0.0002853067047075606,0.0,0.026818830242510697,0.18099547511312217,0.1760342368045649,0.7330316742081447,0.766904422253923,11.149321266968325,8.372325249643367,-0.28427478671073914,0.24572447122509805,0.37198511587563454,1.8676027389385024,35.583557031983354,14.872066196562352
42.28,-70.954545,0,0.0,0.0002853067047075606,0.02262443438914027,0.006276747503566334,0.1493212669683258,0.07988587731811697,0.7647058823529411,0.9072753209700428,8.886877828054299,4.275320970042796,0.6859626173973083,0.6676352979115915,0.38196417718214987,2.505374208674462,34.22799035251026,79.60573178294635
42.6112310552,-70.6627444798,0,0.0,0.0,0.0,0.00456490727532097,0.9366515837104072,0.6407988587731812,0.06334841628959276,0.35406562054208274,74.57466063348416,44.98744650499287,1.8035248517990112,1.307555985974839,1.2893381110778948,8.86626624816531,32.865582297268304,31.40739856881488
41.34697,-70.7497866667,0,0.49321266968325794,0.47360912981455067,0.334841628959276,0.19657631954350926,0.07239819004524888,0.17945791726105564,0.0,0.0025677603423680455,0.3936651583710407,2.869900142653352,28.252235412597656,1.0256314042736676,1.7891094468089586,12.305114881423911,27.004714758296963,213.78423968295078
42.4408683777,-71.0420837402,0,0.01809954751131222,0.10156918687589159,0.0,0.013409415121255349,0.9819004524886877,0.8744650499286734,0.0,0.010556348074179744,24.221719457013574,37.97032810271041,35.68048858642578,4.151034516896839,2.2849853775259086,13.460870986487565,397.5174607175335,13.259667825403552
41.6098513875,-70.5718374252,1,0.3393665158371041,0.34407988587731814,0.25339366515837103,0.09158345221112696,0.37104072398190047,0.4165477888730385,0.0,0.0724679029957204,4.660633484162896,7.7549215406562055,11.449369430541992,1.0121613035277146,0.7359401060295647,3.2632110166989485,0.0,145.07004344524307
41.64921976,-70.6228823978,1,0.06787330316742081,0.08159771754636234,0.22624434389140272,0.06932952924393723,0.3438914027149321,0.6014265335235378,0.3438914027149321,0.21569186875891583,4.280542986425339,12.746077032810271,2.8138060569763184,0.7841411669197222,0.66178326738456,4.931572808346004,0.0,125.96294051887685
41.38036434,-70.73666737,0,0.995475113122172,0.6536376604850214,0.0,0.019400855920114122,0.0,0.03052781740370899,0.0,0.2268188302425107,0.0,0.34008559201141225,45.09123611450195,4.223253333602036,2.355152815117565,20.173591794489557,49.19074212343298,122.84850792596961
42.7408573264,-70.7973330479,1,0.02262443438914027,0.0068473609129814554,0.7104072398190046,0.34978601997146935,0.02262443438914027,0.03566333808844508,0.12669683257918551,0.38145506419400854,0.5746606334841629,0.8136947218259629,1.3501241207122803,0.21381827800852252,0.32332711123284485,1.8178539279453818,0.0,28.49883617645597
42.4249925466,-72.394261425,0,0.9819004524886877,0.948644793152639,0.0,0.015691868758915834,0.01809954751131222,0.03566333808844508,0.0,0.0,0.11312217194570136,0.26134094151212556,240.85169982910156,5.7336726230999355,5.437945980361782,35.015510219389725,104.76036413819703,8.48793701642992
41.7822995947,-69.9440961199,1,0.0,0.015406562054208274,0.416289592760181,0.15691868758915833,0.583710407239819,0.62339514978602,0.0,0.10185449358059914,11.90950226244344,13.053067047075606,6.393477916717529,1.7976375978856527,1.3321817747438998,9.06032123365595,0.0,133.73535586864128
42.4232153343,-71.1080703431,0,0.0,0.03851640513552068,0.0,0.007417974322396576,1.0,0.9540656205420828,0.0,0.0,48.16742081447964,53.54750356633381,9.2760591506958,2.140772991927129,1.4047400675747928,9.289141301985653,610.6664925756477,45.51719727174713
42.414022692,-71.1825764864,0,0.0,0.0008559201141226819,0.0,0.0,1.0,0.9991440798858773,0.0,0.0,35.411764705882355,34.845934379457915,102.04820251464844,1.8925263994482353,2.90923252565105,13.14108360823703,1021.9895660093863,22.663633920936686
42.2783,-71.0316083333,0,0.0,0.0,0.0,0.05934379457917261,1.0,0.8579172610556348,0.0,0.07417974322396577,76.93212669683258,57.30699001426534,3.555575370788574,0.2754211428577666,0.593174585629451,2.5164796503281814,275.8968774099935,12.688291593283877
42.8222583333,-70.9276116667,0,0.29411764705882354,0.4253922967189729,0.02262443438914027,0.075320970042796,0.33031674208144796,0.30042796005706135,0.0,0.14265335235378032,4.51131221719457,6.668188302425107,28.73383903503418,1.3044852807139404,1.5918104703367473,10.116245668364197,145.1626353300697,8.91137463899701
42.2042121887,-71.8228988647,0,0.02262443438914027,0.13922967189728958,0.0,0.034236804564907276,0.9773755656108597,0.8131241084165478,0.0,0.0,29.597285067873305,33.196861626248214,177.72789001464844,3.6368209852727507,2.7232646438352197,13.183534581052927,325.43165023457954,0.35996865526406013
41.774432059,-70.4980770447,1,0.02262443438914027,0.01768901569186876,0.19457013574660634,0.10271041369472182,0.18552036199095023,0.38487874465049926,0.4841628959276018,0.38316690442225393,7.203619909502263,17.324108416547787,1.8608438968658447,0.6582106915501892,0.7179853102595158,3.645481913933742,0.0,17.374276017621877
42.2215589961,-73.1242127875,0,0.8733031674208145,0.8436519258202567,0.0,0.09671897289586305,0.12669683257918551,0.05420827389443652,0.0,0.0002853067047075606,0.3665158371040724,0.25221112696148357,498.51312255859375,3.8664321188392705,4.282114894109697,22.582855386569175,567.6048570279852,3.7747757800730604
42.2276280924,-70.7593131438,0,0.0,0.0644793152639087,0.04072398190045249,0.15920114122681883,0.4298642533936652,0.4148359486447932,0.5113122171945701,0.3360912981455064,11.158371040723981,9.251925820256776,1.5831851959228516,0.24485640599717742,0.7372181154780572,3.921223407416938,11.846186503029443,43.13444319406545
42.4180033333,-72.7552416667,0,0.6199095022624435,0.8139800285306704,0.04072398190045249,0.06191155492154066,0.14479638009049775,0.08416547788873038,0.0,0.0,1.1312217194570136,0.6273894436519258,245.36679077148438,3.0532141302111335,5.1461858317544635,28.648108202486338,236.30283165585246,3.223883789285582
42.1676266548,-71.1905242763,0,0.02262443438914027,0.025962910128388018,0.5746606334841629,0.3791726105563481,0.37104072398190047,0.5900142653352354,0.02262443438914027,0.0014265335235378032,25.737556561085974,34.540941512125535,14.143170356750488,0.38935464410772064,0.8370407120888296,6.849188891359861,26.419419665792542,181.89703320349662
42.5204746241,-71.7087184482,1,0.03167420814479638,0.21340941512125536,0.004524886877828055,0.2413694721825963,0.9276018099547512,0.5135520684736091,0.0,0.005420827389443652,42.66968325791855,22.227960057061342,130.26829528808594,1.0358133585088987,1.5928049276380372,7.043168306359702,145.5811480088058,3.9396075472487975
41.5758133333,-70.408875,0,0.0,0.0,0.0,0.0,0.0,0.0,1.0,1.0,0.0,0.0,0.0,0.0,0.0,0.0,0.0,3605.4847809372063
42.1013908386,-72.6970901489,1,0.9728506787330317,0.5395149786019972,0.0,0.016833095577746076,0.02262443438914027,0.28730385164051353,0.0,0.02767475035663338,0.4841628959276018,7.221683309557775,89.07843017578125,5.254099978905868,3.5830417608603153,21.316906851707827,210.37131138686297,272.8080356454078
42.435895,-73.2105466667,0,0.0,0.015977175463623396,0.22171945701357465,0.3181169757489301,0.7782805429864253,0.63509272467903,0.0,0.0,24.15837104072398,17.421968616262482,305.9749450683594,0.8289226359921332,1.1156962850125722,7.074925620873252,276.75906807179194,12.786985700401651
41.2647756882,-70.1150196943,0,0.013574660633484163,0.05962910128388017,0.027149321266968326,0.08616262482168331,0.9592760180995475,0.769472182596291,0.0,0.0011412268188302425,27.923076923076923,20.83366619115549,8.794859886169434,0.31805243896268925,0.36918935100785705,1.3918939894453148,398.236624153259,34.02110495527171
42.3508017,-71.2348366,0,0.0,0.0,0.12217194570135746,0.007988587731811698,0.8778280542986425,0.9920114122681883,0.0,0.0,30.02262443438914,41.93751783166904,13.84213924407959,0.33399450304701667,0.9981287359193831,5.422344097733121,14.191449837914163,11.590551557181358
42.5455169895,-71.779880089,0,0.004524886877828055,0.22139800285306704,0.0,0.02653352353780314,0.8552036199095022,0.7115549215406562,0.12669683257918551,0.024251069900142655,18.429864253393664,20.46077032810271,145.13131713867188,1.0707213043440662,2.7412970886443198,15.924195082061201,64.06238197612585,22.730872895155574
42.3483055556,-71.3632305556,0,0.2850678733031674,0.27417974322396577,0.3212669683257919,0.1463623395149786,0.15384615384615385,0.48673323823109843,0.0,0.024536376604850214,3.8778280542986425,7.18601997146933,39.29847717285156,1.7123992997924715,1.897569458768274,14.003804712893217,46.893025595590885,165.29118267671979
42.1317968894,-72.449450724,0,0.167420814479638,0.2644793152639087,0.4479638009049774,0.4579172610556348,0.0,0.20599144079885878,0.0,0.0,0.0,4.0524964336661915,76.67385864257812,0.7650392193217209,0.7952989659678628,4.210284483490564,59.15477536199668,490.36842187855154
42.2472521766,-71.1520572615,0,0.0,0.0019971469329529245,0.00904977375565611,0.014265335235378032,0.9909502262443439,0.9828815977175464,0.0,0.0008559201141226819,47.85067873303167,39.9058487874465,25.70594024658203,1.5592516024832717,1.5613205295143107,7.831496639280661,19.018737097924085,15.60874387677223
42.3840416667,-72.52932,0,0.0,0.0362339514978602,0.0,0.014265335235378032,1.0,0.9172610556348074,0.0,0.0,54.38461538461539,36.16462196861626,59.61014938354492,2.6151935554590064,1.9296828406067337,17.290401270619824,523.5059906036485,54.05555369236353
42.5203745859,-71.8001927622,0,0.9411764705882353,0.9032810271041369,0.0,0.018544935805991442,0.04524886877828054,0.023965763195435093,0.0,0.045934379457917264,0.8506787330316742,0.2370898716119829,250.77024841308594,8.354892267888962,5.713415434112851,39.16262678054677,2.672294226298727,270.6914184036587
42.5481866667,-71.49647,0,0.6832579185520362,0.44108416547788876,0.01809954751131222,0.07417974322396577,0.2895927601809955,0.4002853067047076,0.0,0.003138373751783167,4.203619909502263,9.625106990014265,81.00946807861328,3.053807912404592,2.260975977615781,11.578892271778313,209.0152399878254,8.261637192533922
42.3038333428,-71.983825,0,0.7058823529411765,0.598002853067047,0.0,0.09443651925820257,0.24434389140271492,0.17660485021398004,0.0,0.05905848787446505,2.266968325791855,2.5018544935805993,283.2254943847656,3.518713990260264,2.8215691059422134,17.47905074585132,201.8466247094581,0.23548534413653574
42.6042900901,-71.617535918,1,0.6199095022624435,0.5651925820256776,0.31221719457013575,0.12582025677603423,0.06334841628959276,0.23737517831669044,0.0,0.0025677603423680455,1.6244343891402715,4.649643366619116,68.45330810546875,1.6988449739153682,1.3238338786083599,7.39688632007493,0.07530837490786169,145.2644811745166
42.5758883333,-72.5894083333,0,0.9547511312217195,0.3500713266761769,0.0,0.03965763195435093,0.04524886877828054,0.4442225392296719,0.0,0.05934379457917261,0.8190045248868778,13.586590584878744,101.9178466796875,3.684030614930902,3.7693995980464163,22.132366456314884,603.9335748213466,86.16182370447163
42.5219603582,-71.4280126244,0,0.06334841628959276,0.23252496433666192,0.0,0.08473609129814551,0.9366515837104072,0.5674750356633381,0.0,0.10042796005706134,21.520361990950228,20.868758915834523,75.04427337646484,1.1489532795063315,1.5061307337371295,6.016296284986804,320.0985140227433,26.02375944535071
42.4917139656,-71.3690372957,1,0.3257918552036199,0.3991440798858773,0.4751131221719457,0.29757489300998574,0.07692307692307693,0.1803138373751783,0.08597285067873303,0.030242510699001426,1.407239819004525,3.570042796005706,56.71661376953125,1.2090043770270749,1.3223912717602597,9.21961043681022,12.002819604938132,219.2771736759965
42.4200566667,-72.8876833333,0,0.6968325791855203,0.8556348074179744,0.17647058823529413,0.09728958630527818,0.12669683257918551,0.042225392296718976,0.0,0.0,0.6515837104072398,0.36433666191155495,292.9132385253906,5.8334669188737145,5.597545730301162,29.592409858899575,52.48239340475309,13.337699338648932
42.4058750334,-71.0512447941,0,0.0,0.0,0.0,0.0,1.0,1.0,0.0,0.0,74.39819004524887,76.16661911554921,11.258894920349121,1.8153114896485993,1.236778299927775,10.082826556758341,667.5584956555596,23.663632103267165
41.5892664392,-70.8228879501,0,0.0,0.026248216833095576,0.918552036199095,0.294151212553495,0.0,0.08958630527817403,0.01809954751131222,0.5326676176890157,0.0,1.7035663338088445,1.673008680343628,0.38404988428691533,0.310043560603009,2.13805428546523,0.0,410.1096184199394
42.7125434503,-72.3428467279,0,0.6153846153846154,0.9032810271041369,0.0,0.015691868758915834,0.14027149321266968,0.04821683309557775,0.0,0.0002853067047075606,0.8687782805429864,0.3840228245363766,226.60122680664062,5.378461376768251,5.640460358795953,49.13830814494289,190.05530053937153,12.801693287756697
42.6373519897,-72.0873184204,0,0.5248868778280543,0.5112696148359487,0.3212669683257919,0.2456490727532097,0.15384615384615385,0.10670470756062768,0.0,0.08644793152639087,2.16289592760181,2.392867332382311,256.98687744140625,1.3556318594729286,1.41698027379704,8.26113239442641,0.0,11.49896300729107
42.5702051239,-71.4566259553,0,0.5520361990950227,0.42368045649072755,0.06787330316742081,0.11469329529243938,0.38009049773755654,0.43708987161198287,0.0,0.0002853067047075606,4.904977375565611,8.175748930099857,86.48563385009766,2.8106839194747577,1.7137196437575288,14.347691275355617,82.66627603216186,28.26605822690346
42.5618466667,-71.33703,0,0.6968325791855203,0.5768901569186876,0.2081447963800905,0.08730385164051355,0.049773755656108594,0.289586305278174,0.013574660633484163,0.011126961483594865,1.009049773755656,6.3158345221112695,46.903076171875,1.9708820214824658,1.504819700590237,7.641893464462039,29.23443231840047,167.69845952118703
42.7495976771,-71.0554951989,0,0.07692307692307693,0.2085592011412268,0.027149321266968326,0.10014265335235378,0.8959276018099548,0.5480741797432239,0.0,0.006562054208273894,20.085972850678733,12.308701854493581,33.40864562988281,3.503385871101697,3.1826284416129855,13.656590287392591,415.28047297839873,12.894393514445193
42.5567605304,-71.5780355506,0,0.01809954751131222,0.15092724679029956,0.0,0.04850213980028531,0.9502262443438914,0.6701854493580599,0.03167420814479638,0.09472182596291012,44.62443438914027,27.168045649072752,72.59805297851562,1.2548205013328118,1.536415557877863,10.991324483596099,90.73180491685933,3.3031147207563882
42.3712716667,-71.4627833333,0,0.583710407239819,0.6088445078459344,0.2579185520361991,0.18601997146932953,0.15384615384615385,0.17146932952924393,0.0,0.020256776034236805,1.8778280542986425,2.336947218259629,52.93296432495117,0.8202324147562682,1.2095299545528424,6.143764579440127,58.13965541656796,51.58590281686564
42.2832833333,-71.1447833333,0,0.0,0.007988587731811698,0.0,0.0,1.0,0.9920114122681883,0.0,0.0,51.38461538461539,52.023109843081315,51.799346923828125,1.7691353623885542,2.1410625559141843,13.035133323228411,1169.6666846674227,5.564662387509994
42.0122618544,-70.6831079949,0,0.4841628959276018,0.14208273894436518,0.0,0.13808844507845935,0.4751131221719457,0.29243937232524964,0.0,0.3728958630527817,6.642533936651584,4.002282453637661,27.066513061523438,4.49688507724601,1.5088219846189739,8.522867016773311,240.9439328009917,144.51805426227568
42.5541083333,-72.44468,0,0.7239819004524887,0.8473609129814551,0.27601809954751133,0.10385164051355207,0.0,0.023395149786019972,0.0,0.007417974322396576,0.0,0.2744650499286733,313.43353271484375,1.185413693330003,3.73207584209921,23.515599264441263,0.0,85.17356823327458
42.1905416667,-72.576875,0,0.0,0.11526390870185449,0.0,0.011982881597717546,1.0,0.8724679029957204,0.0,0.0002853067047075606,47.959276018099544,32.33808844507846,65.49038696289062,1.4234001634985642,1.0623816107822333,7.5256628624756345,136.9296311844982,6.8555970208658215
42.2439116667,-72.269325,0,0.416289592760181,0.4333808844507846,0.0,0.07104136947218259,0.5701357466063348,0.40228245363766046,0.0,0.0025677603423680455,13.457013574660634,11.61169757489301,146.586669921875,2.63803269938116,2.1715438141957653,14.18089705034022,310.1235150914665,47.20844890526787
42.134136,-71.237217,0,0.05429864253393665,0.09415121255349501,0.334841628959276,0.1101283880171184,0.5113122171945701,0.7834522111269615,0.027149321266968326,0.0068473609129814554,5.4343891402714934,14.354065620542082,58.308013916015625,0.8665549249566659,1.5363477385125621,9.786397313410905,55.21836813673816,183.31865183379446
42.4758311076,-71.9557948985,0,0.37104072398190047,0.4362339514978602,0.19909502262443438,0.27360912981455066,0.3257918552036199,0.18887303851640513,0.10407239819004525,0.042796005706134094,3.276018099547511,2.6761768901569187,296.09307861328125,1.526537613926037,1.8007063190202564,8.289522983689302,48.46349949414534,3.1844944280386613
42.65860331,-72.32219747,0,0.7647058823529411,0.8462196861626248,0.23529411764705882,0.07075606276747504,0.0,0.03223965763195435,0.0,0.002282453637660485,0.0,0.268188302425107,245.3681640625,8.266386659866429,6.102062018998361,30.05988760741068,33.00414804316051,548.7882010948787
42.558583289,-71.6306293756,0,0.6968325791855203,0.47047075606276745,0.11764705882352941,0.11897289586305278,0.15384615384615385,0.3064194008559201,0.0,0.0008559201141226819,4.85972850678733,8.485306704707561,78.73101043701172,0.7668022867126716,1.331050151222334,7.6604797980908215,155.73345515019741,184.6098893496602
42.6741533333,-71.707725,0,0.8687782805429864,0.3880171184022825,0.03619909502262444,0.1731811697574893,0.09502262443438914,0.41854493580599145,0.0,0.003994293865905849,4.144796380090498,13.25363766048502,93.67350006103516,0.9782269449360085,0.686714764610911,3.1597868156401825,43.414389721027796,232.40069431721597
42.63568833,-70.92016667,1,0.4072398190045249,0.3803138373751783,0.5520361990950227,0.4932952924393723,0.0,0.07018544935805991,0.01809954751131222,0.0025677603423680455,0.0,1.0604850213980028,14.435487747192383,1.4677083006391864,0.9255808193027063,4.144383641831561,0.0,410.3676668380251
42.2469966667,-71.6746,0,0.00904977375565611,0.3680456490727532,0.0,0.17717546362339515,0.4660633484162896,0.23366619115549214,0.0,0.0,16.805429864253394,6.884165477888731,138.9212646484375,2.0308760126885588,2.041594103504508,8.960366932567995,355.7857133704543,79.12926223293304
42.4868477336,-71.5841719946,0,0.6923076923076923,0.6713266761768901,0.0,0.021968616262482168,0.3031674208144796,0.18659058487874466,0.0,0.08388017118402283,3.5520361990950224,1.7777460770328102,175.32789611816406,3.139449701594652,3.798651824222859,21.804824058414678,201.0611540354044,64.5122649841586
42.0211535,-71.1420665,0,0.27149321266968324,0.3509272467902996,0.0,0.22482168330955776,0.7285067873303167,0.4042796005706134,0.0,0.017403708987161197,18.805429864253394,13.067617689015691,52.53865051269531,1.148268174784727,1.2355674530772267,6.656616436641819,461.2032326880395,43.55506267803263
42.2886616667,-71.9883416667,0,0.8235294117647058,0.7412268188302426,0.08144796380090498,0.11212553495007133,0.049773755656108594,0.06704707560627675,0.04524886877828054,0.005991440798858773,0.15384615384615385,0.6439372325249644,269.6416931152344,3.000503696440747,3.6446701111643693,17.98852090289778,90.37086690220293,10.852674584375851
41.4507141113,-70.9224472046,0,0.0,0.0,0.26244343891402716,0.03252496433666191,0.0,0.0,0.05429864253393665,0.8713266761768902,0.0,0.0,11.455766677856445,1.7395558580359287,0.32588699313268993,2.164273764014089,100.23545672246935,2173.362229104473
42.487545,-71.47898,1,0.167420814479638,0.19001426533523538,0.248868778280543,0.32553495007132666,0.5384615384615384,0.4502139800285307,0.004524886877828055,0.0005706134094151213,8.787330316742082,8.946932952924394,65.9190673828125,1.0699287255244758,0.9162884722326858,4.311852105112663,24.323409786815866,73.60417787830605
42.8125840186,-70.9650001194,1,0.5248868778280543,0.4399429386590585,0.4660633484162896,0.1942938659058488,0.0,0.13152639087018544,0.0,0.11440798858773181,0.0,2.3426533523537802,7.609839916229248,2.919790401772578,2.317506821801623,14.069402058660708,4.795141756765965,411.95362318305195
42.3651034985,-71.1550207436,0,0.0,0.0,0.0,0.005706134094151213,1.0,0.967475035663338,0.0,0.026818830242510697,70.91855203619909,61.08530670470756,7.3143439292907715,0.5670455545531605,0.9527414723523179,4.541172998880643,79.9652807423331,9.752498306531093
42.34515454,-71.50135272,0,0.09049773755656108,0.21797432239657633,0.0,0.12838801711840228,0.9095022624434389,0.6373751783166904,0.0,0.0005706134094151213,45.28054298642534,31.132667617689016,95.03715515136719,2.4665967112082625,1.4907490211242251,7.36978582390352,324.3710149640295,40.203677137967006
42.2488123579,-71.248454509,0,0.4072398190045249,0.6482168330955778,0.08597285067873303,0.1637660485021398,0.2895927601809955,0.11469329529243938,0.0,0.0014265335235378032,3.6108597285067874,1.7492154065620542,57.248939514160156,1.983126410278042,1.9496326274087465,15.839940477502681,206.6536350704181,48.71934127729665
42.6230416667,-72.3775916667,0,0.665158371040724,0.84679029957204,0.10407239819004525,0.018830242510699,0.0,0.002282453637660485,0.2171945701357466,0.054778887303851644,0.0,0.024251069900142655,241.30404663085938,5.440508868375003,6.433832997934103,29.650002611079376,11.601871801782954,3.724349174939168
42.363519,-71.108376,0,0.0,0.0,0.0,0.0,1.0,0.9854493580599144,0.0,0.014550641940085592,69.16742081447964,70.72182596291013,4.984420299530029,0.2343833457140662,0.3932670085646952,2.372688667519437,653.1047607745131,4.093478499406696
42.3410544538,-72.7160343276,0,0.6018099547511312,0.7537803138373752,0.2986425339366516,0.12981455064194009,0.07692307692307693,0.06019971469329529,0.0,0.0011412268188302425,0.45248868778280543,0.39115549215406564,145.5837860107422,6.4318436453878505,4.645676244562897,22.651806095723362,75.83639611012853,10.580041471266895
42.495128,-71.551133,1,0.7873303167420814,0.5172610556348074,0.2081447963800905,0.05335235378031384,0.0,0.29529243937232524,0.004524886877828055,0.0008559201141226819,0.0,9.668473609129814,105.61900329589844,2.8197299497868453,3.0858842152863883,21.870981210288242,6.962379997312814,213.67915664877583
42.3767161704,-71.4439345695,0,0.18099547511312217,0.1746077032810271,0.15384615384615385,0.09300998573466476,0.665158371040724,0.7323823109843082,0.0,0.0,10.330316742081449,10.830242510699001,53.24497604370117,0.37208103314913293,0.7049826765702475,3.3548886357021233,121.12435124411162,27.989645332826672
42.3046133333,-71.6103133333,1,0.11764705882352941,0.19172610556348074,0.38009049773755654,0.25221112696148357,0.35294117647058826,0.30841654778887306,0.0,0.10099857346647646,7.0633484162895925,12.051925820256775,89.88811492919922,1.2680593355729028,1.4389919054481064,5.203645378365326,69.75562243199724,3.7109863926853945
42.60428,-71.6174516667,1,0.5927601809954751,0.5686162624821683,0.3167420814479638,0.12639087018544937,0.08597285067873303,0.23509272467902995,0.0,0.002282453637660485,1.995475113122172,4.608559201141227,68.45330810546875,1.6988449739153682,1.3238338786083599,7.39688632007493,7.037832971150348,138.49578833188514
42.3481783333,-73.323455,0,0.20361990950226244,0.48017118402282455,0.0,0.07503566333808845,0.4751131221719457,0.16947218259629102,0.0,0.08388017118402283,4.583710407239819,2.4576319543509273,307.62725830078125,5.507867764598179,4.8308551834733775,42.54710233575976,331.53498403034007,2.571835766790504
42.1954702679,-71.240713466,0,0.10407239819004525,0.14750356633380884,0.13574660633484162,0.12496433666191155,0.7601809954751131,0.6567760342368045,0.0,0.007703281027104137,14.524886877828054,12.260485021398003,54.621822357177734,0.4714329748106388,1.3237570910750478,6.762024629319652,203.50781289245495,55.61597171857995
42.428237,-70.932841,0,0.0,0.0,0.01809954751131222,0.010271041369472182,0.8642533936651584,0.4296718972895863,0.10407239819004525,0.5457917261055635,42.01357466063349,18.27475035663338,1.6078517436981201,0.6874021517551108,1.0343299194317273,4.949107998143198,46.82652797816874,47.065646439872985
42.2800978425,-71.8397462915,0,0.11312217194570136,0.055920114122681885,0.0,0.003138373751783167,0.8868778280542986,0.9406562054208274,0.0,0.0002853067047075606,23.855203619909503,24.96947218259629,214.69100952148438,5.85148847510097,3.5669910065757113,24.209342879902916,899.8163311150192,21.67218550377376
42.3010883333,-72.3349216667,0,0.7104072398190046,0.8641940085592011,0.0,0.03651925820256776,0.22171945701357465,0.051925820256776035,0.0,0.037660485021398,2.7013574660633486,0.43880171184022826,282.2843322753906,5.796278862404118,7.720971165709495,36.553409632105236,693.4089887899353,1.280816178575301
42.3970343962,-72.5193378286,1,0.4660633484162896,0.1971469329529244,0.06334841628959276,0.03452211126961484,0.3167420814479638,0.6579172610556349,0.0,0.0,8.515837104072398,22.662482168330957,93.125244140625,3.0569041078729793,2.402362586254807,17.57001490751096,0.0,35.578372240852964
42.614625,-71.0899111667,0,0.7963800904977375,0.630527817403709,0.08597285067873303,0.2245363766048502,0.11764705882352941,0.13067047075606278,0.0,0.013124108416547788,1.0135746606334841,1.6522111269614836,41.42120361328125,1.0775573787474773,0.9010156076438621,4.9946984624089135,235.3022418599565,74.4088312279964
42.4333491611,-71.6724155939,0,0.09502262443438914,0.23823109843081314,0.0,0.07902995720399429,0.9049773755656109,0.6778887303851641,0.0,0.0,22.88235294117647,20.74835948644793,96.67845153808594,2.597991398819855,2.0258401399552426,11.931538504790913,297.36723455441256,12.348308857875699
41.8938333333,-69.98375,0,0.5339366515837104,0.5241084165477888,0.004524886877828055,0.1614835948644793,0.45701357466063347,0.30042796005706135,0.0,0.0,11.69683257918552,7.560342368045649,10.635478019714355,0.6132911796100564,0.6166480871954884,2.9705862794751194,233.91644403862486,54.56982214391312
41.7389773,-70.3810184,0,0.0,0.013694721825962911,0.0,0.1335235378031384,0.0,0.07674750356633381,0.3574660633484163,0.45763195435092724,0.0,1.3067047075606277,2.8483126163482666,0.5497405663758674,0.48913798718560114,3.8827572303075026,50.78462452966706,28.099183616860213
42.2929189478,-71.3108059666,1,0.08597285067873303,0.294151212553495,0.049773755656108594,0.026818830242510697,0.5927601809954751,0.48131241084165477,0.2669683257918552,0.18516405135520686,19.09502262443439,12.295292439372325,35.785491943359375,1.1581536306422877,1.6745554420116564,10.162641510334229,0.0,113.09422454258143
42.47798,-71.286445,0,0.00904977375565611,0.09101283880171183,0.049773755656108594,0.28873038516405136,0.9411764705882353,0.6202567760342368,0.0,0.0,22.357466063348415,22.872753209700427,40.323631286621094,1.8380330029943066,0.5876666228889543,3.369255167700609,209.97441602423845,21.3253670163932
41.7004445522,-70.0385532865,1,0.0,0.3803138373751783,0.02262443438914027,0.005135520684736091,0.8144796380090498,0.5089871611982881,0.16289592760180996,0.07189728958630527,24.018099547511312,12.83623395149786,11.635626792907715,0.5470034225696621,0.6516177649736183,3.203266143945204,11.098627601632815,26.751394911490664
42.3173067092,-71.4754682566,0,0.8642533936651584,0.331811697574893,0.04524886877828054,0.08359486447931526,0.09049773755656108,0.501283880171184,0.0,0.0002853067047075606,1.5701357466063348,10.691012838801711,89.06239318847656,2.1334605717666166,2.12963676778471,11.81790044591794,111.0530833637212,228.9876625114282
42.6128972222,-71.5541833333,1,0.24434389140271492,0.3018544935805991,0.2398190045248869,0.20970042796005706,0.2850678733031674,0.16776034236804566,0.00904977375565611,0.012838801711840228,2.67420814479638,2.2893009985734665,104.75631713867188,2.9215576816112843,3.219795969793702,12.306445275965318,0.0,61.88013127560562
42.6601083333,-70.6005222222,1,0.0,0.024821683309557776,0.004524886877828055,0.014550641940085592,0.38461538461538464,0.29757489300998574,0.6108597285067874,0.621398002853067,16.6289592760181,8.296433666191156,5.270233631134033,1.780381819240941,0.9884342679077667,8.743918508530854,26.450010768763836,62.47344305275738
42.2570616659,-71.2969990355,0,0.2398190045248869,0.3449358059914408,0.09049773755656108,0.23395149786019973,0.3891402714932127,0.30927246790299573,0.0,0.0014265335235378032,4.846153846153846,4.480456490727532,42.54912185668945,2.805233648165467,1.9939098144827418,19.657841580973592,162.22922266916413,41.41198362694027
42.5806454672,-70.7665507902,0,0.0,0.14037089871611982,0.0,0.09158345221112696,1.0,0.7629101283880171,0.0,0.005135520684736091,42.1447963800905,18.606847360912983,6.479802131652832,1.0323172969180223,1.2513312982123046,5.848172567743973,124.64709658214872,21.396076694580955
42.4354367989,-71.3962582871,0,0.45248868778280543,0.35691868758915835,0.15384615384615385,0.10413694721825963,0.38009049773755654,0.49814550641940086,0.0,0.03195435092724679,6.8099547511312215,8.144935805991441,45.53490447998047,1.7592864006621096,1.4943738103341413,7.794974708441927,0.0,165.48592181338583
42.33292833,-71.78600333,0,0.058823529411764705,0.14950071326676176,0.0,0.048787446504992865,0.9411764705882353,0.8008559201141227,0.0,0.0008559201141226819,25.085972850678733,26.15320970042796,204.3777313232422,2.625850714111149,2.3427680831367277,9.9117575015074,207.26237797830885,27.645596891444875
42.2801453895,-71.4514823547,0,0.0,0.21141226818830242,0.0,0.07960057061340942,1.0,0.5583452211126961,0.0,0.143509272467903,21.574660633484164,11.523537803138375,71.7173080444336,2.7168536902135108,2.2573977430700896,13.31678467362368,411.2470638040493,17.618712816978302
42.4693633333,-72.2363416667,0,0.6787330316742082,0.8539229671897289,0.3167420814479638,0.14008559201141227,0.0,0.0,0.0,0.0,0.0,0.0,195.6561737060547,2.741179237042936,4.1475678489888015,24.842188311720236,29.20750097240434,776.415618047319
42.3401180344,-71.4271060377,0,0.45248868778280543,0.1115549215406562,0.013574660633484163,0.05135520684736091,0.5339366515837104,0.8308131241084166,0.0,0.0,13.7420814479638,20.329243937232526,56.084415435791016,0.9099982110245192,1.2875684193879602,7.718125904597598,42.895782831319764,54.59837474338813
42.6786043617,-72.0326359586,0,0.027149321266968326,0.3326676176890157,0.10407239819004525,0.18202567760342367,0.6425339366515838,0.37432239657631955,0.1493212669683258,0.06875891583452211,15.936651583710407,9.225962910128388,300.6555480957031,1.8756799550350705,1.809905356845227,11.358673859708963,0.0,31.7293670968839
42.47731,-72.6787116667,0,0.8733031674208145,0.8921540656205421,0.11764705882352941,0.026818830242510697,0.0,0.03252496433666191,0.0,0.0011412268188302425,0.0,0.2099857346647646,190.95407104492188,5.844736832123352,5.27761977184522,26.221048913413025,0.0,0.808480658230146
42.4558810952,-71.1110325323,0,0.5701357466063348,0.6516405135520684,0.08144796380090498,0.019115549215406563,0.0,0.11212553495007133,0.248868778280543,0.1948644793152639,0.0,4.256205420827389,50.782657623291016,1.0313492393686454,1.7344027482798938,6.897781662312605,43.00391687475667,617.4350185373763
42.7112461181,-70.7775454223,1,0.0,0.009985734664764621,0.40271493212669685,0.3041369472182596,0.1085972850678733,0.02767475035663338,0.2850678733031674,0.43309557774607704,3.339366515837104,0.7500713266761769,1.1453238725662231,0.26466374736618253,0.379499058845998,1.5451773745979946,0.0,131.37108403367571
42.4842883333,-71.35672,1,0.751131221719457,0.6194008559201141,0.16289592760180996,0.20028530670470757,0.0,0.05791726105563481,0.0,0.015406562054208274,0.0,0.7874465049928673,60.37449264526367,1.105312780438282,1.6911682781881412,8.53978755462835,178.37337789418024,277.60603028161086
42.6529166667,-71.0133527833,0,0.3936651583710407,0.5808844507845934,0.4298642533936652,0.2781740370898716,0.17647058823529413,0.1335235378031384,0.0,0.0017118402282453639,1.995475113122172,1.903281027104137,34.63564682006836,1.0243535597980393,0.9135072221779796,5.290153969409808,31.1899313057547,69.8608452230626
42.1202777778,-72.1005555556,0,0.6561085972850679,0.3905848787446505,0.0,0.11726105563480742,0.3438914027149321,0.3942938659058488,0.0,0.06305278174037089,5.0633484162895925,10.776890156918688,187.98153686523438,2.4498631430801736,2.397372799174978,17.869080357004695,90.99921161823427,5.469480392367558
41.4495782476,-70.6456196308,1,0.7601809954751131,0.7823109843081313,0.17647058823529413,0.0667617689015692,0.03167420814479638,0.07503566333808845,0.0,0.00884450784593438,0.3936651583710407,0.6850213980028531,28.860000610351562,1.506001490758572,1.4996389422123566,7.352538935098349,30.31170711767556,133.86488702960577
41.7430008199,-70.2234089628,0,0.0,0.0025677603423680455,0.0,0.06875891583452211,0.0,0.15549215406562053,0.9864253393665159,0.6881597717546363,0.0,4.97660485021398,-0.8428011536598206,0.5607961826944121,0.416739551273932,3.259038836795301,0.0,364.1367159730283
41.8649963849,-70.6655481086,0,0.497737556561086,0.771469329529244,0.0,0.007703281027104137,0.167420814479638,0.11526390870185449,0.27601809954751133,0.075320970042796,3.923076923076923,1.8813124108416548,36.544681549072266,1.2707052902173062,1.3787595138302262,7.1527810635704725,69.17998849763023,17.961673282063682
42.406982,-71.454093,1,0.416289592760181,0.44935805991440797,0.583710407239819,0.3543509272467903,0.0,0.08873038516405135,0.0,0.09415121255349501,0.0,2.110413694721826,56.57724380493164,0.4118795702206796,0.6592031466347806,3.3008306716561475,49.0260434256934,28.811693795088768
42.1264988835,-71.2186435079,0,0.8054298642533937,0.6881597717546363,0.0,0.08359486447931526,0.0,0.1760342368045649,0.0,0.0,0.0,5.228530670470756,126.28363037109375,3.7752049656685194,3.0921088986200775,21.305209679423115,814.878509072288,441.2755449329324
41.289555,-70.1756133333,0,0.11764705882352941,0.09472182596291012,0.0,0.18887303851640513,0.06334841628959276,0.1825962910128388,0.0,0.26105563480741795,1.330316742081448,4.088159771754636,8.193588256835938,0.6512799144497807,0.5081009628407086,2.510094863674218,371.9809383918884,204.57371766542764
42.3962966667,-70.9935083333,0,0.0,0.0,0.0,0.13009985734664764,1.0,0.7917261055634808,0.0,0.06219686162624822,73.65610859728507,54.01540656205421,3.0194413661956787,1.1038106252974673,1.2574249829606636,5.73281636645038,238.23515031192483,21.255145875869292
41.5956334862,-70.6085079582,0,0.6968325791855203,0.5691868758915835,0.0,0.0011412268188302425,0.3031674208144796,0.3572039942938659,0.0,0.003138373751783167,6.0588235294117645,8.666476462196862,26.412240982055664,1.3838109350972987,1.268370850824427,10.139804241430594,873.1641815809026,22.52917819041578
42.504075,-71.22238,0,0.0,0.007703281027104137,0.0,0.09443651925820257,1.0,0.8978601997146933,0.0,0.0,23.262443438914026,27.9885877318117,55.29982376098633,1.2409817261807423,1.5792311075742678,7.637525707707389,726.7737138398816,27.093501211944023
42.3036151119,-71.2794938646,1,0.0,0.025106990014265335,0.07239819004524888,0.024251069900142655,0.9276018099547512,0.9497860199714693,0.0,0.0008559201141226819,30.30316742081448,24.354921540656207,38.911373138427734,0.9101935006627012,1.7529594874616865,8.799457975598768,14.589950281916085,33.440866627667724
42.3207145833,-72.4733376944,0,0.20361990950226244,0.43024251069900143,0.7963800904977375,0.35805991440798857,0.0,0.10042796005706134,0.0,0.0,0.0,1.4567760342368046,54.07612991333008,0.6217274362303087,1.5857040366051476,11.278459278708562,0.0,512.9137504389985
42.2872383333,-73.364425,0,0.9049773755656109,0.8265335235378032,0.0,0.08673323823109844,0.09502262443438914,0.06961483594864479,0.0,0.0011412268188302425,1.0588235294117647,0.5834522111269614,292.532958984375,3.5766207418822713,5.624971254936705,25.21399207425,290.44207759955276,71.12935677483244
41.824999565,-70.6481934783,0,0.00904977375565611,0.49757489300998575,0.0,0.02282453637660485,0.004524886877828055,0.039087018544935806,0.0,0.029957203994293864,0.09502262443438914,0.8878744650499286,31.944318771362305,0.7423292681110257,1.0105194594305371,5.243898145515346,312.353494967953,149.23571885472418
42.0295694444,-71.2918472222,0,0.3665158371040724,0.237660485021398,0.09502262443438914,0.13723252496433666,0.248868778280543,0.3703281027104137,0.13122171945701358,0.19400855920114124,4.271493212669683,11.041369472182597,49.932403564453125,0.4354371837209069,0.9318670484321567,4.7646482172604205,46.98426576601334,70.13059972043696
42.5072559722,-70.8849749722,0,0.0,0.0,0.0,0.0034236804564907277,0.6787330316742082,0.5004279600570614,0.31221719457013575,0.4944365192582026,19.144796380090497,28.859914407988587,4.334550857543945,1.13060471385833,0.9450178167705511,4.4906446537348055,14.989153952346948,185.16097259103444
41.3624033333,-70.61158,1,0.2669683257918552,0.6912981455064194,0.18099547511312217,0.043081312410841656,0.004524886877828055,0.0282453637660485,0.09502262443438914,0.05962910128388017,0.04072398190045249,0.37089871611982883,3.7398688793182373,0.5466366261960839,0.4293475617332669,2.204052670772487,45.77946997508083,100.02842486634155
42.5608797372,-72.7426861806,0,0.7963800904977375,0.8425106990014265,0.027149321266968326,0.02282453637660485,0.10407239819004525,0.056490727532097,0.0,0.0,0.8190045248868778,0.4202567760342368,281.591552734375,4.107221570301955,6.204181283652204,41.21281468814309,107.98386296330142,78.32331283050142
42.6195950587,-71.3888833885,0,0.00904977375565611,0.06504992867332382,0.00904977375565611,0.09843081312410841,0.9819004524886877,0.8365192582025678,0.0,0.0,20.923076923076923,18.72867332382311,43.983089447021484,1.4253425237207988,1.6477107116193324,10.32752442393932,189.06918357604133,12.833816278687978
42.53196,-72.3207283333,0,0.9004524886877828,0.9238231098430814,0.0,0.014835948644793153,0.09954751131221719,0.0442225392296719,0.0,0.0,0.5248868778280543,0.5968616262482168,227.3096160888672,5.185015994361255,5.023878380954856,33.6467778462825,545.3112530484754,39.049293978018966
42.86470584,-70.96064668,0,0.0,0.07674750356633381,0.3755656108597285,0.3115549215406562,0.0,0.21483594864479316,0.0,0.003994293865905849,0.0,4.948930099857346,30.846872329711914,0.9982300749998565,1.4036170189413029,7.378855008256027,19.19042723203043,230.3636622758187
42.219375,-71.2352916667,0,0.3665158371040724,0.3543509272467903,0.00904977375565611,0.15834522111269614,0.6244343891402715,0.48730385164051354,0.0,0.0,12.144796380090497,10.80456490727532,75.42442321777344,1.3969647230384672,1.3475858908520892,7.2509864359360545,102.98829271344975,1.4048754828130678
42.3310894,-73.1126765,0,1.0,0.805135520684736,0.0,0.1500713266761769,0.0,0.03851640513552068,0.0,0.0,0.0,0.3717546362339515,490.8406677246094,2.3902396634120255,2.453704359633439,11.982991544904108,57.50192344034935,768.7564522715885
42.5077329583,-71.3274347317,1,0.5113122171945701,0.4964336661911555,0.08597285067873303,0.192867332382311,0.3936651583710407,0.22853067047075606,0.0,0.02767475035663338,4.742081447963801,3.3566333808844506,50.38051223754883,1.4439595664769773,1.2053425167998706,10.266560130675433,366.9273393424023,160.1083944740883
42.297405,-72.2998216667,0,0.07692307692307693,0.4815977175463623,0.01809954751131222,0.05934379457917261,0.058823529411764705,0.024251069900142655,0.4660633484162896,0.34350927246790297,0.9049773755656109,0.2,150.3428955078125,3.5420503230110647,4.3555081514202945,29.638241916693147,22.565962225386876,1.7097567798509907
42.1207679925,-71.4808210403,0,0.4072398190045249,0.3905848787446505,0.2579185520361991,0.2,0.334841628959276,0.3746077032810271,0.0,0.02767475035663338,6.398190045248869,9.710699001426534,76.53794860839844,1.2783818942554375,1.4429878361375459,6.256890352685647,60.76602912319579,30.52552552241131
42.2927569275,-71.2626058236,0,0.08597285067873303,0.09415121255349501,0.11764705882352941,0.09044222539229672,0.7963800904977375,0.8128388017118402,0.0,0.0,30.402714932126695,24.79058487874465,48.72987747192383,1.2492632934859673,1.8620333843359425,8.409662183381961,118.29209504165063,75.98929486669185
42.3614727696,-72.8192341419,0,0.45701357466063347,0.677318116975749,0.48868778280542985,0.2456490727532097,0.0,0.03566333808844508,0.049773755656108594,0.0042796005706134095,0.0,0.27788873038516404,333.345703125,1.9169576983019985,3.611754760996909,19.47843412035184,64.92076839360713,596.1543243439268
42.3039689359,-71.3026621483,0,0.0,0.04336661911554922,0.0,0.0008559201141226819,1.0,0.9557774607703281,0.0,0.0,24.574660633484164,25.15320970042796,51.72670364379883,1.0828657340649164,1.1144035153359113,4.972615702783534,423.53881732122056,0.3479014135220782
42.32555,-71.56172167,0,0.22624434389140272,0.34293865905848786,0.0,0.14094151212553496,0.7737556561085973,0.4964336661911555,0.0,0.0,21.43438914027149,12.799714693295293,130.63731384277344,4.2487058810078056,2.5965015081337723,18.327895796150347,228.02298149030347,30.5196432627186
42.5113204541,-72.2997428757,0,0.8506787330316742,0.653922967189729,0.0,0.04022824536376605,0.0,0.0011412268188302425,0.04072398190045249,0.24251069900142652,0.0,0.0068473609129814554,183.7014617919922,6.416842441127419,3.3729343579961957,21.953317933871276,135.65892936971395,11.114075792783565
41.63230896,-70.9541091919,0,0.013574660633484163,0.06932952924393723,0.058823529411764705,0.029101283880171185,0.8642533936651584,0.8975748930099857,0.06334841628959276,0.003994293865905849,25.918552036199095,39.29358059914408,29.12080192565918,0.5228714583333335,0.8026714681866883,4.256534272254282,0.0,29.75122731970696
42.6305137994,-70.942390971,0,0.004524886877828055,0.2630527817403709,0.05429864253393665,0.2136947218259629,0.9411764705882353,0.4368045649072753,0.0,0.0008559201141226819,36.60633484162896,11.01169757489301,13.113058090209961,0.7718862707701208,1.9592481453814512,11.611961098880807,25.01660685810039,43.19799704723748
42.3470257,-71.256073,0,0.049773755656108594,0.04251069900142653,0.0,0.029957203994293864,0.9502262443438914,0.8530670470756063,0.0,0.06390870185449359,38.30769230769231,30.68074179743224,18.69084358215332,0.7259250142017931,1.5350363991335179,9.065638638677054,222.86326377079408,42.2105762128476
42.4625553379,-71.6424257493,1,0.0,0.16176890156918688,1.0,0.4276747503566334,0.0,0.20399429386590584,0.0,0.0025677603423680455,0.0,4.167475035663338,68.22490692138672,0.05061933791906747,1.3997394619679258,11.58848276378891,150.15199101962682,447.36027530667604
41.6138,-71.0022583333,0,0.23076923076923078,0.4445078459343795,0.058823529411764705,0.3186875891583452,0.28054298642533937,0.1660485021398003,0.0,0.0,5.633484162895928,3.2082738944365192,13.872547149658203,0.9205342079462842,0.8286056336113201,7.022868452252843,304.5264281543963,43.655722422613856
42.70998,-71.0265195,0,0.3574660633484163,0.5934379457917262,0.3257918552036199,0.20114122681883023,0.22171945701357465,0.19828815977175462,0.0,0.0,4.574660633484163,1.9640513552068473,38.99003982543945,1.3445926341732592,2.1132410811827538,13.621529151643411,60.39284319703785,102.54804109365145
42.0999317127,-71.1410497874,0,0.17647058823529413,0.4710413694721826,0.4117647058823529,0.11212553495007133,0.4117647058823529,0.4108416547788873,0.0,0.0048502139800285305,11.076923076923077,9.197432239657632,89.03225708007812,1.2423611285060694,1.751290120522782,13.619330240448711,60.3300394268996,7.228346269523389
41.721642667,-70.1639716516,0,0.11764705882352941,0.3286733238231098,0.02262443438914027,0.03537803138373752,0.7330316742081447,0.6077032810271041,0.09502262443438914,0.018544935805991442,13.656108597285067,14.34493580599144,12.505887985229492,1.099500225952293,0.8801662766906815,4.11465225935357,87.2145796329457,2.7008041324385803
42.4018368731,-71.2498043944,0,0.049773755656108594,0.07189728958630527,0.0,0.015121255349500713,0.9502262443438914,0.8601997146932953,0.0,0.052781740370898715,35.79185520361991,40.07760342368046,74.19168090820312,1.6525952185841344,2.4473853001589307,11.037381873614525,417.3091787456528,19.214433987912123
42.5262794495,-71.7492675781,0,0.0,0.0028530670470756064,0.0,0.0011412268188302425,1.0,0.9960057061340941,0.0,0.0,63.737556561085974,57.3283880171184,116.46195983886719,1.0614753586923977,1.751661298955929,11.124248596924591,374.5330808652709,4.745936548111139
42.2648526291,-72.7859095136,0,0.9095022624434389,0.8348074179743223,0.09049773755656108,0.13666191155492155,0.0,0.024251069900142655,0.0,0.0,0.0,0.16918687589158346,234.0401153564453,2.7176982365747175,4.498110500482088,21.332547947049736,16.34240916854271,8.804336891977895
41.9779415448,-70.6902692452,0,0.0,0.08673323823109844,0.0,0.012553495007132667,0.9411764705882353,0.663623395149786,0.058823529411764705,0.22995720399429387,52.963800904977376,28.12039942938659,8.284371376037598,0.8971677243052026,1.4264597109482835,11.23617867369842,0.0,37.175315023315754
42.3980221121,-71.1552241387,0,0.004524886877828055,0.0008559201141226819,0.39819004524886875,0.04821683309557775,0.5927601809954751,0.8898716119828816,0.004524886877828055,0.06105563480741798,30.502262443438916,47.33552068473609,2.5540220737457275,0.33829126787891517,0.5354602794500328,2.9839520584648476,9.848788144835828,57.55035050226356
42.1241445,-71.6364366667,0,0.18552036199095023,0.237660485021398,0.7647058823529411,0.2867332382310984,0.02262443438914027,0.39229671897289586,0.004524886877828055,0.0017118402282453639,0.497737556561086,14.470756062767475,74.94422149658203,0.7020184173947928,2.307108922101966,14.154155991146837,1.3285893544204959,415.1714457921818
42.6966083333,-70.5318083333,0,0.0,0.0,0.0,0.0,0.0,0.0,1.0,1.0,0.0,0.0,0.0,0.0,0.0,0.0,0.0,6603.31021865984
42.2299527778,-71.1269083333,0,0.0,0.14550641940085593,0.995475113122172,0.3426533523537803,0.004524886877828055,0.49900142653352353,0.0,0.006276747503566334,0.04524886877828054,23.481312410841653,12.183043479919434,0.45873442473909815,1.5031334048423872,11.978348387641319,0.0,284.11055262644453
42.0657369722,-71.0895009722,0,0.3257918552036199,0.4,0.06334841628959276,0.12924393723252497,0.6063348416289592,0.3942938659058488,0.0,0.017974322396576318,21.751131221719458,11.113266761768902,42.174964904785156,0.9248435504148448,0.8081921746169715,4.495622670480658,169.32922962143286,8.161934776540052
42.409563521,-72.5310878456,0,0.0,0.08359486447931526,0.0,0.10185449358059914,1.0,0.5184022824536376,0.0,0.0,33.71493212669683,16.848787446504993,54.923973083496094,1.0196496648440008,1.0376165904532748,9.094045073523077,250.30801191004764,20.13938487366497
42.52861,-71.7257139722,0,0.3257918552036199,0.1689015691868759,0.0,0.03651925820256776,0.6742081447963801,0.7945791726105563,0.0,0.0,13.669683257918551,25.482168330955776,139.15145874023438,3.687656882652003,2.680752085041103,22.24340247725382,209.8998315676357,96.71375346697609
42.424105201,-71.4529378181,0,0.004524886877828055,0.17432239657631954,0.13122171945701358,0.0818830242510699,0.8642533936651584,0.736947218259629,0.0,0.0,27.18552036199095,30.358345221112696,63.97136306762695,0.6535685744525808,1.0404351905700575,4.195784470634746,152.99160772517368,23.23583399257097
42.4293166667,-71.48965,0,0.3167420814479638,0.46162624821683307,0.45701357466063347,0.1803138373751783,0.22171945701357465,0.3124108416547789,0.0,0.002282453637660485,4.592760180995475,8.699286733238232,58.95846939086914,0.5839585805260957,1.1229338080911084,4.556128500170149,42.75830249578847,81.4100187028608
41.2565716728,-70.0940555,0,0.18552036199095023,0.19229671897289585,0.0,0.015691868758915834,0.8144796380090498,0.7911554921540657,0.0,0.0,22.65610859728507,21.974607703281027,8.093100547790527,0.2292991969366492,0.26752928110156937,1.3074215663893913,264.8110541110224,9.840886073514168
41.3504783333,-70.549295,1,0.0,0.008273894436519259,0.0,0.02767475035663338,0.0,0.011412268188302425,0.6787330316742082,0.8,0.0,0.15777460770328103,0.2482108175754547,0.13952977947259415,0.12038742099388328,0.6626690082839094,0.0,547.6417539116201
41.7289,-70.9019861111,1,0.11764705882352941,0.19372325249643366,0.11312217194570136,0.06048502139800285,0.5429864253393665,0.5135520684736091,0.21266968325791855,0.057631954350927245,15.393665158371041,13.976034236804566,12.159236907958984,1.2202573053651027,0.966515380474978,5.939907436582288,71.72865084929643,44.2841949098639
41.4423290074,-70.5538580876,1,0.0,0.0362339514978602,0.05429864253393665,0.03937232524964337,0.3438914027149321,0.31326676176890156,0.38461538461538464,0.5540656205420827,7.099547511312217,5.31811697574893,-0.1522115021944046,0.4317625689632211,0.29248080359856643,2.1354223528494467,0.0,76.03202947918054
42.37033,-71.0613555,0,0.0,0.0,0.0,0.0011412268188302425,0.9547511312217195,0.9004279600570614,0.04524886877828054,0.09843081312410841,73.68778280542986,72.55349500713267,3.116380214691162,0.7610885520151893,0.736796748839953,3.4609113143058785,59.919454577042195,15.662322700345792
42.7189166667,-71.0251083333,1,0.4343891402714932,0.49957203994293864,0.416289592760181,0.28815977175463625,0.1493212669683258,0.18801711840228244,0.0,0.0,1.3846153846153846,2.6995720399429386,28.507671356201172,1.0249439070071622,1.6399205981777354,9.752388532996184,13.764902616742466,4.3398186716271745
42.6153618115,-70.8943626479,1,0.07239819004524888,0.10071326676176891,0.13122171945701358,0.5075606276747504,0.45701357466063347,0.34293865905848786,0.3167420814479638,0.03737517831669044,6.1855203619909505,5.6453637660485025,14.233509063720703,1.1873222289970675,0.7305779250676913,3.488068899884788,3.587998852951582,53.71922026846512
42.6279443379,-71.7292676121,1,0.40271493212669685,0.7386590584878745,0.583710407239819,0.13238231098430814,0.013574660633484163,0.11269614835948645,0.0,0.0,0.23529411764705882,2.2068473609129815,129.8328094482422,1.0396102614752325,1.9486515121776222,10.352619150739432,26.40711615848968,280.8949551991794
42.4795103772,-70.885119103,0,0.0,0.0,0.0,0.042796005706134094,1.0,0.7572039942938659,0.0,0.18944365192582024,25.0,24.686162624821684,9.661602973937988,0.8842368349251857,0.6892995802511546,5.532899642528914,327.7076514893216,41.09916249696718
42.651627143,-71.1351961178,0,0.049773755656108594,0.18573466476462197,0.027149321266968326,0.027389443651925822,0.9140271493212669,0.7843081312410841,0.00904977375565611,0.0025677603423680455,25.5158371040724,24.10299572039943,63.917144775390625,2.5087380028318567,1.9663099946465206,15.332278599940473,179.59292869138818,9.986809546128752
42.3240559,-71.446204,0,0.17194570135746606,0.15834522111269614,0.07692307692307693,0.10099857346647646,0.751131221719457,0.7335235378031384,0.0,0.0,11.09049773755656,12.751497860199715,73.06906127929688,1.4533270110738572,1.5863732149788874,8.976783676265082,169.51489785075782,25.938521565510566
42.5357133333,-71.554305,0,0.19909502262443438,0.5078459343794579,0.4479638009049774,0.19001426533523538,0.1583710407239819,0.26134094151212556,0.0,0.0,0.7601809954751131,2.0048502139800286,83.177490234375,1.1568000719833915,2.1370286738933824,8.928136166176381,65.27627136877591,0.5026263875273884
42.1381721667,-70.9310083333,0,0.34841628959276016,0.18516405135520686,0.05429864253393665,0.12353780313837376,0.5972850678733032,0.675320970042796,0.0,0.005706134094151213,10.746606334841628,17.68787446504993,43.86985778808594,0.5739697464917987,0.5723919073709588,3.4719276910463552,65.6093575196169,50.97657789776497
41.5851866667,-70.5670383333,0,0.0,0.041940085592011414,0.04072398190045249,0.11897289586305278,0.9276018099547512,0.8062767475035664,0.03167420814479638,0.030242510699001426,24.647058823529413,21.145791726105564,11.386695861816406,0.9737952728305133,0.8254878552913352,3.0831794548222247,165.47952426685353,1.84382518361274
42.2139837966,-71.4836014901,1,0.058823529411764705,0.30527817403708984,0.5565610859728507,0.27303851640513555,0.3665158371040724,0.4108416547788873,0.01809954751131222,0.0011412268188302425,4.95475113122172,6.316405135520685,77.47271728515625,2.1619730778644257,1.740892599571074,7.110526438399025,19.305044436378854,133.59365446071453
42.582205,-71.4800866667,0,0.08597285067873303,0.2950071326676177,0.19004524886877827,0.1840228245363766,0.7239819004524887,0.41340941512125534,0.0,0.10156918687589159,27.420814479638008,11.591726105563481,61.91168975830078,1.5174774276160827,1.8498130519150333,12.702695780529464,5.1357438596021865,32.94655047289135
42.522310169,-70.8843704313,0,0.0,0.0,0.0,0.005420827389443652,0.8552036199095022,0.6470756062767475,0.14479638009049775,0.3472182596291013,60.158371040723985,47.05335235378031,4.355395317077637,0.4940690231055481,0.5195659854629422,2.680719322299633,111.59415059659676,25.466282786922076
42.7137333333,-73.2007966667,0,0.0,0.043081312410841656,0.0,0.07161198288159772,1.0,0.8701854493580599,0.0,0.0,37.59276018099548,26.201711840228246,200.91827392578125,1.9472135734607692,1.6177643652610258,10.612282581556425,436.4049301285136,13.5132775315861
41.4813473465,-70.6059003159,1,0.01809954751131222,0.11326676176890157,0.0,0.011126961483594865,0.3665158371040724,0.1920114122681883,0.5520361990950227,0.6345221112696149,9.244343891402714,2.3677603423680456,1.7060822248458862,1.078156850206846,0.675405319104094,5.413123052474055,0.0,60.68230127728302
42.4506091023,-71.911852819,1,0.6380090497737556,0.6273894436519258,0.35294117647058826,0.2744650499286733,0.0,0.05962910128388017,0.0,0.0014265335235378032,0.0,0.4333808844507846,311.81280517578125,1.922816959533132,2.4477231883993467,12.529944179681326,7.386254554762865,513.3259373083914
42.0127972167,-71.7994533333,0,0.6787330316742082,0.8059914407988588,0.18552036199095023,0.10984308131241084,0.13574660633484162,0.05164051355206847,0.0,0.0005706134094151213,1.0316742081447965,0.5865905848787446,162.60682678222656,6.2763231160421435,3.4425286692752297,24.591597999734777,123.97446310203169,314.3371189991373
42.4229174471,-71.5523850391,1,0.3755656108597285,0.7258202567760342,0.43891402714932126,0.1500713266761769,0.12217194570135746,0.09671897289586305,0.0,0.0017118402282453639,0.6968325791855203,1.3181169757489302,78.75125122070312,1.2541814143464158,2.710038027911323,18.048136434053834,0.9083616887496881,110.2113720258019
42.3184190628,-72.630555493,0,0.0,0.024536376604850214,0.0,0.008559201141226819,1.0,0.912981455064194,0.0,0.0042796005706134095,79.83257918552036,43.318972895863055,41.51700973510742,1.0181459482111443,1.2288144990611238,8.32702942773579,207.46944042693332,28.325760000670854
42.1041666667,-71.0427777778,0,0.167420814479638,0.2079885877318117,0.08597285067873303,0.050784593437945794,0.5882352941176471,0.6382310984308132,0.14027149321266968,0.08787446504992867,5.990950226244344,23.024821683309558,53.71781539916992,0.8162906417695484,0.6605547121475345,4.948424884157984,93.38953865325628,28.989957108499688
42.8017883333,-70.8626866667,0,0.05429864253393665,0.05534950071326676,0.0,0.02710413694721826,0.9457013574660633,0.8045649072753209,0.0,0.09529243937232525,27.420814479638008,26.906134094151213,12.177940368652344,0.5908984642486802,0.8895298400089373,5.739849104520917,184.23511206748307,19.005805351205193
42.1308361667,-71.3697133333,0,0.18552036199095023,0.2099857346647646,0.22171945701357465,0.2850213980028531,0.334841628959276,0.3146932952924394,0.0,0.06619115549215407,10.099547511312217,6.343509272467903,41.144615173339844,0.5426058404977101,0.8899635875796925,3.653525933138803,103.66296736655005,215.21180393905954
42.2573693549,-71.9141137101,0,0.28054298642533937,0.5112696148359487,0.0,0.09671897289586305,0.12217194570135746,0.16119828815977175,0.0,0.0522111269614836,1.7963800904977376,3.518402282453638,314.4461975097656,2.188538172593235,2.2420831601100377,13.789711194045088,228.3447499576514,167.25263730194987
42.4252583313,-71.3763525527,0,0.0,0.29814550641940085,0.27601809954751133,0.1609129814550642,0.4479638009049774,0.3817403708987161,0.0,0.003138373751783167,12.574660633484163,8.2830242510699,39.832916259765625,0.7184153893749221,1.3401190745275626,9.520245588728676,107.49918672925172,114.73315126098528
42.6550827026,-71.1363754272,0,0.0,0.11925820256776035,0.0,0.013124108416547788,1.0,0.8650499286733239,0.0,0.0025677603423680455,42.425339366515836,28.004279600570612,53.083885192871094,1.090578219613671,2.067660555246983,15.543447262945334,121.24543173993858,26.45596971592158
42.7242580472,-73.2029111571,1,0.13122171945701358,0.1760342368045649,0.4660633484162896,0.13295292439372325,0.3891402714932127,0.5951497860199715,0.004524886877828055,0.008559201141226819,9.547511312217194,11.772895863052781,179.25086975097656,1.2432788369574723,2.0531813116088857,9.895307118611056,15.309670493149758,105.00448194827041
42.45808,-73.253495,0,0.0,0.018830242510699,0.0,0.07446504992867332,1.0,0.9055634807417974,0.0,0.0002853067047075606,57.452488687782804,48.80228245363766,305.77508544921875,1.4558561411251123,1.5227596829832644,7.100471527039728,263.9498521796907,27.649676176080646
42.336188,-72.618013,1,0.03167420814479638,0.025392296718972897,0.12217194570135746,0.09700427960057062,0.28054298642533937,0.40970042796005707,0.5565610859728507,0.19087018544935805,11.339366515837105,15.702139800285307,31.714645385742188,0.7235377984412094,0.5258441247104005,3.151472236583666,0.0,5.110020413679142
41.5862028,-70.934694,0,0.0,0.015977175463623396,0.14479638009049775,0.05249643366619115,0.8552036199095022,0.5201141226818831,0.0,0.37546362339514977,9.714932126696832,13.392582025677603,7.725578784942627,1.4766681153589603,0.81051609919889,6.903109525326365,302.8791317631009,108.4917926294944
42.7061833333,-71.1129138333,0,0.583710407239819,0.2553495007132668,0.0,0.05420827389443652,0.3076923076923077,0.46990014265335234,0.0,0.14950071326676176,4.262443438914027,16.229957203994292,69.76007080078125,3.9935507628490887,2.5939058047808996,13.371822137887357,167.15204841183288,76.38501848447517
42.2343533333,-71.1565638333,0,0.0,0.006276747503566334,0.0,0.04108416547788873,1.0,0.9514978601997147,0.0,0.0011412268188302425,32.3710407239819,34.2037089871612,44.77602767944336,1.2553232324433352,1.4883032464850385,6.480839453132635,471.03209756970546,1.776705540019399
42.1675890261,-70.7688629227,0,0.13574660633484162,0.3817403708987161,0.4796380090497738,0.22425106990014265,0.3257918552036199,0.37774607703281027,0.0,0.0011412268188302425,4.389140271493213,6.091583452211127,11.763873100280762,0.9920692396133551,1.3578117469582243,9.362132076330832,46.09803222993142,75.21746427492683
42.3541416667,-71.272545,0,0.2398190045248869,0.23138373751783167,0.02262443438914027,0.039087018544935806,0.7375565610859729,0.6747503566333809,0.0,0.051069900142653356,16.20361990950226,12.401711840228245,42.38282012939453,2.557867158971759,2.700399120694308,20.04490426906329,30.663887339358222,6.332114320180591
41.9532667074,-70.6658292717,0,0.0,0.08131241084165478,0.03167420814479638,0.011697574893009986,0.9547511312217195,0.7900142653352353,0.013574660633484163,0.10756062767475036,37.92307692307692,30.50870185449358,13.53770637512207,1.7613476887655863,1.6465803740221225,12.068108492891895,4.493483852350567,34.55668580055373
41.7538986206,-70.1164627075,0,0.14479638009049775,0.2385164051355207,0.5882352941176471,0.4288159771754636,0.26244343891402716,0.21968616262482168,0.0,0.05820256776034237,5.782805429864253,4.398288159771755,3.874854564666748,0.7541429541568995,0.8023552685994545,5.611918731301758,41.461261517127674,97.97201423237661
42.3850513,-72.546678,0,0.0,0.029101283880171185,0.3891402714932127,0.1529243937232525,0.19004524886877827,0.27303851640513555,0.0,0.0,3.751131221719457,7.996576319543509,42.264244079589844,0.25432482769734954,0.36759383095417714,1.8589342976910437,18.41782025863689,37.857113101079555
42.6398929959,-70.5946552923,1,0.03167420814479638,0.09985734664764621,0.23076923076923078,0.03965763195435093,0.4072398190045249,0.27646219686162626,0.1583710407239819,0.531811697574893,9.850678733031675,5.494436519258203,3.226712226867676,1.4000183985784396,0.9548298140440038,9.593018023690266,0.0,41.460657421771444
42.5911305556,-72.4833444444,0,0.5339366515837104,0.6813124108416547,0.0,0.04079885877318117,0.3665158371040724,0.21968616262482168,0.0,0.0,9.710407239819004,5.996861626248217,95.94548034667969,3.2387107587081188,5.169351560691837,43.84654230865548,152.56453568979182,89.93884868581699
41.780255,-69.89299667,0,0.0,0.0,0.0,0.0,0.0,0.0,1.0,1.0,0.0,0.0,0.0,0.0,0.0,0.0,0.0,3529.522300157508
41.60358,-70.6345883333,0,0.23076923076923078,0.15263908701854492,0.0,0.07047075606276748,0.7692307692307693,0.6011412268188302,0.0,0.16062767475035664,16.257918552036198,11.889871611982882,5.953512668609619,2.2510506494656646,1.4327824402113138,13.897351179883536,323.826519180844,39.95017130199971
42.35701167,-71.061675,0,0.0,0.0,0.0,0.0,1.0,0.9951497860199715,0.0,0.0048502139800285305,70.82805429864253,75.70213980028531,18.9447078704834,1.8938792854234627,0.9219087664132043,4.7173159322611955,308.40631572165813,14.766391506944593
42.0770219405,-70.9128195445,0,0.2669683257918552,0.28131241084165476,0.18099547511312217,0.2927246790299572,0.5520361990950227,0.41911554921540656,0.0,0.0,15.081447963800905,11.247075606276747,36.89530944824219,1.8902222963415691,1.0998194720311008,8.665727083696048,439.6120070172462,2.421499059564055
42.3462833333,-71.0775972222,0,0.0,0.0,0.0,0.0002853067047075606,1.0,0.9980028530670471,0.0,0.0017118402282453639,81.41176470588235,78.21825962910128,4.318540573120117,0.3526018253503449,0.20085281609074473,0.8607514117642481,420.0124023176362,15.120987454707437
41.3414222222,-70.7204333333,1,0.09049773755656108,0.13067047075606278,0.06787330316742081,0.053637660485021395,0.013574660633484163,0.12296718972895863,0.3393665158371041,0.4296718972895863,0.20361990950226244,1.7169757489300999,2.2396059036254883,0.8198575497063785,1.0554421648571954,8.271382265187665,0.630700219729198,63.57091367553094
42.3735316506,-71.1411089368,1,0.0,0.0017118402282453639,0.0,0.007703281027104137,1.0,0.9475035663338088,0.0,0.043081312410841656,20.592760180995477,33.539514978602,7.871026039123535,0.6770253953217494,0.8137366011092045,4.439364620593906,0.0,58.82568328378602
42.719337182,-72.308491554,0,0.8959276018099548,0.9044222539229672,0.09502262443438914,0.033095577746077035,0.0,0.005135520684736091,0.004524886877828055,0.00912981455064194,0.0,0.033951497860199714,327.6285095214844,2.7782145051859746,4.948375315369918,21.482699290056093,41.75148417372049,446.4210157741882
42.5062333333,-72.1815766667,0,0.39819004524886875,0.6881597717546363,0.03167420814479638,0.07503566333808845,0.18552036199095023,0.06048502139800285,0.0,0.0,1.7013574660633484,0.5714693295292439,344.2161865234375,1.6839546602671756,2.649379935565345,13.151125790095332,322.6150225538045,1.459783659915398
42.5308990479,-71.3519744873,0,0.497737556561086,0.4419400855920114,0.33031674208144796,0.2099857346647646,0.17194570135746606,0.2796005706134094,0.0,0.0002853067047075606,4.787330316742081,5.834522111269615,58.13897705078125,0.7382489889928776,1.4789258017024782,9.731788251327872,127.28581160447638,207.32699695420763
42.5341606121,-71.0593503714,0,0.03619909502262444,0.05306704707560628,0.11764705882352941,0.34750356633380886,0.8461538461538461,0.5914407988587732,0.0,0.0019971469329529245,14.031674208144796,10.784022824536377,30.973844528198242,1.6795847494021399,0.9118703459152282,7.2092070098981464,85.30977251956281,13.929156836841209
41.4180779139,-70.5626446903,1,0.4796380090497738,0.25620542082738945,0.334841628959276,0.192867332382311,0.0,0.0804564907275321,0.049773755656108594,0.36690442225392295,0.0,1.1121255349500714,2.2101101875305176,0.6168149844276103,0.6149479730823825,4.333495785286324,140.06436132799877,68.80990150637017
42.1920816667,-72.880435,0,1.0,0.9375178316690442,0.0,0.04536376604850214,0.0,0.013409415121255349,0.0,0.0,0.0,0.08815977175463624,259.53143310546875,6.6296735984492186,5.703850154202305,29.4826364449935,255.89154574799946,802.6887964197407
42.5656166667,-72.3992783333,0,0.5520361990950227,0.7412268188302426,0.06787330316742081,0.1346647646219686,0.19457013574660634,0.07646219686162625,0.0,0.0002853067047075606,2.520361990950226,1.0912981455064195,331.8426208496094,1.7897405780645472,1.8754319738535519,12.170060075736442,323.2487832026969,6.416982317176247
42.3990539677,-71.199084495,0,0.11764705882352941,0.24479315263908702,0.18552036199095023,0.11326676176890157,0.5113122171945701,0.5940085592011413,0.0,0.0005706134094151213,11.380090497737557,17.242225392296717,49.58576583862305,1.2318760600797958,2.1025312151316244,13.467954197674409,89.68469365950507,31.218954256581238
42.3284301758,-71.0916366577,0,0.0,0.0,0.0,0.0,1.0,1.0,0.0,0.0,61.036199095022624,66.82339514978602,25.353195190429688,2.8627966175091775,1.6556602124620134,10.28091645651083,1281.7673796677843,13.031364492300444
42.5784277778,-70.9196805556,1,0.06787330316742081,0.019686162624821684,0.07239819004524888,0.06704707560627675,0.8597285067873304,0.9035663338088445,0.0,0.0019971469329529245,30.294117647058822,31.726105563480743,21.568801879882812,0.5442667924864186,1.034485568743476,6.13131803061632,18.2810680684778,208.35482874617068
42.1810333333,-71.5615916667,0,0.7104072398190046,0.5925820256776034,0.23076923076923078,0.12952924393723253,0.0,0.2057061340941512,0.03167420814479638,0.047931526390870186,0.0,3.4633380884450786,99.60894012451172,3.77346302436551,2.801265856578098,18.298161823448698,3.6785519877770394,434.8111442880851
42.167385445,-71.6513590759,0,0.29411764705882354,0.6059914407988588,0.0,0.015121255349500713,0.7058823529411765,0.3420827389443652,0.0,0.0,17.755656108597286,10.125820256776034,152.25872802734375,2.2054406104685635,3.1467948624411606,17.11874789217022,237.4745637212967,32.993953111389494
42.3659085966,-71.245726347,1,0.0,0.027960057061340943,0.1085972850678733,0.015977175463623396,0.7601809954751131,0.8713266761768902,0.13122171945701358,0.08302425106990015,26.357466063348415,47.09728958630528,13.942048072814941,1.79050676417551,1.4610340457250182,8.854944169017731,0.0,54.12775329536843
41.3642616667,-70.5084,1,0.3891402714932127,0.08530670470756063,0.07692307692307693,0.034807417974322394,0.2171945701357466,0.36034236804564906,0.248868778280543,0.3549215406562054,4.995475113122172,9.587446504992867,4.095439910888672,0.8646323081314798,0.3789669989128303,3.1293734233368875,84.66363637320802,113.50148097851107
42.1081626253,-71.321466606,1,0.10407239819004525,0.38830242510699003,0.6334841628959276,0.3007132667617689,0.0,0.2724679029957204,0.24434389140271492,0.019115549215406563,0.0,4.546647646219686,52.94969940185547,0.36538461911660797,1.2508955954877259,6.166628909400754,0.0,364.6566873719958
42.2079166667,-71.0028083333,0,0.0,0.0008559201141226819,0.0,0.075320970042796,1.0,0.8761768901569187,0.0,0.04764621968616262,62.80995475113122,44.096718972895864,32.56802749633789,1.6925135569056637,1.1034701802228257,8.605736082889415,477.8910868615422,30.57047494197488
41.96644034,-71.17916519,0,0.03167420814479638,0.3734664764621969,0.2986425339366516,0.19258202567760344,0.669683257918552,0.42139800285306706,0.0,0.0,17.58823529411765,12.813124108416547,22.933135986328125,0.7265148157579405,0.6814403713906001,3.8553611175253,90.58328412225106,121.62593051228413
42.221567662,-71.6705468296,0,0.19004524886877827,0.41854493580599145,0.4660633484162896,0.24621968616262482,0.06787330316742081,0.18744650499286733,0.0,0.0,0.583710407239819,4.490442225392297,128.4374237060547,2.2251704209369385,2.4209561921671865,12.154624264243358,38.99606552403041,61.986610556493225
42.36202167,-71.399475,0,0.23076923076923078,0.21398002853067047,0.15384615384615385,0.3415121255349501,0.5882352941176471,0.40855920114122685,0.0,0.0,22.226244343891402,11.357203994293865,44.76923370361328,0.7695276881078496,1.8430342969884856,14.302247259343895,202.46963276199335,27.31834473565393
42.3937630833,-71.5509945,0,0.049773755656108594,0.09671897289586305,0.3936651583710407,0.08559201141226819,0.5565610859728507,0.8176890156918688,0.0,0.0,17.271493212669682,28.639087018544934,59.974849700927734,0.8253925753662724,1.4536736592355808,7.042888925934083,57.31326307810366,2.1064662936584404
41.64968,-70.2794716667,0,0.0,0.0,0.00904977375565611,0.06276747503566334,0.9276018099547512,0.8328102710413695,0.06334841628959276,0.0964336661911555,60.85067873303167,46.95520684736091,0.9258437752723694,0.5747943334051163,0.48036827218659983,3.997035973498196,0.0,42.70803691381879
42.4704495847,-71.0421206901,0,0.04524886877828054,0.07960057061340942,0.03619909502262444,0.029386590584878743,0.918552036199095,0.8738944365192582,0.0,0.014550641940085592,21.90950226244344,24.85620542082739,20.33717155456543,1.7101078658147932,1.8518710499268691,6.986066793371298,72.87850183874743,37.66981998557481
42.4364071935,-71.1251111394,0,0.6742081447963801,0.451925820256776,0.19457013574660634,0.025677603423680456,0.13122171945701358,0.5041369472182596,0.0,0.012838801711840228,2.6877828054298645,14.386875891583452,33.405845642089844,2.2207587435355314,1.9917367953987808,11.213405946047866,0.17951948617900856,100.4922940877652
42.574302902,-72.7310452258,0,0.9366515837104072,0.8747503566333809,0.06334841628959276,0.014835948644793153,0.0,0.04079885877318117,0.0,0.0,0.0,0.5945791726105564,279.874755859375,6.711479442519883,8.397236818751942,59.39528852360894,107.29157518736463,459.3217756534797
42.1110696458,-71.6091428948,0,0.29411764705882354,0.4827389443651926,0.3167420814479638,0.3215406562054208,0.03619909502262444,0.10556348074179743,0.0,0.0,0.33031674208144796,1.8536376604850213,77.5897445678711,0.7221737933556507,2.044085572220272,9.48603985935633,0.0,0.09014710299562644
41.8031928021,-69.9357915442,0,0.0,0.0005706134094151213,0.0,0.08559201141226819,0.0,0.075320970042796,0.8235294117647058,0.6847360912981455,0.0,1.9808844507845935,-1.823349118232727,0.4066386690336234,0.48926023491826376,3.441721487765987,17.278539756184276,641.7284591526475
42.3656226,-72.5836158,0,0.11312217194570136,0.17945791726105564,0.03619909502262444,0.061626248216833095,0.19004524886877827,0.14322396576319543,0.0,0.1369472182596291,2.8552036199095023,3.2028530670470756,38.431522369384766,0.6333000716845641,1.329912967656501,11.779655695403719,76.0693728857755,36.4326578474356
42.6600275801,-70.5997671711,1,0.004524886877828055,0.024821683309557776,0.013574660633484163,0.014550641940085592,0.48868778280542985,0.2833095577746077,0.4841628959276018,0.6313837375178317,20.660633484162897,7.838231098430813,6.3440117835998535,1.5990668972173894,0.9626034913504805,8.385571112706113,0.0,87.69755824150779
42.620475,-71.4180666667,0,0.0,0.0738944365192582,0.0,0.16205420827389444,0.8778280542986425,0.6328102710413694,0.12217194570135746,0.11440798858773181,21.06787330316742,16.711840228245364,52.4666633605957,0.26315228631833454,0.7312330673059643,3.5151991853598212,49.262023993257685,1.0239106757919103
42.1486663818,-72.729598999,0,0.0,0.11897289586305278,0.0,0.023395149786019972,1.0,0.8453637660485022,0.0,0.010841654778887305,30.3710407239819,32.031098430813124,74.83981323242188,0.8793876283681648,0.7736613418612012,5.5402158974609526,626.0932203678819,4.75551570529619
42.4632532217,-72.3432493955,1,0.6018099547511312,0.8547788873038517,0.16289592760180996,0.07018544935805991,0.1493212669683258,0.04051355206847361,0.0,0.003708987161198288,0.6787330316742082,0.2507845934379458,265.1781005859375,3.931712765437588,4.944296293418978,28.246927497384586,23.14164691529888,64.70401036910802
42.4927739102,-71.3681854653,1,0.3212669683257919,0.4088445078459344,0.4343891402714932,0.294151212553495,0.03167420814479638,0.1783166904422254,0.20361990950226244,0.03109843081312411,0.6470588235294118,3.570898716119829,55.67564392089844,1.0105529169766085,1.318355008891807,9.568603317469096,16.668271824044886,156.39715549471106
42.1366888333,-71.5523533333,0,0.5113122171945701,0.35863052781740373,0.2081447963800905,0.1115549215406562,0.1085972850678733,0.4815977175463623,0.11312217194570136,0.03223965763195435,1.3891402714932126,15.018544935805991,86.4349365234375,1.4107577144619885,3.180589152033824,19.154001098943354,88.75983543145323,126.70822042491021
41.8898620605,-71.3321228027,0,0.0,0.055920114122681885,0.0,0.18716119828815977,1.0,0.7566333808844508,0.0,0.0,51.8235294117647,27.86647646219686,25.30508041381836,0.3372486194266381,0.5969966449053801,2.658122301761996,370.7152037043811,14.388597408403665
42.3217719636,-71.2459176216,1,0.0,0.011697574893009986,0.10407239819004525,0.05905848787446505,0.8959276018099548,0.9232524964336661,0.0,0.005991440798858773,23.665158371040725,30.282453637660485,22.00788116455078,1.756181312613919,1.6269118478606752,8.883602196278892,52.8840009618737,12.674816894814949
42.0944138333,-70.9119333333,0,0.24434389140271492,0.268188302425107,0.2895927601809955,0.1971469329529244,0.4660633484162896,0.5329529243937232,0.0,0.0,10.665158371040723,14.456776034236805,26.597166061401367,1.5518104775032449,1.2778066095913434,6.424243447021332,30.844639771328186,6.881361300165529
42.4828994608,-70.9277167981,0,0.01809954751131222,0.15863052781740372,0.02262443438914027,0.04650499286733238,0.9592760180995475,0.6907275320970043,0.0,0.00456490727532097,29.520361990950228,30.979457917261055,29.91157341003418,1.3237262997172914,2.2665329882758254,13.278207607858036,145.8767941503599,1.4335966400555777
41.7379011041,-70.4173036444,0,0.19457013574660634,0.0550641940085592,0.0,0.28359486447931526,0.8054298642533937,0.5192582025677603,0.0,0.07874465049928674,19.5158371040724,9.744365192582025,19.526180267333984,1.6139912794514355,1.197936893178207,6.709789481916519,275.6304541120283,4.98489708931452
42.3397,-71.0419695,0,0.0,0.0,0.02262443438914027,0.0025677603423680455,0.9276018099547512,0.9617689015691869,0.049773755656108594,0.03566333808844508,78.87782805429865,78.35549215406562,2.8068339824676514,0.8864522188931809,1.0269035558687907,5.449440896227168,13.089238869264086,5.285727967546774
41.63487,-70.2243716667,0,0.0,0.0,0.1493212669683258,0.17346647646219687,0.08144796380090498,0.1788873038516405,0.3167420814479638,0.557774607703281,5.3122171945701355,6.921540656205421,0.5946521759033203,0.24484774878169688,0.18235144480364496,0.7923304409040397,0.0,205.00381163964568
41.6486166667,-70.3008033333,0,0.0,0.020542082738944364,0.0,0.02225392296718973,0.8778280542986425,0.9375178316690442,0.12217194570135746,0.019400855920114122,36.97285067873303,32.25477888730385,8.382152557373047,0.3031752006748793,0.48305132967123904,2.7052800759629303,20.472202657777128,59.15522126197594
42.5956277778,-72.2169333333,0,0.4117647058823529,0.32268188302425105,0.0,0.029386590584878743,0.583710407239819,0.6413694721825963,0.004524886877828055,0.0034236804564907277,15.312217194570136,23.848216833095577,185.04934692382812,3.737034494148157,4.331952125042466,28.296588443963063,30.888492115169228,82.25299451803878
42.091055083,-73.2672298327,0,0.7285067873303167,0.7335235378031384,0.0,0.08644793152639087,0.24434389140271492,0.10984308131241084,0.0,0.0,1.253393665158371,0.6684736091298146,265.27801513671875,2.929589103833493,3.8185168861314676,24.884030258372484,61.08276236974297,0.7205642511821628
42.6453883333,-72.36976,0,0.9276018099547512,0.9075606276747503,0.07239819004524888,0.07446504992867332,0.0,0.00884450784593438,0.0,0.005420827389443652,0.0,0.05021398002853067,271.0440979003906,1.9154068930070467,3.0588688768106027,15.755751897956754,169.242269565121,13.518631661220011
42.48377,-72.90773,1,0.995475113122172,0.8079885877318117,0.004524886877828055,0.013980028530670471,0.0,0.06134094151212553,0.0,0.0,0.0,0.5885877318116975,366.6311340332031,6.0468129605086745,5.878978719294351,26.744262800590462,21.976442170335194,65.13213781592066
42.6001447504,-72.5437385929,1,0.3212669683257919,0.1614835948644793,0.00904977375565611,0.006276747503566334,0.0,0.36034236804564906,0.6606334841628959,0.46162624821683307,0.0,13.016833095577747,58.057003021240234,1.6454393517336483,2.1911397740291356,16.349330608855652,0.0,337.7993157412545
42.4917766077,-71.3689543266,1,0.3257918552036199,0.39743223965763197,0.48868778280542985,0.2984308131241084,0.058823529411764705,0.18145506419400856,0.1085972850678733,0.03052781740370899,1.1221719457013575,3.6105563480741796,56.71661376953125,1.2090043770270749,1.3223912717602597,9.21961043681022,9.614686039770778,226.32032068939125
42.3621116667,-71.1066138333,0,0.0,0.0,0.0,0.0,1.0,0.9894436519258203,0.0,0.010556348074179744,68.68325791855203,70.95748930099857,4.632524013519287,0.2673268509002796,0.3491374405696711,2.081639784212704,786.2011203797639,11.87672193399868
42.5898118,-71.1599321,0,0.027149321266968326,0.16633380884450785,0.0,0.20684736091298145,0.9728506787330317,0.6194008559201141,0.0,0.005420827389443652,57.56561085972851,31.368901569186875,33.23801040649414,1.632440816083945,0.922233349144316,7.141443716258076,27.89674120504584,48.18927959444587
42.3105349663,-71.4077392741,0,0.0,0.013409415121255349,0.0,0.019971469329529243,1.0,0.9660485021398003,0.0,0.0005706134094151213,36.95475113122172,37.50641940085592,60.50373458862305,1.696952545010073,1.6693797977343396,6.254990117721799,509.3140104628978,2.886491272718117
41.35368,-70.8191833333,1,0.05429864253393665,0.26847360912981455,0.2081447963800905,0.09586305278174037,0.01809954751131222,0.09044222539229672,0.3755656108597285,0.41169757489301,0.09502262443438914,1.2527817403708987,2.325086832046509,1.6238538892949477,1.185129071080247,12.066287048415909,7.901214565495879,249.29398542856117
42.490733233,-71.3501503529,1,0.7737556561085973,0.7035663338088445,0.22171945701357465,0.25392296718972895,0.0,0.006562054208273894,0.004524886877828055,0.010271041369472182,0.0,0.1609129814550642,54.99592971801758,1.3652557579629827,1.4746738420962846,8.183146928119454,0.0,946.6696183738196
42.3408676521,-72.2315512576,1,0.3393665158371041,0.6059914407988588,0.3076923076923077,0.12011412268188303,0.04072398190045249,0.0042796005706134095,0.013574660633484163,0.005420827389443652,0.3438914027149321,0.05420827389443652,149.54574584960938,2.3825567158563445,5.125232525648817,30.360758845568572,0.0,142.76158846980076
42.0938765,-71.6238455,1,0.2850678733031674,0.24507845934379457,0.08144796380090498,0.24764621968616263,0.38461538461538464,0.46219686162624823,0.058823529411764705,0.007132667617689016,6.352941176470588,10.552924393723252,81.14940643310547,3.688508273066544,2.138211709552591,13.641765721001198,47.83990029353267,14.988444658889133
41.81143,-71.23912,0,0.5384615384615384,0.38487874465049926,0.2895927601809955,0.2855920114122682,0.167420814479638,0.268188302425107,0.0,0.0017118402282453639,2.244343891402715,5.969186875891584,22.330522537231445,0.8773486774112119,0.9398641578761291,3.805789955574793,161.0207179695771,200.21097386695794
42.3998053433,-72.148385719,0,0.5701357466063348,0.6005706134094151,0.19457013574660634,0.14750356633380884,0.21266968325791855,0.10299572039942939,0.0,0.0,1.5339366515837105,0.6801711840228245,286.8537902832031,1.5554264432975582,2.8906080780772263,13.149597646347823,154.18555325317632,65.37277558286735
42.2666244507,-72.4552841187,0,0.36199095022624433,0.48901569186875893,0.3031674208144796,0.26961483594864477,0.19457013574660634,0.15492154065620542,0.0,0.0034236804564907277,2.8552036199095023,2.295007132667618,89.08731079101562,1.3989222303440636,1.39057932655529,11.422953592767735,142.65687005627709,82.61393530507848
42.1877416667,-70.7516777778,0,0.17647058823529413,0.21312410841654778,0.04072398190045249,0.21141226818830242,0.6153846153846154,0.47674750356633383,0.16289592760180996,0.08159771754636234,8.027149321266968,8.557203994293866,20.06214714050293,1.5638103481378824,1.1159222014318637,5.675365605456031,116.15905898485167,49.69691246240357
42.1610066667,-70.7687333333,0,0.2398190045248869,0.3443651925820257,0.31221719457013575,0.31554921540656206,0.4434389140271493,0.2767475035663338,0.0,0.05049928673323823,5.6289592760181,4.206847360912981,7.325419902801514,1.3905024073382104,1.1809514374376617,6.06915176809166,75.72065693768869,38.69363749183294
42.720495,-71.0261,1,0.3076923076923077,0.5475035663338088,0.4841628959276018,0.2904422253922967,0.18099547511312217,0.1355206847360913,0.0,0.0,1.9864253393665159,2.2348074179743223,29.034818649291992,0.8855224823128065,1.63616244646731,8.234841563654308,1.679277223985847,85.28789883075444
42.6948388817,-70.8069421238,0,0.0,0.05021398002853067,0.4479638009049774,0.5512125534950071,0.0,0.14379457917261054,0.5475113122171946,0.23195435092724678,0.0,3.4510699001426532,-0.07281287759542465,0.22997364298831144,0.9593122849253787,6.51224676707111,0.0,494.6761969800484
42.6373466667,-70.880355,0,0.09049773755656108,0.28074179743223965,0.45248868778280543,0.34293865905848786,0.2669683257918552,0.16576319543509271,0.05429864253393665,0.00456490727532097,10.891402714932127,3.5483594864479313,12.583442687988281,0.7672661680534626,0.7261631833982587,2.7288077910505995,0.0,56.604327833234315
42.59394667,-71.56542167,0,0.4841628959276018,0.30271041369472185,0.1493212669683258,0.2253922967189729,0.0,0.2390870185449358,0.0,0.0019971469329529245,0.0,5.4154065620542085,123.30443572998047,5.088727996844595,2.783525452194865,13.00617903363043,193.04004385309074,330.13981820668045
42.0926722222,-72.5907555556,0,0.01809954751131222,0.0011412268188302425,0.02262443438914027,0.075320970042796,0.45701357466063347,0.7141226818830243,0.48868778280542985,0.20627674750356634,17.97737556561086,46.84450784593438,16.334657669067383,1.3229110803799393,1.1141691531943734,4.860064728086565,2.8961262219360906,110.35031175003886
42.0771358889,-72.5399205833,0,0.01809954751131222,0.01825962910128388,0.0,0.005706134094151213,0.9819004524886877,0.9760342368045649,0.0,0.0,26.43438914027149,31.585449358059915,57.469234466552734,1.7084980036182433,1.1393208018412582,5.37935456864602,309.2767955675871,12.041851499455664
42.3869247186,-70.9722664991,0,0.0,0.0,0.02262443438914027,0.038231098430813126,0.8461538461538461,0.4102710413694722,0.12669683257918551,0.5455064194008559,52.35294117647059,24.631098430813125,11.022464752197266,1.4943753575221814,0.679138832907268,4.324050894927167,114.09782237528616,18.81199227376207
42.536145,-71.0274721667,0,0.03619909502262444,0.039942938659058486,0.29411764705882354,0.11840228245363767,0.669683257918552,0.7437945791726106,0.0,0.09614835948644793,12.176470588235293,17.26875891583452,32.58970260620117,0.5306473717803893,0.9848940958786937,5.665912827542399,52.458077936597626,31.722603175425196
41.7351450107,-70.3845849686,0,0.0,0.0442225392296719,0.2850678733031674,0.30756062767475034,0.16289592760180996,0.17717546362339515,0.0,0.18316690442225392,3.2171945701357467,2.9660485021398,2.4110944271087646,0.562604683478727,0.6028885148319459,4.390622278338088,41.44989261892771,2.510024691199439
42.3662081445,-71.0340925837,0,0.0,0.0,0.0,0.0014265335235378032,1.0,0.6567760342368045,0.0,0.34179743223965764,73.65610859728507,53.58345221112696,8.50701904296875,0.9924158096795479,0.38557222326341906,2.4430259212554923,243.4974332072723,15.663543544384574
41.8574950391,-71.1079889403,1,0.20361990950226244,0.19971469329529243,0.5429864253393665,0.3158345221112696,0.07692307692307693,0.3332382310984308,0.15384615384615385,0.047075606276747506,1.0497737556561086,10.712125534950072,1.546348214149475,0.47931301099646173,0.9755921917268193,4.238290349262746,11.927323732125688,292.98289879317707
42.1107056331,-71.9574088462,0,0.4072398190045249,0.6094151212553495,0.11764705882352941,0.19001426533523538,0.22171945701357465,0.12810271041369473,0.0,0.0,4.959276018099548,1.6308131241084165,232.83343505859375,1.9279353578681393,1.9447829510564767,9.957711268912995,197.4402525182583,15.562183455046624
42.4529255707,-70.9873057782,0,0.0,0.0,0.049773755656108594,0.1783166904422254,0.9457013574660633,0.7580599144079886,0.004524886877828055,0.05848787446504993,51.40723981900452,39.59771754636234,2.9348204135894775,0.6057268180504743,1.029986187011499,7.898896077088004,159.7379313914585,54.423748750530685
42.35320333,-71.191995,0,0.0,0.0,0.0,0.0,1.0,1.0,0.0,0.0,32.86425339366516,46.40827389443652,46.53783416748047,4.498370185163773,1.8009911416930224,12.356642093036927,897.8986294751236,11.98663554008317
42.47089667,-72.55423667,0,1.0,0.990870185449358,0.0,0.0,0.0,0.00912981455064194,0.0,0.0,0.0,0.10898716119828816,173.0257568359375,7.2544220205501615,6.415867055783604,38.5326687887013,50.138405912102414,20.602459905774648
42.273957811,-71.0768651823,0,0.0,0.006562054208273894,0.0,0.013980028530670471,1.0,0.9788873038516405,0.0,0.0005706134094151213,49.5972850678733,47.24935805991441,18.92270851135254,2.285167346617061,1.4658209839569027,8.166316549398957,367.49386880838944,3.7618552004969295
42.61085,-71.220375,0,0.0,0.14037089871611982,0.0,0.12410841654778887,1.0,0.5974322396576319,0.0,0.0,37.90950226244344,19.467332382310985,37.26091003417969,1.1691666581298192,0.8259585973710408,4.60800350113862,279.23293584791344,46.162027563554545
42.1894106543,-71.6899945038,0,0.12669683257918551,0.2216833095577746,0.07239819004524888,0.18345221112696147,0.7058823529411765,0.501283880171184,0.09049773755656108,0.02253922967189729,25.466063348416288,13.211412268188303,100.45881652832031,3.400624151895541,2.656028180679322,22.723760395554994,126.6249870852594,0.7415047211498218
41.7840783333,-70.0016166667,0,0.00904977375565611,0.016262482168330955,0.058823529411764705,0.14522111269614835,0.9321266968325792,0.8339514978601997,0.0,0.00456490727532097,28.361990950226243,26.212553495007132,14.281437873840332,1.3518745824861689,1.115062283901144,7.496033516007072,71.70665090025129,6.7032259709268995
42.3970397968,-71.6731479103,0,0.23076923076923078,0.5714693295292439,0.0,0.10699001426533523,0.39819004524886875,0.1957203994293866,0.0,0.024821683309557776,23.809954751131222,6.565192582025678,149.94854736328125,4.18449145466753,3.2030887274170983,14.78394048391694,283.1954015170019,7.603285998991745
42.17386982,-71.01934791,0,0.06334841628959276,0.12524964336661912,0.34841628959276016,0.28416547788873037,0.5882352941176471,0.5891583452211127,0.0,0.0,20.475113122171944,23.861340941512125,36.39926528930664,2.148257631409351,1.2897385126588767,10.024944090998103,75.50976828610288,18.730301364906065
42.0321721667,-70.0610721667,0,0.6606334841628959,0.5463623395149786,0.0,0.0002853067047075606,0.2986425339366516,0.30099857346647646,0.0,0.06019971469329529,6.923076923076923,6.845363766048502,40.56822967529297,0.8826550069335516,1.870431420978677,12.915637219243862,755.8087991385552,2.727567173685028
41.5089527314,-71.0214965184,1,0.0,0.052781740370898715,0.38461538461538464,0.2245363766048502,0.027149321266968326,0.05934379457917261,0.26244343891402716,0.4567760342368046,0.5384615384615384,1.3209700427960056,1.4151304960250854,0.7805220104091594,0.6203311495358929,5.078466618000429,1.4004878680436132,12.510934255506534
42.5758629047,-72.7458183387,0,1.0,0.9711840228245364,0.0,0.0002853067047075606,0.0,0.028530670470756064,0.0,0.0,0.0,0.20142653352353782,384.9544982910156,8.336713742882306,7.945702533101989,41.72227791010053,613.0489824948669,818.3001723348614
41.8634616667,-70.5397716667,0,0.17647058823529413,0.41512125534950073,0.0,0.038801711840228244,0.8144796380090498,0.44022824536376604,0.0,0.06419400855920114,16.330316742081447,9.860199714693294,16.51633644104004,1.5273435173013425,1.2062129677530307,7.443833965343672,210.6003833316694,15.915941503789018
42.1523083333,-73.28727,0,0.49321266968325794,0.666191155492154,0.004524886877828055,0.11098430813124108,0.19909502262443438,0.05791726105563481,0.0,0.0,1.6108597285067874,0.46219686162624823,324.94805908203125,3.4631811409908586,2.7784223363342444,20.2096934587587,461.6326189780425,12.32376660287159
42.0495962695,-71.2686001993,0,0.7737556561085973,0.613694721825963,0.07692307692307693,0.1985734664764622,0.1493212669683258,0.15520684736091298,0.0,0.011982881597717546,3.3665158371040724,2.7834522111269613,70.03600311279297,1.8144819798039304,1.385969956992874,9.040347395117765,95.88952002437694,26.66948114694935
42.6384,-70.6661,0,0.31221719457013575,0.42710413694721827,0.17647058823529413,0.10014265335235378,0.4343891402714932,0.3392296718972896,0.07239819004524888,0.12496433666191155,14.199095022624434,9.30413694721826,20.561044692993164,1.5409525768015648,1.9378622176425324,13.565069697273579,5.923629462782648,30.225900866416122
42.5874818828,-71.5482426553,1,0.7104072398190046,0.6105563480741797,0.2895927601809955,0.20142653352353782,0.0,0.08730385164051355,0.0,0.0005706134094151213,0.0,1.3229671897289585,95.4463882446289,1.4148674490648654,2.0096434989075833,11.451919927303537,0.13186780711299037,179.95604245019743
42.42202,-71.6614216667,0,0.27149321266968324,0.3415121255349501,0.004524886877828055,0.05335235378031384,0.7239819004524887,0.5771754636233951,0.0,0.0005706134094151213,19.755656108597286,14.857631954350927,110.71824645996094,3.64970489930594,2.548731167699231,17.106098203941716,348.4674854554937,26.833208908792503
42.3589733333,-72.5133983333,0,0.11312217194570136,0.2530670470756063,0.42081447963800905,0.13523537803138375,0.013574660633484163,0.2370898716119829,0.0,0.0,0.13574660633484162,3.9275320970042795,50.13136291503906,1.2570489383853218,1.8983348056518665,8.055807809613967,9.51758125196072,264.55270053188315
42.4052775235,-72.1282455382,0,0.3574660633484163,0.6784593437945792,0.058823529411764705,0.11469329529243938,0.1493212669683258,0.05563480741797432,0.08144796380090498,0.010556348074179744,1.1266968325791855,0.43594864479315265,292.1919860839844,2.680736805758032,2.481742585384858,17.991229336759144,0.0,46.30219752406943
42.268994,-71.248582,0,0.7330316742081447,0.3146932952924394,0.10407239819004525,0.09529243937232525,0.16289592760180996,0.5900142653352354,0.0,0.0,2.6334841628959276,11.801426533523538,58.83199691772461,1.5462791403008453,1.1918363893789812,6.8551755757827175,105.1549101612207,74.16173439173185
42.2521933333,-72.3400466667,0,0.6289592760180995,0.6995720399429387,0.00904977375565611,0.1629101283880171,0.02262443438914027,0.007988587731811698,0.0,0.0002853067047075606,0.6742081447963801,0.1398002853067047,126.7067642211914,1.8737221436769222,2.6828813909048788,14.42426372103368,12.310469852040391,50.96856424199201
42.355861757,-70.9676016402,0,0.0,0.0,0.0,0.005420827389443652,0.35294117647058826,0.22567760342368046,0.40271493212669685,0.7209700427960057,21.144796380090497,15.85620542082739,3.1400225162506104,1.0150251139181312,0.6049127084936986,3.653440023610569,43.80148830187903,32.67739016917364
42.0318243392,-70.0912098333,1,0.06787330316742081,0.05392296718972896,0.07239819004524888,0.020256776034236805,0.7104072398190046,0.5455064194008559,0.013574660633484163,0.31212553495007134,16.199095022624434,16.366619115549216,8.631455421447754,1.4831260913809385,0.9846997682065929,6.807620828486108,0.0,32.17766805110546
42.6272435461,-71.1004304651,0,0.2986425339366516,0.40114122681883024,0.5339366515837104,0.22653352353780315,0.167420814479638,0.3637660485021398,0.0,0.0014265335235378032,2.723981900452489,4.674465049928673,42.41801071166992,1.0392102354626005,1.4536172914596641,7.39535759010984,25.648938381177572,170.9324529920876
41.7777381986,-70.7639845088,0,0.665158371040724,0.4693295292439372,0.1583710407239819,0.19686162624821682,0.08597285067873303,0.30099857346647646,0.0,0.0011412268188302425,1.8461538461538463,6.356918687589158,13.240084648132324,0.723835143925051,0.6822332005729398,3.825633725854376,38.943237449881586,241.63053749187375
42.52378833,-72.64540833,0,0.8144796380090498,0.8339514978601997,0.004524886877828055,0.015977175463623396,0.08597285067873303,0.07104136947218259,0.00904977375565611,0.03452211126961484,0.6515837104072398,0.68188302425107,101.75599670410156,5.584936507101099,5.37510935111404,36.942502093848084,209.3935476515389,146.20919889083206
42.7722167969,-71.1062927246,0,0.0,0.04365192582025677,0.0,0.009700427960057061,1.0,0.8801711840228246,0.0,0.0659058487874465,28.97285067873303,32.67275320970043,44.079383850097656,1.8426225174657145,2.723415122438199,17.001831149521234,579.3137364968132,6.865771760142366
42.3732206118,-72.0062451667,0,0.7420814479638009,0.6907275320970043,0.1583710407239819,0.19457917261055635,0.0,0.02767475035663338,0.0,0.029386590584878743,0.0,0.27845934379457915,264.3421936035156,1.62312707368224,1.5120359510586918,6.809181646399364,158.3553394152524,7.792630560879733
42.11259717,-72.65152,0,0.0,0.048787446504992865,0.0,0.052781740370898715,1.0,0.8984308131241084,0.0,0.0,19.895927601809955,20.391440798858774,65.85935974121094,1.5140372894171534,1.4017938994514845,5.428473592849497,304.51377107874674,0.4390748136250193
42.7652569266,-70.9588024402,1,0.6018099547511312,0.5500713266761769,0.3891402714932127,0.3589158345221113,0.0,0.08017118402282454,0.0,0.003994293865905849,0.0,1.0293865905848787,23.1951847076416,0.7140654937665505,0.676645837752293,2.9032555283820263,5.746104947423292,230.89468704248273
42.8004255586,-70.933318706,0,0.4434389140271493,0.40741797432239657,0.10407239819004525,0.11241084165477888,0.0,0.19457917261055635,0.45248868778280543,0.16005706134094153,0.0,3.9126961483594864,9.687658309936523,1.549496333112343,1.291255046389107,6.801696699423742,0.0,337.16677630458065
42.2724139722,-72.658355,0,0.17194570135746606,0.16176890156918688,0.02262443438914027,0.13380884450784594,0.5113122171945701,0.6476462196861626,0.29411764705882354,0.027960057061340943,16.29864253393665,25.89957203994294,43.712432861328125,1.2130745232254885,1.2115901190714424,5.719174693111219,22.123817058424862,105.17991203614356
42.279487682,-71.0493909019,0,0.0,0.0002853067047075606,0.04524886877828054,0.13751783166904422,0.8552036199095022,0.726676176890157,0.09954751131221719,0.10470756062767475,52.28506787330317,40.648216833095574,5.4550089836120605,0.7332869216522908,0.8395886487558033,4.074303090917227,107.14084210026681,58.6214108461676
41.5247550165,-70.6741402683,1,0.0,0.005135520684736091,0.0,0.047931526390870186,0.3257918552036199,0.34179743223965764,0.6742081447963801,0.5754636233951498,24.97737556561086,10.47246790299572,0.16872479021549225,0.27791180605702515,0.7201202093823251,5.030446325297558,0.0,89.41433472140974
42.4048809116,-71.4524562937,1,0.23076923076923078,0.3942938659058488,0.746606334841629,0.34293865905848786,0.02262443438914027,0.11526390870185449,0.0,0.13437945791726105,0.11312217194570136,2.3158345221112695,56.11518096923828,0.31237443698556655,0.5690814335371431,2.687531692310969,0.0,222.0481725898967
42.60547,-71.5039533333,0,0.4434389140271493,0.5768901569186876,0.14479638009049775,0.14835948644793154,0.4117647058823529,0.21768901569186877,0.0,0.043081312410841656,6.266968325791855,3.5021398002853066,80.87701416015625,2.362737373721812,1.5525498233631458,9.295257297957047,86.42224498502637,28.237095950114874
42.332623,-71.577726,0,0.0,0.07189728958630527,0.0,0.08644793152639087,1.0,0.8131241084165478,0.0,0.028530670470756064,57.39366515837104,34.88245363766048,129.52381896972656,1.2949110391609222,2.112406549963345,10.388465229669922,207.48717846932234,26.656356203627656
42.68304608,-72.33661246,0,0.5475113122171946,0.7911554921540657,0.00904977375565611,0.037945791726105564,0.2850678733031674,0.10271041369472182,0.0,0.0014265335235378032,6.990950226244344,1.839657631954351,283.6203918457031,1.5468285125987635,4.005552077278492,18.564941190918788,333.1870572092852,15.553470701297531
42.220575,-72.502815,0,0.2171945701357466,0.3854493580599144,0.248868778280543,0.30756062767475034,0.248868778280543,0.18630527817403708,0.0,0.0,5.864253393665158,3.6627674750356634,80.328125,0.9181129912521089,1.4128439592228603,6.061750520428432,93.06006303296526,46.361057097245826
42.40667,-71.4528666667,1,0.2850678733031674,0.42567760342368044,0.7149321266968326,0.35406562054208274,0.0,0.09614835948644793,0.0,0.11098430813124108,0.0,2.29358059914408,57.060237884521484,0.46386072410750834,0.6422713546217844,3.278096641364618,26.867024169905513,68.08992513001243
42.3012616667,-70.9350966667,0,0.2986425339366516,0.08587731811697574,0.0,0.02310984308131241,0.027149321266968326,0.011126961483594865,0.6515837104072398,0.8487874465049928,0.2669683257918552,0.18430813124108417,2.8994834423065186,2.285002021498412,0.7488303238366625,4.935477193681728,5.368846651054523,111.85731563728234
42.2658348083,-71.0844421387,0,0.004524886877828055,0.00884450784593438,0.0,0.020827389443651926,0.995475113122172,0.9572039942938659,0.0,0.013124108416547788,23.058823529411764,36.19743223965763,17.138633728027344,0.6597478635682551,1.0399337442415137,3.549305332055958,283.6423402667382,65.60785087700415
42.1961166667,-71.2059333333,0,0.0,0.005420827389443652,0.0,0.027389443651925822,1.0,0.9671897289586305,0.0,0.0,44.95022624434389,45.75520684736091,55.5486946105957,1.8111974724261328,1.303500809931569,10.600083680049272,751.9007419946827,25.739723186716144
42.283275,-71.313325,0,0.7737556561085973,0.5018544935805992,0.0,0.08644793152639087,0.02262443438914027,0.22881597717546362,0.1583710407239819,0.12924393723252497,0.25339366515837103,3.5723252496433666,38.43366241455078,2.825563069126491,1.9215983698195587,14.435153535858126,25.80027366220124,22.925160663367066
41.8217,-69.97270333,0,0.0,0.04907275320970043,0.05429864253393665,0.21768901569186877,0.9457013574660633,0.6171184022824536,0.0,0.07703281027104136,22.552036199095024,13.750641940085591,8.797471046447754,0.7734776568210127,0.75280435491737,3.3343928433777363,77.74793616499785,23.87347627395164
42.1121757473,-71.4028976371,0,0.14479638009049775,0.3223965763195435,0.0,0.20912981455064195,0.8552036199095022,0.43651925820256776,0.0,0.0,16.32126696832579,10.117261055634808,87.10026550292969,2.005115346960265,1.7544131883865524,11.88176428373266,415.83335771068084,67.159139832773
42.3083120611,-71.6366976316,0,0.502262443438914,0.16690442225392296,0.058823529411764705,0.11212553495007133,0.43891402714932126,0.7195435092724679,0.0,0.0,6.398190045248869,11.036804564907275,88.67857360839844,1.7685511678082277,1.431886639636271,6.922822576586464,127.35543666800537,143.58239537764877
41.6463512809,-70.6241146667,1,0.04524886877828054,0.1181169757489301,0.08144796380090498,0.07161198288159772,0.7601809954751131,0.6696148359486448,0.11312217194570136,0.124679029957204,7.67420814479638,14.52639087018545,5.013974666595459,0.7467304332694688,0.6916822813322211,4.080357713774506,19.36621985882819,91.86046744959096
42.4828737523,-71.0362890614,0,0.7692307692307693,0.49186875891583454,0.004524886877828055,0.014265335235378032,0.12217194570135746,0.4202567760342368,0.0,0.0362339514978602,5.470588235294118,15.77888730385164,55.730621337890625,2.8097340730758673,2.514996736306528,13.440420028045772,115.64894825624376,492.19763092197525
42.5435966667,-72.2548866667,0,0.9502262443438914,0.5015691868758916,0.049773755656108594,0.24479315263908702,0.0,0.07703281027104136,0.0,0.09586305278174037,0.0,1.429101283880171,179.9779052734375,3.0084455363074682,1.9166703082971497,9.131198025477568,164.9121574358011,193.75564103845
42.2070311336,-71.2272757665,0,0.0,0.09814550641940085,0.01809954751131222,0.10984308131241084,0.9230769230769231,0.7566333808844508,0.058823529411764705,0.03252496433666191,33.067873303167424,19.29700427960057,57.013465881347656,0.7452577492566214,1.1627006616663378,6.165287420347934,13.33449051162445,15.86815145041036
42.1987440339,-71.1335560735,0,0.167420814479638,0.20370898716119828,0.15384615384615385,0.14522111269614835,0.6787330316742082,0.6470756062767475,0.0,0.0002853067047075606,11.429864253393665,16.48416547788873,21.772851943969727,1.9257511621422871,2.1711663235724297,13.037596901989014,13.471853291615956,29.9116564276538
42.442180336,-72.3811217617,1,0.5248868778280543,0.7495007132667618,0.08144796380090498,0.06219686162624822,0.0,0.03452211126961484,0.3936651583710407,0.14265335235378032,0.0,0.2984308131241084,164.5210723876953,4.300873714788774,4.523482613834411,37.2024899614267,0.0,118.02157080992137
41.9185794192,-70.7986521442,0,0.09954751131221719,0.2282453637660485,0.09954751131221719,0.12924393723252497,0.6153846153846154,0.4804564907275321,0.0,0.08017118402282454,13.692307692307692,13.799144079885878,32.32968521118164,0.9605804565505631,0.8930510126578007,3.857319849656942,18.45241273408371,12.479509922752586
42.0763980292,-70.9161712503,0,0.19457013574660634,0.26504992867332383,0.39819004524886875,0.3338088445078459,0.4072398190045249,0.39115549215406564,0.0,0.0,10.615384615384615,10.621683309557774,23.708829879760742,1.586066619582341,0.9753250251753748,8.303257684893428,162.43893049274965,25.119417429375535
42.5214291997,-71.3086725,1,0.0,0.27189728958630527,0.8144796380090498,0.4887303851640514,0.0,0.04621968616262482,0.18552036199095023,0.075320970042796,0.0,0.76490727532097,34.20405578613281,0.16692201272536084,0.573474467576834,2.8704728827776145,0.0,421.76009740886036
42.79238,-70.87104167,0,0.049773755656108594,0.09015691868758915,0.20361990950226244,0.2815977175463623,0.6787330316742082,0.5178316690442225,0.0,0.0002853067047075606,21.04524886877828,16.43965763195435,5.7613654136657715,0.6238305567557695,0.6001223509121516,3.2527400339790336,185.70409862649316,23.078390935983734
42.5795361111,-70.7154111111,0,0.04072398190045249,0.2413694721825963,0.19457013574660634,0.09985734664764621,0.7647058823529411,0.43880171184022826,0.0,0.18288159771754636,17.995475113122172,11.981169757489301,9.198657035827637,2.449276100669254,1.969327790163325,13.16790241841098,183.0811621565345,21.529817060712737
42.5635402976,-71.6581847985,0,0.6153846153846154,0.637660485021398,0.14027149321266968,0.1840228245363766,0.2398190045248869,0.1360912981455064,0.0,0.0,1.48868778280543,1.7266761768901568,111.92507934570312,2.8851449370225803,1.8536885256445488,8.654979353945702,113.65648353751678,30.907173358897825
42.0510224283,-72.7655497938,0,0.37104072398190047,0.33723252496433664,0.15384615384615385,0.08216833095577745,0.3891402714932127,0.5275320970042796,0.0,0.0019971469329529245,9.882352941176471,13.121825962910128,71.92292022705078,1.5002568421246576,2.272851736243666,10.393170966593377,135.26818025484664,83.08555930091195
42.2847420012,-72.3427689448,1,0.09502262443438914,0.3942938659058488,0.0,0.06191155492154066,0.058823529411764705,0.061626248216833095,0.5339366515837104,0.4148359486447932,0.6877828054298643,1.0930099857346647,156.77413940429688,3.2287367424410536,2.550187394139761,16.06682138098934,0.0,37.80411335561991
41.9363345,-70.6329549997,0,0.2398190045248869,0.22853067047075606,0.0,0.014265335235378032,0.7601809954751131,0.738944365192582,0.0,0.014550641940085592,17.009049773755656,16.352924393723253,26.336463928222656,1.385762045558373,1.35497767698657,8.018419599214024,507.8056570210189,4.207320561447167
42.3040380997,-72.6168485997,0,0.08597285067873303,0.035948644793152636,0.049773755656108594,0.2296718972895863,0.0,0.18088445078459345,0.3031674208144796,0.1383737517831669,0.0,7.111269614835948,32.942562103271484,0.2907732779408119,0.30247497959384395,1.609366804855137,245.5550037452994,12.395067678548445
42.481138378,-71.4729469415,1,0.0,0.112981455064194,0.24434389140271492,0.2239657631954351,0.755656108597285,0.6570613409415121,0.0,0.0002853067047075606,29.665158371040725,13.640513552068473,62.710914611816406,0.8956674474774129,1.2122911428750753,5.230317043159794,0.13658581521069993,143.54683650318006
41.3512633333,-70.56337,1,0.0,0.03566333808844508,0.0,0.04022824536376605,0.0,0.002282453637660485,0.6470588235294118,0.7663338088445079,0.0,0.025392296718972897,0.8536715507507324,0.17597453738467134,0.15315317546284252,0.7569191002435409,0.0,756.9191797568083
42.6335941819,-71.1678674035,0,0.004524886877828055,0.07104136947218259,0.0,0.10185449358059914,0.995475113122172,0.8271041369472183,0.0,0.0,15.79185520361991,14.783452211126962,47.81401062011719,1.5170270540041209,1.5137232116038317,12.946374030580012,218.57830252882962,37.25593429926782
42.6195916667,-72.718895,0,1.0,0.9335235378031383,0.0,0.015406562054208274,0.0,0.0002853067047075606,0.0,0.0,0.0,0.0019971469329529245,405.938232421875,5.652784669835569,8.556342756740861,71.05297364675886,127.26517715921948,24.1378303607784
42.38027394,-73.05725535,0,0.9547511312217195,0.8670470756062767,0.04524886877828054,0.12154065620542083,0.0,0.0,0.0,0.0,0.0,0.0,487.1396179199219,4.991088803461071,4.68906644536514,31.797245860510504,282.02820383020224,1139.2671640776719
42.3049,-70.885095,0,0.0,0.0,0.0,0.007703281027104137,0.6787330316742082,0.26105563480741795,0.2895927601809955,0.7144079885877318,41.113122171945705,15.933523537803138,7.817464351654053,2.578957202942298,0.7997020711093918,4.658921030063391,36.5340374720241,5.34311450260277
42.219790821,-71.4608325531,1,0.5158371040723982,0.5443651925820256,0.2579185520361991,0.16062767475035664,0.0,0.20114122681883023,0.20361990950226244,0.015691868758915834,0.0,3.7626248216833096,88.88359832763672,1.553536354826757,2.160863450556508,9.543792344212566,0.0,452.8087961368227
42.155207,-71.267695,0,0.7104072398190046,0.42938659058487877,0.10407239819004525,0.2776034236804565,0.18552036199095023,0.2542082738944365,0.0,0.018544935805991442,8.737556561085972,5.904707560627675,50.89970779418945,0.8561899094086226,0.9524772697953748,4.106843430933468,114.07512904533743,97.93525283356189
42.2062737669,-72.5682897966,0,0.0,0.029957203994293864,0.0,0.0025677603423680455,1.0,0.967475035663338,0.0,0.0,43.19457013574661,38.13409415121255,80.06169891357422,0.6570589017929613,0.47065694703918237,2.3833458425482683,559.8508575726071,5.114205470849422
42.2644,-71.5394283333,0,0.22171945701357465,0.4165477888730385,0.4434389140271493,0.15777460770328103,0.334841628959276,0.42196861626248217,0.0,0.0002853067047075606,4.009049773755656,10.196861626248216,79.6373062133789,1.38774983293878,2.6720757534318715,12.619904879854518,21.997323931730914,3.6299098988446934
42.1594440099,-71.2140896917,0,0.027149321266968326,0.05962910128388017,0.1085972850678733,0.08758915834522112,0.8642533936651584,0.8430813124108416,0.0,0.00912981455064194,19.46153846153846,28.192296718972894,37.85576629638672,0.7309556615157521,1.3854396559893791,8.26813922363605,33.52056539402093,102.28698556615713
42.735751845,-71.2181663141,0,0.0,0.08815977175463624,0.0,0.25049928673323824,1.0,0.6510699001426533,0.0,0.0014265335235378032,23.271493212669682,17.968901569186876,54.770530700683594,3.071551092585855,1.117208815718809,6.150173181926292,231.1448050846564,15.019730136429128
42.0847219997,-71.1129890997,0,0.08597285067873303,0.39828815977175464,0.004524886877828055,0.124679029957204,0.8461538461538461,0.39400855920114125,0.06334841628959276,0.07845934379457917,13.380090497737557,8.024821683309558,60.729881286621094,0.951829942148763,1.4764629615134937,8.598253955063889,85.4811328486918,12.963922361139245
41.7628898,-70.6766736997,1,0.0,0.04850213980028531,0.05429864253393665,0.12724679029957203,0.832579185520362,0.7203994293865906,0.11312217194570136,0.08958630527817403,32.452488687782804,25.883594864479317,4.667354583740234,0.3741611358520448,0.48588105523108527,1.7795833738138287,30.350667011296704,11.455355460860595
42.2145571,-71.6970119,0,0.06787330316742081,0.30385164051355207,0.13122171945701358,0.07132667617689016,0.2895927601809955,0.5423680456490727,0.4841628959276018,0.05563480741797432,6.574660633484163,16.744365192582027,93.11993408203125,0.5577200793140277,2.5351848207917955,12.764910833670914,27.576416171336927,2.2584846475923444
42.0314948776,-70.7197542804,0,0.579185520361991,0.456490727532097,0.04072398190045249,0.17032810271041368,0.0,0.18887303851640513,0.2895927601809955,0.09415121255349501,0.0,4.123823109843081,26.771007537841797,0.8234685742576681,0.9537837562592919,5.126284956585389,13.67868533620392,249.77395399743736
42.6436132011,-70.6276949857,1,0.4072398190045249,0.5537803138373751,0.2986425339366516,0.1680456490727532,0.1493212669683258,0.18773181169757489,0.13122171945701358,0.07161198288159772,8.040723981900452,5.960912981455064,28.768136978149414,2.2705671989996272,1.890489048461996,6.428311312271308,0.529303458322088,104.02354676619721
41.35127,-70.5728616667,1,0.02262443438914027,0.060770328102710415,0.058823529411764705,0.03680456490727532,0.0,0.002282453637660485,0.25339366515837103,0.651925820256776,0.0,0.019686162624821684,1.7902262210845947,0.31692994463396984,0.2267886787718625,1.430251831243853,136.5140494416738,263.5294785058352
41.37289309,-70.74988006,1,0.5746606334841629,0.4630527817403709,0.0,0.011982881597717546,0.0,0.005991440798858773,0.1583710407239819,0.442225392296719,0.0,0.07646219686162625,37.88568878173828,5.930804355296542,2.616242220771198,24.613861399116658,153.4271872545774,426.5284273301596
41.9460366667,-71.3712383333,1,0.04072398190045249,0.22853067047075606,0.4751131221719457,0.14950071326676176,0.4253393665158371,0.5640513552068473,0.0,0.0005706134094151213,7.67420814479638,11.491012838801712,30.22154998779297,1.3848027023248535,1.4732080500637077,9.373854024665638,32.61340976451358,115.70084307639998
42.0568861728,-73.1270666667,0,0.665158371040724,0.7309557774607703,0.07239819004524888,0.15805991440798858,0.17647058823529413,0.04165477888730385,0.049773755656108594,0.024536376604850214,0.5384615384615384,0.225962910128388,454.40728759765625,2.829236830970763,2.6670066740473777,16.415661160285882,125.00011995270816,46.26068182180773
42.2499847385,-73.3643192592,1,0.2850678733031674,0.46504992867332384,0.12217194570135746,0.010841654778887305,0.4072398190045249,0.357774607703281,0.09954751131221719,0.043937232524964336,7.841628959276018,9.172610556348074,223.51918029785156,1.2740220395840893,5.605090903508061,48.19301118977702,1.24086706341555,79.50098269171498
42.3707305556,-71.1242527778,0,0.0,0.0,0.004524886877828055,0.0042796005706134095,0.8054298642533937,0.9446504992867333,0.19004524886877827,0.051069900142653356,46.44796380090498,55.41654778887304,0.998840868473053,0.3168277248970084,0.3839243508960049,2.1774714478430526,8.021208632117228,19.543596629870176
42.6427145,-71.3156877,0,0.0,0.0,0.0,0.0,1.0,0.9971469329529244,0.0,0.0028530670470756064,82.28054298642535,77.33181169757489,28.356435775756836,0.6380461461249022,1.0218452578097774,6.308502786524977,35.46636260110366,6.320158747153542
42.5590421444,-71.8379084812,0,0.416289592760181,0.4245363766048502,0.0,0.005991440798858773,0.583710407239819,0.5275320970042796,0.0,0.005991440798858773,18.963800904977376,15.093295292439372,252.4768524169922,5.878056768088214,4.184921931422816,26.239397205505686,434.0270926847609,9.988653176774784
42.3638735306,-71.2075685205,0,0.0,0.0,0.1583710407239819,0.019400855920114122,0.8416289592760181,0.9805991440798859,0.0,0.0,42.81900452488688,55.75920114122682,12.254043579101562,0.7986804927432934,0.5585348096431986,2.7102076585652255,9.838014169757505,45.64420944470925
42.6732742094,-70.9319420904,1,0.3755656108597285,0.43309557774607704,0.42081447963800905,0.21597717546362338,0.17194570135746606,0.31554921540656206,0.03167420814479638,0.00456490727532097,2.5927601809954752,5.549786019971469,19.83278465270996,0.7015704911288636,0.7342157738679599,3.4742403433700337,0.0,189.34164673260216
42.449127749,-71.2148283543,0,0.26244343891402716,0.105848787446505,0.416289592760181,0.11326676176890157,0.3212669683257919,0.7808844507845935,0.0,0.0,4.221719457013575,16.18373751783167,56.612648010253906,1.3670841694808376,1.5983012857874708,8.438196216286755,14.58197782640903,121.51556487063968
42.5358416667,-71.5872194444,0,0.48868778280542985,0.3845934379457917,0.0,0.16034236804564908,0.19004524886877827,0.3509272467902996,0.0,0.0005706134094151213,2.018099547511312,13.474179743223965,83.44713592529297,2.0368101664391247,1.611828055559564,10.004270376181532,398.1729983685798,8.799295192391156
42.4048280556,-71.5830711111,0,0.4072398190045249,0.44764621968616264,0.0,0.05905848787446505,0.5927601809954751,0.48587731811697576,0.0,0.0,20.737556561085974,13.694436519258202,97.88298797607422,3.2794773528851753,2.392093494896126,16.945184901885163,23.418088300606826,51.80415347628481
42.3005413054,-71.1628074645,0,0.26244343891402716,0.09215406562054208,0.5113122171945701,0.10556348074179743,0.22624434389140272,0.8022824536376605,0.0,0.0,7.113122171945701,25.601426533523536,43.0441780090332,1.2761234188277775,1.7558834626214757,9.351792782554943,0.0,219.76210631478432
42.5263283889,-71.2783915833,0,0.27149321266968324,0.21483594864479316,0.004524886877828055,0.14664764621968615,0.7239819004524887,0.625962910128388,0.0,0.007703281027104137,11.963800904977376,18.387161198288158,70.92799377441406,1.4345745574472932,1.5437941812202622,6.8475995878850435,443.8632497839711,25.185993348736446
42.2995333333,-71.39972,0,0.0,0.021112696148359488,0.0,0.03566333808844508,1.0,0.9432239657631954,0.0,0.0,81.29411764705883,55.014835948644794,51.94831466674805,1.125609613337836,1.4647944350078441,7.571474843405587,204.5295514975429,24.561829861282753
41.8482843787,-69.9690150563,0,0.004524886877828055,0.2724679029957204,0.0,0.007703281027104137,0.995475113122172,0.7087018544935806,0.0,0.006276747503566334,20.15837104072398,14.317546362339515,12.952287673950195,0.5323930852349654,0.6462494430127294,2.51451295841472,474.1528230927066,20.124302509641826
42.5967596263,-72.1775272517,1,0.26244343891402716,0.8758915834522111,0.5746606334841629,0.07303851640513552,0.0,0.02253922967189729,0.1583710407239819,0.02168330955777461,0.0,0.23794579172610555,282.3022155761719,3.595334086050932,5.417420886673684,27.41230161117352,6.117995320722515,559.2792331773824
42.17893833,-71.93071167,0,0.502262443438914,0.6017118402282453,0.08144796380090498,0.1477888730385164,0.3574660633484163,0.23081312410841653,0.01809954751131222,0.0017118402282453639,3.0995475113122173,4.362910128388017,260.53155517578125,1.881985487833095,2.5746789326694497,11.537332200343695,110.77768387317445,98.83685358271829
42.6172201782,-72.7458170957,0,0.4253393665158371,0.5763195435092725,0.0,0.0094151212553495,0.46153846153846156,0.2744650499286733,0.09049773755656108,0.05563480741797432,13.624434389140271,6.9706134094151215,156.81298828125,5.369588218838112,6.376994700002403,35.25885176874864,127.45035998560665,0.58735093210493
41.449257,-70.925438,0,0.0,0.0,0.00904977375565611,0.03252496433666191,0.0,0.0,0.6018099547511312,0.8713266761768902,0.0,0.0,3.6130435466766357,1.2986891938046468,0.3199950306158178,2.149912854690881,12.93105170175208,1978.4471382353179
42.51880333,-71.12458883,0,0.0,0.015121255349500713,0.0,0.013980028530670471,1.0,0.9689015691868759,0.0,0.0019971469329529245,15.773755656108598,33.32724679029957,43.73892593383789,2.614112939398368,1.825569126485731,11.062190314681672,459.4220411756291,24.01846178906952
42.3472344502,-72.2311692141,1,0.24434389140271492,0.5825962910128388,0.28054298642533937,0.1326676176890157,0.0,0.007132667617689016,0.00904977375565611,0.0014265335235378032,0.0,0.09158345221112696,150.76124572753906,2.680581907426757,4.8560832029566425,29.549294245735688,0.0,610.2736350352895
42.0089861111,-70.8796555556,1,0.04072398190045249,0.2559201141226819,0.6968325791855203,0.48445078459343793,0.05429864253393665,0.10242510699001427,0.0,0.041940085592011414,0.7330316742081447,1.8741797432239657,16.028669357299805,0.5867848285309071,0.5464843622546329,2.8818537975308316,0.45522879211572026,342.68970141747565
42.35699273,-73.04695987,0,0.9819004524886877,0.8490727532097004,0.01809954751131222,0.14322396576319543,0.0,0.006562054208273894,0.0,0.0,0.0,0.025962910128388018,490.963134765625,7.533745707988286,4.805290421022481,35.78329168955297,189.1320873710491,289.5853524608281
42.2200446408,-71.1816127653,0,0.0,0.011982881597717546,0.004524886877828055,0.026818830242510697,0.995475113122172,0.9611982881597717,0.0,0.0,42.34841628959276,42.04079885877318,25.14173698425293,0.8651800912044249,1.4904170592646129,8.60315203339533,297.09366924866765,1.194516417868014
42.4383468628,-73.2295684814,0,0.0,0.023965763195435093,0.0,0.08359486447931526,1.0,0.7677603423680457,0.0,0.0,33.11764705882353,23.83623395149786,311.2405700683594,1.1700379204461706,1.1617661596774251,5.858006951671386,653.6348323035987,9.973329182416917
42.3374232,-71.2404515,0,0.0,0.0,0.0,0.0,1.0,1.0,0.0,0.0,22.257918552036198,25.307845934379458,33.60963821411133,1.1130944557943556,1.493683889540047,8.461941899494507,344.794703408585,17.460151461210746
42.3161772981,-71.5906805993,0,0.06787330316742081,0.21055634807417975,0.5113122171945701,0.24593437945791727,0.42081447963800905,0.5206847360912982,0.0,0.0,21.15837104072398,29.750641940085593,85.34226989746094,1.0659041807262777,2.4560125884979986,12.21440076254026,46.1258767929697,297.72963552671615
42.4387409939,-71.2635625458,0,0.4253393665158371,0.28131241084165476,0.4253393665158371,0.1500713266761769,0.10407239819004525,0.5155492154065621,0.0,0.035948644793152636,3.1131221719457014,17.190014265335236,57.74116134643555,1.8638648604510857,1.4774023209588905,6.5727919834177735,12.91869180146987,222.50053502227956
42.4242818456,-71.4919867216,0,0.9502262443438914,0.5417974322396576,0.049773755656108594,0.19258202567760344,0.0,0.11269614835948645,0.0,0.06276747503566334,0.0,2.81169757489301,72.01217651367188,2.594679806662505,1.1838732860145658,4.9513320795605,150.73361744485675,612.9802857547186
42.3865016667,-71.228655,0,0.45701357466063347,0.1680456490727532,0.0,0.02253922967189729,0.5384615384615384,0.8091298145506419,0.0,0.0,8.990950226244344,33.18830242510699,35.98863983154297,4.006248416969664,1.9061404090087035,17.92800177196142,309.8130110328881,57.625198367923595
42.5956491474,-71.4214792662,0,0.7194570135746606,0.30527817403708984,0.03167420814479638,0.15235378031383737,0.24434389140271492,0.5061340941512126,0.0,0.0002853067047075606,3.176470588235294,8.62453637660485,72.89212799072266,3.4582459788255875,2.1791080291584097,11.871991527200862,246.39620341910424,43.61080202029853
42.657283783,-71.3625259399,0,0.5610859728506787,0.5629101283880171,0.4117647058823529,0.26048502139800284,0.0,0.17489300998573468,0.0,0.0,0.0,4.770042796005706,47.9091911315918,1.721457474851717,1.4538500132467989,6.366009403247051,112.80251327756159,277.7239494269537
42.0641056194,-71.1623842328,1,0.6968325791855203,0.510413694721826,0.14027149321266968,0.2670470756062768,0.0,0.11412268188302425,0.1493212669683258,0.04450784593437946,0.0,2.124108416547789,63.07748031616211,1.2948385894109846,1.050932467134954,8.226613878723175,6.082359084572151,366.6515217027662
42.3970383333,-71.5152133333,1,0.17194570135746606,0.24222539229671897,0.669683257918552,0.31326676176890156,0.02262443438914027,0.31041369472182595,0.03619909502262444,0.015406562054208274,0.5746606334841629,11.786305278174037,54.38064193725586,0.18665352884149622,1.0830720337082294,5.110267834169008,0.0,146.7369075333654
41.2613716395,-70.0626274198,0,0.0,0.056776034236804565,0.0,0.0,1.0,0.9192582025677604,0.0,0.0,56.97285067873303,36.40941512125535,13.401206016540527,0.26834019750013,0.36977602755764716,2.385480230877244,1028.9699420151128,19.028785568388557
42.5894416667,-70.6958388889,0,0.6018099547511312,0.5218259629101284,0.31221719457013575,0.13951497860199716,0.07239819004524888,0.11925820256776035,0.013574660633484163,0.1332382310984308,1.4570135746606334,1.9500713266761769,33.58656692504883,0.9645437033200479,2.183599668801025,16.294595423905673,42.73945011108599,189.37263624119663
41.8561527563,-70.7814178434,0,0.0,0.04764621968616262,0.5248868778280543,0.47218259629101283,0.03167420814479638,0.07104136947218259,0.0,0.17631954350927248,0.5294117647058824,1.7198288159771755,25.477882385253906,0.07112880021951572,0.16090333053621614,1.0073871714070268,39.37252178822687,503.28832598143543
42.4325702255,-71.4571411155,0,0.0,0.03052781740370899,0.013574660633484163,0.05049928673323823,0.9864253393665159,0.9189728958630528,0.0,0.0,48.62443438914027,34.98687589158345,52.4990234375,1.3537427076785975,1.6059840128533305,8.526318446131445,32.104457558548866,26.332664016829646
42.1762909722,-71.0307669722,0,0.0,0.0644793152639087,0.04524886877828054,0.18659058487874466,0.9547511312217195,0.7472182596291013,0.0,0.0002853067047075606,24.846153846153847,30.508416547788872,39.38991165161133,1.173166395113797,0.9662532555150527,6.148268036689876,0.0,23.91099145716693
42.5856832142,-71.5527883479,1,0.5656108597285068,0.6370898716119828,0.334841628959276,0.22339514978601996,0.06334841628959276,0.04621968616262482,0.0,0.0005706134094151213,1.2941176470588236,0.6978601997146933,99.1364517211914,1.269758287290519,2.174654719770451,10.979633175565711,74.42568802709933,54.10133179305417
42.4442105426,-71.2860705469,1,0.049773755656108594,0.3486447931526391,0.7692307692307693,0.35406562054208274,0.0,0.2542082738944365,0.0,0.0,0.0,6.510699001426533,58.16984176635742,0.19939368649801745,1.1737401292793264,6.8501696965447465,0.0,445.2224112870443
41.4068778881,-70.6030423304,0,0.7058823529411765,0.7840228245363766,0.004524886877828055,0.0002853067047075606,0.22171945701357465,0.13922967189728958,0.0,0.0,3.434389140271493,1.6878744650499287,10.54587459564209,0.966789491548083,0.5237143914235721,2.978120609159136,11.05379528332646,115.77055425615639
42.48227,-71.0296778333,0,0.665158371040724,0.4014265335235378,0.0,0.04336661911554922,0.2850678733031674,0.4884450784593438,0.0,0.03965763195435093,8.018099547511312,24.643081312410843,36.87565231323242,4.554717620970247,2.3530395330678626,13.190578805885638,226.18985745307563,149.9318685565163
42.4579489073,-71.342674121,0,0.027149321266968326,0.09186875891583453,0.12669683257918551,0.17289586305278173,0.8416289592760181,0.7041369472182596,0.0,0.0014265335235378032,16.542986425339368,16.450784593437945,48.45792770385742,2.1339194526700322,1.2447245382230225,5.738916870128038,156.61814928372274,8.417846645389083
42.45583667,-71.31388,0,0.43891402714932126,0.32667617689015693,0.27149321266968324,0.28017118402282454,0.167420814479638,0.19600570613409415,0.0,0.0,2.515837104072398,4.994579172610556,46.15278244018555,1.9134983486498538,1.417639876287357,11.669451019226967,464.80028922320383,67.73245909559861
42.65442833,-71.02722217,0,0.5158371040723982,0.5960057061340942,0.21266968325791855,0.2781740370898716,0.004524886877828055,0.0964336661911555,0.2398190045248869,0.019115549215406563,0.17194570135746606,1.4322396576319543,36.739013671875,0.539381458443417,0.7213217198126998,4.08702139169411,3.4716498811410657,327.0543323455744
42.4442073631,-72.1464398155,1,0.2986425339366516,0.729243937232525,0.6787330316742082,0.26134094151212556,0.0,0.007132667617689016,0.013574660633484163,0.0011412268188302425,0.0,0.11269614835948645,313.171875,0.7520514159945249,1.9578582157097004,7.613642904371507,0.0,958.2788090643819
42.7777831,-70.8418219997,1,0.049773755656108594,0.131811697574893,0.25339366515837103,0.47446504992867333,0.5882352941176471,0.18687589158345222,0.0,0.0002853067047075606,14.20814479638009,3.988587731811698,9.627274513244629,1.4919757123445072,1.077533340636416,6.116164657029017,36.99905555255372,25.283081927451498
42.4913594576,-71.369331769,1,0.27601809954751133,0.39514978601997147,0.45701357466063347,0.3021398002853067,0.1493212669683258,0.17860199714693295,0.058823529411764705,0.029957203994293864,2.8009049773755654,3.4910128388017116,56.71661376953125,1.2090043770270749,1.3223912717602597,9.21961043681022,12.535290681863307,193.96673027882937
42.4964533333,-71.3919216667,0,0.5927601809954751,0.6222539229671897,0.07692307692307693,0.1529243937232525,0.18099547511312217,0.12952924393723253,0.0,0.0,3.171945701357466,2.0710413694721828,70.8151626586914,0.9752530693112029,1.4470453344820668,9.473779906946527,294.8127796038748,0.09617598393220897
42.1818666667,-70.8997633333,0,0.14027149321266968,0.12325249643366619,0.13574660633484162,0.21711840228245363,0.7239819004524887,0.6596291012838802,0.0,0.0,23.06787330316742,19.12382310984308,41.22776794433594,1.2156563546007924,0.8576494102903591,5.340397675901797,49.19677823702803,18.82660616194541
42.1954612732,-71.0200500488,0,0.027149321266968326,0.019686162624821684,0.13574660633484162,0.09557774607703282,0.8371040723981901,0.7780313837375178,0.0,0.09985734664764621,25.25339366515837,26.61398002853067,33.18806457519531,0.8573461999449601,0.8620612977346616,4.47134999995353,200.96325009191813,33.459669493867935
42.0891421759,-72.648554407,0,0.09502262443438914,0.3671897289586305,0.0,0.03109843081312411,0.9049773755656109,0.5885877318116975,0.0,0.0042796005706134095,22.36651583710407,18.003708987161197,63.173423767089844,0.14582699095458393,1.5213449398380046,7.214617431921201,136.7611140907063,59.626170969151524
42.3424072266,-72.4872970581,0,0.20361990950226244,0.20313837375178317,0.5565610859728507,0.4781740370898716,0.19457013574660634,0.20970042796005706,0.0,0.0,2.067873303167421,2.8487874465049927,52.01820373535156,1.8074310843150532,1.4835935227633854,13.655556066878725,0.0,6.0309421898067965
42.3993811412,-72.5354621495,1,0.25339366515837103,0.07617689015691868,0.4796380090497738,0.12182596291012839,0.04524886877828054,0.49900142653352353,0.004524886877828055,0.0002853067047075606,1.3484162895927603,21.286162624821685,48.26468276977539,0.8848979223590476,1.137590019661138,9.777369049291474,0.0,43.50179490077733
42.2334553348,-71.2361309119,0,0.6742081447963801,0.5355206847360913,0.06334841628959276,0.1666191155492154,0.049773755656108594,0.2296718972895863,0.19457013574660634,0.06219686162624822,0.6199095022624435,3.605135520684736,80.61579895019531,2.0455129405107195,1.937395659985023,9.04403980264874,78.56260581089862,247.3408258359252
42.1690857733,-71.4344403894,0,0.08597285067873303,0.1920114122681883,0.10407239819004525,0.25620542082738945,0.2081447963800905,0.4556348074179743,0.0,0.0008559201141226819,2.0407239819004523,8.86647646219686,69.96637725830078,0.5641002326864264,1.050204536430632,6.097367756236502,86.12087519657109,39.68038850052512
42.5890161241,-73.1392324716,1,0.45701357466063347,0.4413694721825963,0.37104072398190047,0.10613409415121255,0.04524886877828054,0.1666191155492154,0.0,0.0005706134094151213,0.4253393665158371,2.984593437945792,290.8924865722656,3.79466237791426,4.478249727652048,25.774036182379305,0.0,118.39028497808866
42.3721466667,-71.1425638333,1,0.0,0.0017118402282453639,0.0,0.009985734664764621,1.0,0.9472182596291013,0.0,0.04108416547788873,12.285067873303168,35.39172610556348,10.689727783203125,1.2038958058521785,0.8188218757229533,4.3570341852164125,0.0,7.513714597411299
41.7454571137,-70.4682757793,0,0.10407239819004525,0.41055634807417973,0.334841628959276,0.1817403708987161,0.4751131221719457,0.37089871611982883,0.00904977375565611,0.005706134094151213,5.710407239819005,5.673894436519258,9.557938575744629,1.3966622473940742,2.1182253875171857,15.989378060086608,18.424124792777487,39.66353004525346
42.0072638833,-70.8116383333,0,0.18552036199095023,0.18373751783166906,0.27601809954751133,0.25049928673323824,0.5384615384615384,0.4002853067047076,0.0,0.14236804564907277,10.266968325791856,7.191726105563481,20.7018985748291,0.9172429913371888,0.7207896336632327,3.777570088009523,31.961642206131533,7.033421589595483
42.5913692336,-71.5168606338,1,0.4841628959276018,0.4427960057061341,0.2081447963800905,0.08787446504992867,0.09954751131221719,0.21654778887303852,0.19909502262443438,0.2419400855920114,1.8687782805429864,3.2425106990014267,72.94986724853516,0.7977044841165382,1.2399270254877959,6.938173110938458,0.0,92.58581469724932
42.1356499697,-71.0062174032,0,0.1583710407239819,0.26676176890156916,0.1493212669683258,0.25049928673323824,0.6923076923076923,0.47788873038516405,0.0,0.0,19.81447963800905,15.988017118402283,53.88644027709961,1.3561357574999813,0.9578155845823356,8.42087237164488,160.51509282309294,29.977048277051058
42.3573376843,-71.4849625724,0,0.6787330316742082,0.45763195435092724,0.00904977375565611,0.12924393723252497,0.31221719457013575,0.3432239657631954,0.0,0.035948644793152636,3.1402714932126696,8.152639087018544,80.0272216796875,2.239369855554399,1.5585229972892387,6.6202891241064545,270.80392485237024,52.256245412171374
42.1705383033,-71.0958942536,0,0.03619909502262444,0.1275320970042796,0.5656108597285068,0.4268188302425107,0.39819004524886875,0.4456490727532097,0.0,0.0,7.266968325791855,10.58830242510699,52.5012092590332,0.9808204846973064,0.7976246243687403,5.9157494378681905,15.834634801064038,38.76207898388781
41.5845064037,-70.8295572803,0,0.004524886877828055,0.023395149786019972,0.1493212669683258,0.18887303851640513,0.23529411764705882,0.08873038516405135,0.502262443438914,0.6507845934379458,5.4343891402714934,1.7717546362339516,0.6803639531135559,0.34863623204330635,0.24387783904263127,1.7489735243442497,0.0,44.829718741785285
42.3125305176,-72.7345809937,0,0.8823529411764706,0.9335235378031383,0.0,0.041940085592011414,0.0,0.003138373751783167,0.0,0.0,0.0,0.03851640513552068,178.5858612060547,7.800688224254269,6.050815423678792,29.154491278632033,217.53361563863166,180.87689534977918
41.8512235367,-70.6078438551,0,0.7647058823529411,0.47560627674750355,0.0,0.005420827389443652,0.06787330316742081,0.14893009985734665,0.0,0.3346647646219686,0.7285067873303167,2.2670470756062766,26.48679542541504,1.572452481965148,1.3718720451416537,9.001057725186067,50.071586573317596,34.45717063885527
42.8227495834,-70.8158781754,0,0.0,0.0,0.0,0.09243937232524964,0.09049773755656108,0.07275320970042796,0.47058823529411764,0.6154065620542083,6.6968325791855206,4.6310984308131244,1.8606476783752441,0.6380998657902399,0.3259601361646906,1.4962632445179178,0.0,98.79092278410153
41.6801755465,-70.3389860748,0,0.04072398190045249,0.10756062767475036,0.1583710407239819,0.02368045649072753,0.46153846153846156,0.4970042796005706,0.33031674208144796,0.35406562054208274,5.873303167420814,10.172325249643366,11.41460132598877,0.40476370298590314,1.0465088581485857,9.073470315795754,0.0,49.09366054206633
42.2965626,-72.565582227,0,0.7104072398190046,0.9509272467902996,0.06787330316742081,0.03281027104136947,0.0,0.0,0.20361990950226244,0.015121255349500713,0.0,0.0,84.21280670166016,7.499874139650081,6.961765692753911,52.955186482203445,0.0,183.57511584475915
42.5975988346,-70.9621791935,0,0.0,0.10641940085592011,0.00904977375565611,0.1646219686162625,0.9909502262443439,0.6236804564907276,0.0,0.04850213980028531,54.081447963800905,21.58915834522111,17.90559196472168,0.7074725752050477,1.70268549419362,7.680123295011302,83.81034358035758,15.731690199376583
42.1505492762,-71.073429048,0,0.01809954751131222,0.11840228245363767,0.0,0.15406562054208273,0.9819004524886877,0.7261055634807418,0.0,0.0,58.95022624434389,33.32724679029957,75.4279556274414,1.3911475366105477,1.0810392954646304,5.1860965162221415,243.38669074859988,1.5477495939998585
42.168625,-71.0691833333,0,0.0,0.1101283880171184,0.07692307692307693,0.08302425106990015,0.9230769230769231,0.7922967189728959,0.0,0.0,30.755656108597286,32.17289586305278,60.962467193603516,1.0576639133703374,0.9518723811482587,4.9134309599901895,71.1711046116723,5.63390663191516
41.7087371483,-70.2775439702,1,0.24434389140271492,0.08216833095577745,0.2895927601809955,0.18830242510699002,0.22171945701357465,0.2904422253922967,0.18552036199095023,0.35805991440798857,2.0316742081447963,3.619971469329529,2.9150311946868896,1.080951560873458,0.5644342695616371,5.051997954768546,3.311289990918149,90.24840410067073
42.39482167,-71.16409167,0,0.0,0.0005706134094151213,0.0,0.02710413694721826,0.8190045248868778,0.9398002853067047,0.18099547511312217,0.03252496433666191,43.63800904977376,41.567475035663335,3.295571804046631,0.4749838166413032,1.4620307555471688,8.579338586026433,11.271863571946867,10.365938267729025
41.5577824759,-71.1240639115,0,0.12217194570135746,0.3768901569186876,0.20361990950226244,0.2579172610556348,0.6334841628959276,0.30613409415121257,0.0,0.00456490727532097,11.692307692307692,5.646219686162625,8.217981338500977,1.1931929596493422,1.6907114576970592,9.754981564898767,156.45927333012236,13.730528911598618
42.24792451,-71.17172927,0,0.0,0.005991440798858773,0.0,0.11783166904422254,1.0,0.856490727532097,0.0,0.019115549215406563,70.42081447963801,39.294151212553494,30.452543258666992,0.4959165974394394,0.7343345864036996,3.635479751014801,128.16807788044872,20.746805688989376
42.6108358429,-71.9656641333,1,0.5475113122171946,0.6405135520684736,0.13574660633484162,0.13666191155492155,0.1085972850678733,0.03252496433666191,0.0,0.16062767475035664,0.8597285067873304,0.28416547788873037,348.9761962890625,1.8372406017790834,1.380316612188227,10.054983528236326,0.0,64.63745441477847
42.026873043,-70.8746314872,1,0.12217194570135746,0.19800285306704707,0.5927601809954751,0.4390870185449358,0.0,0.03366619115549215,0.22171945701357465,0.14379457917261054,0.0,0.7985734664764622,17.710548400878906,0.03168088734497831,0.21269919719539285,1.3060549199871299,0.0,675.2382056438273
42.5331138889,-71.3076111111,0,0.4117647058823529,0.34008559201141225,0.1085972850678733,0.251925820256776,0.3665158371040724,0.29300998573466475,0.049773755656108594,0.0667617689015692,5.375565610859729,5.5746077032810275,39.1090087890625,1.7164081717356945,1.3378900005595016,8.55955933893448,0.0,143.17474116507958
42.3483138889,-72.2325666667,1,0.26244343891402716,0.559771754636234,0.38009049773755654,0.13209700427960058,0.0,0.020542082738944364,0.0,0.0014265335235378032,0.0,0.1825962910128388,156.52906799316406,4.390747302909368,4.6255554270174075,31.205239286073112,40.07247984650652,774.9014580139316
42.2929222222,-71.1961055556,0,0.0,0.09015691868758915,0.027149321266968326,0.31098430813124106,0.9728506787330317,0.5417974322396576,0.0,0.05164051355206847,54.484162895927604,18.962339514978602,34.414337158203125,1.2688295670896972,1.0516364499643645,7.224692153061184,200.81127824275484,38.93969087375686
42.601872,-71.539903,0,0.5384615384615384,0.5686162624821683,0.24434389140271492,0.17375178316690443,0.06787330316742081,0.19258202567760344,0.04072398190045249,0.0025677603423680455,1.0633484162895928,2.7751783166904422,87.54705810546875,1.2420037434715703,2.250128629163906,10.788481142855881,15.851904026498797,119.28591371346852
42.2828462519,-71.1733233014,1,0.0,0.02710413694721826,0.3438914027149321,0.13580599144079886,0.6515837104072398,0.7911554921540657,0.004524886877828055,0.04251069900142653,28.357466063348415,36.9435092724679,28.425683975219727,0.9304423409013933,1.1929278057228243,4.990683065773547,0.0,112.03258106910765
41.7004884134,-70.0386014537,1,0.0,0.3803138373751783,0.02262443438914027,0.005135520684736091,0.8144796380090498,0.5089871611982881,0.16289592760180996,0.07189728958630527,24.018099547511312,12.83623395149786,11.635626792907715,0.5470034225696621,0.6516177649736183,3.203266143945204,4.915964880804716,32.98877011429328
42.0524140929,-71.1189322919,0,0.12669683257918551,0.28017118402282454,0.38461538461538464,0.1914407988587732,0.48868778280542985,0.5269614835948645,0.0,0.0,9.647058823529411,12.991155492154066,49.59377670288086,0.8653841853883654,0.6979332370581088,4.5736338780670325,41.01623677294504,12.518647145290727
42.48492,-71.0295945,0,0.8687782805429864,0.49814550641940086,0.01809954751131222,0.0667617689015692,0.049773755656108594,0.35748930099857346,0.00904977375565611,0.04764621968616262,1.085972850678733,17.724964336661913,44.762264251708984,3.899582940623091,2.327865102521896,13.674355621417659,140.88658797670695,221.5524572328667
42.670495,-70.62483333,0,0.004524886877828055,0.19229671897289585,0.0,0.027389443651925822,0.9004524886877828,0.36490727532097006,0.013574660633484163,0.3885877318116976,22.61085972850679,9.88644793152639,20.51675796508789,4.162716663700018,1.8249605770562798,17.228208180526813,166.84787588984057,1.3529511823041824
42.287612,-71.766553,0,0.45701357466063347,0.15492154065620542,0.01809954751131222,0.016262482168330955,0.5248868778280543,0.7497860199714693,0.0,0.07760342368045649,22.941176470588236,29.74037089871612,163.29901123046875,5.0601533566893595,3.629833079506863,31.15857681738072,270.424018468114,160.22970477971396
42.8122862911,-70.9314705827,1,0.40271493212669685,0.41112696148359484,0.09502262443438914,0.10613409415121255,0.18552036199095023,0.3723252496433666,0.3031674208144796,0.056776034236804565,4.009049773755656,8.73922967189729,2.9139277935028076,1.612311666698937,1.4944976118622735,7.016567629237714,0.0,178.50573989437743
42.37217,-71.3006666667,0,0.5565610859728507,0.34350927246790297,0.18099547511312217,0.18944365192582024,0.26244343891402716,0.4659058487874465,0.0,0.0002853067047075606,2.6334841628959276,8.541797432239658,56.23184585571289,1.7400189309973646,1.3389618976744218,5.2324644809285035,24.8876289995423,43.940831412402424
42.29311177,-71.79054774,0,0.0,0.029386590584878743,0.0,0.010271041369472182,1.0,0.9537803138373752,0.0,0.006562054208273894,35.98642533936651,42.71783166904422,193.22398376464844,2.11276375463841,3.002485702408237,17.605798546636787,244.43233312024853,14.908476394675434
42.6555196,-72.32501813,0,0.9321266968325792,0.8088445078459344,0.004524886877828055,0.08616262482168331,0.0,0.043937232524964336,0.0,0.002282453637660485,0.0,0.4065620542082739,249.353759765625,7.811016131109481,6.1106194381919146,29.69757469559179,1.269732700844392,357.05876192632195
42.547690961,-71.7708205522,0,0.38009049773755654,0.13437945791726105,0.01809954751131222,0.009985734664764621,0.37104072398190047,0.790870185449358,0.0,0.021112696148359488,4.570135746606335,27.336376604850216,162.2310333251953,1.7383642107180726,2.692193003170364,18.167197816658316,768.4777024591065,7.545553649662472
42.6451296412,-71.3663898447,0,0.00904977375565611,0.14407988587731813,0.027149321266968326,0.03566333808844508,0.9638009049773756,0.6861626248216833,0.0,0.13067047075606278,41.47963800904977,26.815977175463622,32.87343215942383,0.952996191146317,1.0568422148459535,7.44636866497185,245.8530782658016,145.45670381326957
42.5402500309,-71.1103203233,0,0.18099547511312217,0.06761768901569187,0.0,0.05706134094151213,0.8190045248868778,0.875320970042796,0.0,0.0,14.855203619909503,20.505848787446507,33.74689865112305,0.8566680785904316,0.7917322343557889,3.3874988407919044,240.4358571899061,43.67838973164047
42.5860194444,-71.9887722222,0,0.19004524886877827,0.14436519258202568,0.01809954751131222,0.0522111269614836,0.3936651583710407,0.5920114122681883,0.38009049773755654,0.17717546362339515,22.307692307692307,19.376890156918687,347.2234191894531,2.6449183743674496,1.9118985907535615,11.258544304005143,16.93016131101877,214.72605012719012
41.269475,-70.1695866667,0,0.2986425339366516,0.24308131241084166,0.0,0.12867332382310984,0.0,0.017403708987161197,0.0,0.035092724679029956,0.0,0.2827389443651926,7.749859809875488,0.26872045580328163,0.4442685050336347,1.9687625383352165,770.5011793563236,7.3705387920819865
42.212125,-70.9261083333,0,0.0,0.029101283880171185,0.0,0.04935805991440799,1.0,0.8576319543509272,0.0,0.06333808844507846,37.51131221719457,30.243366619115548,19.929492950439453,1.6278978746930197,1.1488881209328827,6.446983847925414,71.06989081747133,25.160117075450803
42.6257416667,-72.4203933333,0,0.9411764705882353,0.8641940085592011,0.03619909502262444,0.007988587731811698,0.0,0.039942938659058486,0.0,0.0,0.0,0.249358059914408,323.36627197265625,2.375903933368676,4.219884862375489,18.70083423701628,76.4224681677415,5.740118754230048
42.263646895,-71.0726673073,0,0.0,0.011982881597717546,0.0,0.02168330955777461,1.0,0.9395149786019972,0.0,0.02653352353780314,15.212669683257918,24.945506419400857,9.6194486618042,1.040223278302771,1.4985223716318845,6.329710867921233,94.00179245598699,22.69672127921057
42.3365780226,-71.5633773264,0,0.13122171945701358,0.1486447931526391,0.0,0.09015691868758915,0.8687782805429864,0.6721825962910128,0.0,0.08559201141226819,16.479638009049772,22.55435092724679,149.03231811523438,2.3420876304984293,2.418452465157976,8.910945172399357,276.2131664815487,58.583087691657546
41.6742583333,-69.9409116667,0,0.0,0.0,0.0,0.003138373751783167,0.0,0.13723252496433666,0.8280542986425339,0.5694721825962911,0.0,4.058773181169758,-0.9323104023933411,0.2654408071153027,0.46403457629399497,2.8252693696371454,0.0,513.9183220647529
42.331855,-71.44165,0,0.13574660633484162,0.1660485021398003,0.2081447963800905,0.09358059914407989,0.6425339366515838,0.7355206847360913,0.013574660633484163,0.0011412268188302425,11.782805429864254,17.28901569186876,67.35729217529297,0.7806575368512126,1.4989224670524834,9.127661518448141,70.07172825594738,23.216677785754833
42.2812216667,-71.4305033333,0,0.027149321266968326,0.029957203994293864,0.05429864253393665,0.033951497860199714,0.497737556561086,0.736376604850214,0.416289592760181,0.19743223965763196,15.850678733031675,34.99058487874465,47.278499603271484,0.6438255435015106,0.6671625925599428,3.2591031571533216,3.256669428742836,91.86271334906337
42.2387809355,-71.6088021206,1,0.7149321266968326,0.31383737517831667,0.049773755656108594,0.07104136947218259,0.00904977375565611,0.5286733238231098,0.17194570135746606,0.06761768901569187,0.058823529411764705,10.762624821683309,143.6483612060547,1.783691847016411,2.258057011949622,13.861880766368364,4.345734239361571,281.59981124263305
42.32427623,-71.1831951424,0,0.497737556561086,0.17032810271041368,0.013574660633484163,0.039087018544935806,0.48868778280542985,0.7831669044222539,0.0,0.007417974322396576,15.751131221719458,27.665905848787446,70.76802062988281,1.0783742472176907,1.8361277837043612,7.7520352933023124,63.22220254242613,47.04785351648819
42.38022,-73.1498333333,0,1.0,0.7626248216833096,0.0,0.09443651925820257,0.0,0.039087018544935806,0.0,0.07218259629101284,0.0,0.3797432239657632,596.5689697265625,3.3986907777282807,2.689021801368862,15.950764415600988,34.899205425137104,256.8660686210236
42.37748,-71.54342833,0,0.00904977375565611,0.0833095577746077,0.0,0.03052781740370899,0.9909502262443439,0.7557774607703281,0.0,0.1275320970042796,27.511312217194572,20.437945791726104,106.49950408935547,3.2387144584571774,2.4327359578734313,12.27812900035016,261.3732921969692,45.105295974185566
42.45697,-71.292,0,0.2895927601809955,0.28416547788873037,0.0,0.06533523537803139,0.7104072398190046,0.6385164051355207,0.0,0.0,21.81900452488688,29.07018544935806,54.486549377441406,1.8575252986795263,1.2357512901913177,10.706414309451198,852.840921553504,38.031752696023716
42.3030475032,-71.2567836343,0,0.0,0.09072753209700428,0.02262443438914027,0.10670470756062768,0.9773755656108597,0.774037089871612,0.0,0.021968616262482168,8.076923076923077,15.177175463623396,31.808042526245117,1.5020894229868473,1.9156680138715914,10.62176409684191,79.72059034348464,110.78729851913901
42.4698916667,-72.4103,0,0.8371040723981901,0.8898716119828816,0.0,0.03651925820256776,0.13574660633484162,0.045934379457917264,0.0,0.0,1.6787330316742082,0.3845934379457917,364.4365539550781,2.785327328290527,4.070128914548889,30.195064374791055,231.8116543951686,66.73117646605841
42.6542978796,-71.5079393878,0,0.45701357466063347,0.5731811697574893,0.3031674208144796,0.12154065620542083,0.1583710407239819,0.181169757489301,0.0,0.037945791726105564,3.2805429864253393,3.505848787446505,61.25178146362305,1.0954980733914168,1.637880500408182,10.214067368383132,177.62436173721343,47.419848443263746
42.2388909781,-71.3718580605,0,0.3665158371040724,0.45706134094151213,0.0,0.19914407988587732,0.5972850678733032,0.2821683309557775,0.0,0.0034236804564907277,12.194570135746606,5.472753209700428,62.539188385009766,1.4410243954494615,2.053097402301162,10.3363536086325,328.12522064294143,38.827515393381
42.3399503321,-72.6524760577,0,0.2850678733031674,0.2621968616262482,0.0,0.14094151212553496,0.7058823529411765,0.5960057061340942,0.0,0.0,15.877828054298643,18.800855920114124,71.28961181640625,1.6404181610253874,1.324075135324495,8.491234623084878,250.3095964233373,15.846729584807985
42.7317204633,-73.2136378321,1,0.14479638009049775,0.5146932952924393,0.1493212669683258,0.07503566333808845,0.497737556561086,0.30470756062767473,0.03167420814479638,0.003138373751783167,23.036199095022624,10.078744650499287,180.27255249023438,0.9114529416155764,5.458172718038004,43.94409515688735,2.0811871611158574,49.88679867632453
42.4963945903,-71.3659406518,1,0.2171945701357466,0.48359486447931527,0.2171945701357466,0.23680456490727533,0.3031674208144796,0.18659058487874466,0.248868778280543,0.03052781740370899,7.714932126696833,3.7691868758915836,56.199485778808594,1.4273664702868922,1.3673984164031123,10.456976949961277,0.0,112.15161557649941
42.513665,-71.612575,0,0.6199095022624435,0.5064194008559201,0.248868778280543,0.24821683309557774,0.00904977375565611,0.16062767475035664,0.0,0.0002853067047075606,0.22624434389140272,4.2339514978601995,70.33028411865234,1.8222756060736909,2.7693715413059055,24.634367136578962,28.278515125788168,6.886962444402104
42.412582303,-71.4566239551,1,0.23529411764705882,0.4815977175463623,0.7330316742081447,0.31611982881597717,0.00904977375565611,0.14978601997146934,0.0,0.034236804564907276,0.1583710407239819,6.484450784593438,56.73771286010742,0.697542973813942,0.889648395541782,3.425465555666783,0.0,26.78018513105796
42.0686695,-73.3101366667,0,0.3665158371040724,0.5726105563480742,0.19457013574660634,0.08502139800285306,0.167420814479638,0.1332382310984308,0.0,0.0,3.0588235294117645,1.8122681883024252,211.08192443847656,2.138073425124106,3.0887041496634544,25.775665340877627,770.1480339367566,5.94290994527504
41.2947381995,-70.0447256736,0,0.0,0.14436519258202568,0.34841628959276016,0.19029957203994294,0.07692307692307693,0.19600570613409415,0.45248868778280543,0.41055634807417973,2.3710407239819005,3.7697574893009986,-0.18036845326423645,0.5564300196567804,0.6819778331199374,5.549599642511533,27.26016562780516,212.53554075152542
42.4996403,-71.2318273,0,0.004524886877828055,0.07161198288159772,0.2398190045248869,0.07731811697574893,0.755656108597285,0.8510699001426534,0.0,0.0,42.66968325791855,37.81169757489301,39.872955322265625,0.9674041547875386,1.6032799754449838,9.247537394078819,151.1832994257447,28.9612860626298
41.9260883333,-70.6137166667,1,0.04072398190045249,0.24165477888730386,0.4343891402714932,0.1957203994293866,0.1583710407239819,0.2855920114122682,0.04524886877828054,0.03052781740370899,1.3529411764705883,3.0582025677603424,5.075141429901123,1.0257748098086465,1.7394849579951108,7.242879713536973,1.8053980327234855,8.819139766735843
42.3125371,-71.18980834,0,0.0,0.054778887303851644,0.049773755656108594,0.016833095577746076,0.9502262443438914,0.9283880171184022,0.0,0.0,23.38914027149321,28.69843081312411,34.93595886230469,0.7348168819588022,1.5738093865679696,8.261662825932124,590.8451533613429,217.52323578414988
42.3670667739,-70.9676686184,0,0.0,0.0002853067047075606,0.08144796380090498,0.046790299572039944,0.416289592760181,0.19971469329529243,0.167420814479638,0.6801711840228245,27.013574660633484,13.831098430813125,6.473981857299805,1.6021172704766922,0.5505765361999164,2.4347499314789736,18.311872072571415,42.393828269782595
42.570049,-72.53805,0,0.29411764705882354,0.6881597717546363,0.0,0.005706134094151213,0.09954751131221719,0.08131241084165478,0.0,0.0,2.927601809954751,1.6938659058487875,99.74703979492188,0.9677927636774153,2.3019922145630587,20.642465158044182,893.8259409320816,144.2420959633204
41.67742167,-70.45459667,0,0.0,0.05791726105563481,0.0,0.0017118402282453639,1.0,0.9283880171184022,0.0,0.010841654778887305,15.565610859728507,14.702995720399429,33.779781341552734,0.3920876921557035,0.7137003240274965,3.1562655114218603,507.6869440311194,24.196427729441268
42.332446,-72.537428,0,0.7194570135746606,0.3537803138373752,0.17194570135746606,0.061626248216833095,0.027149321266968326,0.24593437945791727,0.0,0.0,0.5203619909502263,4.877032810271041,51.49135208129883,1.0199752487986307,1.2165052240782908,9.849706997791174,43.71730601081633,239.32788528489874
42.0441344138,-70.1052556529,0,0.23529411764705882,0.2687589158345221,0.0,0.020827389443651926,0.5339366515837104,0.28873038516405136,0.013574660633484163,0.3443651925820257,22.407239819004523,9.899857346647646,11.129419326782227,1.3121453303533404,0.9581137816847741,7.909542420535641,215.66468494279368,46.60208713569966
42.3759182683,-72.0335957409,0,0.9773755656108597,0.8236804564907275,0.0,0.11126961483594865,0.0,0.061626248216833095,0.0,0.0005706134094151213,0.0,0.6690442225392297,262.3550720214844,3.4493168347272047,2.760886342525029,21.75494152209479,191.98259475318991,260.3109764599267
42.0240970344,-70.872619162,1,0.027149321266968326,0.12268188302425106,0.03167420814479638,0.4787446504992867,0.00904977375565611,0.04536376604850214,0.8235294117647058,0.1609129814550642,0.3393665158371041,1.0881597717546363,17.690475463867188,0.06489469936605075,0.17456641270836812,1.2272121675139396,0.0,742.8107672656448
42.6775527778,-72.1112777778,1,0.37104072398190047,0.7269614835948645,0.248868778280543,0.15378031383737517,0.0,0.03937232524964337,0.0,0.0002853067047075606,0.0,0.5392296718972895,263.09033203125,2.141792809404531,1.7538358693701974,11.161924238366087,107.84329653112958,4.795649075611287
42.6729136686,-71.5591688544,1,0.3393665158371041,0.20827389443651925,0.3574660633484163,0.1971469329529244,0.2850678733031674,0.5360912981455064,0.01809954751131222,0.011697574893009986,6.800904977375565,16.07731811697575,56.02834701538086,0.5577856830500303,0.7605946855992383,3.536413383805655,3.4716955886837093,176.71566430319032
42.5515606657,-71.4321250497,0,0.497737556561086,0.33352353780313837,0.03619909502262444,0.1797432239657632,0.43891402714932126,0.425962910128388,0.0,0.0,6.529411764705882,15.159201141226818,72.04898071289062,0.6085056999549,1.1518560525562895,5.351595584232643,165.67696435502606,21.019032644545064
42.4424864172,-72.3810479814,1,0.5158371040723982,0.7495007132667618,0.08597285067873303,0.06390870185449359,0.0,0.03537803138373752,0.39819004524886875,0.13951497860199716,0.0,0.3029957203994294,162.11618041992188,3.1526469767162397,4.45642749250067,34.775554250408085,0.0,83.63742868244272
42.3966278229,-71.3998381179,0,0.12217194570135746,0.3797432239657632,0.07239819004524888,0.268188302425107,0.8054298642533937,0.28815977175463625,0.0,0.0,31.443438914027148,7.20827389443652,51.22287368774414,1.9856487856289975,1.3676799328401854,7.7031648314178565,197.01819537481484,34.060444255783715
42.468705,-71.31030333,0,0.06787330316742081,0.18801711840228244,0.5610859728506787,0.38659058487874465,0.3574660633484163,0.3106990014265335,0.0,0.0002853067047075606,6.800904977375565,9.243081312410842,39.97118377685547,0.5390982129133469,0.828330653986706,3.276482572435941,139.51059227767834,34.265814413682754
42.623924475,-72.4601377174,0,1.0,0.859058487874465,0.0,0.0014265335235378032,0.0,0.051925820256776035,0.0,0.0,0.0,0.5637660485021398,154.892578125,5.476712616522045,5.642924547727927,32.4304567359751,113.9278263566537,191.27148629078513
42.519375,-70.85959667,0,0.0,0.019686162624821684,0.004524886877828055,0.017974322396576318,0.8687782805429864,0.42196861626248217,0.12669683257918551,0.5403708987161199,21.638009049773757,12.00941512125535,8.771458625793457,1.57827629430125,0.9085236680850671,7.793249003945912,88.10754809441082,42.01354644496446
41.7166663632,-70.1824522019,1,0.5610859728506787,0.2524964336661912,0.2669683257918552,0.062482168330955774,0.15384615384615385,0.6222539229671897,0.0,0.05991440798858773,2.067873303167421,11.418259629101284,13.927416801452637,1.258691909159196,1.2856911524284191,5.744102274104585,0.0,192.2934498656144
41.8435499008,-69.9462558832,0,0.03619909502262444,0.131811697574893,0.02262443438914027,0.0898716119828816,0.0,0.06105563480741798,0.46153846153846156,0.5934379457917262,0.0,1.2077032810271042,1.6595133543014526,0.8098294870270584,0.6130929344069409,5.423304805358412,99.10849721203908,61.704245957616294
41.9379361111,-70.0285416667,0,0.0,0.01768901569186876,0.17647058823529413,0.20399429386590584,0.8009049773755657,0.7203994293865906,0.01809954751131222,0.042796005706134094,29.574660633484164,20.5546362339515,8.386794090270996,0.9213876942913836,1.2379956756122863,6.6663834133159545,68.5308418287984,17.29422362630539
42.5873700161,-71.9775977428,0,0.4434389140271493,0.305848787446505,0.22171945701357465,0.162339514978602,0.248868778280543,0.48216833095577744,0.0,0.007703281027104137,10.850678733031675,17.100142653352354,355.978271484375,1.165986765628764,1.8384104580009408,7.936755145597474,161.07633248699568,88.62195546622813
42.2483567719,-71.7398264925,1,0.0,0.04621968616262482,0.04524886877828054,0.09300998573466476,0.5927601809954751,0.5075606276747504,0.3574660633484163,0.34407988587731814,15.16289592760181,18.256776034236804,112.82772827148438,0.8063073006843723,1.167075317030741,5.604724809387475,4.653082990490509,44.26357044289834
42.2192745189,-71.118881897,0,0.5565610859728507,0.661055634807418,0.0,0.05420827389443652,0.4434389140271493,0.2442225392296719,0.0,0.0,11.339366515837105,6.210271041369472,75.05941772460938,4.946064562117986,4.8704090795189225,40.220507279165524,32.68681730967361,23.948511573296614
42.6258317477,-70.9196010478,1,0.03167420814479638,0.2079885877318117,0.9683257918552036,0.7249643366619115,0.0,0.02368045649072753,0.0,0.0,0.0,0.2972895863052782,10.031644821166992,0.5000121225791052,0.6358392290191942,3.4673637800721564,0.0,603.5333374634254
42.66738084,-72.30316852,0,1.0,0.8972895863052782,0.0,0.021968616262482168,0.0,0.020256776034236805,0.0,0.014835948644793153,0.0,0.17061340941512126,321.6737365722656,4.262844537401616,4.056662529363646,27.937336824892515,568.5783276214952,125.89704219944417
42.2491683333,-71.4125583333,0,0.7692307692307693,0.4875891583452211,0.10407239819004525,0.268188302425107,0.0,0.19800285306704707,0.0,0.0,0.0,3.8379457917261055,51.176605224609375,1.5923652030060558,1.2976025991139386,10.479849046070214,166.52126887587298,390.02100510640975
42.0383528333,-70.925505,0,0.1583710407239819,0.2935805991440799,0.09954751131221719,0.25449358059914406,0.22624434389140272,0.3024251069900143,0.0,0.0028530670470756064,6.040723981900452,6.58830242510699,20.891477584838867,0.917845100430026,0.6407893669848914,4.411056201938272,40.07418408786372,36.860036059762166
42.6429488976,-71.2360425667,0,0.00904977375565611,0.23252496433666192,0.027149321266968326,0.06390870185449359,0.9638009049773756,0.6553495007132668,0.0,0.037945791726105564,43.61085972850679,23.69957203994294,56.729339599609375,1.4543872524579318,1.5283893355559028,7.82914388908616,75.05990224071749,20.94738883308595
42.58770734,-72.61796877,0,0.0,0.04764621968616262,0.167420814479638,0.04764621968616262,0.832579185520362,0.8887303851640513,0.0,0.0,30.638009049773757,31.834236804564906,51.03688049316406,1.2310836461785488,1.8945010893317258,10.0483937519628,33.47910385706382,28.973556127447686
42.3779916667,-72.4712833333,0,0.5927601809954751,0.7537803138373752,0.03619909502262444,0.03651925820256776,0.34841628959276016,0.1803138373751783,0.0,0.0,9.479638009049774,2.6145506419400855,101.88433074951172,3.289584728727691,4.149105531234183,29.810403370481726,100.01989094027019,45.079103215526644
42.2986863301,-71.2572459372,0,0.0,0.05620542082738944,0.0,0.12496433666191155,1.0,0.797432239657632,0.0,0.016262482168330955,11.330316742081449,20.277603423680457,43.6884765625,1.9285912030077934,1.8440368328031962,12.225149382405485,244.84029274240552,161.88389333529167
42.5797415703,-71.5412978199,1,0.7194570135746606,0.7880171184022825,0.28054298642533937,0.1312410841654779,0.0,0.046790299572039944,0.0,0.021398002853067047,0.0,1.4756062767475036,85.32706451416016,2.5201291672029837,2.120033103937845,9.52006128403287,0.0,638.0576880695014
42.2991638889,-71.1237805556,0,0.09954751131221719,0.05449358059914408,0.0,0.016833095577746076,0.9004524886877828,0.9286733238231099,0.0,0.0,10.23076923076923,34.68873038516405,34.06240463256836,1.8264156125689073,2.624903914286677,17.094049504440488,143.17580448256948,17.925263459337526
42.19557167,-71.49541333,0,0.43891402714932126,0.43081312410841655,0.0,0.2225392296718973,0.5610859728506787,0.33666191155492153,0.0,0.0002853067047075606,12.429864253393665,6.709843081312411,118.18878936767578,2.980625156962137,1.6612608894465168,12.863825469270822,258.77150602562534,45.014183747902486
41.4300691093,-70.6690991017,1,0.9502262443438914,0.8105563480741798,0.0,0.005420827389443652,0.013574660633484163,0.08445078459343795,0.0,0.05392296718972896,0.09502262443438914,0.8151212553495008,37.183956146240234,2.074730784279311,2.4103194545786413,16.428822039700567,186.45270403863606,197.60181221751023
42.0890444046,-71.3257996221,0,0.058823529411764705,0.18716119828815977,0.03167420814479638,0.14693295292439373,0.3574660633484163,0.5001426533523537,0.5294117647058824,0.07902995720399429,7.090497737556561,13.00798858773181,56.636207580566406,0.7562373664781852,1.2727620211036845,6.381441648299394,12.643442083284192,54.007634369147624
42.32677,-71.53298,0,0.3167420814479638,0.34978601997146935,0.18552036199095023,0.10242510699001427,0.2895927601809955,0.3820256776034237,0.17194570135746606,0.14664764621968615,7.113122171945701,11.183452211126962,77.78228759765625,0.6980659047027814,1.446887264853787,8.847910558715196,0.0,158.62681413967957
42.3389283333,-71.0929721667,0,0.0,0.0,0.0,0.002282453637660485,1.0,0.9922967189728958,0.0,0.005420827389443652,75.82805429864253,73.57432239657632,3.4836196899414062,0.17212187390398864,0.48451143732007745,3.025168777912628,248.4584979658876,9.161200771114299
42.4068443883,-71.4533728612,1,0.334841628959276,0.43309557774607704,0.665158371040724,0.35406562054208274,0.0,0.0964336661911555,0.0,0.10328102710413695,0.0,2.3266761768901567,57.060237884521484,0.46386072410750834,0.6422713546217844,3.278096641364618,34.71187665273155,24.59353738553272
42.3599666667,-72.49267,1,0.13122171945701358,0.10699001426533523,0.25339366515837103,0.27560627674750354,0.049773755656108594,0.36119828815977173,0.07692307692307693,0.006562054208273894,0.6515837104072398,9.396291012838802,51.07778549194336,0.4922971758493257,1.26189881103781,8.62428004603507,9.156259047482749,270.01182597381285
42.0871429443,-71.1694488525,0,0.5927601809954751,0.4955777460770328,0.027149321266968326,0.2348074179743224,0.38009049773755654,0.24108416547788872,0.0,0.015121255349500713,8.14027149321267,4.545221112696148,91.41370391845703,0.9057564736863903,0.972888325313665,6.357310371952554,249.03545034711595,0.6218527251202302
41.7632611111,-70.1060416667,0,0.0,0.03109843081312411,0.00904977375565611,0.1825962910128388,0.334841628959276,0.26134094151212556,0.5113122171945701,0.47360912981455067,10.687782805429864,5.813124108416548,2.6864397525787354,1.0552018381442336,0.6137223436967141,4.346726041365564,13.47949658243211,54.881333481977165
42.1094063,-72.5092245,0,0.07692307692307693,0.08302425106990015,0.0,0.07189728958630527,0.9230769230769231,0.8236804564907275,0.0,0.020256776034236805,26.61085972850679,20.18972895863053,68.87871551513672,0.4946465801280222,0.8686045355083476,4.655947095506104,397.37959050935297,0.22911664822044855
41.2694083333,-70.1099611667,0,0.0,0.015121255349500713,0.0,0.06704707560627675,1.0,0.9166904422253923,0.0,0.0011412268188302425,30.1131221719457,30.151212553495007,7.4956278800964355,0.41322084288302224,0.4358305395059052,2.36063803865386,327.9746208887149,32.24220165141428
41.5495176044,-70.0128909641,0,0.0,0.0,0.09049773755656108,0.105848787446505,0.0,0.0,0.5656108597285068,0.607132667617689,0.0,0.0,-0.9894829988479614,0.40465254912793586,0.16945215211493023,1.587683427843944,44.89846786722963,12596.411713366248
42.4625545745,-71.8912625322,0,0.995475113122172,0.8536376604850214,0.0,0.04022824536376605,0.004524886877828055,0.06390870185449359,0.0,0.002282453637660485,0.004524886877828055,0.7312410841654778,460.2140197753906,9.502928298359103,5.833135477111974,31.106063599389504,194.17520646080894,204.256007049087
42.38895,-71.7797527778,0,0.3936651583710407,0.41398002853067045,0.027149321266968326,0.06932952924393723,0.5067873303167421,0.32211126961483594,0.0,0.04536376604850214,6.8054298642533935,7.248787446504993,169.1714630126953,3.3721403706668136,3.1256992513119104,16.04882827359602,152.91244691804718,0.39088115522228917
42.6277511832,-71.7301782221,1,0.4479638009049774,0.7432239657631954,0.5113122171945701,0.12924393723252497,0.04072398190045249,0.1101283880171184,0.0,0.0,0.7873303167420814,2.2302425106990014,129.8328094482422,1.0396102614752325,1.9486515121776222,10.352619150739432,9.198231764783895,267.1499785213126
41.6468978666,-70.4500690516,0,0.6334841628959276,0.357774607703281,0.01809954751131222,0.039087018544935806,0.22624434389140272,0.41112696148359484,0.02262443438914027,0.17375178316690443,4.126696832579186,7.605991440798859,18.2861328125,0.907595856469174,0.8490245687428134,3.425367165509581,0.0,96.4366381002204
41.4539589722,-70.5738759722,0,0.0,0.0002853067047075606,0.0,0.025677603423680456,1.0,0.8630527817403709,0.0,0.1087018544935806,24.669683257918553,22.728958630527817,10.61616325378418,1.0090520022205465,0.8252910625412511,4.387588331119004,584.3713118615141,5.950213563527377
42.0758785326,-72.5756323188,0,0.6063348416289592,0.2918687589158345,0.004524886877828055,0.04336661911554922,0.38009049773755654,0.5266761768901569,0.0,0.13437945791726105,6.031674208144796,14.183166904422254,37.96954345703125,2.1426931467318147,1.9715249167149638,12.682228885991492,138.18832724456345,64.67018156992694
42.6152673819,-71.9345239922,0,0.7013574660633484,0.5583452211126961,0.00904977375565611,0.08445078459343795,0.2850678733031674,0.26276747503566333,0.0,0.0,4.592760180995475,7.668473609129815,305.20440673828125,2.885935830172994,2.5746642455581257,21.32546820452415,207.7363527820752,25.922753318483053
42.6475344134,-72.0978427942,1,0.45248868778280543,0.5700427960057062,0.4796380090497738,0.3141226818830242,0.06787330316742081,0.042796005706134094,0.0,0.06818830242510698,0.7104072398190046,0.38088445078459343,254.3633270263672,1.3524661223173324,1.2172935436485206,6.735876789206909,0.0,221.18106635436277
42.451943287,-71.6690484199,0,0.167420814479638,0.18316690442225392,0.17647058823529413,0.251925820256776,0.36199095022624433,0.2875891583452211,0.0,0.0005706134094151213,5.235294117647059,7.0801711840228245,74.37825012207031,1.689972116555705,0.9130715843479487,7.019448439676078,112.87244035321851,77.91899939365722
42.6737861111,-70.8346527778,0,0.01809954751131222,0.15863052781740372,0.11764705882352941,0.18858773181169758,0.8552036199095022,0.6319543509272468,0.0,0.006562054208273894,20.262443438914026,23.754636233951498,7.142296314239502,0.4856577291849173,1.3412599772718663,6.081675416286721,193.73268474646875,32.60520469207405
42.7413524788,-70.7982735301,1,0.00904977375565611,0.005991440798858773,0.8416289592760181,0.36119828815977173,0.004524886877828055,0.034807417974322394,0.08144796380090498,0.3774607703281027,0.19004524886877827,0.7917261055634808,1.3501241207122803,0.21381827800852252,0.32332711123284485,1.8178539279453818,0.0,37.2385068466779
42.4752222222,-71.3147722222,0,0.5972850678733032,0.26134094151212556,0.12217194570135746,0.3683309557774608,0.11764705882352941,0.29243937232524964,0.0,0.01825962910128388,2.0950226244343892,6.342082738944365,50.434112548828125,1.3719337920744885,0.7932635460906312,3.569770485230694,444.13538184369986,209.89281885554158
42.3890408115,-72.1855304342,0,0.3076923076923077,0.4910128388017118,0.6877828054298643,0.38601997146932954,0.0,0.04365192582025677,0.0,0.0,0.0,0.2738944365192582,299.2405090332031,1.6108613959956584,1.969664198709097,8.663683559693949,0.0,254.86991498371364
42.3710853785,-71.1828985385,0,0.03167420814479638,0.002282453637660485,0.0,0.0011412268188302425,0.9683257918552036,0.9965763195435092,0.0,0.0,43.85067873303167,55.47988587731812,20.686630249023438,2.958425044641504,1.9729636271860278,14.277182860198623,714.4110188543641,8.479452042791928
42.46075343,-72.55887358,0,1.0,0.9021398002853067,0.0,0.0002853067047075606,0.0,0.08131241084165478,0.0,0.0,0.0,2.2159771754636233,120.00316619873047,7.207349236379329,7.315928289299721,55.16730070411828,127.77321042619384,113.2862989670347
41.647405,-70.28915,0,0.0,0.0,0.0,0.033095577746077035,1.0,0.9466476462196861,0.0,0.020256776034236805,46.94117647058823,42.621683309557774,9.22351360321045,0.5179993706852181,0.4828627903169589,3.0160739822839924,326.4051509660085,30.347738955434377
42.0663081551,-70.2383271977,1,0.0,0.0,0.15384615384615385,0.23680456490727533,0.0,0.0,0.004524886877828055,0.324679029957204,0.0,0.0,1.7620949745178223,0.28908033138562833,0.33522359084882564,1.7588802706048423,87.56157403123255,80.3461376941871
42.13047048,-71.21211148,0,0.8190045248868778,0.6970042796005707,0.0,0.12838801711840228,0.06787330316742081,0.11925820256776035,0.0,0.0,1.1176470588235294,2.8562054208273895,109.75799560546875,2.9311974355976327,2.6977630525529785,16.326013938401527,249.44897794265157,136.53180632437997
42.239059,-71.262489,1,0.918552036199095,0.8131241084165478,0.06334841628959276,0.11269614835948645,0.0,0.04992867332382311,0.01809954751131222,0.0017118402282453639,0.0,0.8416547788873039,57.83386993408203,4.2795922388829,2.923428919255062,20.358258641151824,0.0,587.7991087407928
42.6960463055,-71.290235234,0,0.5158371040723982,0.3286733238231098,0.2850678733031674,0.14550641940085593,0.11312217194570136,0.29015691868758914,0.01809954751131222,0.00456490727532097,0.497737556561086,5.879885877318117,57.365272521972656,1.3675429450629712,1.9585989737016805,13.223740312984624,47.78423694971392,61.03669651429923
42.2246546908,-71.4323699529,0,0.00904977375565611,0.19543509272467904,0.0,0.07161198288159772,0.9909502262443439,0.7326676176890157,0.0,0.0,18.099547511312217,19.453067047075606,62.623931884765625,1.9188192838416152,2.179476681272087,13.654365215465043,150.12077747568787,8.676938729141924
42.0168646938,-71.2007316203,0,0.23529411764705882,0.23823109843081314,0.36199095022624433,0.2984308131241084,0.40271493212669685,0.4419400855920114,0.0,0.0048502139800285305,7.049773755656108,9.5848787446505,40.411930084228516,0.24398492470968863,0.32839006226613454,2.4642874820897247,129.6016437426288,3.1231957121250047
42.6037868896,-71.6179302027,1,0.5565610859728507,0.5631954350927246,0.3167420814479638,0.13152639087018544,0.12217194570135746,0.22738944365192582,0.0,0.003708987161198288,3.1085972850678734,4.493009985734664,68.45330810546875,1.6988449739153682,1.3238338786083599,7.39688632007493,0.0,153.40679851624225
42.4194141863,-70.9063063005,0,0.12669683257918551,0.007988587731811698,0.09502262443438914,0.03965763195435093,0.3891402714932127,0.18601997146932953,0.26244343891402716,0.7497860199714693,11.67420814479638,4.885877318116976,7.273235321044922,1.1361868405498028,0.5649475992858202,3.5079234206580607,44.057473091189564,31.75994461619387
42.2594074863,-71.3971997425,0,0.7330316742081447,0.5395149786019972,0.0,0.1492154065620542,0.19457013574660634,0.18972895863052783,0.0,0.0002853067047075606,2.081447963800905,5.820542082738944,83.37590026855469,3.6193005844267887,2.0743696918485908,14.417437458802276,623.6193862925887,73.02720221215219
41.2905369737,-70.2502316585,0,0.0,0.0002853067047075606,0.12217194570135746,0.025962910128388018,0.0,0.0,0.4253393665158371,0.6693295292439372,0.0,0.0,-1.378649115562439,0.21490969987657238,0.2726373083193406,2.252575270178605,0.0,345.4973198954977
42.3539324041,-71.4251478579,1,0.27149321266968324,0.20370898716119828,0.7285067873303167,0.305848787446505,0.0,0.45820256776034235,0.0,0.0,0.0,14.179743223965763,38.53150939941406,0.2810827594778758,1.2502548026728326,8.130449419595514,0.0,351.9565695639677
42.0919498126,-71.0646510128,0,0.0,0.12496433666191155,0.0,0.07360912981455064,1.0,0.7962910128388017,0.0,0.0002853067047075606,30.171945701357465,32.63366619115549,68.36625671386719,0.8601191778869196,0.9273811389083909,4.755937690214872,493.2735533837813,11.150607535464315
42.47478,-71.3195116667,0,0.248868778280543,0.22196861626248215,0.07692307692307693,0.3360912981455064,0.6425339366515838,0.3360912981455064,0.0,0.062482168330955774,14.475113122171946,6.889586305278174,46.06520462036133,1.0206498732386917,0.6047783682554592,3.446951594713961,201.12974952339306,23.642449643746822
42.2673878,-71.6651891,0,0.2579185520361991,0.35920114122681884,0.02262443438914027,0.15977175463623394,0.7194570135746606,0.4099857346647646,0.0,0.0011412268188302425,11.470588235294118,11.94151212553495,125.2895736694336,2.2987653354860544,2.6754858389487697,18.81668540634227,314.3302700853661,31.508569152200103
42.3978666667,-71.7861222222,1,0.6561085972850679,0.5751783166904422,0.0,0.08502139800285306,0.0,0.1754636233951498,0.3257918552036199,0.05534950071326676,0.0,4.177175463623395,119.90998840332031,3.4686364561299974,3.649881918034509,16.07521985995077,0.649927587793861,217.95236520106377
41.8342443719,-69.980207685,1,0.10407239819004525,0.08473609129814551,0.10407239819004525,0.05563480741797432,0.5067873303167421,0.6094151212553495,0.25339366515837103,0.23195435092724678,6.800904977375565,12.979172610556349,4.243697643280029,0.5786238657527587,0.7889890823100358,3.177329064778681,5.9022485297623035,69.37384729742185
41.9350366667,-70.7133416667,0,0.0,0.02168330955777461,0.0,0.0,1.0,0.9748930099857347,0.0,0.0002853067047075606,22.92760180995475,26.9885877318117,55.18267822265625,1.261428631455952,0.8110921942674781,3.4954980043975503,298.90573145817393,2.1839058271185543
42.7552984963,-70.8037047106,1,0.02262443438914027,0.0019971469329529245,0.5294117647058824,0.38487874465049926,0.09954751131221719,0.029671897289586305,0.02262443438914027,0.32724679029957204,1.48868778280543,0.5152639087018545,1.8651752471923828,0.25720227586939687,0.30944675107015746,1.6983395265241457,0.0,76.8066697607047
41.631205,-70.57927,1,0.3167420814479638,0.32724679029957204,0.004524886877828055,0.0002853067047075606,0.6787330316742082,0.5920114122681883,0.0,0.024821683309557776,12.438914027149321,11.908416547788873,23.110916137695312,0.8748415231481718,1.0022921352539114,5.495441650144191,639.55137649792,145.31771286976775
42.5395773474,-72.7581142469,0,0.8642533936651584,0.7942938659058488,0.0,0.014835948644793153,0.0,0.0333808844507846,0.0,0.0,0.0,0.26134094151212556,241.25123596191406,4.38349790637437,4.239966355111614,21.277716298031603,20.123994521984553,302.62257376283065
42.7903990255,-70.8111806087,1,0.0,0.0,0.5113122171945701,0.46333808844507846,0.17194570135746606,0.10784593437945791,0.19457013574660634,0.29643366619115546,7.904977375565611,6.1885877318116975,0.7772735357284546,0.4045011965733925,0.2464747449624768,1.1351938170112141,0.0,110.39539770418712
42.8498195947,-70.8184888426,0,0.0,0.0,0.43891402714932126,0.4348074179743224,0.248868778280543,0.10556348074179743,0.11312217194570136,0.3891583452211127,17.665158371040725,7.057917261055635,1.726771593093872,0.2724966823756134,0.16242321517542124,1.1602492399312596,16.95490010077894,53.448937893233854
42.6471058442,-72.4250878376,0,0.8099547511312217,0.851925820256776,0.0,0.00912981455064194,0.12669683257918551,0.09044222539229672,0.0,0.0019971469329529245,0.8914027149321267,1.0094151212553495,338.8948974609375,10.90768458629348,7.963503134695242,52.61377752566809,231.13824946684392,28.246506596661355
41.3948666667,-70.5145116667,1,0.004524886877828055,0.005420827389443652,0.19457013574660634,0.06790299572039943,0.7375565610859729,0.5931526390870185,0.06334841628959276,0.29158345221112697,14.81447963800905,18.301283880171184,2.158982992172241,0.5021960364128735,0.36919359757762027,2.354996492053786,10.334426503178426,160.67107175934495
41.9029402896,-70.5675059254,0,0.2850678733031674,0.33808844507845937,0.03619909502262444,0.03851640513552068,0.06787330316742081,0.3195435092724679,0.0,0.05791726105563481,1.5248868778280542,6.94037089871612,8.017424583435059,0.9383681403858876,1.271357139016434,5.427842020753036,0.0,34.598252220597644
42.5796890259,-72.5972747803,0,0.03167420814479638,0.3001426533523538,0.00904977375565611,0.06390870185449359,0.9592760180995475,0.6185449358059915,0.0,0.005420827389443652,35.81447963800905,20.921255349500715,48.02711486816406,4.017691660926131,3.43118832655845,19.79588850833092,154.0057375589267,61.10415827442208
42.208632622,-71.682992885,0,0.22171945701357465,0.3760342368045649,0.06787330316742081,0.07104136947218259,0.7104072398190046,0.514978601997147,0.0,0.0025677603423680455,16.380090497737555,12.455634807417974,145.3475799560547,1.952297890947554,3.2091488352294673,23.68593381173065,388.67036050310537,13.5505524753128
42.0309069722,-70.855913,0,0.12217194570135746,0.20770328102710414,0.01809954751131222,0.2647646219686163,0.7194570135746606,0.3369472182596291,0.01809954751131222,0.017403708987161197,24.60633484162896,7.808844507845935,21.84537124633789,0.4699108090009554,0.48267290481068603,2.7902471514001985,120.7082544017013,8.341618931363115
42.0477383443,-71.6189123132,0,0.2579185520361991,0.3078459343794579,0.12669683257918551,0.1369472182596291,0.33031674208144796,0.42653352353780316,0.0,0.0,11.864253393665159,15.653067047075606,72.2727279663086,2.1717848114778224,2.5017479621623413,14.78675564659073,137.7784562090229,76.04845220781695
42.2421269967,-71.5775918775,0,0.027149321266968326,0.33295292439372326,0.0,0.13380884450784594,0.9728506787330317,0.3443651925820257,0.0,0.13666191155492155,22.194570135746606,6.678459343794579,108.2318344116211,0.808619702133601,1.896603098939989,13.386201093485662,145.5079873452616,38.285827728777505
41.9025335442,-70.7585543626,0,0.09502262443438914,0.2057061340941512,0.3031674208144796,0.2542082738944365,0.3438914027149321,0.2174037089871612,0.08597285067873303,0.02253922967189729,5.375565610859729,4.900142653352354,30.897714614868164,0.3187777760912565,0.5477099702982549,2.331775654265872,100.88670121495987,24.198932679890984
41.3105244817,-70.261907496,0,0.013574660633484163,0.09072753209700428,0.027149321266968326,0.04336661911554922,0.0,0.0,0.3393665158371041,0.5937232524964337,0.0,0.0,4.72623348236084,0.8030755808120262,0.47388090496194135,3.1337470611695415,38.35574231748139,45.735941173495014
42.7174633333,-70.9569166667,0,0.28054298642533937,0.44108416547788876,0.07239819004524888,0.13865905848787446,0.5882352941176471,0.40171184022824535,0.0,0.0,30.149321266968325,11.145221112696149,36.457054138183594,3.4082513167487267,1.6283916902534672,8.566194835288826,280.6526893980453,21.45665115136712
41.698478801,-70.2450164604,1,0.7601809954751131,0.5112696148359487,0.12217194570135746,0.06647646219686162,0.11764705882352941,0.3258202567760342,0.0,0.08730385164051355,1.4705882352941178,5.220542082738945,9.434032440185547,1.044949691038469,1.2844251447634332,5.481865716569674,0.0,147.35929949871428
42.4356916728,-72.5419466667,0,0.47058823529411764,0.30756062767475034,0.0,0.08216833095577745,0.0,0.131811697574893,0.0,0.0,0.0,3.7788873038516404,78.04608917236328,1.9470624798940959,2.306125684406669,15.675261224727015,73.17438150582731,8.502240991066683
42.1991662994,-70.7162397369,0,0.0,0.0002853067047075606,0.049773755656108594,0.03109843081312411,0.6063348416289592,0.2499286733238231,0.2850678733031674,0.6927246790299572,22.09502262443439,12.377175463623395,6.048823833465576,0.9735868558297989,0.6025012841807709,2.7365630653110813,148.93736992199933,2.095460183556388
42.44104,-73.0268966667,0,0.5475113122171946,0.7403708987161198,0.416289592760181,0.21398002853067047,0.03619909502262444,0.039942938659058486,0.0,0.0,0.14027149321266968,0.5158345221112696,582.6204833984375,2.4139513577254714,2.249437353482533,9.212223242745207,129.78944155155972,0.19983564553085317
41.5940816527,-70.6447019801,0,0.03619909502262444,0.033095577746077035,0.29411764705882354,0.1660485021398003,0.13122171945701358,0.207132667617689,0.17194570135746606,0.4855920114122682,2.6561085972850678,3.9540656205420825,1.4353125095367432,0.17298868404286716,0.47554160567663795,3.1739194036075213,76.4887144407285,38.87369752397927
41.7936833333,-69.9944083333,1,0.0,0.00456490727532097,0.3031674208144796,0.17118402282453637,0.5610859728506787,0.7757489300998573,0.12217194570135746,0.04764621968616262,9.597285067873303,24.245363766048502,3.4185779094696045,0.9659583950871478,0.7872171867718523,4.694227927606428,18.196674632813995,7.229763931419801
41.7440054119,-70.1940233375,0,0.004524886877828055,0.021112696148359488,0.07239819004524888,0.07475035663338088,0.9230769230769231,0.6873038516405136,0.0,0.1629101283880171,14.864253393665159,12.52296718972896,6.964067459106445,0.5409169149751436,1.0142981834847093,4.898542490677764,26.448461711644157,6.278097082091121
42.196731,-71.1045,1,0.1493212669683258,0.30556348074179746,0.8506787330316742,0.28017118402282454,0.0,0.2704707560627675,0.0,0.14379457917261054,0.0,3.4764621968616263,46.26077651977539,0.32872083564249044,1.1129018726523723,6.118009838168113,0.0,232.17395860517664
42.4569154597,-71.6517789536,1,0.06334841628959276,0.09500713266761769,0.3665158371040724,0.45392296718972897,0.07239819004524888,0.105848787446505,0.0,0.0025677603423680455,0.6470588235294118,2.231954350927247,69.06816101074219,0.06968732647000278,0.9160011080854217,4.847976063791296,0.0,186.7501143350572
42.2802019481,-72.2844302282,0,0.6606334841628959,0.668188302425107,0.0,0.14379457917261054,0.248868778280543,0.10156918687589159,0.0,0.0,2.8099547511312215,1.2527817403708987,247.12734985351562,4.0096873168533955,3.7826831842777047,22.85291313172635,286.0329219968055,0.012001582549327436
42.4365333333,-71.1071666667,0,0.9683257918552036,0.5075606276747504,0.0,0.04907275320970043,0.03167420814479638,0.4088445078459344,0.0,0.03252496433666191,0.3167420814479638,18.172610556348076,54.130775451660156,1.80319774426026,1.7697946373518445,9.814255206607275,12.913846039788869,317.7048689105934
42.261535,-71.649755,0,0.3076923076923077,0.2992867332382311,0.17194570135746606,0.13666191155492155,0.0,0.27646219686162626,0.37104072398190047,0.22339514978601996,0.0,7.344365192582026,94.62718200683594,0.6672819780021325,1.4740005196669708,8.182822799421524,0.0,374.46838757617104
42.48215,-71.39451,0,0.5203619909502263,0.5135520684736091,0.4796380090497738,0.19600570613409415,0.0,0.22881597717546362,0.0,0.005420827389443652,0.0,3.8827389443651925,58.35599899291992,3.5343764915642146,1.988142225407745,8.513367115218486,134.65991280683116,306.90163939227796
42.2646369934,-71.1884460449,0,0.22624434389140272,0.13295292439372325,0.579185520361991,0.30042796005706135,0.18552036199095023,0.5509272467902996,0.00904977375565611,0.014550641940085592,2.266968325791855,20.81027104136947,28.76511573791504,1.2096677405860634,1.1398687736744832,5.298347194569755,30.10045400530857,97.05313127797413
42.5798897149,-71.5107220193,0,0.42081447963800905,0.4051355206847361,0.14479638009049775,0.11241084165477888,0.4343891402714932,0.47132667617689017,0.0,0.010271041369472182,6.751131221719457,9.398288159771754,69.89567565917969,1.3750939492880978,1.4527108491255945,6.018519604608925,74.6157463436728,49.10061058284279
42.1059779682,-71.9128747577,0,0.38461538461538464,0.5660485021398003,0.0,0.0362339514978602,0.0,0.15320970042796006,0.3212669683257919,0.0804564907275321,0.0,2.2810271041369474,156.9373321533203,4.471188601938797,2.9500864438268515,17.35827385729378,0.0,453.3165977728181
42.83577,-70.8999416667,0,0.19457013574660634,0.14322396576319543,0.07239819004524888,0.2553495007132668,0.013574660633484163,0.38659058487874465,0.6199095022624435,0.1977175463623395,0.5113122171945701,14.667047075606277,0.6152524948120117,0.5522083332078449,1.263279091573475,6.453802730292274,0.0,191.6866004913975
42.604996728,-72.192137582,0,1.0,0.9126961483594864,0.0,0.043937232524964336,0.0,0.02253922967189729,0.0,0.003138373751783167,0.0,0.19971469329529243,304.7314147949219,7.597630448086388,6.6906694181177615,43.4520009842433,296.3597425965688,12.64254543828012
42.33640379,-71.40160435,0,0.004524886877828055,0.06562054208273894,0.0,0.11184022824536377,0.995475113122172,0.8111269614835949,0.0,0.0,26.20361990950226,21.355777460770327,56.35652542114258,1.2891964744043956,1.471078448180649,8.983731920836542,105.78619716405728,34.662048359630916
42.376245,-71.647195,0,0.10407239819004525,0.4764621968616263,0.46153846153846156,0.19372325249643366,0.3393665158371041,0.20199714693295293,0.0,0.0014265335235378032,5.683257918552036,4.539800285306705,78.23493957519531,2.0707796423390623,2.4747843900800475,14.83261342702975,85.07645557217634,9.540014599745268
42.37472167,-71.23252167,0,0.0,0.0,0.0,0.0034236804564907277,0.995475113122172,0.985734664764622,0.004524886877828055,0.010841654778887305,65.24886877828054,62.628815977175464,16.04450035095215,0.8419506554043861,0.7751783261749425,3.2459011093151466,145.70131515823203,62.0503881385918
42.3513638889,-71.7575138889,1,0.2669683257918552,0.3957203994293866,0.01809954751131222,0.02225392296718973,0.0,0.06533523537803139,0.6515837104072398,0.4730385164051355,0.0,1.451925820256776,118.68238067626953,1.994753468185114,2.0645495847116013,9.769355060932694,1.6581828708061674,196.2136197232644
42.28582,-72.2995949722,0,0.7285067873303167,0.7988587731811697,0.27149321266968324,0.13095577746077033,0.0,0.029101283880171185,0.0,0.0042796005706134095,0.0,0.4507845934379458,132.81130981445312,4.719848178451398,4.866606022709315,36.75733149267151,63.01098079203937,370.87614036433024
42.1847819722,-71.7708959722,0,0.03167420814479638,0.3509272467902996,0.03167420814479638,0.05534950071326676,0.9366515837104072,0.583737517831669,0.0,0.00884450784593438,22.81447963800905,16.99743223965763,141.5655975341797,4.467446499163946,3.1118314437893684,20.4686745433321,171.19238146609592,16.042076607526095
42.2196107088,-71.5696179194,0,0.6470588235294118,0.52981455064194,0.0,0.055920114122681885,0.35294117647058826,0.19229671897289585,0.0,0.21455064194008558,4.864253393665158,3.749786019971469,133.4332733154297,3.2780851366767223,2.55752946785775,17.090185810616696,354.2279316395015,133.81647784709492
42.30656788,-73.1387431,0,0.9004524886877828,0.7106990014265335,0.09954751131221719,0.0804564907275321,0.0,0.04022824536376605,0.0,0.16633380884450785,0.0,0.3537803138373752,568.0433349609375,3.2608226874428126,3.3482536179193976,30.505158418383342,202.20844865258022,569.8615905567266
41.8921283333,-70.01158055,0,0.03619909502262444,0.023965763195435093,0.47058823529411764,0.21141226818830242,0.0,0.06105563480741798,0.334841628959276,0.6082738944365192,0.0,1.4108416547788873,1.4377713203430176,0.49752731506122116,0.3693549250459762,2.061231251210478,0.0,169.11946607104957
42.559125,-70.892905,0,0.0,0.039087018544935806,0.0,0.03138373751783167,1.0,0.8981455064194008,0.0,0.03138373751783167,40.484162895927604,37.11383737517831,19.21306037902832,1.8527799743932971,1.0983806423911293,6.614137835910214,266.60608138174575,29.02655788019708
42.199956,-71.215355,0,0.04072398190045249,0.06932952924393723,0.16289592760180996,0.17574893009985734,0.7963800904977375,0.7517831669044223,0.0,0.0,23.104072398190045,25.524964336661913,59.43451690673828,1.2008388736621005,1.198228495858857,5.731581271199439,111.78636568360224,31.056718577088294
42.2411783333,-71.7761316667,0,0.20361990950226244,0.22225392296718974,0.6108597285067874,0.10014265335235378,0.18552036199095023,0.677318116975749,0.0,0.0002853067047075606,4.782805429864253,28.48987161198288,146.3659210205078,1.055322670946569,2.8692958334276057,16.26218778001976,9.273129514322592,169.8569393992768
42.3283569262,-71.1922387411,0,0.0,0.0667617689015692,0.0,0.00456490727532097,1.0,0.8972895863052782,0.0,0.03138373751783167,43.01357466063349,27.586875891583453,52.34842300415039,2.2751126418426013,1.5323016855939546,8.82723039584917,403.1269887266214,1.5105917491714176
42.1938466667,-70.8916033333,0,0.058823529411764705,0.1346647646219686,0.0,0.14293865905848788,0.9411764705882353,0.7223965763195435,0.0,0.0,19.959276018099548,11.496148359486448,30.400230407714844,1.4519321673251855,1.0271966272331257,7.803597986888009,111.66104003296448,31.93437707574109
42.4320133333,-72.39073,0,1.0,0.9340941512125535,0.0,0.013694721825962911,0.0,0.035948644793152636,0.0,0.012838801711840228,0.0,0.24336661911554922,289.28167724609375,6.251206644701484,5.932975114505234,43.96873354207967,454.5663559157055,306.5234833013256
42.2785466344,-71.2704883333,0,0.09502262443438914,0.29871611982881596,0.9049773755656109,0.41512125534950073,0.0,0.2664764621968616,0.0,0.0,0.0,7.109272467902996,40.20285415649414,0.4520873063340683,1.0589014076107233,4.282924350520694,14.360956295771862,156.17467158904014
42.5872573853,-72.5997009277,0,0.0,0.0738944365192582,0.0,0.03680456490727532,1.0,0.8841654778887303,0.0,0.0025677603423680455,77.57918552036199,38.5811697574893,70.66912841796875,2.4454565206313763,2.283336889326977,14.25270806828928,527.7942517326419,26.53076206610611
42.4603006779,-71.2586796939,0,0.19457013574660634,0.16633380884450785,0.334841628959276,0.15634807417974322,0.4660633484162896,0.6699001426533524,0.0,0.0,12.610859728506787,21.749215406562055,37.03672790527344,1.6070747750426295,1.9040169822811255,11.415588591175453,99.3978962014131,2.4540089698087364
42.4281748728,-72.5029540715,0,0.9819004524886877,0.6995720399429387,0.0,0.07646219686162625,0.01809954751131222,0.14750356633380884,0.0,0.0,0.07692307692307693,1.268758915834522,143.3309783935547,4.684497715614978,3.4571664069471035,15.812953177985118,301.3555222808555,271.0449705654012
42.277443697,-71.9581184513,0,0.3438914027149321,0.5452211126961484,0.04524886877828054,0.06419400855920114,0.06787330316742081,0.10955777460770329,0.0,0.10042796005706134,0.19457013574660634,1.2542082738944365,321.36383056640625,4.580981589195832,3.4193619465388707,18.56338455610545,182.1672507421842,192.1469210178102
42.6364722844,-72.248067081,1,0.3257918552036199,0.6273894436519258,0.06334841628959276,0.07988587731811697,0.45701357466063347,0.10984308131241084,0.09049773755656108,0.08673323823109844,10.728506787330316,1.82339514978602,176.8474578857422,1.1181495453938364,3.9140385559027333,19.50953031529574,0.0,43.871729624773046
42.3115527778,-71.4745305556,0,0.0,0.2174037089871612,0.0,0.04051355206847361,1.0,0.6353780313837375,0.0,0.07161198288159772,24.597285067873305,13.633666191155491,83.15762329101562,2.1170311490452645,2.088692253496957,12.290408022362595,16.058046238968164,16.255690713365954
41.2631704335,-69.9616538509,0,0.0,0.037660485021398,0.0,0.0,0.25339366515837103,0.35235378031383735,0.497737556561086,0.5283880171184023,10.153846153846153,9.428815977175464,2.3822181224823,1.5476532122526303,0.8032839526301158,7.012291251677747,71.03242665659613,46.84514131343279
42.45793,-70.9919666667,0,0.0,0.0005706134094151213,0.17194570135746606,0.17232524964336662,0.7782805429864253,0.7942938659058488,0.049773755656108594,0.03281027104136947,37.23076923076923,32.9283880171184,10.21494197845459,2.2387443857660583,1.7005443709736052,9.455206947965165,138.16013742718047,34.98795674159679
42.6139144897,-72.0787124634,0,0.027149321266968326,0.21911554921540657,0.0,0.2,0.9728506787330317,0.5192582025677603,0.0,0.020542082738944364,35.76018099547511,16.05877318116976,273.6998291015625,1.293156899776614,1.3373450544504666,9.667847221374815,291.47410101002,7.428627720600656
42.567925,-70.76515333,0,0.02262443438914027,0.05392296718972896,0.05429864253393665,0.07360912981455064,0.832579185520362,0.42368045649072755,0.0,0.3874465049928673,14.217194570135746,9.745506419400856,10.346964836120605,0.8466729881692205,1.1034258387571507,5.879380130951847,224.16204870385465,0.4524530153702453
42.3061606692,-72.3228067429,0,0.6470588235294118,0.6453637660485021,0.10407239819004525,0.10242510699001427,0.13574660633484162,0.03452211126961484,0.0,0.18858773181169758,1.0542986425339367,0.19457917261055635,189.20396423339844,2.9417126701395953,4.318563933965754,36.59141093137065,422.11947246153807,25.7830728762678
41.3494529724,-70.6137084961,0,0.0,0.22054208273894438,0.00904977375565611,0.021398002853067047,0.0,0.0019971469329529245,0.6334841628959276,0.5700427960057062,0.0,0.0673323823109843,1.1224260330200195,0.4043159160465047,0.2702052017245749,2.0295688943013883,0.0,358.11136496095224
42.4621443916,-72.2214584442,0,0.8009049773755657,0.8134094151212553,0.19909502262443438,0.11840228245363767,0.0,0.008273894436519259,0.0,0.0,0.0,0.1629101283880171,252.79937744140625,4.22150051445764,4.153974809341542,22.610884567924227,57.2069782449327,0.6852757514998338
42.3155632999,-71.2986889075,0,0.0,0.05164051355206847,0.0,0.018544935805991442,1.0,0.927246790299572,0.0,0.0,18.79185520361991,15.298430813124108,62.23013687133789,2.0237280710326586,1.6794841690194955,12.891692996270244,603.1269673282665,4.479000963393866
42.3502180959,-71.0982453358,0,0.0,0.0,0.0,0.0014265335235378032,0.8099547511312217,0.8025677603423681,0.19004524886877827,0.19600570613409415,60.022624434389144,57.01768901569187,2.4656269550323486,0.39852437634859494,0.27182135643448513,1.268758378183437,95.45601640841481,6.475847917199893
41.4741369722,-70.6133219722,0,0.013574660633484163,0.13751783166904422,0.18552036199095023,0.03366619115549215,0.7194570135746606,0.4676176890156919,0.08144796380090498,0.3029957203994294,7.203619909502263,4.629671897289587,7.146810531616211,1.925467746832802,0.7648861455060367,7.69664430565913,56.25749621227972,0.2918655981852159
42.63325,-71.50146,0,0.3031674208144796,0.6601997146932953,0.6289592760180995,0.1195435092724679,0.004524886877828055,0.11041369472182597,0.01809954751131222,0.015691868758915834,0.05429864253393665,2.0159771754636235,57.8923225402832,1.4539585091441531,2.3734392483283377,13.687155410083577,2.982423639707789,251.96364953077142
42.301595,-72.6996616667,0,0.416289592760181,0.4676176890156919,0.12669683257918551,0.2282453637660485,0.33031674208144796,0.2,0.0,0.0014265335235378032,4.542986425339366,4.585449358059915,86.30361938476562,0.9654127022831172,1.3393788916121954,7.285594715549176,153.12261817070674,20.184371334182718
42.3143161167,-71.5888452671,0,0.03619909502262444,0.27503566333808843,0.6018099547511312,0.2747503566333809,0.3574660633484163,0.42796005706134094,0.0,0.0,16.04977375565611,23.899857346647646,85.41917419433594,0.8523196445337614,2.4721204672662216,11.5420199034858,19.99412663339375,341.6498081670571
42.8202511998,-70.8227334022,0,0.0,0.0,0.0,0.14835948644793154,0.0,0.06704707560627675,0.8280542986425339,0.6142653352353781,0.0,4.483309557774608,-1.481792688369751,0.31459961895699906,0.2902141223532291,1.5112075772172373,0.0,239.14573940481074
42.81493,-70.8189166667,0,0.0,0.0,0.0,0.043081312410841656,0.3393665158371041,0.1643366619115549,0.38009049773755654,0.6462196861626248,22.56561085972851,9.932382310984309,1.2475358247756958,0.5383174975316201,0.3300693927159645,1.5713010994535406,68.43746479639476,0.38093152345332143
42.4761596469,-71.0048638359,0,0.07239819004524888,0.19457917261055635,0.0,0.03937232524964337,0.9276018099547512,0.6599144079885877,0.0,0.09871611982881598,31.733031674208146,22.511840228245365,25.050127029418945,1.68207646833069,2.02143745855647,10.513883384082021,237.42768094926691,1.1308770907655037
42.37515,-71.352905,0,0.6153846153846154,0.3934379457917261,0.19909502262443438,0.17945791726105564,0.18552036199095023,0.4202567760342368,0.0,0.0005706134094151213,1.760180995475113,5.289015691868759,51.97564697265625,1.5511575157607254,0.8825368864837744,4.726887567418205,113.0158292762706,57.666686404158675
41.5482833333,-70.6455083333,0,0.2081447963800905,0.22653352353780315,0.013574660633484163,0.0442225392296719,0.7782805429864253,0.5569186875891583,0.0,0.12239657631954351,12.60180995475113,8.241369472182596,17.07036590576172,1.2055887843936783,1.2799110167084118,6.37722656562147,201.25944044505223,33.169292651841545
42.6215726,-73.1192858,0,0.03619909502262444,0.10756062767475036,0.0,0.0,0.9638009049773756,0.8838801711840228,0.0,0.0,62.80995475113122,34.39087018544936,245.52667236328125,2.9968149104043196,3.8835283205564326,20.69370419651049,51.037431128088166,19.687936649892368
42.4495583333,-72.6813883333,0,0.7963800904977375,0.7472182596291013,0.04072398190045249,0.04108416547788873,0.06787330316742081,0.04365192582025677,0.0,0.09529243937232525,1.1493212669683257,0.6085592011412269,245.67996215820312,4.07547467937925,4.676370658940393,19.663801089337063,132.42018724630893,53.141803957622464
41.9359043,-71.3110279,0,0.21266968325791855,0.1768901569186876,0.08597285067873303,0.02168330955777461,0.7013574660633484,0.7312410841654778,0.0,0.06932952924393723,18.30316742081448,23.2114122681883,43.685218811035156,0.9470711837802237,1.1065734119162156,6.812658214751089,24.636973714129986,51.846195802663516
42.6574972222,-70.6268583333,0,0.0,0.30841654778887306,0.0,0.06476462196861626,1.0,0.5186875891583452,0.0,0.1044222539229672,38.76018099547511,19.259343794579173,24.510116577148438,3.2781293038079276,2.0629230766749527,16.71974311972521,174.42861363058321,12.133059454915015
42.343096048,-71.2483304366,0,0.0,0.00884450784593438,0.0,0.0034236804564907277,1.0,0.9817403708987161,0.0,0.005991440798858773,34.918552036199095,35.51041369472183,33.86333084106445,1.2690969376992756,1.1710883930915217,6.843464950564175,351.9977797103921,9.178462288549996
41.8635803585,-70.9938717085,0,1.0,0.5164051355206848,0.0,0.14265335235378032,0.0,0.14122681883024252,0.0,0.12068473609129815,0.0,3.0308131241084166,31.228647232055664,1.4332700493996136,1.1430327671462346,7.057990017878337,244.00502102534344,346.11135020595214
42.519845,-71.444805,0,0.6334841628959276,0.3492154065620542,0.08144796380090498,0.06761768901569187,0.17647058823529413,0.1905848787446505,0.07692307692307693,0.29158345221112697,2.1176470588235294,4.387446504992868,72.93927001953125,1.3591221830735067,1.2711491090545333,8.201523241613758,92.78627117657692,8.336929231806094
42.119438,-72.800407,0,0.3438914027149321,0.4664764621968616,0.5158371040723982,0.15748930099857347,0.13574660633484162,0.2559201141226819,0.0,0.0019971469329529245,1.3257918552036199,4.5038516405135525,57.54956817626953,1.1101798000441914,1.9960271985217657,11.033772982248786,0.0,160.0501093149497
42.3168138889,-71.0349416667,0,0.0,0.0,0.04524886877828054,0.015691868758915834,0.5701357466063348,0.3049928673323823,0.38461538461538464,0.6784593437945792,40.80542986425339,21.643651925820258,5.1472673416137695,1.0617303833365808,0.3965258463988705,2.7679682200865265,4.196610240923768,121.27483522840915
42.2903060913,-71.4854354858,0,0.27601809954751133,0.2499286733238231,0.03167420814479638,0.09900142653352353,0.6923076923076923,0.6490727532097005,0.0,0.0,14.570135746606335,21.913266761768902,101.86151885986328,2.1171797628070026,1.688711294415385,10.022389620609193,189.39092237049493,49.660862037060376
42.6734932,-72.3285111,0,0.7601809954751131,0.8111269614835949,0.013574660633484163,0.12524964336661912,0.013574660633484163,0.037945791726105564,0.19004524886877827,0.020827389443651926,0.167420814479638,0.31440798858773183,297.3025817871094,3.52361560208747,3.6995563746092754,23.167163551558637,75.79468601202011,6.036366152557745
42.3662083333,-71.1926416667,0,0.0,0.0011412268188302425,0.027149321266968326,0.00456490727532097,0.9728506787330317,0.9942938659058488,0.0,0.0,54.15384615384615,62.060485021398,6.5505523681640625,0.8361176554561662,1.2253060035062389,7.1027528461085705,0.6073291991115379,54.003839892231944
42.4498666667,-71.3057633333,0,0.7692307692307693,0.5691868758915835,0.11312217194570136,0.12696148359486448,0.027149321266968326,0.24650499286733238,0.0,0.0,0.37104072398190047,4.975178316690442,58.23401641845703,1.7825067373870107,1.7906777673753138,11.729103570395191,96.43581963099174,321.97726945176737
42.08675,-72.5167166667,0,0.004524886877828055,0.07360912981455064,0.3665158371040724,0.07104136947218259,0.6289592760180995,0.8533523537803138,0.0,0.0017118402282453639,12.48868778280543,21.70413694721826,62.961727142333984,1.020926761613563,1.4962753993753553,7.34221431572757,48.16176791218806,43.067432604372684
42.6777933333,-72.2798966667,0,0.7149321266968326,0.8758915834522111,0.004524886877828055,0.023395149786019972,0.0,0.03366619115549215,0.27149321266968324,0.03965763195435093,0.0,0.5415121255349501,229.913330078125,5.823571099263639,7.560176137589566,45.10020457992227,25.60923623869908,211.92592992672786
42.0566683822,-71.7445896473,0,0.40271493212669685,0.5626248216833095,0.11764705882352941,0.12696148359486448,0.26244343891402716,0.19514978601997146,0.0,0.012553495007132667,3.769230769230769,2.955206847360913,188.70779418945312,0.8975469332129785,2.077898963005841,14.055879606488583,195.19255105115772,23.090657046342507
42.0788079885,-71.3205805905,0,0.0,0.12639087018544937,0.0,0.17232524964336662,0.6923076923076923,0.5223965763195435,0.0,0.008273894436519259,20.375565610859727,14.513837375178317,68.59215545654297,0.6240373849961692,0.926059388078922,3.5365720189496166,362.0780211559485,3.2006374031044786
42.2500616667,-71.147675,0,0.0,0.025106990014265335,0.0,0.01768901569186876,1.0,0.95320970042796,0.0,0.003994293865905849,33.53846153846154,37.66904422253923,36.82754898071289,2.0177853309874667,1.6338120950779254,7.914509311815355,416.4956198312565,20.342879322654237
42.583055,-71.2244333333,0,0.0,0.07703281027104136,0.01809954751131222,0.08644793152639087,0.9819004524886877,0.8356633380884451,0.0,0.0,24.873303167420815,19.057917261055636,32.351585388183594,0.5740700945196081,0.5392209276128043,1.9532616955814184,124.76791438806444,28.295968201146174
41.9977777778,-70.7122222222,0,0.0,0.105848787446505,0.03167420814479638,0.2245363766048502,0.8733031674208145,0.4427960057061341,0.09049773755656108,0.18830242510699002,20.248868778280542,13.121255349500712,9.914226531982422,1.1871805748399413,0.9379152926563716,3.710325799244401,133.18866004355314,33.72094304576478
42.403625,-71.1391055,0,0.0,0.0002853067047075606,0.0,0.0028530670470756064,1.0,0.9911554921540656,0.0,0.005706134094151213,69.32126696832579,60.08530670470756,5.627439975738525,0.6346555853010791,0.6198412032733068,4.014326044291734,347.3897689756025,10.669147150313574
42.113862,-71.206163,0,0.7828054298642534,0.566904422253923,0.2171945701357466,0.16576319543509271,0.0,0.2573466476462197,0.0,0.0,0.0,6.585449358059915,75.57213592529297,3.1565018158171463,2.5451526820672203,20.070726835728944,52.913282421542945,229.0729952982017
42.6212564484,-71.1224385258,0,0.6380090497737556,0.2907275320970043,0.049773755656108594,0.07332382310984308,0.31221719457013575,0.6348074179743224,0.0,0.0008559201141226819,6.285067873303167,10.205991440798858,58.314266204833984,1.1699108542935115,1.5903197188597349,10.311610073070472,201.8196358104876,134.26242120595344
41.8504942727,-70.7572327182,1,0.31221719457013575,0.20313837375178317,0.28054298642533937,0.2225392296718973,0.0,0.13951497860199716,0.36199095022624433,0.32125534950071327,0.0,2.989158345221113,23.953054428100586,0.5456738588169946,0.35998296633590293,1.698255453624136,0.0,139.9714816951709
41.2676244997,-70.0719803,0,0.36199095022624433,0.3229671897289586,0.0,0.0,0.6380090497737556,0.6593437945791726,0.0,0.0,17.009049773755656,23.35435092724679,14.40162181854248,0.3935760059447595,0.5543913218436946,2.369226969554435,1311.9926226894872,4.835898171529234
42.6453216667,-71.4766083333,0,0.43891402714932126,0.5420827389443652,0.04072398190045249,0.06761768901569187,0.5203619909502263,0.38887303851640515,0.0,0.0,5.8054298642533935,5.814265335235378,93.80520629882812,2.184489828514261,2.220171777813808,12.835444003040653,189.2184410803022,2.6806784899010094
42.2301572,-72.47521098,0,0.9140271493212669,0.5888730385164052,0.06334841628959276,0.15092724679029956,0.013574660633484163,0.07988587731811697,0.0,0.0042796005706134095,0.3212669683257919,1.275891583452211,103.45033264160156,4.077977098178148,3.1955598958057565,30.020800163114,387.63400232737524,252.57328354112164
42.37815,-71.5146033333,0,0.4751131221719457,0.385734664764622,0.22624434389140272,0.08958630527817403,0.29411764705882354,0.5184022824536376,0.0,0.0,6.036199095022624,11.207703281027104,85.75022888183594,2.087361455471029,2.2090085557761796,12.12910579010772,68.1043435415783,0.6102874853449954
42.3643083333,-73.3014216667,0,0.22171945701357465,0.5115549215406562,0.6968325791855203,0.2396576319543509,0.02262443438914027,0.10385164051355207,0.013574660633484163,0.012553495007132667,0.058823529411764705,1.2932952924393724,317.8876037597656,2.2275025553493464,6.517680100117227,52.56927296309337,74.22797487011383,255.8969715510537
42.3545954043,-71.8857297205,1,0.3574660633484163,0.5169757489300999,0.5158371040723982,0.18088445078459345,0.0,0.22881597717546362,0.03167420814479638,0.025392296718972897,0.0,6.609415121255349,238.31243896484375,0.9972768238167673,2.216362429974298,10.144730500235928,0.0,365.92482695320416
41.9046666667,-70.0030972222,0,0.013574660633484163,0.04764621968616262,0.4343891402714932,0.24536376604850213,0.19457013574660634,0.20028530670470757,0.14479638009049775,0.4439372325249643,4.51131221719457,3.7885877318116976,2.769191026687622,0.6465342338448989,0.6428131190288814,3.2784479933072577,0.0,4.258931078407579
42.3391787798,-72.2315357253,1,0.2986425339366516,0.6128388017118402,0.3212669683257919,0.12696148359486448,0.049773755656108594,0.005135520684736091,0.013574660633484163,0.007417974322396576,0.47058823529411764,0.05877318116975749,149.11947631835938,2.11913029808789,5.066184092852722,30.10414910114069,0.0,17.754480015220178
41.6278578026,-69.9664683892,0,0.0,0.0,0.0,0.05534950071326676,0.0,0.0,0.8506787330316742,0.6621968616262482,0.0,0.0,-0.9785646200180054,0.28477175586979553,0.1665465704519823,0.9962243587652241,0.0,3125.3404493991297
42.5796366667,-71.4827333333,0,0.08597285067873303,0.26619115549215405,0.04072398190045249,0.131811697574893,0.8280542986425339,0.4273894436519258,0.03167420814479638,0.1666191155492154,33.43891402714932,11.219115549215406,69.49522399902344,1.0667282791204755,1.618807371490574,9.957245555730362,110.69321984233235,8.25320656240424
42.0829396037,-71.2106847604,1,0.2579185520361991,0.3152639087018545,0.15384615384615385,0.1340941512125535,0.4072398190045249,0.47902995720399427,0.09954751131221719,0.017118402282453638,9.013574660633484,11.341226818830242,69.05663299560547,1.2387156819174339,1.8514009074350986,10.736036808974045,0.0,148.86808259098117
42.5063616667,-71.411745,0,0.665158371040724,0.3774607703281027,0.28054298642533937,0.13209700427960058,0.05429864253393665,0.4904422253922967,0.0,0.0,0.7285067873303167,15.647646219686163,50.25118637084961,2.3002636808696044,2.0584859652474847,10.413528425167987,0.0,226.99831745484477
42.6449317932,-72.4727554321,0,0.15384615384615385,0.27646219686162626,0.07692307692307693,0.034807417974322394,0.17647058823529413,0.09728958630527818,0.4298642533936652,0.15035663338088445,3.429864253393665,1.7412268188302424,57.79865646362305,2.6597550752007035,2.3270617754511638,13.604095013982512,0.0,147.33076099597105
42.1367833333,-73.1735466667,0,0.8280542986425339,0.7166904422253922,0.05429864253393665,0.10813124108416548,0.09502262443438914,0.060770328102710415,0.0,0.03851640513552068,0.6289592760180995,0.40570613409415124,497.62567138671875,2.216496753670461,2.283295376319068,13.433883024573458,315.35359279938797,192.67492047755323
42.3122283333,-71.2752216667,0,0.0,0.07018544935805991,0.0,0.006276747503566334,1.0,0.9229671897289586,0.0,0.0005706134094151213,46.31221719457014,22.6151212553495,45.83551025390625,2.926234095396542,2.1906525874441822,10.488065838199967,296.30602098096625,40.22192218749661
42.30233,-70.91259667,0,0.0,0.0,0.027149321266968326,0.0068473609129814554,0.6606334841628959,0.2536376604850214,0.31221719457013575,0.7269614835948645,24.339366515837103,10.908131241084165,9.300379753112793,2.292793112001069,0.996834634114033,6.162287440822843,105.7316372932352,1.797582950849245
42.296427,-71.504574,0,0.27149321266968324,0.2833095577746077,0.0,0.04051355206847361,0.7285067873303167,0.5101283880171184,0.0,0.15863052781740372,30.334841628959275,17.23623395149786,90.10264587402344,2.3106630761881055,2.356718467214016,14.856279981476339,273.89105013930975,0.7672821976447743
42.312575,-71.1287388333,0,0.06787330316742081,0.05962910128388017,0.0,0.002282453637660485,0.9321266968325792,0.8736091298145506,0.0,0.06419400855920114,27.176470588235293,25.28188302425107,52.91017532348633,3.0239450612389858,2.5196365461898136,19.425740447172622,530.8059597794664,34.42048733852713
42.1137808527,-71.0303565745,0,0.0,0.03680456490727532,0.0,0.06847360912981455,1.0,0.8947218259629102,0.0,0.0,46.710407239819006,36.56776034236805,45.71554946899414,2.1739781460518732,1.191011793398643,9.566332611692776,354.4185249070545,1.5798838013762544
42.3371383333,-71.678245,0,0.5882352941176471,0.5078459343794579,0.01809954751131222,0.057631954350927245,0.3574660633484163,0.29757489300998574,0.0,0.0,5.3031674208144794,7.233380884450785,145.88519287109375,4.54220000518704,3.588875615230012,22.056934349766934,51.96742582830226,51.91447757990923
42.3060360365,-71.2986113784,0,0.0,0.007132667617689016,0.0,0.0,1.0,0.992867332382311,0.0,0.0,29.194570135746606,25.225106990014265,46.46462631225586,0.9800215636738222,1.342367996675579,6.506047505244842,807.2715085738621,7.384441722938647
42.6388466667,-72.491675,0,0.6742081447963801,0.3463623395149786,0.0,0.06191155492154066,0.0,0.09985734664764621,0.013574660633484163,0.12325249643366619,0.0,1.8302425106990015,86.96578216552734,4.938836920238129,3.235337610201869,18.500511176016218,229.43230119966654,85.47660554447087
42.2331363832,-71.2431220458,0,0.7104072398190046,0.6804564907275321,0.1493212669683258,0.14664764621968615,0.04524886877828054,0.09728958630527818,0.09502262443438914,0.05934379457917261,0.9276018099547512,1.3754636233951498,78.00404357910156,2.416867955216871,1.828079660299649,9.04689803782331,0.0,30.084367318486823
41.6705606054,-70.4798385787,1,0.03619909502262444,0.3629101283880171,0.06334841628959276,0.055920114122681885,0.0,0.07132667617689016,0.8823529411764706,0.487018544935806,0.0,1.0881597717546363,16.956886291503906,0.7841169693344942,0.7783667426291075,4.968686985205308,0.0,269.1562405229238
42.5469375738,-71.9922922438,1,0.09049773755656108,0.301283880171184,0.502262443438914,0.357774607703281,0.39819004524886875,0.30042796005706135,0.0,0.010841654778887305,7.02262443438914,7.770328102710414,308.3337097167969,0.9814924284960997,1.730319395916059,10.475711052043058,3.747947526423686,5.92232350366829
42.2184716667,-71.2816916667,0,0.497737556561086,0.6824536376604851,0.05429864253393665,0.07360912981455064,0.4343891402714932,0.2370898716119829,0.00904977375565611,0.0048502139800285305,5.791855203619909,3.319543509272468,89.08255004882812,3.653442442939898,3.338381646574752,13.339950347111508,159.7763351890964,60.36065420718787
42.2147174477,-71.6973764822,0,0.10407239819004525,0.30699001426533523,0.14479638009049775,0.06818830242510698,0.2895927601809955,0.5420827389443652,0.4343891402714932,0.05563480741797432,6.3031674208144794,16.82339514978602,93.11993408203125,0.5577200793140277,2.5351848207917955,12.764910833670914,12.178560220768013,30.102897098370857
42.602075531,-70.8991482249,1,0.2986425339366516,0.29472182596291013,0.5067873303167421,0.21112696148359486,0.08144796380090498,0.3514978601997147,0.10407239819004525,0.11412268188302425,0.7375565610859729,5.518972895863053,14.511941909790039,0.6843880536780164,0.9148602961432486,4.656402386519901,75.4427837529121,230.7715638394521
42.361245,-72.4234616667,0,0.9683257918552036,0.8690442225392296,0.0,0.053637660485021395,0.0,0.04251069900142653,0.0,0.0,0.0,0.35863052781740373,341.4610900878906,5.017022572112832,3.612061657795668,21.50357058056966,753.6363392132444,261.26920344044237
42.0882777778,-73.4376388889,0,1.0,0.9572039942938659,0.0,0.04108416547788873,0.0,0.0014265335235378032,0.0,0.0,0.0,0.010841654778887305,624.3751220703125,9.972086091896383,9.38542943998835,55.218060504554785,478.0418251880519,520.8461727332433
42.3170831472,-72.2913679024,0,0.995475113122172,0.6219686162624821,0.0,0.0094151212553495,0.0,0.0,0.0,0.36262482168330956,0.0,0.0,196.2160186767578,6.720568502473607,3.912883945654706,40.752395942087695,218.54658131726416,1.0880848660374134
42.3367641,-71.1411641,0,0.0,0.0,0.0,0.0,1.0,1.0,0.0,0.0,54.067873303167424,49.59543509272468,29.626123428344727,1.648319864529502,2.8229898606312775,11.233225488937876,634.1495509673416,32.54774968542454
42.2938333333,-72.651955,0,0.7149321266968326,0.40171184022824535,0.2850678733031674,0.21340941512125536,0.0,0.19686162624821682,0.0,0.005420827389443652,0.0,5.449928673323823,38.65647888183594,1.3130205122101402,1.2547474450656104,10.634194601068463,163.19385648495953,472.4914787124512
42.30482833,-72.647295,0,0.058823529411764705,0.15805991440798858,0.48868778280542985,0.29015691868758914,0.40271493212669685,0.38088445078459343,0.0,0.0011412268188302425,14.226244343891402,12.840228245363766,34.22421646118164,1.2004723677241573,1.6894080253837642,11.989740000421195,7.857242207073254,8.195668275545465
42.3598216667,-71.5162366667,0,0.4660633484162896,0.29814550641940085,0.0,0.10641940085592011,0.5339366515837104,0.595435092724679,0.0,0.0,3.1040723981900453,11.689015691868759,126.523193359375,2.1015463743192853,2.176086954271937,10.824768029610398,310.60347871414444,0.09899795143288233
41.990109,-70.753031,0,0.3212669683257919,0.35406562054208274,0.013574660633484163,0.23737517831669044,0.6244343891402715,0.34407988587731814,0.01809954751131222,0.007988587731811698,15.868778280542987,8.963195435092725,15.307699203491211,1.0348595741349196,1.3092448139540487,7.115245585919399,79.15283102999172,15.761122381675161
42.83492167,-70.90535833,0,0.05429864253393665,0.1520684736091298,0.12669683257918551,0.15463623395149786,0.18099547511312217,0.4530670470756063,0.6289592760180995,0.2268188302425107,6.981900452488688,14.603994293865906,0.48312798142433167,0.9699728355169833,1.4669978096720624,8.457108309040121,35.67520497367972,140.3114098295078
41.9803214764,-71.1416293055,0,0.334841628959276,0.3269614835948645,0.38461538461538464,0.35977175463623395,0.27601809954751133,0.2821683309557775,0.0,0.005420827389443652,5.1945701357466065,7.497860199714693,22.128883361816406,0.4781945359946362,0.42776690561583697,2.0350587052399294,7.623140449283883,94.12687907698427
42.023190204,-70.8826209605,1,0.16289592760180996,0.2984308131241084,0.3393665158371041,0.29757489300998574,0.06334841628959276,0.09557774607703282,0.08144796380090498,0.15691868758915833,0.6832579185520362,1.5737517831669043,18.931581497192383,0.30089041782621273,0.4068650113727766,3.002534899924334,0.0,38.247496045730166
41.930088813,-70.0325015187,0,0.0,0.0005706134094151213,0.049773755656108594,0.12268188302425106,0.4343891402714932,0.3534950071326676,0.35294117647058826,0.44593437945791725,19.34841628959276,11.974607703281027,0.7544806003570557,0.4848002598833183,0.7627210200624049,4.288112284171064,24.993785993738953,56.63273884388321
42.4874502371,-71.3938475898,0,0.583710407239819,0.5580599144079886,0.248868778280543,0.2074179743223966,0.14479638009049775,0.17489300998573468,0.0,0.0014265335235378032,2.8506787330316743,2.784308131241084,57.837100982666016,1.8295392708439744,1.543057657621207,9.074366502643699,196.21149614208358,54.10593451606415
41.6620548745,-70.4903921282,1,0.08144796380090498,0.24964336661911554,0.03167420814479638,0.025392296718972897,0.07692307692307693,0.26619115549215405,0.8099547511312217,0.4345221112696148,0.9366515837104072,8.382596291012838,17.490211486816406,1.2407777795261399,0.9534364528530025,6.723300047644541,0.0,169.91814105849855
42.3229230833,-71.1095885556,0,0.0,0.009985734664764621,0.0,0.0019971469329529245,1.0,0.9566333808844508,0.0,0.030813124108416547,69.65158371040724,54.72582025677603,27.71590232849121,1.3596971369611812,1.9341054887519846,9.41484069422579,544.454201777876,12.076247157411984
42.6523465686,-71.6776254257,1,0.19004524886877827,0.30984308131241084,0.2669683257918552,0.20770328102710414,0.09049773755656108,0.32667617689015693,0.4343891402714932,0.037089871611982884,1.9638009049773755,8.826248216833095,81.74888610839844,0.5191556913191022,0.6759687386667416,3.5985951989119838,0.0,240.33991889235224
42.3576645943,-72.4897353475,1,0.24434389140271492,0.14208273894436518,0.22624434389140272,0.305848787446505,0.43891402714932126,0.35920114122681884,0.027149321266968326,0.0068473609129814554,9.144796380090497,9.558345221112695,53.07307434082031,1.1023614110641278,1.3641609261963046,12.46419804148871,0.0,67.6023537858966
42.5669030556,-71.6556510329,0,0.6787330316742082,0.6019971469329529,0.08597285067873303,0.16547788873038516,0.2081447963800905,0.1651925820256776,0.0,0.0,1.502262443438914,2.02339514978602,122.53870391845703,2.2282220925341867,1.762282097348181,7.568152109213838,190.05975438499888,70.5517352135685
42.2822657936,-71.1729851994,1,0.0,0.021968616262482168,0.36199095022624433,0.13437945791726105,0.6334841628959276,0.7948644793152639,0.004524886877828055,0.04536376604850214,29.556561085972852,37.993437945791726,28.38089942932129,0.9509259955620899,1.1694989318232767,5.161829719137072,0.0,114.34565582439427
41.955414128,-71.3617193351,0,0.2895927601809955,0.2507845934379458,0.06787330316742081,0.08815977175463624,0.6425339366515838,0.5477888730385164,0.0,0.0,18.5158371040724,11.924679029957204,61.683902740478516,1.2291292069396027,1.5366277276637603,10.698144139105603,41.51937316680122,26.201845042504154
42.3276230479,-71.5760014483,0,0.0,0.1115549215406562,0.08597285067873303,0.08787446504992867,0.9140271493212669,0.8005706134094152,0.0,0.0,36.76018099547511,35.07132667617689,126.72901153564453,1.300494525004173,2.4304269290957823,11.994466246735353,138.09208198667065,117.80944123462345
42.56986926,-72.7377678,0,1.0,0.9429386590584878,0.0,0.014835948644793153,0.0,0.019971469329529243,0.0,0.0,0.0,0.1825962910128388,388.3394775390625,11.566455866740773,7.808190289003288,56.31496035469899,547.582463182269,45.89480673839018
42.6690801932,-71.3289590646,0,0.027149321266968326,0.045934379457917264,0.1085972850678733,0.09072753209700428,0.8642533936651584,0.8604850213980029,0.0,0.0,34.76470588235294,29.30042796005706,26.723413467407227,1.1055512416831068,1.4158898117479202,6.691142658683533,12.083690052147915,32.48084054779221
41.9460555556,-70.8734,0,0.20361990950226244,0.043937232524964336,0.5294117647058824,0.6527817403708988,0.0,0.021398002853067047,0.004524886877828055,0.0028530670470756064,0.0,0.2804564907275321,8.766831398010254,0.10264007720383587,0.08790830221517641,0.2965788414706005,113.16664700603087,698.2752438442432
42.56962,-73.20485,0,1.0,0.9666191155492154,0.0,0.003994293865905849,0.0,0.005420827389443652,0.0,0.0,0.0,0.08273894436519258,645.925048828125,6.637710411550554,10.128970671046059,60.42696000214698,329.3770535498779,87.16829570206504
42.7212934518,-71.0243979544,1,0.16289592760180996,0.564336661911555,0.6968325791855203,0.2821683309557775,0.12669683257918551,0.1275320970042796,0.0,0.0,1.9276018099547512,2.1152639087018543,25.20941734313965,1.1247455314277461,1.7329997883908095,9.44040962563606,0.0,127.97998167137793
42.2042783333,-71.4251866667,0,0.01809954751131222,0.27931526390870187,0.01809954751131222,0.12268188302425106,0.9638009049773756,0.5891583452211127,0.0,0.005706134094151213,28.334841628959275,17.106990014265335,57.51343536376953,1.85693562363735,1.6796367818610443,12.113468742535705,115.7101277963024,0.22329962258377445
42.5224787202,-73.27257837,0,1.0,0.905848787446505,0.0,0.027960057061340943,0.0,0.01768901569186876,0.0,0.0008559201141226819,0.0,0.17774607703281028,385.11614990234375,6.0745940650521,5.711510528091222,34.27939452496681,25.33591532964097,523.5629704810655
42.2978483333,-71.6176416667,1,0.248868778280543,0.331811697574893,0.31221719457013575,0.16176890156918688,0.0,0.1335235378031384,0.2398190045248869,0.2419400855920114,0.0,3.3885877318116977,88.22560119628906,1.2213244601616664,1.212857440680412,7.089418640125993,17.490510943844587,547.1348709803136
42.0671778333,-70.1949916667,1,0.07692307692307693,0.26276747503566333,0.6199095022624435,0.21340941512125536,0.13122171945701358,0.08616262482168331,0.0,0.012268188302425107,3.0316742081447963,3.0368045649072752,2.8851144313812256,0.751089881912136,0.9076731862262953,3.3504450269598083,0.0,56.086331486132586
42.3394889832,-72.5508880615,0,0.09954751131221719,0.07417974322396577,0.1085972850678733,0.0804564907275321,0.22624434389140272,0.06875891583452211,0.0,0.0017118402282453639,2.3665158371040724,1.0407988587731811,43.6461296081543,0.754881705976949,0.7236392561353427,4.161678238869632,114.25500994249249,0.6319899044129915
42.3087570259,-71.3793076205,0,0.049773755656108594,0.06961483594864479,0.00904977375565611,0.05563480741797432,0.8914027149321267,0.6516405135520684,0.049773755656108594,0.21940085592011413,34.86425339366516,37.090727532097006,43.45768356323242,0.5281700906717259,0.7534959669973228,3.34578944059203,211.21874205267784,57.40176131414308
42.0795568167,-71.9103643465,0,0.5339366515837104,0.4855920114122682,0.2579185520361991,0.08416547788873038,0.058823529411764705,0.17175463623395149,0.0,0.13523537803138375,0.4253393665158371,2.2995720399429387,172.37405395507812,2.09916089002586,2.148292046284454,14.155538122266218,80.82934382236874,199.99210592188683
42.6851083333,-70.8819366667,0,0.38009049773755654,0.5067047075606277,0.02262443438914027,0.25677603423680456,0.23529411764705882,0.09243937232524964,0.0,0.0005706134094151213,6.497737556561086,2.2847360912981456,16.27763557434082,1.0813752540973627,1.7016884732964805,8.6938227955275,234.5749158668733,20.036837139921825
42.4780031,-71.333723,1,0.0,0.17660485021398004,0.47058823529411764,0.33808844507845937,0.0,0.16690442225392296,0.37104072398190047,0.11041369472182597,0.0,3.209129814550642,34.18300247192383,0.05730309959010633,0.9919263436541181,5.164027168762756,9.270456633980707,1.3350291952467266
42.3212173,-71.1275838,0,0.027149321266968326,0.0550641940085592,0.02262443438914027,0.0034236804564907277,0.9140271493212669,0.842225392296719,0.03619909502262444,0.09843081312410841,16.443438914027148,21.315549215406563,29.5068302154541,2.3895000212043693,2.109213669172964,15.33438975270193,0.0,58.93332416207556
41.9304394846,-70.0248226165,0,0.0,0.05049928673323823,0.18099547511312217,0.12781740370898717,0.167420814479638,0.5161198288159772,0.6018099547511312,0.263623395149786,8.823529411764707,16.78601997146933,-0.7214060425758362,0.8587691889265383,0.8928552455429907,5.418118345271473,0.0,144.55790678396053
41.3504878234,-70.505015083,1,0.013574660633484163,0.02168330955777461,0.06787330316742081,0.018830242510699,0.2895927601809955,0.2485021398002853,0.24434389140271492,0.5232524964336662,4.932126696832579,5.773466476462197,1.1294071674346924,0.31134452991686623,0.2346926939902824,1.7211084544628252,0.0,121.37821146395153
42.292305599,-71.0691552703,0,0.0,0.0,0.0,0.0,1.0,1.0,0.0,0.0,60.873303167420815,61.82624821683309,20.69129753112793,1.1567186704493162,1.2000563553160442,6.855619406442144,1406.3243423089843,1.711196213868178
42.6072206581,-70.9129270726,0,0.3665158371040724,0.2405135520684736,0.09502262443438914,0.3825962910128388,0.5384615384615384,0.36690442225392295,0.0,0.0,7.027149321266968,5.133238231098431,21.789018630981445,1.6975943267645985,0.9885237131077909,7.277639929509908,200.15274030644235,31.30838402866999
42.0672870387,-71.0569696912,0,0.0,0.013409415121255349,0.22624434389140272,0.038801711840228244,0.7737556561085973,0.9475035663338088,0.0,0.0002853067047075606,35.3710407239819,37.79201141226819,33.719154357910156,0.3426585641309077,0.6624341992694309,5.170909749548496,75.17796089983486,12.827686168639186
41.6539912302,-70.5725218573,1,0.3936651583710407,0.2099857346647646,0.10407239819004525,0.006562054208273894,0.49321266968325794,0.7734664764621969,0.0,0.008273894436519259,16.16289592760181,24.090442225392298,22.109256744384766,1.440626971876598,1.0617095541592794,4.637555971239574,0.0,129.98530895524726
42.6435270472,-70.6275664788,1,0.4072398190045249,0.5537803138373751,0.2986425339366516,0.1680456490727532,0.1493212669683258,0.18773181169757489,0.13122171945701358,0.07161198288159772,8.040723981900452,5.960912981455064,28.768136978149414,2.2705671989996272,1.890489048461996,6.428311312271308,2.172043257278449,111.62586461057217
42.1327412082,-72.4553815911,0,0.049773755656108594,0.24878744650499288,0.6018099547511312,0.2670470756062768,0.2081447963800905,0.41854493580599145,0.0,0.0,6.135746606334842,8.187161198288159,76.8038558959961,0.8804881278307675,1.1133029597778257,6.699137263196578,140.67443130446767,339.9353915308817
41.7490773997,-70.5057304,0,0.4841628959276018,0.5181169757489301,0.10407239819004525,0.03937232524964337,0.40271493212669685,0.3803138373751783,0.00904977375565611,0.056776034236804565,6.470588235294118,6.766904422253923,17.23850440979004,2.498407983297307,1.881925460721138,12.717933892830487,62.72029781459665,50.429023691873375
42.6293116667,-71.2875366667,0,0.09954751131221719,0.038231098430813126,0.0,0.005991440798858773,0.9004524886877828,0.9512125534950071,0.0,0.00456490727532097,24.5158371040724,35.31212553495007,42.30242156982422,0.7090650236295539,1.51644759587399,9.291411285565173,45.85999144547924,81.94068698343673
41.8029238334,-70.6689777469,0,0.27149321266968324,0.44251069900142653,0.0,0.03366619115549215,0.11764705882352941,0.04935805991440799,0.0,0.02767475035663338,3.235294117647059,1.2134094151212553,23.193737030029297,0.7052368114983378,0.7763613185639844,5.193186301670346,481.80936019767427,0.46440194044442995
42.52668,-70.8691812,0,0.0,0.003994293865905849,0.09502262443438914,0.018544935805991442,0.42081447963800905,0.33723252496433664,0.4660633484162896,0.637660485021398,16.036199095022624,17.51897289586305,4.5829668045043945,0.7635322135133755,0.5669349623879703,2.9662403335863115,75.87750157461294,77.01643296293804
42.0897111667,-71.0404055,0,0.0,0.06504992867332382,0.02262443438914027,0.021112696148359488,0.9773755656108597,0.8887303851640513,0.0,0.02253922967189729,40.13122171945702,38.35634807417974,40.35626220703125,0.7555489524258082,0.7214637585603657,4.292271044061827,51.08386217824978,12.842826657892536
42.2012416667,-70.85437,0,0.8461538461538461,0.771469329529244,0.09502262443438914,0.13238231098430814,0.058823529411764705,0.09329529243937233,0.0,0.0017118402282453639,0.4343891402714932,1.3383737517831669,44.71012878417969,1.0607661566132036,1.6043545235569623,7.967176210701903,125.4400557728623,1.4744949596586345
42.0704676698,-73.1329542294,1,0.35294117647058826,0.7495007132667618,0.6018099547511312,0.18059914407988586,0.0,0.038801711840228244,0.0,0.0002853067047075606,0.0,0.18972895863052783,446.8764953613281,1.970301233851838,2.5216056493169043,10.137402984240683,0.0,314.4119805413484
42.3106977589,-71.3713438293,0,0.23529411764705882,0.07332382310984308,0.01809954751131222,0.018830242510699,0.45248868778280543,0.6313837375178317,0.29411764705882354,0.27132667617689016,18.470588235294116,24.41540656205421,43.464988708496094,0.6198971695190987,0.8294334315154662,4.212230991978576,11.293085602979344,30.018169934477065
42.3688,-71.43804667,0,0.11764705882352941,0.15092724679029956,0.11312217194570136,0.112981455064194,0.7285067873303167,0.7158345221112696,0.0,0.0002853067047075606,10.054298642533936,18.937232524964337,48.84754943847656,0.6259850222679919,0.7005053088604983,2.8374375657725217,113.02496291654843,33.22342998228317
42.10534,-70.1806516667,0,0.0,0.0,0.0,0.0,0.0,0.0,1.0,1.0,0.0,0.0,0.0,0.0,0.0,0.0,0.0,2810.1085407085966
41.905124455,-69.9995918318,0,0.19004524886877827,0.06704707560627675,0.45701357466063347,0.28416547788873037,0.3167420814479638,0.2550641940085592,0.013574660633484163,0.3566333808844508,5.800904977375565,5.076747503566334,5.165151119232178,0.5312610621206008,0.6767017673394199,3.400989998660194,56.535177912720215,14.344624562843432
42.3067113708,-71.0967854576,0,0.35294117647058826,0.07788873038516406,0.0,0.0011412268188302425,0.6470588235294118,0.9209700427960057,0.0,0.0,11.30316742081448,37.53323823109843,44.773284912109375,0.9242726028916981,1.7578845225126905,12.03621102878392,280.14028929070327,33.38153912187932
42.4037946589,-71.2103483245,1,0.3031674208144796,0.20199714693295293,0.5113122171945701,0.1840228245363766,0.16289592760180996,0.5920114122681883,0.01809954751131222,0.0011412268188302425,3.013574660633484,17.94835948644793,54.538944244384766,2.178896780951419,1.934766709733859,10.88665134307225,19.75004399405344,174.94419122892276
42.2045116667,-71.422845,0,0.17194570135746606,0.2536376604850214,0.004524886877828055,0.12553495007132667,0.8235294117647058,0.6128388017118402,0.0,0.0048502139800285305,35.30316742081448,18.17517831669044,58.70976257324219,0.8752775206542929,1.5500273721796096,9.886366873649596,286.7681872183464,71.17886842451828
41.9096038513,-70.0146217809,0,0.10407239819004525,0.14436519258202568,0.43891402714932126,0.1760342368045649,0.03619909502262444,0.11982881597717546,0.35294117647058826,0.468188302425107,0.6199095022624435,2.3865905848787445,2.1504271030426025,0.7894974502872215,0.893157386404654,4.775966868059741,0.0,180.21326261912333
42.5052666667,-71.493835,0,0.2986425339366516,0.5269614835948645,0.2850678733031674,0.27845934379457915,0.40271493212669685,0.17917261055634806,0.004524886877828055,0.0011412268188302425,5.416289592760181,3.0873038516405136,75.38502502441406,0.8112851181360471,1.5018013809016073,7.452164022718106,111.26390802863433,123.11516287081375
42.336797,-71.009473,0,0.0,0.0,0.013574660633484163,0.003138373751783167,0.27149321266968324,0.12496433666191155,0.6832579185520362,0.8696148359486447,7.457013574660634,9.079315263908702,-1.3583154678344727,0.6409328263107278,0.18650900911371948,1.433388759359707,3.3265026273242726,143.09215528011262
42.1623305074,-70.8424071813,0,0.416289592760181,0.3734664764621969,0.2850678733031674,0.17660485021398004,0.29411764705882354,0.3840228245363766,0.0,0.06105563480741798,4.633484162895928,9.163480741797432,38.490970611572266,0.4295869683925445,0.8581541422193333,4.0072297535249435,79.77899650609706,181.19282829121417
42.5856444444,-71.9049,0,0.7963800904977375,0.6838801711840228,0.06787330316742081,0.05534950071326676,0.13574660633484162,0.1840228245363766,0.0,0.00456490727532097,0.755656108597285,2.8835948644793152,245.36785888671875,2.906829461918805,3.008164518971205,16.988819286218284,32.19902971065547,110.44053877120754
42.4884803199,-71.2673081675,0,0.0,0.04821683309557775,0.004524886877828055,0.11126961483594865,0.995475113122172,0.8405135520684736,0.0,0.0,24.244343891402714,27.930385164051355,42.573673248291016,1.1729905013311062,0.7496884365368975,3.6084063338508323,316.20834029845895,12.41604262944139
41.7027866667,-70.317755,0,0.17194570135746606,0.30756062767475034,0.0,0.1340941512125535,0.8280542986425339,0.46704707560627673,0.0,0.06562054208273894,10.778280542986426,6.70756062767475,19.15638542175293,1.2546328656328063,1.3116603854075137,9.983482655047228,375.7666607794347,1.362522717354483
41.92341702,-71.37409165,0,0.03167420814479638,0.14950071326676176,0.33031674208144796,0.13437945791726105,0.6380090497737556,0.6102710413694722,0.0,0.027389443651925822,13.262443438914028,15.015977175463624,27.42615509033203,1.2725569205600307,1.3429536546902041,7.942627972273013,73.4411975411477,2.2643221950564594
41.35365,-70.8191383333,1,0.05429864253393665,0.26847360912981455,0.2081447963800905,0.09586305278174037,0.01809954751131222,0.09044222539229672,0.3755656108597285,0.41169757489301,0.09502262443438914,1.2527817403708987,2.325086832046509,1.6238538892949477,1.185129071080247,12.066287048415909,12.315943840685684,248.18654323195398
42.4960366667,-71.3399883333,0,0.669683257918552,0.5089871611982881,0.23076923076923078,0.25905848787446506,0.08597285067873303,0.13751783166904422,0.013574660633484163,0.0008559201141226819,1.5429864253393666,2.2972895863052782,62.898887634277344,0.8978026841340314,1.1566634889832752,5.660217631162755,63.04439011764109,12.946513688313297
42.2575871017,-71.8353791535,0,0.22171945701357465,0.03680456490727532,0.0,0.010841654778887305,0.7782805429864253,0.8456490727532097,0.0,0.1049928673323823,24.289592760180994,37.44850213980028,165.39083862304688,2.148866746322548,2.270306136143227,10.812490445318913,467.8777168701214,69.32389687809568
42.8380398732,-70.9186819196,0,0.49321266968325794,0.25905848787446506,0.07239819004524888,0.028815977175463622,0.04072398190045249,0.40970042796005707,0.09049773755656108,0.24393723252496433,0.6515837104072398,13.570328102710414,10.401832580566406,1.7607168060783953,1.8754258599021552,8.937865007795665,190.42634655976047,341.6126716177177
42.1028747559,-71.396270752,0,0.19004524886877827,0.2088445078459344,0.21266968325791855,0.14607703281027104,0.5972850678733032,0.6450784593437946,0.0,0.0,12.877828054298643,14.19058487874465,89.97013854980469,1.1460635696924952,1.4594102083755403,9.021537718725583,240.89171688763327,23.449800877648702
42.0516057398,-72.5918111957,1,0.0,0.08530670470756063,0.7692307692307693,0.18887303851640513,0.20361990950226244,0.47960057061340944,0.01809954751131222,0.08616262482168331,4.583710407239819,9.765192582025678,16.0262508392334,1.2696263860276646,1.1556895780266847,12.233170325976397,0.6753685497621303,18.513152794604807
41.7390783333,-70.224975,0,0.0,0.0025677603423680455,0.013574660633484163,0.21255349500713266,0.09954751131221719,0.13951497860199716,0.45701357466063347,0.5303851640513552,5.579185520361991,4.462482168330956,2.9673521518707275,0.5262424323641814,0.3957282131517882,2.8826365846817725,0.0,87.75199824287616
42.0978061105,-71.6471359729,1,0.08597285067873303,0.23166904422253923,0.33031674208144796,0.12524964336661912,0.46153846153846156,0.6171184022824536,0.12217194570135746,0.010271041369472182,25.733031674208146,20.047360912981453,81.17853546142578,1.001732289017883,1.4990644123432952,7.666544897586436,3.233856693763591,113.2643132416977
41.8453904594,-70.6933748316,1,0.7737556561085973,0.7734664764621969,0.0,0.03537803138373752,0.0,0.05534950071326676,0.2171945701357466,0.1101283880171184,0.0,1.132382310984308,30.57332992553711,0.9656340433391603,0.887341538480831,5.53366943901067,0.0,139.84251438683367
41.3882599811,-70.0440947469,0,0.0,0.0,0.0,0.015977175463623396,0.0,0.0,0.5113122171945701,0.792867332382311,0.0,0.0,0.2714420557022095,0.4641591110907615,0.2551286733550685,1.1101638556486648,118.5819195372811,2543.116291991947
42.2560560222,-71.7679729737,0,0.0,0.1044222539229672,0.0,0.019115549215406563,1.0,0.8761768901569187,0.0,0.0,38.588235294117645,35.85135520684736,148.1893310546875,1.5800758542222912,2.4154197390851757,14.323684423894466,101.79734786245254,36.74844379152534
42.6107213,-71.0713977,0,0.8416289592760181,0.6713266761768901,0.10407239819004525,0.22995720399429387,0.05429864253393665,0.03937232524964337,0.0,0.0522111269614836,0.17194570135746606,0.4944365192582026,44.975677490234375,1.6202496764599414,1.093299614569973,6.13585894162978,84.61114135966999,4.794503538588058
42.6809539444,-72.5998767778,0,0.8642533936651584,0.8296718972895863,0.0,0.002282453637660485,0.0,0.043081312410841656,0.0,0.0,0.0,0.2724679029957204,343.5443115234375,6.421566334389755,6.610653008486126,35.42301107217826,61.682025562589494,283.99279261185245
42.4268033775,-72.9298940208,0,1.0,0.6796005706134094,0.0,0.09072753209700428,0.0,0.07902995720399429,0.0,0.0,0.0,0.6262482168330956,398.74493408203125,4.1553824605322145,4.246999804750031,32.34606508498991,408.55555065920055,511.0601727204338
42.6512525195,-70.6023348794,0,0.0,0.12639087018544937,0.0,0.05306704707560628,1.0,0.6613409415121255,0.0,0.1383737517831669,9.167420814479637,13.849358059914408,20.70602035522461,0.6458013762002857,1.342254892155233,9.36005983329139,36.84523649152261,147.93284125720547
42.6700966667,-72.5377416667,1,0.09954751131221719,0.39885877318116975,0.00904977375565611,0.05791726105563481,0.8280542986425339,0.3874465049928673,0.0,0.0002853067047075606,27.945701357466064,10.516119828815977,112.49126434326172,0.6762411831945345,2.020318884892761,12.53395198223567,27.866368644055495,4.620482882590607
42.3405982508,-71.1483094751,0,0.0,0.0,0.0,0.0,1.0,0.9514978601997147,0.0,0.047931526390870186,62.21266968325792,56.050499286733235,42.38581466674805,1.5713043989519544,1.8002643647967866,6.917789143173711,601.2921637637295,7.7355021309666805
42.3388085262,-72.2315286845,1,0.2986425339366516,0.6159771754636234,0.33031674208144796,0.1326676176890157,0.049773755656108594,0.005135520684736091,0.004524886877828055,0.007417974322396576,0.47058823529411764,0.05877318116975749,151.5479278564453,3.447687986750423,5.178761908800847,31.948746904027463,0.0,52.763998728149566
42.7978466728,-70.87835,0,0.0,0.06932952924393723,0.15384615384615385,0.14179743223965763,0.8235294117647058,0.7212553495007132,0.0,0.0005706134094151213,47.710407239819006,31.220256776034237,5.468549728393555,0.6527476033543373,0.764732240107283,5.45552218131886,230.1315900387766,8.292275564419208
42.4132147671,-71.7866764121,1,0.14027149321266968,0.28815977175463625,0.2081447963800905,0.09472182596291012,0.19457013574660634,0.4014265335235378,0.07692307692307693,0.007417974322396576,6.230769230769231,11.33922967189729,127.849853515625,1.3860584984202007,2.29237181242514,11.519294061397279,0.0,65.85745812577532
42.5202482706,-70.9207297862,0,0.0,0.0,0.0,0.0,1.0,1.0,0.0,0.0,58.25339366515837,53.214550641940086,15.277558326721191,1.6609450643591415,1.4771598794935363,8.776403134861633,185.65790236516358,19.776590574458197
42.243545,-71.1397778333,0,0.0,0.010271041369472182,0.1085972850678733,0.013694721825962911,0.8642533936651584,0.9706134094151213,0.027149321266968326,0.005420827389443652,46.085972850678736,53.33095577746077,15.868804931640625,0.6818203891276153,1.2249440562405516,7.902425005360235,55.129673861531984,23.665401749100322
42.0908203125,-71.4122695923,0,0.09502262443438914,0.08758915834522112,0.08597285067873303,0.09557774607703282,0.8190045248868778,0.8122681883024251,0.0,0.0,26.95475113122172,31.845934379457915,79.48358917236328,1.9245055833044384,1.6885359325566291,11.406539053895662,52.192865136339115,14.996048255266599
42.2787944444,-71.7807611111,0,0.2895927601809955,0.19971469329529243,0.0,0.0,0.7104072398190046,0.7532097004279601,0.0,0.04450784593437946,34.77828054298642,29.387731811697574,230.66702270507812,3.7338302090664306,4.081048898092759,18.45220156954203,287.1989662976899,118.57189791836392
42.5852622783,-71.3677371515,0,0.1493212669683258,0.2253922967189729,0.0,0.10841654778887304,0.8506787330316742,0.6573466476462196,0.0,0.0,9.972850678733032,11.166619115549215,94.25373840332031,4.453462151564612,2.5313739082852504,12.961016688413382,535.7434815667384,46.515914794463995
